cma_canonical,date,land
"Charlottetown, Prince Edward Island",1995-01-01,59.7
"Charlottetown, Prince Edward Island",1995-02-01,59.7
"Charlottetown, Prince Edward Island",1995-03-01,59.7
"Charlottetown, Prince Edward Island",1995-04-01,59.7
"Charlottetown, Prince Edward Island",1995-05-01,59.7
"Charlottetown, Prince Edward Island",1995-06-01,59.7
"Charlottetown, Prince Edward Island",1995-07-01,59.5
"Charlottetown, Prince Edward Island",1995-08-01,59.5
"Charlottetown, Prince Edward Island",1995-09-01,59.5
"Charlottetown, Prince Edward Island",1995-10-01,59.5
"Charlottetown, Prince Edward Island",1995-11-01,59.5
"Charlottetown, Prince Edward Island",1995-12-01,59.5
"Charlottetown, Prince Edward Island",1996-01-01,59.5
"Charlottetown, Prince Edward Island",1996-02-01,59.5
"Charlottetown, Prince Edward Island",1996-03-01,60.9
"Charlottetown, Prince Edward Island",1996-04-01,61.2
"Charlottetown, Prince Edward Island",1996-05-01,61.2
"Charlottetown, Prince Edward Island",1996-06-01,61.2
"Charlottetown, Prince Edward Island",1996-07-01,61.2
"Charlottetown, Prince Edward Island",1996-08-01,61.2
"Charlottetown, Prince Edward Island",1996-09-01,61.2
"Charlottetown, Prince Edward Island",1996-10-01,61.2
"Charlottetown, Prince Edward Island",1996-11-01,60.3
"Charlottetown, Prince Edward Island",1996-12-01,60.3
"Charlottetown, Prince Edward Island",1997-01-01,60.3
"Charlottetown, Prince Edward Island",1997-02-01,60.7
"Charlottetown, Prince Edward Island",1997-03-01,60.7
"Charlottetown, Prince Edward Island",1997-04-01,60.7
"Charlottetown, Prince Edward Island",1997-05-01,60.7
"Charlottetown, Prince Edward Island",1997-06-01,62.0
"Charlottetown, Prince Edward Island",1997-07-01,62.0
"Charlottetown, Prince Edward Island",1997-08-01,62.0
"Charlottetown, Prince Edward Island",1997-09-01,62.0
"Charlottetown, Prince Edward Island",1997-10-01,62.0
"Charlottetown, Prince Edward Island",1997-11-01,62.0
"Charlottetown, Prince Edward Island",1997-12-01,62.0
"Charlottetown, Prince Edward Island",1998-01-01,63.0
"Charlottetown, Prince Edward Island",1998-02-01,63.3
"Charlottetown, Prince Edward Island",1998-03-01,63.3
"Charlottetown, Prince Edward Island",1998-04-01,63.3
"Charlottetown, Prince Edward Island",1998-05-01,63.3
"Charlottetown, Prince Edward Island",1998-06-01,64.2
"Charlottetown, Prince Edward Island",1998-07-01,64.5
"Charlottetown, Prince Edward Island",1998-08-01,64.4
"Charlottetown, Prince Edward Island",1998-09-01,65.5
"Charlottetown, Prince Edward Island",1998-10-01,65.5
"Charlottetown, Prince Edward Island",1998-11-01,65.9
"Charlottetown, Prince Edward Island",1998-12-01,65.9
"Charlottetown, Prince Edward Island",1999-01-01,65.9
"Charlottetown, Prince Edward Island",1999-02-01,65.9
"Charlottetown, Prince Edward Island",1999-03-01,65.9
"Charlottetown, Prince Edward Island",1999-04-01,65.9
"Charlottetown, Prince Edward Island",1999-05-01,65.9
"Charlottetown, Prince Edward Island",1999-06-01,65.9
"Charlottetown, Prince Edward Island",1999-07-01,65.9
"Charlottetown, Prince Edward Island",1999-08-01,65.9
"Charlottetown, Prince Edward Island",1999-09-01,65.9
"Charlottetown, Prince Edward Island",1999-10-01,67.8
"Charlottetown, Prince Edward Island",1999-11-01,67.8
"Charlottetown, Prince Edward Island",1999-12-01,67.8
"Charlottetown, Prince Edward Island",2000-01-01,67.8
"Charlottetown, Prince Edward Island",2000-02-01,67.8
"Charlottetown, Prince Edward Island",2000-03-01,67.8
"Charlottetown, Prince Edward Island",2000-04-01,67.8
"Charlottetown, Prince Edward Island",2000-05-01,67.8
"Charlottetown, Prince Edward Island",2000-06-01,67.8
"Charlottetown, Prince Edward Island",2000-07-01,67.8
"Charlottetown, Prince Edward Island",2000-08-01,68.9
"Charlottetown, Prince Edward Island",2000-09-01,68.9
"Charlottetown, Prince Edward Island",2000-10-01,68.9
"Charlottetown, Prince Edward Island",2000-11-01,68.9
"Charlottetown, Prince Edward Island",2000-12-01,68.9
"Charlottetown, Prince Edward Island",2001-01-01,68.9
"Charlottetown, Prince Edward Island",2001-02-01,68.9
"Charlottetown, Prince Edward Island",2001-03-01,68.9
"Charlottetown, Prince Edward Island",2001-04-01,68.9
"Charlottetown, Prince Edward Island",2001-05-01,68.9
"Charlottetown, Prince Edward Island",2001-06-01,68.9
"Charlottetown, Prince Edward Island",2001-07-01,68.9
"Charlottetown, Prince Edward Island",2001-08-01,73.4
"Charlottetown, Prince Edward Island",2001-09-01,73.4
"Charlottetown, Prince Edward Island",2001-10-01,73.4
"Charlottetown, Prince Edward Island",2001-11-01,74.0
"Charlottetown, Prince Edward Island",2001-12-01,74.2
"Charlottetown, Prince Edward Island",2002-01-01,74.2
"Charlottetown, Prince Edward Island",2002-02-01,75.1
"Charlottetown, Prince Edward Island",2002-03-01,75.1
"Charlottetown, Prince Edward Island",2002-04-01,75.1
"Charlottetown, Prince Edward Island",2002-05-01,75.1
"Charlottetown, Prince Edward Island",2002-06-01,75.1
"Charlottetown, Prince Edward Island",2002-07-01,75.1
"Charlottetown, Prince Edward Island",2002-08-01,75.1
"Charlottetown, Prince Edward Island",2002-09-01,75.1
"Charlottetown, Prince Edward Island",2002-10-01,75.1
"Charlottetown, Prince Edward Island",2002-11-01,75.1
"Charlottetown, Prince Edward Island",2002-12-01,75.3
"Charlottetown, Prince Edward Island",2003-01-01,76.4
"Charlottetown, Prince Edward Island",2003-02-01,76.5
"Charlottetown, Prince Edward Island",2003-03-01,76.5
"Charlottetown, Prince Edward Island",2003-04-01,76.8
"Charlottetown, Prince Edward Island",2003-05-01,76.8
"Charlottetown, Prince Edward Island",2003-06-01,76.8
"Charlottetown, Prince Edward Island",2003-07-01,76.8
"Charlottetown, Prince Edward Island",2003-08-01,76.8
"Charlottetown, Prince Edward Island",2003-09-01,76.8
"Charlottetown, Prince Edward Island",2003-10-01,76.8
"Charlottetown, Prince Edward Island",2003-11-01,77.8
"Charlottetown, Prince Edward Island",2003-12-01,77.8
"Charlottetown, Prince Edward Island",2004-01-01,77.8
"Charlottetown, Prince Edward Island",2004-02-01,77.8
"Charlottetown, Prince Edward Island",2004-03-01,77.8
"Charlottetown, Prince Edward Island",2004-04-01,77.8
"Charlottetown, Prince Edward Island",2004-05-01,78.6
"Charlottetown, Prince Edward Island",2004-06-01,78.6
"Charlottetown, Prince Edward Island",2004-07-01,78.6
"Charlottetown, Prince Edward Island",2004-08-01,78.6
"Charlottetown, Prince Edward Island",2004-09-01,78.6
"Charlottetown, Prince Edward Island",2004-10-01,78.6
"Charlottetown, Prince Edward Island",2004-11-01,80.6
"Charlottetown, Prince Edward Island",2004-12-01,80.6
"Charlottetown, Prince Edward Island",2005-01-01,80.6
"Charlottetown, Prince Edward Island",2005-02-01,80.6
"Charlottetown, Prince Edward Island",2005-03-01,81.5
"Charlottetown, Prince Edward Island",2005-04-01,81.5
"Charlottetown, Prince Edward Island",2005-05-01,82.9
"Charlottetown, Prince Edward Island",2005-06-01,82.9
"Charlottetown, Prince Edward Island",2005-07-01,82.9
"Charlottetown, Prince Edward Island",2005-08-01,83.4
"Charlottetown, Prince Edward Island",2005-09-01,83.4
"Charlottetown, Prince Edward Island",2005-10-01,83.4
"Charlottetown, Prince Edward Island",2005-11-01,83.4
"Charlottetown, Prince Edward Island",2005-12-01,83.4
"Charlottetown, Prince Edward Island",2006-01-01,84.5
"Charlottetown, Prince Edward Island",2006-02-01,84.5
"Charlottetown, Prince Edward Island",2006-03-01,84.5
"Charlottetown, Prince Edward Island",2006-04-01,84.5
"Charlottetown, Prince Edward Island",2006-05-01,85.6
"Charlottetown, Prince Edward Island",2006-06-01,85.6
"Charlottetown, Prince Edward Island",2006-07-01,86.1
"Charlottetown, Prince Edward Island",2006-08-01,86.2
"Charlottetown, Prince Edward Island",2006-09-01,86.2
"Charlottetown, Prince Edward Island",2006-10-01,85.9
"Charlottetown, Prince Edward Island",2006-11-01,85.9
"Charlottetown, Prince Edward Island",2006-12-01,85.9
"Charlottetown, Prince Edward Island",2007-01-01,85.9
"Charlottetown, Prince Edward Island",2007-02-01,85.9
"Charlottetown, Prince Edward Island",2007-03-01,85.9
"Charlottetown, Prince Edward Island",2007-04-01,85.9
"Charlottetown, Prince Edward Island",2007-05-01,85.9
"Charlottetown, Prince Edward Island",2007-06-01,85.9
"Charlottetown, Prince Edward Island",2007-07-01,85.9
"Charlottetown, Prince Edward Island",2007-08-01,85.9
"Charlottetown, Prince Edward Island",2007-09-01,86.8
"Charlottetown, Prince Edward Island",2007-10-01,86.8
"Charlottetown, Prince Edward Island",2007-11-01,86.8
"Charlottetown, Prince Edward Island",2007-12-01,86.8
"Charlottetown, Prince Edward Island",2008-01-01,87.4
"Charlottetown, Prince Edward Island",2008-02-01,87.4
"Charlottetown, Prince Edward Island",2008-03-01,87.4
"Charlottetown, Prince Edward Island",2008-04-01,87.4
"Charlottetown, Prince Edward Island",2008-05-01,87.4
"Charlottetown, Prince Edward Island",2008-06-01,87.4
"Charlottetown, Prince Edward Island",2008-07-01,87.4
"Charlottetown, Prince Edward Island",2008-08-01,87.4
"Charlottetown, Prince Edward Island",2008-09-01,87.4
"Charlottetown, Prince Edward Island",2008-10-01,87.4
"Charlottetown, Prince Edward Island",2008-11-01,87.4
"Charlottetown, Prince Edward Island",2008-12-01,87.4
"Charlottetown, Prince Edward Island",2009-01-01,88.2
"Charlottetown, Prince Edward Island",2009-02-01,91.4
"Charlottetown, Prince Edward Island",2009-03-01,91.4
"Charlottetown, Prince Edward Island",2009-04-01,91.4
"Charlottetown, Prince Edward Island",2009-05-01,91.4
"Charlottetown, Prince Edward Island",2009-06-01,91.4
"Charlottetown, Prince Edward Island",2009-07-01,91.4
"Charlottetown, Prince Edward Island",2009-08-01,92.0
"Charlottetown, Prince Edward Island",2009-09-01,92.0
"Charlottetown, Prince Edward Island",2009-10-01,92.0
"Charlottetown, Prince Edward Island",2009-11-01,92.0
"Charlottetown, Prince Edward Island",2009-12-01,92.0
"Charlottetown, Prince Edward Island",2010-01-01,92.0
"Charlottetown, Prince Edward Island",2010-02-01,92.0
"Charlottetown, Prince Edward Island",2010-03-01,92.0
"Charlottetown, Prince Edward Island",2010-04-01,92.0
"Charlottetown, Prince Edward Island",2010-05-01,92.0
"Charlottetown, Prince Edward Island",2010-06-01,92.0
"Charlottetown, Prince Edward Island",2010-07-01,92.0
"Charlottetown, Prince Edward Island",2010-08-01,92.0
"Charlottetown, Prince Edward Island",2010-09-01,92.0
"Charlottetown, Prince Edward Island",2010-10-01,92.0
"Charlottetown, Prince Edward Island",2010-11-01,92.0
"Charlottetown, Prince Edward Island",2010-12-01,92.0
"Charlottetown, Prince Edward Island",2011-01-01,92.0
"Charlottetown, Prince Edward Island",2011-02-01,92.6
"Charlottetown, Prince Edward Island",2011-03-01,92.6
"Charlottetown, Prince Edward Island",2011-04-01,93.5
"Charlottetown, Prince Edward Island",2011-05-01,94.2
"Charlottetown, Prince Edward Island",2011-06-01,94.2
"Charlottetown, Prince Edward Island",2011-07-01,95.1
"Charlottetown, Prince Edward Island",2011-08-01,95.1
"Charlottetown, Prince Edward Island",2011-09-01,95.1
"Charlottetown, Prince Edward Island",2011-10-01,95.1
"Charlottetown, Prince Edward Island",2011-11-01,95.1
"Charlottetown, Prince Edward Island",2011-12-01,95.1
"Charlottetown, Prince Edward Island",2012-01-01,95.1
"Charlottetown, Prince Edward Island",2012-02-01,95.1
"Charlottetown, Prince Edward Island",2012-03-01,95.1
"Charlottetown, Prince Edward Island",2012-04-01,95.6
"Charlottetown, Prince Edward Island",2012-05-01,95.6
"Charlottetown, Prince Edward Island",2012-06-01,96.0
"Charlottetown, Prince Edward Island",2012-07-01,96.0
"Charlottetown, Prince Edward Island",2012-08-01,96.0
"Charlottetown, Prince Edward Island",2012-09-01,96.0
"Charlottetown, Prince Edward Island",2012-10-01,96.0
"Charlottetown, Prince Edward Island",2012-11-01,96.0
"Charlottetown, Prince Edward Island",2012-12-01,96.0
"Charlottetown, Prince Edward Island",2013-01-01,96.0
"Charlottetown, Prince Edward Island",2013-02-01,96.0
"Charlottetown, Prince Edward Island",2013-03-01,96.0
"Charlottetown, Prince Edward Island",2013-04-01,96.3
"Charlottetown, Prince Edward Island",2013-05-01,96.7
"Charlottetown, Prince Edward Island",2013-06-01,96.7
"Charlottetown, Prince Edward Island",2013-07-01,96.7
"Charlottetown, Prince Edward Island",2013-08-01,96.7
"Charlottetown, Prince Edward Island",2013-09-01,96.7
"Charlottetown, Prince Edward Island",2013-10-01,96.7
"Charlottetown, Prince Edward Island",2013-11-01,96.7
"Charlottetown, Prince Edward Island",2013-12-01,96.7
"Charlottetown, Prince Edward Island",2014-01-01,96.7
"Charlottetown, Prince Edward Island",2014-02-01,97.4
"Charlottetown, Prince Edward Island",2014-03-01,97.4
"Charlottetown, Prince Edward Island",2014-04-01,97.4
"Charlottetown, Prince Edward Island",2014-05-01,97.4
"Charlottetown, Prince Edward Island",2014-06-01,97.4
"Charlottetown, Prince Edward Island",2014-07-01,97.4
"Charlottetown, Prince Edward Island",2014-08-01,97.4
"Charlottetown, Prince Edward Island",2014-09-01,97.4
"Charlottetown, Prince Edward Island",2014-10-01,97.4
"Charlottetown, Prince Edward Island",2014-11-01,97.4
"Charlottetown, Prince Edward Island",2014-12-01,98.0
"Charlottetown, Prince Edward Island",2015-01-01,98.0
"Charlottetown, Prince Edward Island",2015-02-01,98.0
"Charlottetown, Prince Edward Island",2015-03-01,98.5
"Charlottetown, Prince Edward Island",2015-04-01,99.4
"Charlottetown, Prince Edward Island",2015-05-01,99.4
"Charlottetown, Prince Edward Island",2015-06-01,99.4
"Charlottetown, Prince Edward Island",2015-07-01,99.4
"Charlottetown, Prince Edward Island",2015-08-01,99.4
"Charlottetown, Prince Edward Island",2015-09-01,99.4
"Charlottetown, Prince Edward Island",2015-10-01,99.4
"Charlottetown, Prince Edward Island",2015-11-01,99.4
"Charlottetown, Prince Edward Island",2015-12-01,99.4
"Charlottetown, Prince Edward Island",2016-01-01,99.4
"Charlottetown, Prince Edward Island",2016-02-01,99.4
"Charlottetown, Prince Edward Island",2016-03-01,99.4
"Charlottetown, Prince Edward Island",2016-04-01,100.0
"Charlottetown, Prince Edward Island",2016-05-01,100.0
"Charlottetown, Prince Edward Island",2016-06-01,100.0
"Charlottetown, Prince Edward Island",2016-07-01,100.0
"Charlottetown, Prince Edward Island",2016-08-01,100.0
"Charlottetown, Prince Edward Island",2016-09-01,100.0
"Charlottetown, Prince Edward Island",2016-10-01,100.0
"Charlottetown, Prince Edward Island",2016-11-01,100.0
"Charlottetown, Prince Edward Island",2016-12-01,100.0
"Charlottetown, Prince Edward Island",2017-01-01,100.0
"Charlottetown, Prince Edward Island",2017-02-01,100.0
"Charlottetown, Prince Edward Island",2017-03-01,100.0
"Charlottetown, Prince Edward Island",2017-04-01,100.0
"Charlottetown, Prince Edward Island",2017-05-01,100.0
"Charlottetown, Prince Edward Island",2017-06-01,100.0
"Charlottetown, Prince Edward Island",2017-07-01,100.0
"Charlottetown, Prince Edward Island",2017-08-01,100.0
"Charlottetown, Prince Edward Island",2017-09-01,100.0
"Charlottetown, Prince Edward Island",2017-10-01,100.0
"Charlottetown, Prince Edward Island",2017-11-01,100.0
"Charlottetown, Prince Edward Island",2017-12-01,100.0
"Charlottetown, Prince Edward Island",2018-01-01,100.0
"Charlottetown, Prince Edward Island",2018-02-01,100.0
"Charlottetown, Prince Edward Island",2018-03-01,100.1
"Charlottetown, Prince Edward Island",2018-04-01,100.1
"Charlottetown, Prince Edward Island",2018-05-01,100.1
"Charlottetown, Prince Edward Island",2018-06-01,100.1
"Charlottetown, Prince Edward Island",2018-07-01,100.2
"Charlottetown, Prince Edward Island",2018-08-01,100.2
"Charlottetown, Prince Edward Island",2018-09-01,100.2
"Charlottetown, Prince Edward Island",2018-10-01,100.2
"Charlottetown, Prince Edward Island",2018-11-01,100.2
"Edmonton, Alberta",1981-01-01,32.7
"Edmonton, Alberta",1981-02-01,32.9
"Edmonton, Alberta",1981-03-01,32.9
"Edmonton, Alberta",1981-04-01,32.9
"Edmonton, Alberta",1981-05-01,33.6
"Edmonton, Alberta",1981-06-01,33.6
"Edmonton, Alberta",1981-07-01,33.6
"Edmonton, Alberta",1981-08-01,33.6
"Edmonton, Alberta",1981-09-01,33.6
"Edmonton, Alberta",1981-10-01,33.6
"Edmonton, Alberta",1981-11-01,33.3
"Edmonton, Alberta",1981-12-01,33.3
"Edmonton, Alberta",1982-01-01,33.3
"Edmonton, Alberta",1982-02-01,33.4
"Edmonton, Alberta",1982-03-01,33.4
"Edmonton, Alberta",1982-04-01,33.4
"Edmonton, Alberta",1982-05-01,33.6
"Edmonton, Alberta",1982-06-01,33.5
"Edmonton, Alberta",1982-07-01,33.2
"Edmonton, Alberta",1982-08-01,32.9
"Edmonton, Alberta",1982-09-01,32.9
"Edmonton, Alberta",1982-10-01,32.9
"Edmonton, Alberta",1982-11-01,31.7
"Edmonton, Alberta",1982-12-01,31.6
"Edmonton, Alberta",1983-01-01,30.1
"Edmonton, Alberta",1983-02-01,29.1
"Edmonton, Alberta",1983-03-01,29.0
"Edmonton, Alberta",1983-04-01,29.0
"Edmonton, Alberta",1983-05-01,28.3
"Edmonton, Alberta",1983-06-01,28.3
"Edmonton, Alberta",1983-07-01,28.3
"Edmonton, Alberta",1983-08-01,26.4
"Edmonton, Alberta",1983-09-01,26.4
"Edmonton, Alberta",1983-10-01,26.2
"Edmonton, Alberta",1983-11-01,26.7
"Edmonton, Alberta",1983-12-01,26.6
"Edmonton, Alberta",1984-01-01,26.8
"Edmonton, Alberta",1984-02-01,26.6
"Edmonton, Alberta",1984-03-01,26.5
"Edmonton, Alberta",1984-04-01,26.5
"Edmonton, Alberta",1984-05-01,26.3
"Edmonton, Alberta",1984-06-01,26.0
"Edmonton, Alberta",1984-07-01,25.9
"Edmonton, Alberta",1984-08-01,25.8
"Edmonton, Alberta",1984-09-01,25.8
"Edmonton, Alberta",1984-10-01,25.8
"Edmonton, Alberta",1984-11-01,24.4
"Edmonton, Alberta",1984-12-01,24.4
"Edmonton, Alberta",1985-01-01,24.2
"Edmonton, Alberta",1985-02-01,24.2
"Edmonton, Alberta",1985-03-01,24.2
"Edmonton, Alberta",1985-04-01,24.2
"Edmonton, Alberta",1985-05-01,24.2
"Edmonton, Alberta",1985-06-01,24.2
"Edmonton, Alberta",1985-07-01,24.2
"Edmonton, Alberta",1985-08-01,24.8
"Edmonton, Alberta",1985-09-01,25.0
"Edmonton, Alberta",1985-10-01,25.0
"Edmonton, Alberta",1985-11-01,25.0
"Edmonton, Alberta",1985-12-01,25.0
"Edmonton, Alberta",1986-01-01,25.2
"Edmonton, Alberta",1986-02-01,25.5
"Edmonton, Alberta",1986-03-01,25.5
"Edmonton, Alberta",1986-04-01,25.5
"Edmonton, Alberta",1986-05-01,25.4
"Edmonton, Alberta",1986-06-01,25.4
"Edmonton, Alberta",1986-07-01,25.4
"Edmonton, Alberta",1986-08-01,25.4
"Edmonton, Alberta",1986-09-01,25.4
"Edmonton, Alberta",1986-10-01,25.4
"Edmonton, Alberta",1986-11-01,25.8
"Edmonton, Alberta",1986-12-01,26.0
"Edmonton, Alberta",1987-01-01,26.0
"Edmonton, Alberta",1987-02-01,26.3
"Edmonton, Alberta",1987-03-01,26.4
"Edmonton, Alberta",1987-04-01,26.4
"Edmonton, Alberta",1987-05-01,26.7
"Edmonton, Alberta",1987-06-01,26.8
"Edmonton, Alberta",1987-07-01,26.8
"Edmonton, Alberta",1987-08-01,27.0
"Edmonton, Alberta",1987-09-01,27.2
"Edmonton, Alberta",1987-10-01,27.2
"Edmonton, Alberta",1987-11-01,27.6
"Edmonton, Alberta",1987-12-01,27.8
"Edmonton, Alberta",1988-01-01,27.8
"Edmonton, Alberta",1988-02-01,27.9
"Edmonton, Alberta",1988-03-01,28.2
"Edmonton, Alberta",1988-04-01,28.3
"Edmonton, Alberta",1988-05-01,28.5
"Edmonton, Alberta",1988-06-01,28.7
"Edmonton, Alberta",1988-07-01,29.3
"Edmonton, Alberta",1988-08-01,30.1
"Edmonton, Alberta",1988-09-01,30.1
"Edmonton, Alberta",1988-10-01,30.3
"Edmonton, Alberta",1988-11-01,31.5
"Edmonton, Alberta",1988-12-01,32.2
"Edmonton, Alberta",1989-01-01,32.2
"Edmonton, Alberta",1989-02-01,32.6
"Edmonton, Alberta",1989-03-01,32.8
"Edmonton, Alberta",1989-04-01,33.1
"Edmonton, Alberta",1989-05-01,34.5
"Edmonton, Alberta",1989-06-01,34.7
"Edmonton, Alberta",1989-07-01,34.8
"Edmonton, Alberta",1989-08-01,35.3
"Edmonton, Alberta",1989-09-01,35.3
"Edmonton, Alberta",1989-10-01,35.6
"Edmonton, Alberta",1989-11-01,36.1
"Edmonton, Alberta",1989-12-01,36.8
"Edmonton, Alberta",1990-01-01,37.2
"Edmonton, Alberta",1990-02-01,39.9
"Edmonton, Alberta",1990-03-01,40.5
"Edmonton, Alberta",1990-04-01,40.7
"Edmonton, Alberta",1990-05-01,41.1
"Edmonton, Alberta",1990-06-01,41.1
"Edmonton, Alberta",1990-07-01,41.1
"Edmonton, Alberta",1990-08-01,41.8
"Edmonton, Alberta",1990-09-01,42.2
"Edmonton, Alberta",1990-10-01,42.1
"Edmonton, Alberta",1990-11-01,42.4
"Edmonton, Alberta",1990-12-01,42.6
"Edmonton, Alberta",1991-01-01,42.8
"Edmonton, Alberta",1991-02-01,42.9
"Edmonton, Alberta",1991-03-01,43.2
"Edmonton, Alberta",1991-04-01,43.1
"Edmonton, Alberta",1991-05-01,43.5
"Edmonton, Alberta",1991-06-01,43.9
"Edmonton, Alberta",1991-07-01,43.9
"Edmonton, Alberta",1991-08-01,44.6
"Edmonton, Alberta",1991-09-01,44.6
"Edmonton, Alberta",1991-10-01,44.7
"Edmonton, Alberta",1991-11-01,45.0
"Edmonton, Alberta",1991-12-01,45.1
"Edmonton, Alberta",1992-01-01,44.6
"Edmonton, Alberta",1992-02-01,44.6
"Edmonton, Alberta",1992-03-01,44.8
"Edmonton, Alberta",1992-04-01,44.8
"Edmonton, Alberta",1992-05-01,45.0
"Edmonton, Alberta",1992-06-01,45.0
"Edmonton, Alberta",1992-07-01,45.1
"Edmonton, Alberta",1992-08-01,45.3
"Edmonton, Alberta",1992-09-01,45.3
"Edmonton, Alberta",1992-10-01,45.3
"Edmonton, Alberta",1992-11-01,45.2
"Edmonton, Alberta",1992-12-01,45.2
"Edmonton, Alberta",1993-01-01,45.2
"Edmonton, Alberta",1993-02-01,45.4
"Edmonton, Alberta",1993-03-01,45.5
"Edmonton, Alberta",1993-04-01,45.5
"Edmonton, Alberta",1993-05-01,45.4
"Edmonton, Alberta",1993-06-01,45.4
"Edmonton, Alberta",1993-07-01,45.4
"Edmonton, Alberta",1993-08-01,45.4
"Edmonton, Alberta",1993-09-01,45.2
"Edmonton, Alberta",1993-10-01,45.4
"Edmonton, Alberta",1993-11-01,45.2
"Edmonton, Alberta",1993-12-01,45.0
"Edmonton, Alberta",1994-01-01,45.5
"Edmonton, Alberta",1994-02-01,45.5
"Edmonton, Alberta",1994-03-01,45.5
"Edmonton, Alberta",1994-04-01,45.4
"Edmonton, Alberta",1994-05-01,45.3
"Edmonton, Alberta",1994-06-01,45.4
"Edmonton, Alberta",1994-07-01,45.4
"Edmonton, Alberta",1994-08-01,45.4
"Edmonton, Alberta",1994-09-01,45.4
"Edmonton, Alberta",1994-10-01,45.4
"Edmonton, Alberta",1994-11-01,45.2
"Edmonton, Alberta",1994-12-01,45.2
"Edmonton, Alberta",1995-01-01,45.2
"Edmonton, Alberta",1995-02-01,45.1
"Edmonton, Alberta",1995-03-01,44.9
"Edmonton, Alberta",1995-04-01,44.9
"Edmonton, Alberta",1995-05-01,44.5
"Edmonton, Alberta",1995-06-01,44.5
"Edmonton, Alberta",1995-07-01,44.5
"Edmonton, Alberta",1995-08-01,44.5
"Edmonton, Alberta",1995-09-01,44.5
"Edmonton, Alberta",1995-10-01,44.5
"Edmonton, Alberta",1995-11-01,43.4
"Edmonton, Alberta",1995-12-01,43.4
"Edmonton, Alberta",1996-01-01,43.3
"Edmonton, Alberta",1996-02-01,43.4
"Edmonton, Alberta",1996-03-01,43.3
"Edmonton, Alberta",1996-04-01,43.3
"Edmonton, Alberta",1996-05-01,42.8
"Edmonton, Alberta",1996-06-01,42.8
"Edmonton, Alberta",1996-07-01,42.9
"Edmonton, Alberta",1996-08-01,42.9
"Edmonton, Alberta",1996-09-01,42.9
"Edmonton, Alberta",1996-10-01,42.9
"Edmonton, Alberta",1996-11-01,42.9
"Edmonton, Alberta",1996-12-01,42.9
"Edmonton, Alberta",1997-01-01,42.9
"Edmonton, Alberta",1997-02-01,42.9
"Edmonton, Alberta",1997-03-01,42.9
"Edmonton, Alberta",1997-04-01,42.9
"Edmonton, Alberta",1997-05-01,42.9
"Edmonton, Alberta",1997-06-01,42.9
"Edmonton, Alberta",1997-07-01,42.9
"Edmonton, Alberta",1997-08-01,42.9
"Edmonton, Alberta",1997-09-01,42.9
"Edmonton, Alberta",1997-10-01,43.3
"Edmonton, Alberta",1997-11-01,43.3
"Edmonton, Alberta",1997-12-01,43.3
"Edmonton, Alberta",1998-01-01,43.5
"Edmonton, Alberta",1998-02-01,43.5
"Edmonton, Alberta",1998-03-01,43.5
"Edmonton, Alberta",1998-04-01,43.6
"Edmonton, Alberta",1998-05-01,43.7
"Edmonton, Alberta",1998-06-01,43.9
"Edmonton, Alberta",1998-07-01,43.9
"Edmonton, Alberta",1998-08-01,44.1
"Edmonton, Alberta",1998-09-01,44.1
"Edmonton, Alberta",1998-10-01,44.1
"Edmonton, Alberta",1998-11-01,44.5
"Edmonton, Alberta",1998-12-01,44.5
"Edmonton, Alberta",1999-01-01,44.5
"Edmonton, Alberta",1999-02-01,44.5
"Edmonton, Alberta",1999-03-01,44.5
"Edmonton, Alberta",1999-04-01,44.5
"Edmonton, Alberta",1999-05-01,44.6
"Edmonton, Alberta",1999-06-01,44.6
"Edmonton, Alberta",1999-07-01,44.7
"Edmonton, Alberta",1999-08-01,44.8
"Edmonton, Alberta",1999-09-01,44.8
"Edmonton, Alberta",1999-10-01,44.8
"Edmonton, Alberta",1999-11-01,44.8
"Edmonton, Alberta",1999-12-01,44.8
"Edmonton, Alberta",2000-01-01,44.8
"Edmonton, Alberta",2000-02-01,44.8
"Edmonton, Alberta",2000-03-01,44.8
"Edmonton, Alberta",2000-04-01,44.8
"Edmonton, Alberta",2000-05-01,45.0
"Edmonton, Alberta",2000-06-01,45.0
"Edmonton, Alberta",2000-07-01,45.0
"Edmonton, Alberta",2000-08-01,45.5
"Edmonton, Alberta",2000-09-01,45.5
"Edmonton, Alberta",2000-10-01,45.5
"Edmonton, Alberta",2000-11-01,45.5
"Edmonton, Alberta",2000-12-01,45.5
"Edmonton, Alberta",2001-01-01,45.5
"Edmonton, Alberta",2001-02-01,45.7
"Edmonton, Alberta",2001-03-01,45.7
"Edmonton, Alberta",2001-04-01,45.7
"Edmonton, Alberta",2001-05-01,45.9
"Edmonton, Alberta",2001-06-01,45.9
"Edmonton, Alberta",2001-07-01,45.9
"Edmonton, Alberta",2001-08-01,46.0
"Edmonton, Alberta",2001-09-01,46.0
"Edmonton, Alberta",2001-10-01,46.0
"Edmonton, Alberta",2001-11-01,46.2
"Edmonton, Alberta",2001-12-01,46.2
"Edmonton, Alberta",2002-01-01,46.2
"Edmonton, Alberta",2002-02-01,46.2
"Edmonton, Alberta",2002-03-01,46.4
"Edmonton, Alberta",2002-04-01,46.4
"Edmonton, Alberta",2002-05-01,47.3
"Edmonton, Alberta",2002-06-01,47.3
"Edmonton, Alberta",2002-07-01,47.3
"Edmonton, Alberta",2002-08-01,47.6
"Edmonton, Alberta",2002-09-01,47.8
"Edmonton, Alberta",2002-10-01,48.0
"Edmonton, Alberta",2002-11-01,48.5
"Edmonton, Alberta",2002-12-01,48.7
"Edmonton, Alberta",2003-01-01,48.7
"Edmonton, Alberta",2003-02-01,48.7
"Edmonton, Alberta",2003-03-01,48.7
"Edmonton, Alberta",2003-04-01,48.7
"Edmonton, Alberta",2003-05-01,48.9
"Edmonton, Alberta",2003-06-01,48.9
"Edmonton, Alberta",2003-07-01,48.9
"Edmonton, Alberta",2003-08-01,48.9
"Edmonton, Alberta",2003-09-01,49.6
"Edmonton, Alberta",2003-10-01,49.9
"Edmonton, Alberta",2003-11-01,50.0
"Edmonton, Alberta",2003-12-01,50.0
"Edmonton, Alberta",2004-01-01,50.0
"Edmonton, Alberta",2004-02-01,50.1
"Edmonton, Alberta",2004-03-01,50.1
"Edmonton, Alberta",2004-04-01,50.3
"Edmonton, Alberta",2004-05-01,50.6
"Edmonton, Alberta",2004-06-01,50.6
"Edmonton, Alberta",2004-07-01,50.6
"Edmonton, Alberta",2004-08-01,50.7
"Edmonton, Alberta",2004-09-01,51.4
"Edmonton, Alberta",2004-10-01,51.5
"Edmonton, Alberta",2004-11-01,52.6
"Edmonton, Alberta",2004-12-01,52.8
"Edmonton, Alberta",2005-01-01,52.8
"Edmonton, Alberta",2005-02-01,52.8
"Edmonton, Alberta",2005-03-01,52.8
"Edmonton, Alberta",2005-04-01,52.8
"Edmonton, Alberta",2005-05-01,52.8
"Edmonton, Alberta",2005-06-01,54.3
"Edmonton, Alberta",2005-07-01,54.8
"Edmonton, Alberta",2005-08-01,55.2
"Edmonton, Alberta",2005-09-01,56.6
"Edmonton, Alberta",2005-10-01,57.9
"Edmonton, Alberta",2005-11-01,58.6
"Edmonton, Alberta",2005-12-01,58.9
"Edmonton, Alberta",2006-01-01,59.5
"Edmonton, Alberta",2006-02-01,59.8
"Edmonton, Alberta",2006-03-01,61.0
"Edmonton, Alberta",2006-04-01,64.9
"Edmonton, Alberta",2006-05-01,69.1
"Edmonton, Alberta",2006-06-01,70.9
"Edmonton, Alberta",2006-07-01,73.4
"Edmonton, Alberta",2006-08-01,82.5
"Edmonton, Alberta",2006-09-01,84.3
"Edmonton, Alberta",2006-10-01,86.7
"Edmonton, Alberta",2006-11-01,89.6
"Edmonton, Alberta",2006-12-01,89.9
"Edmonton, Alberta",2007-01-01,91.3
"Edmonton, Alberta",2007-02-01,93.6
"Edmonton, Alberta",2007-03-01,93.6
"Edmonton, Alberta",2007-04-01,100.2
"Edmonton, Alberta",2007-05-01,100.5
"Edmonton, Alberta",2007-06-01,102.9
"Edmonton, Alberta",2007-07-01,114.6
"Edmonton, Alberta",2007-08-01,115.0
"Edmonton, Alberta",2007-09-01,115.0
"Edmonton, Alberta",2007-10-01,116.0
"Edmonton, Alberta",2007-11-01,115.9
"Edmonton, Alberta",2007-12-01,115.9
"Edmonton, Alberta",2008-01-01,115.8
"Edmonton, Alberta",2008-02-01,115.8
"Edmonton, Alberta",2008-03-01,115.8
"Edmonton, Alberta",2008-04-01,116.1
"Edmonton, Alberta",2008-05-01,115.2
"Edmonton, Alberta",2008-06-01,115.2
"Edmonton, Alberta",2008-07-01,116.3
"Edmonton, Alberta",2008-08-01,116.3
"Edmonton, Alberta",2008-09-01,116.3
"Edmonton, Alberta",2008-10-01,119.7
"Edmonton, Alberta",2008-11-01,119.7
"Edmonton, Alberta",2008-12-01,118.7
"Edmonton, Alberta",2009-01-01,113.2
"Edmonton, Alberta",2009-02-01,107.3
"Edmonton, Alberta",2009-03-01,104.4
"Edmonton, Alberta",2009-04-01,103.1
"Edmonton, Alberta",2009-05-01,100.5
"Edmonton, Alberta",2009-06-01,100.3
"Edmonton, Alberta",2009-07-01,100.1
"Edmonton, Alberta",2009-08-01,98.8
"Edmonton, Alberta",2009-09-01,98.1
"Edmonton, Alberta",2009-10-01,96.6
"Edmonton, Alberta",2009-11-01,96.6
"Edmonton, Alberta",2009-12-01,96.5
"Edmonton, Alberta",2010-01-01,96.3
"Edmonton, Alberta",2010-02-01,96.3
"Edmonton, Alberta",2010-03-01,94.2
"Edmonton, Alberta",2010-04-01,95.5
"Edmonton, Alberta",2010-05-01,94.9
"Edmonton, Alberta",2010-06-01,94.9
"Edmonton, Alberta",2010-07-01,94.9
"Edmonton, Alberta",2010-08-01,94.9
"Edmonton, Alberta",2010-09-01,95.1
"Edmonton, Alberta",2010-10-01,95.3
"Edmonton, Alberta",2010-11-01,95.6
"Edmonton, Alberta",2010-12-01,95.7
"Edmonton, Alberta",2011-01-01,95.7
"Edmonton, Alberta",2011-02-01,98.2
"Edmonton, Alberta",2011-03-01,97.6
"Edmonton, Alberta",2011-04-01,97.4
"Edmonton, Alberta",2011-05-01,97.1
"Edmonton, Alberta",2011-06-01,97.1
"Edmonton, Alberta",2011-07-01,97.1
"Edmonton, Alberta",2011-08-01,97.0
"Edmonton, Alberta",2011-09-01,95.7
"Edmonton, Alberta",2011-10-01,96.4
"Edmonton, Alberta",2011-11-01,96.8
"Edmonton, Alberta",2011-12-01,96.8
"Edmonton, Alberta",2012-01-01,97.2
"Edmonton, Alberta",2012-02-01,97.7
"Edmonton, Alberta",2012-03-01,97.6
"Edmonton, Alberta",2012-04-01,98.1
"Edmonton, Alberta",2012-05-01,98.3
"Edmonton, Alberta",2012-06-01,98.4
"Edmonton, Alberta",2012-07-01,98.2
"Edmonton, Alberta",2012-08-01,97.8
"Edmonton, Alberta",2012-09-01,98.3
"Edmonton, Alberta",2012-10-01,98.3
"Edmonton, Alberta",2012-11-01,98.3
"Edmonton, Alberta",2012-12-01,98.3
"Edmonton, Alberta",2013-01-01,98.2
"Edmonton, Alberta",2013-02-01,98.2
"Edmonton, Alberta",2013-03-01,98.4
"Edmonton, Alberta",2013-04-01,98.6
"Edmonton, Alberta",2013-05-01,98.6
"Edmonton, Alberta",2013-06-01,98.6
"Edmonton, Alberta",2013-07-01,98.6
"Edmonton, Alberta",2013-08-01,98.8
"Edmonton, Alberta",2013-09-01,98.6
"Edmonton, Alberta",2013-10-01,98.6
"Edmonton, Alberta",2013-11-01,98.6
"Edmonton, Alberta",2013-12-01,98.6
"Edmonton, Alberta",2014-01-01,98.6
"Edmonton, Alberta",2014-02-01,98.6
"Edmonton, Alberta",2014-03-01,98.5
"Edmonton, Alberta",2014-04-01,98.5
"Edmonton, Alberta",2014-05-01,98.5
"Edmonton, Alberta",2014-06-01,98.5
"Edmonton, Alberta",2014-07-01,98.5
"Edmonton, Alberta",2014-08-01,98.9
"Edmonton, Alberta",2014-09-01,99.4
"Edmonton, Alberta",2014-10-01,99.4
"Edmonton, Alberta",2014-11-01,99.4
"Edmonton, Alberta",2014-12-01,99.4
"Edmonton, Alberta",2015-01-01,99.4
"Edmonton, Alberta",2015-02-01,99.7
"Edmonton, Alberta",2015-03-01,99.7
"Edmonton, Alberta",2015-04-01,99.7
"Edmonton, Alberta",2015-05-01,99.7
"Edmonton, Alberta",2015-06-01,99.7
"Edmonton, Alberta",2015-07-01,99.7
"Edmonton, Alberta",2015-08-01,99.7
"Edmonton, Alberta",2015-09-01,99.7
"Edmonton, Alberta",2015-10-01,99.7
"Edmonton, Alberta",2015-11-01,99.7
"Edmonton, Alberta",2015-12-01,99.7
"Edmonton, Alberta",2016-01-01,99.7
"Edmonton, Alberta",2016-02-01,99.8
"Edmonton, Alberta",2016-03-01,99.8
"Edmonton, Alberta",2016-04-01,99.8
"Edmonton, Alberta",2016-05-01,99.8
"Edmonton, Alberta",2016-06-01,99.8
"Edmonton, Alberta",2016-07-01,99.8
"Edmonton, Alberta",2016-08-01,99.8
"Edmonton, Alberta",2016-09-01,99.9
"Edmonton, Alberta",2016-10-01,99.9
"Edmonton, Alberta",2016-11-01,99.9
"Edmonton, Alberta",2016-12-01,100.0
"Edmonton, Alberta",2017-01-01,100.0
"Greater Sudbury, Ontario",1981-01-01,51.4
"Greater Sudbury, Ontario",1981-02-01,52.1
"Greater Sudbury, Ontario",1981-03-01,52.1
"Greater Sudbury, Ontario",1981-04-01,53.7
"Greater Sudbury, Ontario",1981-05-01,53.7
"Greater Sudbury, Ontario",1981-06-01,53.7
"Greater Sudbury, Ontario",1981-07-01,53.7
"Greater Sudbury, Ontario",1981-08-01,53.7
"Greater Sudbury, Ontario",1981-09-01,53.7
"Greater Sudbury, Ontario",1981-10-01,53.7
"Greater Sudbury, Ontario",1981-11-01,54.1
"Greater Sudbury, Ontario",1981-12-01,54.1
"Greater Sudbury, Ontario",1982-01-01,54.1
"Greater Sudbury, Ontario",1982-02-01,54.1
"Greater Sudbury, Ontario",1982-03-01,54.1
"Greater Sudbury, Ontario",1982-04-01,54.1
"Greater Sudbury, Ontario",1982-05-01,54.1
"Greater Sudbury, Ontario",1982-06-01,54.1
"Greater Sudbury, Ontario",1982-07-01,54.1
"Greater Sudbury, Ontario",1982-08-01,54.1
"Greater Sudbury, Ontario",1982-09-01,54.1
"Greater Sudbury, Ontario",1982-10-01,54.1
"Greater Sudbury, Ontario",1982-11-01,54.1
"Greater Sudbury, Ontario",1982-12-01,54.1
"Greater Sudbury, Ontario",1983-01-01,54.1
"Greater Sudbury, Ontario",1983-02-01,54.1
"Greater Sudbury, Ontario",1983-03-01,53.4
"Greater Sudbury, Ontario",1983-04-01,53.4
"Greater Sudbury, Ontario",1983-05-01,54.8
"Greater Sudbury, Ontario",1983-06-01,54.7
"Greater Sudbury, Ontario",1983-07-01,54.8
"Greater Sudbury, Ontario",1983-08-01,55.4
"Greater Sudbury, Ontario",1983-09-01,55.4
"Greater Sudbury, Ontario",1983-10-01,55.4
"Greater Sudbury, Ontario",1983-11-01,56.0
"Greater Sudbury, Ontario",1983-12-01,56.0
"Greater Sudbury, Ontario",1984-01-01,56.7
"Greater Sudbury, Ontario",1984-02-01,56.7
"Greater Sudbury, Ontario",1984-03-01,56.7
"Greater Sudbury, Ontario",1984-04-01,55.4
"Greater Sudbury, Ontario",1984-05-01,55.4
"Greater Sudbury, Ontario",1984-06-01,55.4
"Greater Sudbury, Ontario",1984-07-01,55.4
"Greater Sudbury, Ontario",1984-08-01,55.4
"Greater Sudbury, Ontario",1984-09-01,55.4
"Greater Sudbury, Ontario",1984-10-01,55.4
"Greater Sudbury, Ontario",1984-11-01,55.4
"Greater Sudbury, Ontario",1984-12-01,56.5
"Greater Sudbury, Ontario",1985-01-01,56.5
"Greater Sudbury, Ontario",1985-02-01,56.5
"Greater Sudbury, Ontario",1985-03-01,56.5
"Greater Sudbury, Ontario",1985-04-01,56.5
"Greater Sudbury, Ontario",1985-05-01,56.5
"Greater Sudbury, Ontario",1985-06-01,56.5
"Greater Sudbury, Ontario",1985-07-01,56.5
"Greater Sudbury, Ontario",1985-08-01,56.5
"Greater Sudbury, Ontario",1985-09-01,56.5
"Greater Sudbury, Ontario",1985-10-01,56.5
"Greater Sudbury, Ontario",1985-11-01,56.5
"Greater Sudbury, Ontario",1985-12-01,56.5
"Greater Sudbury, Ontario",1986-01-01,56.5
"Greater Sudbury, Ontario",1986-02-01,56.5
"Greater Sudbury, Ontario",1986-03-01,56.5
"Greater Sudbury, Ontario",1986-04-01,56.5
"Greater Sudbury, Ontario",1986-05-01,56.5
"Greater Sudbury, Ontario",1986-06-01,56.5
"Greater Sudbury, Ontario",1986-07-01,56.5
"Greater Sudbury, Ontario",1986-08-01,56.5
"Greater Sudbury, Ontario",1986-09-01,56.5
"Greater Sudbury, Ontario",1986-10-01,56.5
"Greater Sudbury, Ontario",1986-11-01,56.5
"Greater Sudbury, Ontario",1986-12-01,56.5
"Greater Sudbury, Ontario",1987-01-01,56.5
"Greater Sudbury, Ontario",1987-02-01,56.5
"Greater Sudbury, Ontario",1987-03-01,56.5
"Greater Sudbury, Ontario",1987-04-01,56.5
"Greater Sudbury, Ontario",1987-05-01,56.5
"Greater Sudbury, Ontario",1987-06-01,60.6
"Greater Sudbury, Ontario",1987-07-01,61.2
"Greater Sudbury, Ontario",1987-08-01,61.2
"Greater Sudbury, Ontario",1987-09-01,61.2
"Greater Sudbury, Ontario",1987-10-01,61.2
"Greater Sudbury, Ontario",1987-11-01,61.2
"Greater Sudbury, Ontario",1987-12-01,61.2
"Greater Sudbury, Ontario",1988-01-01,61.2
"Greater Sudbury, Ontario",1988-02-01,61.2
"Greater Sudbury, Ontario",1988-03-01,62.5
"Greater Sudbury, Ontario",1988-04-01,64.4
"Greater Sudbury, Ontario",1988-05-01,64.4
"Greater Sudbury, Ontario",1988-06-01,67.0
"Greater Sudbury, Ontario",1988-07-01,67.0
"Greater Sudbury, Ontario",1988-08-01,67.0
"Greater Sudbury, Ontario",1988-09-01,67.0
"Greater Sudbury, Ontario",1988-10-01,67.0
"Greater Sudbury, Ontario",1988-11-01,68.9
"Greater Sudbury, Ontario",1988-12-01,69.2
"Greater Sudbury, Ontario",1989-01-01,69.2
"Greater Sudbury, Ontario",1989-02-01,71.4
"Greater Sudbury, Ontario",1989-03-01,71.4
"Greater Sudbury, Ontario",1989-04-01,73.8
"Greater Sudbury, Ontario",1989-05-01,73.5
"Greater Sudbury, Ontario",1989-06-01,73.5
"Greater Sudbury, Ontario",1989-07-01,73.8
"Greater Sudbury, Ontario",1989-08-01,73.8
"Greater Sudbury, Ontario",1989-09-01,73.8
"Greater Sudbury, Ontario",1989-10-01,73.9
"Greater Sudbury, Ontario",1989-11-01,73.9
"Greater Sudbury, Ontario",1989-12-01,73.9
"Greater Sudbury, Ontario",1990-01-01,74.8
"Greater Sudbury, Ontario",1990-02-01,76.3
"Greater Sudbury, Ontario",1990-03-01,78.7
"Greater Sudbury, Ontario",1990-04-01,81.0
"Greater Sudbury, Ontario",1990-05-01,81.0
"Greater Sudbury, Ontario",1990-06-01,81.0
"Greater Sudbury, Ontario",1990-07-01,81.0
"Greater Sudbury, Ontario",1990-08-01,81.0
"Greater Sudbury, Ontario",1990-09-01,81.0
"Greater Sudbury, Ontario",1990-10-01,81.0
"Greater Sudbury, Ontario",1990-11-01,81.0
"Greater Sudbury, Ontario",1990-12-01,81.0
"Greater Sudbury, Ontario",1991-01-01,80.8
"Greater Sudbury, Ontario",1991-02-01,79.9
"Greater Sudbury, Ontario",1991-03-01,81.0
"Greater Sudbury, Ontario",1991-04-01,80.7
"Greater Sudbury, Ontario",1991-05-01,80.5
"Greater Sudbury, Ontario",1991-06-01,80.7
"Greater Sudbury, Ontario",1991-07-01,80.3
"Greater Sudbury, Ontario",1991-08-01,80.2
"Greater Sudbury, Ontario",1991-09-01,80.1
"Greater Sudbury, Ontario",1991-10-01,80.1
"Greater Sudbury, Ontario",1991-11-01,79.9
"Greater Sudbury, Ontario",1991-12-01,79.9
"Greater Sudbury, Ontario",1992-01-01,80.4
"Greater Sudbury, Ontario",1992-02-01,80.5
"Greater Sudbury, Ontario",1992-03-01,80.5
"Greater Sudbury, Ontario",1992-04-01,80.1
"Greater Sudbury, Ontario",1992-05-01,80.1
"Greater Sudbury, Ontario",1992-06-01,80.5
"Greater Sudbury, Ontario",1992-07-01,80.5
"Greater Sudbury, Ontario",1992-08-01,80.5
"Greater Sudbury, Ontario",1992-09-01,80.5
"Greater Sudbury, Ontario",1992-10-01,80.5
"Greater Sudbury, Ontario",1992-11-01,80.5
"Greater Sudbury, Ontario",1992-12-01,80.5
"Greater Sudbury, Ontario",1993-01-01,80.9
"Greater Sudbury, Ontario",1993-02-01,79.6
"Greater Sudbury, Ontario",1993-03-01,79.6
"Greater Sudbury, Ontario",1993-04-01,79.7
"Greater Sudbury, Ontario",1993-05-01,78.8
"Greater Sudbury, Ontario",1993-06-01,78.8
"Greater Sudbury, Ontario",1993-07-01,78.8
"Greater Sudbury, Ontario",1993-08-01,78.8
"Greater Sudbury, Ontario",1993-09-01,78.8
"Greater Sudbury, Ontario",1993-10-01,78.8
"Greater Sudbury, Ontario",1993-11-01,78.8
"Greater Sudbury, Ontario",1993-12-01,78.8
"Greater Sudbury, Ontario",1994-01-01,78.8
"Greater Sudbury, Ontario",1994-02-01,78.8
"Greater Sudbury, Ontario",1994-03-01,78.8
"Greater Sudbury, Ontario",1994-04-01,79.3
"Greater Sudbury, Ontario",1994-05-01,80.2
"Greater Sudbury, Ontario",1994-06-01,80.2
"Greater Sudbury, Ontario",1994-07-01,80.2
"Greater Sudbury, Ontario",1994-08-01,80.2
"Greater Sudbury, Ontario",1994-09-01,80.2
"Greater Sudbury, Ontario",1994-10-01,80.2
"Greater Sudbury, Ontario",1994-11-01,80.2
"Greater Sudbury, Ontario",1994-12-01,80.2
"Greater Sudbury, Ontario",1995-01-01,80.2
"Greater Sudbury, Ontario",1995-02-01,80.1
"Greater Sudbury, Ontario",1995-03-01,80.2
"Greater Sudbury, Ontario",1995-04-01,80.2
"Greater Sudbury, Ontario",1995-05-01,80.2
"Greater Sudbury, Ontario",1995-06-01,80.2
"Greater Sudbury, Ontario",1995-07-01,80.2
"Greater Sudbury, Ontario",1995-08-01,80.2
"Greater Sudbury, Ontario",1995-09-01,80.2
"Greater Sudbury, Ontario",1995-10-01,80.2
"Greater Sudbury, Ontario",1995-11-01,80.2
"Greater Sudbury, Ontario",1995-12-01,80.2
"Greater Sudbury, Ontario",1996-01-01,80.2
"Greater Sudbury, Ontario",1996-02-01,80.2
"Greater Sudbury, Ontario",1996-03-01,80.2
"Greater Sudbury, Ontario",1996-04-01,80.2
"Greater Sudbury, Ontario",1996-05-01,80.2
"Greater Sudbury, Ontario",1996-06-01,80.2
"Greater Sudbury, Ontario",1996-07-01,80.2
"Greater Sudbury, Ontario",1996-08-01,80.2
"Greater Sudbury, Ontario",1996-09-01,80.2
"Greater Sudbury, Ontario",1996-10-01,80.2
"Greater Sudbury, Ontario",1996-11-01,80.2
"Greater Sudbury, Ontario",1996-12-01,80.2
"Greater Sudbury, Ontario",1997-01-01,80.2
"Greater Sudbury, Ontario",1997-02-01,80.5
"Greater Sudbury, Ontario",1997-03-01,80.5
"Greater Sudbury, Ontario",1997-04-01,80.5
"Greater Sudbury, Ontario",1997-05-01,80.5
"Greater Sudbury, Ontario",1997-06-01,80.5
"Greater Sudbury, Ontario",1997-07-01,80.5
"Greater Sudbury, Ontario",1997-08-01,80.5
"Greater Sudbury, Ontario",1997-09-01,80.5
"Greater Sudbury, Ontario",1997-10-01,80.5
"Greater Sudbury, Ontario",1997-11-01,80.5
"Greater Sudbury, Ontario",1997-12-01,80.5
"Greater Sudbury, Ontario",1998-01-01,80.5
"Greater Sudbury, Ontario",1998-02-01,80.9
"Greater Sudbury, Ontario",1998-03-01,80.7
"Greater Sudbury, Ontario",1998-04-01,81.1
"Greater Sudbury, Ontario",1998-05-01,81.1
"Greater Sudbury, Ontario",1998-06-01,81.1
"Greater Sudbury, Ontario",1998-07-01,81.1
"Greater Sudbury, Ontario",1998-08-01,81.1
"Greater Sudbury, Ontario",1998-09-01,81.1
"Greater Sudbury, Ontario",1998-10-01,81.1
"Greater Sudbury, Ontario",1998-11-01,81.1
"Greater Sudbury, Ontario",1998-12-01,81.1
"Greater Sudbury, Ontario",1999-01-01,81.1
"Greater Sudbury, Ontario",1999-02-01,81.1
"Greater Sudbury, Ontario",1999-03-01,81.1
"Greater Sudbury, Ontario",1999-04-01,81.1
"Greater Sudbury, Ontario",1999-05-01,81.1
"Greater Sudbury, Ontario",1999-06-01,81.1
"Greater Sudbury, Ontario",1999-07-01,81.1
"Greater Sudbury, Ontario",1999-08-01,81.1
"Greater Sudbury, Ontario",1999-09-01,81.1
"Greater Sudbury, Ontario",1999-10-01,81.1
"Greater Sudbury, Ontario",1999-11-01,81.6
"Greater Sudbury, Ontario",1999-12-01,81.6
"Greater Sudbury, Ontario",2000-01-01,81.6
"Greater Sudbury, Ontario",2000-02-01,81.6
"Greater Sudbury, Ontario",2000-03-01,80.9
"Greater Sudbury, Ontario",2000-04-01,80.9
"Greater Sudbury, Ontario",2000-05-01,80.9
"Greater Sudbury, Ontario",2000-06-01,80.9
"Greater Sudbury, Ontario",2000-07-01,80.9
"Greater Sudbury, Ontario",2000-08-01,80.9
"Greater Sudbury, Ontario",2000-09-01,80.9
"Greater Sudbury, Ontario",2000-10-01,80.9
"Greater Sudbury, Ontario",2000-11-01,80.6
"Greater Sudbury, Ontario",2000-12-01,80.6
"Greater Sudbury, Ontario",2001-01-01,80.6
"Greater Sudbury, Ontario",2001-02-01,80.6
"Greater Sudbury, Ontario",2001-03-01,80.6
"Greater Sudbury, Ontario",2001-04-01,80.6
"Greater Sudbury, Ontario",2001-05-01,80.6
"Greater Sudbury, Ontario",2001-06-01,80.6
"Greater Sudbury, Ontario",2001-07-01,80.6
"Greater Sudbury, Ontario",2001-08-01,80.6
"Greater Sudbury, Ontario",2001-09-01,80.6
"Greater Sudbury, Ontario",2001-10-01,80.6
"Greater Sudbury, Ontario",2001-11-01,80.6
"Greater Sudbury, Ontario",2001-12-01,80.6
"Greater Sudbury, Ontario",2002-01-01,80.6
"Greater Sudbury, Ontario",2002-02-01,80.6
"Greater Sudbury, Ontario",2002-03-01,80.6
"Greater Sudbury, Ontario",2002-04-01,80.6
"Greater Sudbury, Ontario",2002-05-01,83.5
"Greater Sudbury, Ontario",2002-06-01,83.5
"Greater Sudbury, Ontario",2002-07-01,83.5
"Greater Sudbury, Ontario",2002-08-01,83.5
"Greater Sudbury, Ontario",2002-09-01,83.6
"Greater Sudbury, Ontario",2002-10-01,83.6
"Greater Sudbury, Ontario",2002-11-01,83.6
"Greater Sudbury, Ontario",2002-12-01,83.6
"Greater Sudbury, Ontario",2003-01-01,83.6
"Greater Sudbury, Ontario",2003-02-01,83.6
"Greater Sudbury, Ontario",2003-03-01,83.5
"Greater Sudbury, Ontario",2003-04-01,83.5
"Greater Sudbury, Ontario",2003-05-01,83.5
"Greater Sudbury, Ontario",2003-06-01,83.5
"Greater Sudbury, Ontario",2003-07-01,83.5
"Greater Sudbury, Ontario",2003-08-01,83.5
"Greater Sudbury, Ontario",2003-09-01,83.5
"Greater Sudbury, Ontario",2003-10-01,83.5
"Greater Sudbury, Ontario",2003-11-01,83.5
"Greater Sudbury, Ontario",2003-12-01,83.5
"Greater Sudbury, Ontario",2004-01-01,83.5
"Greater Sudbury, Ontario",2004-02-01,84.2
"Greater Sudbury, Ontario",2004-03-01,84.2
"Greater Sudbury, Ontario",2004-04-01,84.2
"Greater Sudbury, Ontario",2004-05-01,84.7
"Greater Sudbury, Ontario",2004-06-01,84.7
"Greater Sudbury, Ontario",2004-07-01,84.7
"Greater Sudbury, Ontario",2004-08-01,84.7
"Greater Sudbury, Ontario",2004-09-01,84.7
"Greater Sudbury, Ontario",2004-10-01,84.7
"Greater Sudbury, Ontario",2004-11-01,84.7
"Greater Sudbury, Ontario",2004-12-01,84.7
"Greater Sudbury, Ontario",2005-01-01,84.7
"Greater Sudbury, Ontario",2005-02-01,84.7
"Greater Sudbury, Ontario",2005-03-01,84.7
"Greater Sudbury, Ontario",2005-04-01,84.7
"Greater Sudbury, Ontario",2005-05-01,87.3
"Greater Sudbury, Ontario",2005-06-01,87.3
"Greater Sudbury, Ontario",2005-07-01,87.3
"Greater Sudbury, Ontario",2005-08-01,87.3
"Greater Sudbury, Ontario",2005-09-01,87.3
"Greater Sudbury, Ontario",2005-10-01,87.3
"Greater Sudbury, Ontario",2005-11-01,88.0
"Greater Sudbury, Ontario",2005-12-01,88.0
"Greater Sudbury, Ontario",2006-01-01,88.0
"Greater Sudbury, Ontario",2006-02-01,88.0
"Greater Sudbury, Ontario",2006-03-01,88.6
"Greater Sudbury, Ontario",2006-04-01,88.6
"Greater Sudbury, Ontario",2006-05-01,88.6
"Greater Sudbury, Ontario",2006-06-01,88.6
"Greater Sudbury, Ontario",2006-07-01,89.1
"Greater Sudbury, Ontario",2006-08-01,90.9
"Greater Sudbury, Ontario",2006-09-01,90.9
"Greater Sudbury, Ontario",2006-10-01,90.9
"Greater Sudbury, Ontario",2006-11-01,90.9
"Greater Sudbury, Ontario",2006-12-01,90.9
"Greater Sudbury, Ontario",2007-01-01,90.9
"Greater Sudbury, Ontario",2007-02-01,91.0
"Greater Sudbury, Ontario",2007-03-01,92.1
"Greater Sudbury, Ontario",2007-04-01,92.1
"Greater Sudbury, Ontario",2007-05-01,92.7
"Greater Sudbury, Ontario",2007-06-01,93.2
"Greater Sudbury, Ontario",2007-07-01,93.2
"Greater Sudbury, Ontario",2007-08-01,93.6
"Greater Sudbury, Ontario",2007-09-01,93.6
"Greater Sudbury, Ontario",2007-10-01,93.6
"Greater Sudbury, Ontario",2007-11-01,93.7
"Greater Sudbury, Ontario",2007-12-01,93.7
"Greater Sudbury, Ontario",2008-01-01,94.1
"Greater Sudbury, Ontario",2008-02-01,94.1
"Greater Sudbury, Ontario",2008-03-01,94.1
"Greater Sudbury, Ontario",2008-04-01,94.1
"Greater Sudbury, Ontario",2008-05-01,97.0
"Greater Sudbury, Ontario",2008-06-01,96.3
"Greater Sudbury, Ontario",2008-07-01,97.0
"Greater Sudbury, Ontario",2008-08-01,97.0
"Greater Sudbury, Ontario",2008-09-01,97.0
"Greater Sudbury, Ontario",2008-10-01,97.0
"Greater Sudbury, Ontario",2008-11-01,97.0
"Greater Sudbury, Ontario",2008-12-01,97.0
"Greater Sudbury, Ontario",2009-01-01,97.0
"Greater Sudbury, Ontario",2009-02-01,97.0
"Greater Sudbury, Ontario",2009-03-01,97.0
"Greater Sudbury, Ontario",2009-04-01,97.0
"Greater Sudbury, Ontario",2009-05-01,97.0
"Greater Sudbury, Ontario",2009-06-01,97.0
"Greater Sudbury, Ontario",2009-07-01,97.0
"Greater Sudbury, Ontario",2009-08-01,97.0
"Greater Sudbury, Ontario",2009-09-01,97.0
"Greater Sudbury, Ontario",2009-10-01,97.0
"Greater Sudbury, Ontario",2009-11-01,97.0
"Greater Sudbury, Ontario",2009-12-01,97.0
"Greater Sudbury, Ontario",2010-01-01,98.1
"Greater Sudbury, Ontario",2010-02-01,98.1
"Greater Sudbury, Ontario",2010-03-01,98.1
"Greater Sudbury, Ontario",2010-04-01,98.1
"Greater Sudbury, Ontario",2010-05-01,98.1
"Greater Sudbury, Ontario",2010-06-01,98.1
"Greater Sudbury, Ontario",2010-07-01,96.3
"Greater Sudbury, Ontario",2010-08-01,96.3
"Greater Sudbury, Ontario",2010-09-01,96.2
"Greater Sudbury, Ontario",2010-10-01,97.3
"Greater Sudbury, Ontario",2010-11-01,97.3
"Greater Sudbury, Ontario",2010-12-01,97.3
"Greater Sudbury, Ontario",2011-01-01,97.3
"Greater Sudbury, Ontario",2011-02-01,97.3
"Greater Sudbury, Ontario",2011-03-01,97.3
"Greater Sudbury, Ontario",2011-04-01,97.3
"Greater Sudbury, Ontario",2011-05-01,97.8
"Greater Sudbury, Ontario",2011-06-01,97.8
"Greater Sudbury, Ontario",2011-07-01,97.8
"Greater Sudbury, Ontario",2011-08-01,97.8
"Greater Sudbury, Ontario",2011-09-01,97.8
"Greater Sudbury, Ontario",2011-10-01,97.8
"Greater Sudbury, Ontario",2011-11-01,97.8
"Greater Sudbury, Ontario",2011-12-01,97.8
"Greater Sudbury, Ontario",2012-01-01,97.8
"Greater Sudbury, Ontario",2012-02-01,97.8
"Greater Sudbury, Ontario",2012-03-01,97.8
"Greater Sudbury, Ontario",2012-04-01,97.8
"Greater Sudbury, Ontario",2012-05-01,99.6
"Greater Sudbury, Ontario",2012-06-01,99.6
"Greater Sudbury, Ontario",2012-07-01,99.6
"Greater Sudbury, Ontario",2012-08-01,99.6
"Greater Sudbury, Ontario",2012-09-01,99.6
"Greater Sudbury, Ontario",2012-10-01,99.3
"Greater Sudbury, Ontario",2012-11-01,99.3
"Greater Sudbury, Ontario",2012-12-01,99.3
"Greater Sudbury, Ontario",2013-01-01,99.5
"Greater Sudbury, Ontario",2013-02-01,99.6
"Greater Sudbury, Ontario",2013-03-01,99.6
"Greater Sudbury, Ontario",2013-04-01,99.6
"Greater Sudbury, Ontario",2013-05-01,100.4
"Greater Sudbury, Ontario",2013-06-01,100.4
"Greater Sudbury, Ontario",2013-07-01,99.4
"Greater Sudbury, Ontario",2013-08-01,99.4
"Greater Sudbury, Ontario",2013-09-01,99.4
"Greater Sudbury, Ontario",2013-10-01,99.4
"Greater Sudbury, Ontario",2013-11-01,99.4
"Greater Sudbury, Ontario",2013-12-01,99.4
"Greater Sudbury, Ontario",2014-01-01,99.4
"Greater Sudbury, Ontario",2014-02-01,99.4
"Greater Sudbury, Ontario",2014-03-01,99.4
"Greater Sudbury, Ontario",2014-04-01,99.4
"Greater Sudbury, Ontario",2014-05-01,99.8
"Greater Sudbury, Ontario",2014-06-01,99.8
"Greater Sudbury, Ontario",2014-07-01,99.8
"Greater Sudbury, Ontario",2014-08-01,99.8
"Greater Sudbury, Ontario",2014-09-01,99.8
"Greater Sudbury, Ontario",2014-10-01,99.8
"Greater Sudbury, Ontario",2014-11-01,99.8
"Greater Sudbury, Ontario",2014-12-01,99.8
"Greater Sudbury, Ontario",2015-01-01,99.8
"Greater Sudbury, Ontario",2015-02-01,99.8
"Greater Sudbury, Ontario",2015-03-01,99.8
"Greater Sudbury, Ontario",2015-04-01,99.8
"Greater Sudbury, Ontario",2015-05-01,99.2
"Greater Sudbury, Ontario",2015-06-01,99.2
"Greater Sudbury, Ontario",2015-07-01,99.8
"Greater Sudbury, Ontario",2015-08-01,99.8
"Greater Sudbury, Ontario",2015-09-01,99.8
"Greater Sudbury, Ontario",2015-10-01,99.8
"Greater Sudbury, Ontario",2015-11-01,99.3
"Greater Sudbury, Ontario",2015-12-01,99.3
"Greater Sudbury, Ontario",2016-01-01,99.3
"Greater Sudbury, Ontario",2016-02-01,99.3
"Greater Sudbury, Ontario",2016-03-01,99.3
"Greater Sudbury, Ontario",2016-04-01,99.3
"Greater Sudbury, Ontario",2016-05-01,99.3
"Greater Sudbury, Ontario",2016-06-01,99.3
"Greater Sudbury, Ontario",2016-07-01,99.3
"Greater Sudbury, Ontario",2016-08-01,99.3
"Greater Sudbury, Ontario",2016-09-01,99.8
"Greater Sudbury, Ontario",2016-10-01,100.0
"Greater Sudbury, Ontario",2016-11-01,100.0
"Greater Sudbury, Ontario",2016-12-01,100.0
"Greater Sudbury, Ontario",2017-01-01,99.3
"Guelph, Ontario",2016-12-01,100.0
"Guelph, Ontario",2017-01-01,101.1
"Guelph, Ontario",2017-02-01,102.0
"Guelph, Ontario",2017-03-01,102.4
"Guelph, Ontario",2017-04-01,102.4
"Guelph, Ontario",2017-05-01,104.1
"Guelph, Ontario",2017-06-01,104.1
"Guelph, Ontario",2017-07-01,104.1
"Guelph, Ontario",2017-08-01,104.1
"Guelph, Ontario",2017-09-01,104.1
"Guelph, Ontario",2017-10-01,104.1
"Guelph, Ontario",2017-11-01,104.1
"Guelph, Ontario",2017-12-01,104.1
"Guelph, Ontario",2018-01-01,104.1
"Guelph, Ontario",2018-02-01,104.1
"Guelph, Ontario",2018-03-01,104.1
"Guelph, Ontario",2018-04-01,104.1
"Guelph, Ontario",2018-05-01,104.1
"Guelph, Ontario",2018-06-01,104.1
"Guelph, Ontario",2018-07-01,104.1
"Guelph, Ontario",2018-08-01,104.1
"Guelph, Ontario",2018-09-01,104.1
"Guelph, Ontario",2018-10-01,104.1
"Guelph, Ontario",2018-11-01,104.2
"Halifax, Nova Scotia",1984-05-01,44.6
"Halifax, Nova Scotia",1984-06-01,42.6
"Halifax, Nova Scotia",1984-07-01,42.6
"Halifax, Nova Scotia",1984-08-01,42.6
"Halifax, Nova Scotia",1984-09-01,42.6
"Halifax, Nova Scotia",1984-10-01,45.4
"Halifax, Nova Scotia",1984-11-01,45.4
"Halifax, Nova Scotia",1984-12-01,46.1
"Halifax, Nova Scotia",1985-01-01,47.6
"Halifax, Nova Scotia",1985-02-01,48.3
"Halifax, Nova Scotia",1985-03-01,48.5
"Halifax, Nova Scotia",1985-04-01,50.0
"Halifax, Nova Scotia",1985-05-01,50.0
"Halifax, Nova Scotia",1985-06-01,50.3
"Halifax, Nova Scotia",1985-07-01,50.3
"Halifax, Nova Scotia",1985-08-01,50.3
"Halifax, Nova Scotia",1985-09-01,50.3
"Halifax, Nova Scotia",1985-10-01,50.3
"Halifax, Nova Scotia",1985-11-01,51.1
"Halifax, Nova Scotia",1985-12-01,51.1
"Halifax, Nova Scotia",1986-01-01,51.1
"Halifax, Nova Scotia",1986-02-01,51.6
"Halifax, Nova Scotia",1986-03-01,51.6
"Halifax, Nova Scotia",1986-04-01,51.8
"Halifax, Nova Scotia",1986-05-01,52.7
"Halifax, Nova Scotia",1986-06-01,52.8
"Halifax, Nova Scotia",1986-07-01,52.8
"Halifax, Nova Scotia",1986-08-01,52.7
"Halifax, Nova Scotia",1986-09-01,52.7
"Halifax, Nova Scotia",1986-10-01,52.7
"Halifax, Nova Scotia",1986-11-01,52.7
"Halifax, Nova Scotia",1986-12-01,52.7
"Halifax, Nova Scotia",1987-01-01,52.7
"Halifax, Nova Scotia",1987-02-01,53.6
"Halifax, Nova Scotia",1987-03-01,53.5
"Halifax, Nova Scotia",1987-04-01,53.5
"Halifax, Nova Scotia",1987-05-01,54.3
"Halifax, Nova Scotia",1987-06-01,54.7
"Halifax, Nova Scotia",1987-07-01,54.7
"Halifax, Nova Scotia",1987-08-01,55.2
"Halifax, Nova Scotia",1987-09-01,55.2
"Halifax, Nova Scotia",1987-10-01,55.2
"Halifax, Nova Scotia",1987-11-01,56.0
"Halifax, Nova Scotia",1987-12-01,56.0
"Halifax, Nova Scotia",1988-01-01,56.0
"Halifax, Nova Scotia",1988-02-01,56.3
"Halifax, Nova Scotia",1988-03-01,56.3
"Halifax, Nova Scotia",1988-04-01,56.3
"Halifax, Nova Scotia",1988-05-01,56.3
"Halifax, Nova Scotia",1988-06-01,57.8
"Halifax, Nova Scotia",1988-07-01,57.8
"Halifax, Nova Scotia",1988-08-01,57.8
"Halifax, Nova Scotia",1988-09-01,57.8
"Halifax, Nova Scotia",1988-10-01,57.8
"Halifax, Nova Scotia",1988-11-01,57.8
"Halifax, Nova Scotia",1988-12-01,57.8
"Halifax, Nova Scotia",1989-01-01,58.2
"Halifax, Nova Scotia",1989-02-01,58.2
"Halifax, Nova Scotia",1989-03-01,58.5
"Halifax, Nova Scotia",1989-04-01,58.5
"Halifax, Nova Scotia",1989-05-01,58.7
"Halifax, Nova Scotia",1989-06-01,59.1
"Halifax, Nova Scotia",1989-07-01,59.1
"Halifax, Nova Scotia",1989-08-01,59.1
"Halifax, Nova Scotia",1989-09-01,59.1
"Halifax, Nova Scotia",1989-10-01,59.1
"Halifax, Nova Scotia",1989-11-01,59.1
"Halifax, Nova Scotia",1989-12-01,59.1
"Halifax, Nova Scotia",1990-01-01,59.1
"Halifax, Nova Scotia",1990-02-01,59.1
"Halifax, Nova Scotia",1990-03-01,59.1
"Halifax, Nova Scotia",1990-04-01,59.1
"Halifax, Nova Scotia",1990-05-01,59.1
"Halifax, Nova Scotia",1990-06-01,59.1
"Halifax, Nova Scotia",1990-07-01,59.1
"Halifax, Nova Scotia",1990-08-01,59.1
"Halifax, Nova Scotia",1990-09-01,59.1
"Halifax, Nova Scotia",1990-10-01,59.1
"Halifax, Nova Scotia",1990-11-01,59.1
"Halifax, Nova Scotia",1990-12-01,59.1
"Halifax, Nova Scotia",1991-01-01,59.1
"Halifax, Nova Scotia",1991-02-01,59.8
"Halifax, Nova Scotia",1991-03-01,59.8
"Halifax, Nova Scotia",1991-04-01,59.8
"Halifax, Nova Scotia",1991-05-01,59.8
"Halifax, Nova Scotia",1991-06-01,59.8
"Halifax, Nova Scotia",1991-07-01,59.8
"Halifax, Nova Scotia",1991-08-01,59.8
"Halifax, Nova Scotia",1991-09-01,59.8
"Halifax, Nova Scotia",1991-10-01,60.8
"Halifax, Nova Scotia",1991-11-01,60.8
"Halifax, Nova Scotia",1991-12-01,60.8
"Halifax, Nova Scotia",1992-01-01,60.8
"Halifax, Nova Scotia",1992-02-01,60.8
"Halifax, Nova Scotia",1992-03-01,60.6
"Halifax, Nova Scotia",1992-04-01,60.6
"Halifax, Nova Scotia",1992-05-01,60.6
"Halifax, Nova Scotia",1992-06-01,60.6
"Halifax, Nova Scotia",1992-07-01,60.6
"Halifax, Nova Scotia",1992-08-01,60.6
"Halifax, Nova Scotia",1992-09-01,61.9
"Halifax, Nova Scotia",1992-10-01,61.7
"Halifax, Nova Scotia",1992-11-01,61.7
"Halifax, Nova Scotia",1992-12-01,61.7
"Halifax, Nova Scotia",1993-01-01,61.7
"Halifax, Nova Scotia",1993-02-01,61.7
"Halifax, Nova Scotia",1993-03-01,62.9
"Halifax, Nova Scotia",1993-04-01,62.9
"Halifax, Nova Scotia",1993-05-01,62.9
"Halifax, Nova Scotia",1993-06-01,62.9
"Halifax, Nova Scotia",1993-07-01,62.9
"Halifax, Nova Scotia",1993-08-01,63.0
"Halifax, Nova Scotia",1993-09-01,63.0
"Halifax, Nova Scotia",1993-10-01,63.0
"Halifax, Nova Scotia",1993-11-01,63.0
"Halifax, Nova Scotia",1993-12-01,63.0
"Halifax, Nova Scotia",1994-01-01,63.0
"Halifax, Nova Scotia",1994-02-01,63.0
"Halifax, Nova Scotia",1994-03-01,63.0
"Halifax, Nova Scotia",1994-04-01,63.0
"Halifax, Nova Scotia",1994-05-01,63.5
"Halifax, Nova Scotia",1994-06-01,63.5
"Halifax, Nova Scotia",1994-07-01,63.1
"Halifax, Nova Scotia",1994-08-01,65.6
"Halifax, Nova Scotia",1994-09-01,65.6
"Halifax, Nova Scotia",1994-10-01,65.6
"Halifax, Nova Scotia",1994-11-01,65.6
"Halifax, Nova Scotia",1994-12-01,65.6
"Halifax, Nova Scotia",1995-01-01,65.6
"Halifax, Nova Scotia",1995-02-01,65.6
"Halifax, Nova Scotia",1995-03-01,65.6
"Halifax, Nova Scotia",1995-04-01,65.6
"Halifax, Nova Scotia",1995-05-01,65.6
"Halifax, Nova Scotia",1995-06-01,65.6
"Halifax, Nova Scotia",1995-07-01,65.6
"Halifax, Nova Scotia",1995-08-01,65.6
"Halifax, Nova Scotia",1995-09-01,65.6
"Halifax, Nova Scotia",1995-10-01,65.6
"Halifax, Nova Scotia",1995-11-01,65.6
"Halifax, Nova Scotia",1995-12-01,65.6
"Halifax, Nova Scotia",1996-01-01,65.6
"Halifax, Nova Scotia",1996-02-01,65.6
"Halifax, Nova Scotia",1996-03-01,65.6
"Halifax, Nova Scotia",1996-04-01,65.6
"Halifax, Nova Scotia",1996-05-01,65.6
"Halifax, Nova Scotia",1996-06-01,65.6
"Halifax, Nova Scotia",1996-07-01,65.6
"Halifax, Nova Scotia",1996-08-01,65.3
"Halifax, Nova Scotia",1996-09-01,65.6
"Halifax, Nova Scotia",1996-10-01,65.6
"Halifax, Nova Scotia",1996-11-01,65.6
"Halifax, Nova Scotia",1996-12-01,65.6
"Halifax, Nova Scotia",1997-01-01,65.6
"Halifax, Nova Scotia",1997-02-01,65.6
"Halifax, Nova Scotia",1997-03-01,65.6
"Halifax, Nova Scotia",1997-04-01,62.8
"Halifax, Nova Scotia",1997-05-01,62.6
"Halifax, Nova Scotia",1997-06-01,62.6
"Halifax, Nova Scotia",1997-07-01,62.6
"Halifax, Nova Scotia",1997-08-01,62.6
"Halifax, Nova Scotia",1997-09-01,63.2
"Halifax, Nova Scotia",1997-10-01,63.6
"Halifax, Nova Scotia",1997-11-01,63.6
"Halifax, Nova Scotia",1997-12-01,63.6
"Halifax, Nova Scotia",1998-01-01,64.2
"Halifax, Nova Scotia",1998-02-01,64.2
"Halifax, Nova Scotia",1998-03-01,64.2
"Halifax, Nova Scotia",1998-04-01,64.2
"Halifax, Nova Scotia",1998-05-01,64.2
"Halifax, Nova Scotia",1998-06-01,64.2
"Halifax, Nova Scotia",1998-07-01,64.2
"Halifax, Nova Scotia",1998-08-01,64.6
"Halifax, Nova Scotia",1998-09-01,64.6
"Halifax, Nova Scotia",1998-10-01,64.6
"Halifax, Nova Scotia",1998-11-01,64.6
"Halifax, Nova Scotia",1998-12-01,64.6
"Halifax, Nova Scotia",1999-01-01,66.4
"Halifax, Nova Scotia",1999-02-01,66.4
"Halifax, Nova Scotia",1999-03-01,66.4
"Halifax, Nova Scotia",1999-04-01,66.4
"Halifax, Nova Scotia",1999-05-01,66.4
"Halifax, Nova Scotia",1999-06-01,66.4
"Halifax, Nova Scotia",1999-07-01,66.4
"Halifax, Nova Scotia",1999-08-01,66.4
"Halifax, Nova Scotia",1999-09-01,66.4
"Halifax, Nova Scotia",1999-10-01,66.4
"Halifax, Nova Scotia",1999-11-01,66.4
"Halifax, Nova Scotia",1999-12-01,66.4
"Halifax, Nova Scotia",2000-01-01,66.4
"Halifax, Nova Scotia",2000-02-01,66.4
"Halifax, Nova Scotia",2000-03-01,66.4
"Halifax, Nova Scotia",2000-04-01,67.3
"Halifax, Nova Scotia",2000-05-01,67.3
"Halifax, Nova Scotia",2000-06-01,67.3
"Halifax, Nova Scotia",2000-07-01,67.3
"Halifax, Nova Scotia",2000-08-01,67.3
"Halifax, Nova Scotia",2000-09-01,67.3
"Halifax, Nova Scotia",2000-10-01,67.3
"Halifax, Nova Scotia",2000-11-01,67.3
"Halifax, Nova Scotia",2000-12-01,67.3
"Halifax, Nova Scotia",2001-01-01,68.5
"Halifax, Nova Scotia",2001-02-01,68.5
"Halifax, Nova Scotia",2001-03-01,68.5
"Halifax, Nova Scotia",2001-04-01,68.5
"Halifax, Nova Scotia",2001-05-01,68.5
"Halifax, Nova Scotia",2001-06-01,68.5
"Halifax, Nova Scotia",2001-07-01,68.5
"Halifax, Nova Scotia",2001-08-01,68.5
"Halifax, Nova Scotia",2001-09-01,68.5
"Halifax, Nova Scotia",2001-10-01,68.5
"Halifax, Nova Scotia",2001-11-01,69.1
"Halifax, Nova Scotia",2001-12-01,69.1
"Halifax, Nova Scotia",2002-01-01,70.8
"Halifax, Nova Scotia",2002-02-01,70.8
"Halifax, Nova Scotia",2002-03-01,70.8
"Halifax, Nova Scotia",2002-04-01,70.8
"Halifax, Nova Scotia",2002-05-01,70.8
"Halifax, Nova Scotia",2002-06-01,70.8
"Halifax, Nova Scotia",2002-07-01,71.4
"Halifax, Nova Scotia",2002-08-01,71.4
"Halifax, Nova Scotia",2002-09-01,71.4
"Halifax, Nova Scotia",2002-10-01,71.4
"Halifax, Nova Scotia",2002-11-01,72.5
"Halifax, Nova Scotia",2002-12-01,72.5
"Halifax, Nova Scotia",2003-01-01,73.3
"Halifax, Nova Scotia",2003-02-01,73.3
"Halifax, Nova Scotia",2003-03-01,73.8
"Halifax, Nova Scotia",2003-04-01,73.7
"Halifax, Nova Scotia",2003-05-01,73.7
"Halifax, Nova Scotia",2003-06-01,73.7
"Halifax, Nova Scotia",2003-07-01,73.7
"Halifax, Nova Scotia",2003-08-01,73.7
"Halifax, Nova Scotia",2003-09-01,73.7
"Halifax, Nova Scotia",2003-10-01,73.7
"Halifax, Nova Scotia",2003-11-01,73.7
"Halifax, Nova Scotia",2003-12-01,74.4
"Halifax, Nova Scotia",2004-01-01,74.4
"Halifax, Nova Scotia",2004-02-01,74.4
"Halifax, Nova Scotia",2004-03-01,74.4
"Halifax, Nova Scotia",2004-04-01,74.4
"Halifax, Nova Scotia",2004-05-01,74.6
"Halifax, Nova Scotia",2004-06-01,74.6
"Halifax, Nova Scotia",2004-07-01,74.6
"Halifax, Nova Scotia",2004-08-01,74.6
"Halifax, Nova Scotia",2004-09-01,74.6
"Halifax, Nova Scotia",2004-10-01,74.6
"Halifax, Nova Scotia",2004-11-01,74.6
"Halifax, Nova Scotia",2004-12-01,74.6
"Halifax, Nova Scotia",2005-01-01,74.6
"Halifax, Nova Scotia",2005-02-01,74.6
"Halifax, Nova Scotia",2005-03-01,74.6
"Halifax, Nova Scotia",2005-04-01,74.6
"Halifax, Nova Scotia",2005-05-01,74.6
"Halifax, Nova Scotia",2005-06-01,74.6
"Halifax, Nova Scotia",2005-07-01,75.7
"Halifax, Nova Scotia",2005-08-01,78.1
"Halifax, Nova Scotia",2005-09-01,79.3
"Halifax, Nova Scotia",2005-10-01,79.3
"Halifax, Nova Scotia",2005-11-01,79.3
"Halifax, Nova Scotia",2005-12-01,79.3
"Halifax, Nova Scotia",2006-01-01,79.3
"Halifax, Nova Scotia",2006-02-01,79.3
"Halifax, Nova Scotia",2006-03-01,79.3
"Halifax, Nova Scotia",2006-04-01,79.3
"Halifax, Nova Scotia",2006-05-01,80.6
"Halifax, Nova Scotia",2006-06-01,80.7
"Halifax, Nova Scotia",2006-07-01,81.0
"Halifax, Nova Scotia",2006-08-01,81.0
"Halifax, Nova Scotia",2006-09-01,81.0
"Halifax, Nova Scotia",2006-10-01,81.0
"Halifax, Nova Scotia",2006-11-01,81.1
"Halifax, Nova Scotia",2006-12-01,81.1
"Halifax, Nova Scotia",2007-01-01,81.1
"Halifax, Nova Scotia",2007-02-01,81.1
"Halifax, Nova Scotia",2007-03-01,81.1
"Halifax, Nova Scotia",2007-04-01,81.1
"Halifax, Nova Scotia",2007-05-01,83.8
"Halifax, Nova Scotia",2007-06-01,83.8
"Halifax, Nova Scotia",2007-07-01,84.2
"Halifax, Nova Scotia",2007-08-01,84.2
"Halifax, Nova Scotia",2007-09-01,84.6
"Halifax, Nova Scotia",2007-10-01,84.6
"Halifax, Nova Scotia",2007-11-01,88.4
"Halifax, Nova Scotia",2007-12-01,88.4
"Halifax, Nova Scotia",2008-01-01,88.9
"Halifax, Nova Scotia",2008-02-01,88.9
"Halifax, Nova Scotia",2008-03-01,89.4
"Halifax, Nova Scotia",2008-04-01,89.4
"Halifax, Nova Scotia",2008-05-01,91.3
"Halifax, Nova Scotia",2008-06-01,92.8
"Halifax, Nova Scotia",2008-07-01,93.9
"Halifax, Nova Scotia",2008-08-01,93.9
"Halifax, Nova Scotia",2008-09-01,93.9
"Halifax, Nova Scotia",2008-10-01,93.9
"Halifax, Nova Scotia",2008-11-01,93.9
"Halifax, Nova Scotia",2008-12-01,94.1
"Halifax, Nova Scotia",2009-01-01,94.4
"Halifax, Nova Scotia",2009-02-01,94.4
"Halifax, Nova Scotia",2009-03-01,94.4
"Halifax, Nova Scotia",2009-04-01,94.4
"Halifax, Nova Scotia",2009-05-01,94.4
"Halifax, Nova Scotia",2009-06-01,94.4
"Halifax, Nova Scotia",2009-07-01,94.4
"Halifax, Nova Scotia",2009-08-01,94.4
"Halifax, Nova Scotia",2009-09-01,94.4
"Halifax, Nova Scotia",2009-10-01,94.4
"Halifax, Nova Scotia",2009-11-01,94.4
"Halifax, Nova Scotia",2009-12-01,94.4
"Halifax, Nova Scotia",2010-01-01,94.4
"Halifax, Nova Scotia",2010-02-01,94.4
"Halifax, Nova Scotia",2010-03-01,94.5
"Halifax, Nova Scotia",2010-04-01,94.5
"Halifax, Nova Scotia",2010-05-01,94.5
"Halifax, Nova Scotia",2010-06-01,94.9
"Halifax, Nova Scotia",2010-07-01,94.9
"Halifax, Nova Scotia",2010-08-01,94.9
"Halifax, Nova Scotia",2010-09-01,94.9
"Halifax, Nova Scotia",2010-10-01,94.9
"Halifax, Nova Scotia",2010-11-01,96.6
"Halifax, Nova Scotia",2010-12-01,96.6
"Halifax, Nova Scotia",2011-01-01,96.6
"Halifax, Nova Scotia",2011-02-01,96.6
"Halifax, Nova Scotia",2011-03-01,96.6
"Halifax, Nova Scotia",2011-04-01,96.6
"Halifax, Nova Scotia",2011-05-01,96.6
"Halifax, Nova Scotia",2011-06-01,96.6
"Halifax, Nova Scotia",2011-07-01,96.6
"Halifax, Nova Scotia",2011-08-01,96.6
"Halifax, Nova Scotia",2011-09-01,96.6
"Halifax, Nova Scotia",2011-10-01,96.6
"Halifax, Nova Scotia",2011-11-01,96.6
"Halifax, Nova Scotia",2011-12-01,96.6
"Halifax, Nova Scotia",2012-01-01,96.6
"Halifax, Nova Scotia",2012-02-01,96.6
"Halifax, Nova Scotia",2012-03-01,96.6
"Halifax, Nova Scotia",2012-04-01,96.6
"Halifax, Nova Scotia",2012-05-01,96.6
"Halifax, Nova Scotia",2012-06-01,96.6
"Halifax, Nova Scotia",2012-07-01,96.6
"Halifax, Nova Scotia",2012-08-01,96.9
"Halifax, Nova Scotia",2012-09-01,96.9
"Halifax, Nova Scotia",2012-10-01,96.9
"Halifax, Nova Scotia",2012-11-01,97.3
"Halifax, Nova Scotia",2012-12-01,97.3
"Halifax, Nova Scotia",2013-01-01,97.3
"Halifax, Nova Scotia",2013-02-01,98.1
"Halifax, Nova Scotia",2013-03-01,98.1
"Halifax, Nova Scotia",2013-04-01,98.1
"Halifax, Nova Scotia",2013-05-01,98.1
"Halifax, Nova Scotia",2013-06-01,98.1
"Halifax, Nova Scotia",2013-07-01,98.3
"Halifax, Nova Scotia",2013-08-01,98.3
"Halifax, Nova Scotia",2013-09-01,98.3
"Halifax, Nova Scotia",2013-10-01,98.3
"Halifax, Nova Scotia",2013-11-01,98.3
"Halifax, Nova Scotia",2013-12-01,98.3
"Halifax, Nova Scotia",2014-01-01,98.3
"Halifax, Nova Scotia",2014-02-01,98.3
"Halifax, Nova Scotia",2014-03-01,98.3
"Halifax, Nova Scotia",2014-04-01,98.3
"Halifax, Nova Scotia",2014-05-01,98.3
"Halifax, Nova Scotia",2014-06-01,98.3
"Halifax, Nova Scotia",2014-07-01,98.3
"Halifax, Nova Scotia",2014-08-01,98.3
"Halifax, Nova Scotia",2014-09-01,98.5
"Halifax, Nova Scotia",2014-10-01,98.5
"Halifax, Nova Scotia",2014-11-01,98.5
"Halifax, Nova Scotia",2014-12-01,98.5
"Halifax, Nova Scotia",2015-01-01,98.5
"Halifax, Nova Scotia",2015-02-01,99.3
"Halifax, Nova Scotia",2015-03-01,99.3
"Halifax, Nova Scotia",2015-04-01,99.3
"Halifax, Nova Scotia",2015-05-01,99.3
"Halifax, Nova Scotia",2015-06-01,99.3
"Halifax, Nova Scotia",2015-07-01,99.3
"Halifax, Nova Scotia",2015-08-01,99.3
"Halifax, Nova Scotia",2015-09-01,99.3
"Halifax, Nova Scotia",2015-10-01,99.3
"Halifax, Nova Scotia",2015-11-01,99.3
"Halifax, Nova Scotia",2015-12-01,99.3
"Halifax, Nova Scotia",2016-01-01,99.3
"Halifax, Nova Scotia",2016-02-01,99.3
"Halifax, Nova Scotia",2016-03-01,99.3
"Halifax, Nova Scotia",2016-04-01,99.3
"Halifax, Nova Scotia",2016-05-01,99.3
"Halifax, Nova Scotia",2016-06-01,99.3
"Halifax, Nova Scotia",2016-07-01,99.3
"Halifax, Nova Scotia",2016-08-01,99.3
"Halifax, Nova Scotia",2016-09-01,100.0
"Halifax, Nova Scotia",2016-10-01,100.0
"Halifax, Nova Scotia",2016-11-01,100.0
"Halifax, Nova Scotia",2016-12-01,100.0
"Halifax, Nova Scotia",2017-01-01,100.0
"Hamilton, Ontario",1981-01-01,46.0
"Hamilton, Ontario",1981-02-01,46.0
"Hamilton, Ontario",1981-03-01,46.0
"Hamilton, Ontario",1981-04-01,46.3
"Hamilton, Ontario",1981-05-01,50.2
"Hamilton, Ontario",1981-06-01,50.2
"Hamilton, Ontario",1981-07-01,50.2
"Hamilton, Ontario",1981-08-01,50.2
"Hamilton, Ontario",1981-09-01,50.2
"Hamilton, Ontario",1981-10-01,50.2
"Hamilton, Ontario",1981-11-01,50.2
"Hamilton, Ontario",1981-12-01,50.2
"Hamilton, Ontario",1982-01-01,50.2
"Hamilton, Ontario",1982-02-01,50.2
"Hamilton, Ontario",1982-03-01,50.2
"Hamilton, Ontario",1982-04-01,50.2
"Hamilton, Ontario",1982-05-01,50.2
"Hamilton, Ontario",1982-06-01,49.7
"Hamilton, Ontario",1982-07-01,49.7
"Hamilton, Ontario",1982-08-01,49.7
"Hamilton, Ontario",1982-09-01,50.8
"Hamilton, Ontario",1982-10-01,50.8
"Hamilton, Ontario",1982-11-01,51.0
"Hamilton, Ontario",1982-12-01,51.0
"Hamilton, Ontario",1983-01-01,51.0
"Hamilton, Ontario",1983-02-01,51.0
"Hamilton, Ontario",1983-03-01,51.0
"Hamilton, Ontario",1983-04-01,51.3
"Hamilton, Ontario",1983-05-01,51.3
"Hamilton, Ontario",1983-06-01,51.3
"Hamilton, Ontario",1983-07-01,51.3
"Hamilton, Ontario",1983-08-01,51.3
"Hamilton, Ontario",1983-09-01,51.3
"Hamilton, Ontario",1983-10-01,51.3
"Hamilton, Ontario",1983-11-01,51.3
"Hamilton, Ontario",1983-12-01,51.3
"Hamilton, Ontario",1984-01-01,52.5
"Hamilton, Ontario",1984-02-01,52.5
"Hamilton, Ontario",1984-03-01,52.8
"Hamilton, Ontario",1984-04-01,52.8
"Hamilton, Ontario",1984-05-01,52.8
"Hamilton, Ontario",1984-06-01,52.8
"Hamilton, Ontario",1984-07-01,52.8
"Hamilton, Ontario",1984-08-01,52.8
"Hamilton, Ontario",1984-09-01,52.8
"Hamilton, Ontario",1984-10-01,52.8
"Hamilton, Ontario",1984-11-01,53.3
"Hamilton, Ontario",1984-12-01,53.4
"Hamilton, Ontario",1985-01-01,53.4
"Hamilton, Ontario",1985-02-01,53.4
"Hamilton, Ontario",1985-03-01,53.7
"Hamilton, Ontario",1985-04-01,54.1
"Hamilton, Ontario",1985-05-01,54.1
"Hamilton, Ontario",1985-06-01,56.5
"Hamilton, Ontario",1985-07-01,56.5
"Hamilton, Ontario",1985-08-01,57.1
"Hamilton, Ontario",1985-09-01,58.0
"Hamilton, Ontario",1985-10-01,58.0
"Hamilton, Ontario",1985-11-01,58.5
"Hamilton, Ontario",1985-12-01,58.5
"Hamilton, Ontario",1986-01-01,58.5
"Hamilton, Ontario",1986-02-01,58.5
"Hamilton, Ontario",1986-03-01,59.2
"Hamilton, Ontario",1986-04-01,59.2
"Hamilton, Ontario",1986-05-01,59.2
"Hamilton, Ontario",1986-06-01,59.2
"Hamilton, Ontario",1986-07-01,59.2
"Hamilton, Ontario",1986-08-01,59.2
"Hamilton, Ontario",1986-09-01,59.2
"Hamilton, Ontario",1986-10-01,59.2
"Hamilton, Ontario",1986-11-01,60.2
"Hamilton, Ontario",1986-12-01,60.2
"Hamilton, Ontario",1987-01-01,60.2
"Hamilton, Ontario",1987-02-01,60.2
"Hamilton, Ontario",1987-03-01,60.2
"Hamilton, Ontario",1987-04-01,60.2
"Hamilton, Ontario",1987-05-01,60.2
"Hamilton, Ontario",1987-06-01,61.0
"Hamilton, Ontario",1987-07-01,61.9
"Hamilton, Ontario",1987-08-01,62.3
"Hamilton, Ontario",1987-09-01,70.1
"Hamilton, Ontario",1987-10-01,70.1
"Hamilton, Ontario",1987-11-01,70.1
"Hamilton, Ontario",1987-12-01,70.6
"Hamilton, Ontario",1988-01-01,70.6
"Hamilton, Ontario",1988-02-01,70.6
"Hamilton, Ontario",1988-03-01,70.9
"Hamilton, Ontario",1988-04-01,70.9
"Hamilton, Ontario",1988-05-01,70.9
"Hamilton, Ontario",1988-06-01,70.8
"Hamilton, Ontario",1988-07-01,70.8
"Hamilton, Ontario",1988-08-01,71.7
"Hamilton, Ontario",1988-09-01,71.7
"Hamilton, Ontario",1988-10-01,71.7
"Hamilton, Ontario",1988-11-01,72.5
"Hamilton, Ontario",1988-12-01,72.5
"Hamilton, Ontario",1989-01-01,72.5
"Hamilton, Ontario",1989-02-01,72.5
"Hamilton, Ontario",1989-03-01,74.9
"Hamilton, Ontario",1989-04-01,74.2
"Hamilton, Ontario",1989-05-01,77.6
"Hamilton, Ontario",1989-06-01,77.6
"Hamilton, Ontario",1989-07-01,77.6
"Hamilton, Ontario",1989-08-01,77.6
"Hamilton, Ontario",1989-09-01,77.6
"Hamilton, Ontario",1989-10-01,77.6
"Hamilton, Ontario",1989-11-01,81.0
"Hamilton, Ontario",1989-12-01,81.0
"Hamilton, Ontario",1990-01-01,81.0
"Hamilton, Ontario",1990-02-01,81.0
"Hamilton, Ontario",1990-03-01,81.0
"Hamilton, Ontario",1990-04-01,81.0
"Hamilton, Ontario",1990-05-01,81.4
"Hamilton, Ontario",1990-06-01,81.4
"Hamilton, Ontario",1990-07-01,81.4
"Hamilton, Ontario",1990-08-01,81.4
"Hamilton, Ontario",1990-09-01,81.4
"Hamilton, Ontario",1990-10-01,81.4
"Hamilton, Ontario",1990-11-01,81.4
"Hamilton, Ontario",1990-12-01,81.4
"Hamilton, Ontario",1991-01-01,79.0
"Hamilton, Ontario",1991-02-01,79.2
"Hamilton, Ontario",1991-03-01,79.0
"Hamilton, Ontario",1991-04-01,78.0
"Hamilton, Ontario",1991-05-01,78.0
"Hamilton, Ontario",1991-06-01,77.8
"Hamilton, Ontario",1991-07-01,77.7
"Hamilton, Ontario",1991-08-01,77.6
"Hamilton, Ontario",1991-09-01,77.3
"Hamilton, Ontario",1991-10-01,77.2
"Hamilton, Ontario",1991-11-01,77.2
"Hamilton, Ontario",1991-12-01,77.2
"Hamilton, Ontario",1992-01-01,77.5
"Hamilton, Ontario",1992-02-01,77.5
"Hamilton, Ontario",1992-03-01,77.5
"Hamilton, Ontario",1992-04-01,77.5
"Hamilton, Ontario",1992-05-01,77.5
"Hamilton, Ontario",1992-06-01,77.5
"Hamilton, Ontario",1992-07-01,77.5
"Hamilton, Ontario",1992-08-01,77.5
"Hamilton, Ontario",1992-09-01,77.5
"Hamilton, Ontario",1992-10-01,77.3
"Hamilton, Ontario",1992-11-01,76.8
"Hamilton, Ontario",1992-12-01,76.8
"Hamilton, Ontario",1993-01-01,76.8
"Hamilton, Ontario",1993-02-01,76.8
"Hamilton, Ontario",1993-03-01,76.8
"Hamilton, Ontario",1993-04-01,76.8
"Hamilton, Ontario",1993-05-01,76.8
"Hamilton, Ontario",1993-06-01,76.3
"Hamilton, Ontario",1993-07-01,76.6
"Hamilton, Ontario",1993-08-01,76.6
"Hamilton, Ontario",1993-09-01,76.6
"Hamilton, Ontario",1993-10-01,76.6
"Hamilton, Ontario",1993-11-01,76.6
"Hamilton, Ontario",1993-12-01,76.1
"Hamilton, Ontario",1994-01-01,76.1
"Hamilton, Ontario",1994-02-01,76.1
"Hamilton, Ontario",1994-03-01,76.1
"Hamilton, Ontario",1994-04-01,76.0
"Hamilton, Ontario",1994-05-01,76.0
"Hamilton, Ontario",1994-06-01,76.0
"Hamilton, Ontario",1994-07-01,76.0
"Hamilton, Ontario",1994-08-01,76.0
"Hamilton, Ontario",1994-09-01,76.0
"Hamilton, Ontario",1994-10-01,76.0
"Hamilton, Ontario",1994-11-01,76.0
"Hamilton, Ontario",1994-12-01,74.5
"Hamilton, Ontario",1995-01-01,74.5
"Hamilton, Ontario",1995-02-01,74.5
"Hamilton, Ontario",1995-03-01,74.5
"Hamilton, Ontario",1995-04-01,74.5
"Hamilton, Ontario",1995-05-01,74.5
"Hamilton, Ontario",1995-06-01,74.5
"Hamilton, Ontario",1995-07-01,74.5
"Hamilton, Ontario",1995-08-01,74.5
"Hamilton, Ontario",1995-09-01,74.5
"Hamilton, Ontario",1995-10-01,74.5
"Hamilton, Ontario",1995-11-01,74.5
"Hamilton, Ontario",1995-12-01,74.5
"Hamilton, Ontario",1996-01-01,74.5
"Hamilton, Ontario",1996-02-01,74.5
"Hamilton, Ontario",1996-03-01,74.5
"Hamilton, Ontario",1996-04-01,74.5
"Hamilton, Ontario",1996-05-01,74.5
"Hamilton, Ontario",1996-06-01,74.5
"Hamilton, Ontario",1996-07-01,74.5
"Hamilton, Ontario",1996-08-01,74.5
"Hamilton, Ontario",1996-09-01,74.5
"Hamilton, Ontario",1996-10-01,74.5
"Hamilton, Ontario",1996-11-01,74.5
"Hamilton, Ontario",1996-12-01,74.5
"Hamilton, Ontario",1997-01-01,74.5
"Hamilton, Ontario",1997-02-01,74.5
"Hamilton, Ontario",1997-03-01,74.5
"Hamilton, Ontario",1997-04-01,74.5
"Hamilton, Ontario",1997-05-01,74.5
"Hamilton, Ontario",1997-06-01,74.5
"Hamilton, Ontario",1997-07-01,74.5
"Hamilton, Ontario",1997-08-01,74.5
"Hamilton, Ontario",1997-09-01,74.5
"Hamilton, Ontario",1997-10-01,74.5
"Hamilton, Ontario",1997-11-01,74.5
"Hamilton, Ontario",1997-12-01,74.5
"Hamilton, Ontario",1998-01-01,74.5
"Hamilton, Ontario",1998-02-01,74.5
"Hamilton, Ontario",1998-03-01,75.6
"Hamilton, Ontario",1998-04-01,75.6
"Hamilton, Ontario",1998-05-01,75.5
"Hamilton, Ontario",1998-06-01,75.5
"Hamilton, Ontario",1998-07-01,75.5
"Hamilton, Ontario",1998-08-01,75.5
"Hamilton, Ontario",1998-09-01,75.5
"Hamilton, Ontario",1998-10-01,75.5
"Hamilton, Ontario",1998-11-01,75.5
"Hamilton, Ontario",1998-12-01,75.5
"Hamilton, Ontario",1999-01-01,75.5
"Hamilton, Ontario",1999-02-01,75.9
"Hamilton, Ontario",1999-03-01,75.9
"Hamilton, Ontario",1999-04-01,75.9
"Hamilton, Ontario",1999-05-01,75.9
"Hamilton, Ontario",1999-06-01,75.9
"Hamilton, Ontario",1999-07-01,75.9
"Hamilton, Ontario",1999-08-01,76.8
"Hamilton, Ontario",1999-09-01,76.7
"Hamilton, Ontario",1999-10-01,76.8
"Hamilton, Ontario",1999-11-01,76.8
"Hamilton, Ontario",1999-12-01,76.8
"Hamilton, Ontario",2000-01-01,76.8
"Hamilton, Ontario",2000-02-01,76.8
"Hamilton, Ontario",2000-03-01,76.8
"Hamilton, Ontario",2000-04-01,76.8
"Hamilton, Ontario",2000-05-01,76.8
"Hamilton, Ontario",2000-06-01,76.8
"Hamilton, Ontario",2000-07-01,76.8
"Hamilton, Ontario",2000-08-01,76.8
"Hamilton, Ontario",2000-09-01,76.8
"Hamilton, Ontario",2000-10-01,76.8
"Hamilton, Ontario",2000-11-01,76.8
"Hamilton, Ontario",2000-12-01,77.3
"Hamilton, Ontario",2001-01-01,77.3
"Hamilton, Ontario",2001-02-01,77.3
"Hamilton, Ontario",2001-03-01,77.3
"Hamilton, Ontario",2001-04-01,77.3
"Hamilton, Ontario",2001-05-01,77.3
"Hamilton, Ontario",2001-06-01,77.3
"Hamilton, Ontario",2001-07-01,77.3
"Hamilton, Ontario",2001-08-01,77.3
"Hamilton, Ontario",2001-09-01,77.3
"Hamilton, Ontario",2001-10-01,77.3
"Hamilton, Ontario",2001-11-01,77.3
"Hamilton, Ontario",2001-12-01,77.3
"Hamilton, Ontario",2002-01-01,77.3
"Hamilton, Ontario",2002-02-01,77.3
"Hamilton, Ontario",2002-03-01,77.3
"Hamilton, Ontario",2002-04-01,77.3
"Hamilton, Ontario",2002-05-01,77.3
"Hamilton, Ontario",2002-06-01,77.3
"Hamilton, Ontario",2002-07-01,77.3
"Hamilton, Ontario",2002-08-01,78.3
"Hamilton, Ontario",2002-09-01,78.3
"Hamilton, Ontario",2002-10-01,78.3
"Hamilton, Ontario",2002-11-01,78.3
"Hamilton, Ontario",2002-12-01,78.7
"Hamilton, Ontario",2003-01-01,78.7
"Hamilton, Ontario",2003-02-01,78.7
"Hamilton, Ontario",2003-03-01,78.6
"Hamilton, Ontario",2003-04-01,78.6
"Hamilton, Ontario",2003-05-01,79.2
"Hamilton, Ontario",2003-06-01,79.1
"Hamilton, Ontario",2003-07-01,79.1
"Hamilton, Ontario",2003-08-01,80.3
"Hamilton, Ontario",2003-09-01,80.3
"Hamilton, Ontario",2003-10-01,80.3
"Hamilton, Ontario",2003-11-01,80.3
"Hamilton, Ontario",2003-12-01,80.3
"Hamilton, Ontario",2004-01-01,80.5
"Hamilton, Ontario",2004-02-01,80.6
"Hamilton, Ontario",2004-03-01,80.6
"Hamilton, Ontario",2004-04-01,80.6
"Hamilton, Ontario",2004-05-01,81.5
"Hamilton, Ontario",2004-06-01,81.8
"Hamilton, Ontario",2004-07-01,81.8
"Hamilton, Ontario",2004-08-01,82.3
"Hamilton, Ontario",2004-09-01,82.3
"Hamilton, Ontario",2004-10-01,82.9
"Hamilton, Ontario",2004-11-01,82.9
"Hamilton, Ontario",2004-12-01,83.1
"Hamilton, Ontario",2005-01-01,83.1
"Hamilton, Ontario",2005-02-01,83.1
"Hamilton, Ontario",2005-03-01,83.8
"Hamilton, Ontario",2005-04-01,83.8
"Hamilton, Ontario",2005-05-01,83.8
"Hamilton, Ontario",2005-06-01,83.8
"Hamilton, Ontario",2005-07-01,83.8
"Hamilton, Ontario",2005-08-01,85.4
"Hamilton, Ontario",2005-09-01,85.4
"Hamilton, Ontario",2005-10-01,85.7
"Hamilton, Ontario",2005-11-01,85.9
"Hamilton, Ontario",2005-12-01,86.2
"Hamilton, Ontario",2006-01-01,86.5
"Hamilton, Ontario",2006-02-01,87.5
"Hamilton, Ontario",2006-03-01,87.5
"Hamilton, Ontario",2006-04-01,88.1
"Hamilton, Ontario",2006-05-01,88.7
"Hamilton, Ontario",2006-06-01,88.8
"Hamilton, Ontario",2006-07-01,89.0
"Hamilton, Ontario",2006-08-01,89.5
"Hamilton, Ontario",2006-09-01,89.5
"Hamilton, Ontario",2006-10-01,89.7
"Hamilton, Ontario",2006-11-01,89.7
"Hamilton, Ontario",2006-12-01,90.0
"Hamilton, Ontario",2007-01-01,90.0
"Hamilton, Ontario",2007-02-01,90.7
"Hamilton, Ontario",2007-03-01,91.0
"Hamilton, Ontario",2007-04-01,91.5
"Hamilton, Ontario",2007-05-01,93.9
"Hamilton, Ontario",2007-06-01,93.9
"Hamilton, Ontario",2007-07-01,93.9
"Hamilton, Ontario",2007-08-01,93.9
"Hamilton, Ontario",2007-09-01,93.9
"Hamilton, Ontario",2007-10-01,93.9
"Hamilton, Ontario",2007-11-01,93.9
"Hamilton, Ontario",2007-12-01,93.9
"Hamilton, Ontario",2008-01-01,95.0
"Hamilton, Ontario",2008-02-01,95.0
"Hamilton, Ontario",2008-03-01,95.1
"Hamilton, Ontario",2008-04-01,95.1
"Hamilton, Ontario",2008-05-01,95.1
"Hamilton, Ontario",2008-06-01,95.1
"Hamilton, Ontario",2008-07-01,95.1
"Hamilton, Ontario",2008-08-01,95.1
"Hamilton, Ontario",2008-09-01,95.1
"Hamilton, Ontario",2008-10-01,95.1
"Hamilton, Ontario",2008-11-01,95.1
"Hamilton, Ontario",2008-12-01,95.1
"Hamilton, Ontario",2009-01-01,95.1
"Hamilton, Ontario",2009-02-01,95.1
"Hamilton, Ontario",2009-03-01,95.1
"Hamilton, Ontario",2009-04-01,95.1
"Hamilton, Ontario",2009-05-01,95.1
"Hamilton, Ontario",2009-06-01,95.1
"Hamilton, Ontario",2009-07-01,95.4
"Hamilton, Ontario",2009-08-01,95.4
"Hamilton, Ontario",2009-09-01,95.6
"Hamilton, Ontario",2009-10-01,95.6
"Hamilton, Ontario",2009-11-01,95.6
"Hamilton, Ontario",2009-12-01,95.6
"Hamilton, Ontario",2010-01-01,95.6
"Hamilton, Ontario",2010-02-01,95.3
"Hamilton, Ontario",2010-03-01,94.7
"Hamilton, Ontario",2010-04-01,94.4
"Hamilton, Ontario",2010-05-01,94.4
"Hamilton, Ontario",2010-06-01,94.4
"Hamilton, Ontario",2010-07-01,94.2
"Hamilton, Ontario",2010-08-01,95.4
"Hamilton, Ontario",2010-09-01,95.4
"Hamilton, Ontario",2010-10-01,95.4
"Hamilton, Ontario",2010-11-01,95.7
"Hamilton, Ontario",2010-12-01,95.7
"Hamilton, Ontario",2011-01-01,95.7
"Hamilton, Ontario",2011-02-01,95.7
"Hamilton, Ontario",2011-03-01,95.7
"Hamilton, Ontario",2011-04-01,95.7
"Hamilton, Ontario",2011-05-01,95.7
"Hamilton, Ontario",2011-06-01,95.7
"Hamilton, Ontario",2011-07-01,95.7
"Hamilton, Ontario",2011-08-01,95.7
"Hamilton, Ontario",2011-09-01,95.7
"Hamilton, Ontario",2011-10-01,95.7
"Hamilton, Ontario",2011-11-01,95.7
"Hamilton, Ontario",2011-12-01,95.7
"Hamilton, Ontario",2012-01-01,95.7
"Hamilton, Ontario",2012-02-01,95.7
"Hamilton, Ontario",2012-03-01,95.7
"Hamilton, Ontario",2012-04-01,95.7
"Hamilton, Ontario",2012-05-01,95.7
"Hamilton, Ontario",2012-06-01,95.7
"Hamilton, Ontario",2012-07-01,95.7
"Hamilton, Ontario",2012-08-01,95.7
"Hamilton, Ontario",2012-09-01,95.7
"Hamilton, Ontario",2012-10-01,95.7
"Hamilton, Ontario",2012-11-01,95.7
"Hamilton, Ontario",2012-12-01,95.7
"Hamilton, Ontario",2013-01-01,95.7
"Hamilton, Ontario",2013-02-01,95.7
"Hamilton, Ontario",2013-03-01,95.7
"Hamilton, Ontario",2013-04-01,95.7
"Hamilton, Ontario",2013-05-01,96.3
"Hamilton, Ontario",2013-06-01,96.3
"Hamilton, Ontario",2013-07-01,96.3
"Hamilton, Ontario",2013-08-01,96.3
"Hamilton, Ontario",2013-09-01,96.3
"Hamilton, Ontario",2013-10-01,96.3
"Hamilton, Ontario",2013-11-01,96.5
"Hamilton, Ontario",2013-12-01,96.5
"Hamilton, Ontario",2014-01-01,96.5
"Hamilton, Ontario",2014-02-01,96.5
"Hamilton, Ontario",2014-03-01,96.5
"Hamilton, Ontario",2014-04-01,96.5
"Hamilton, Ontario",2014-05-01,96.5
"Hamilton, Ontario",2014-06-01,96.5
"Hamilton, Ontario",2014-07-01,96.5
"Hamilton, Ontario",2014-08-01,96.5
"Hamilton, Ontario",2014-09-01,96.5
"Hamilton, Ontario",2014-10-01,96.5
"Hamilton, Ontario",2014-11-01,97.3
"Hamilton, Ontario",2014-12-01,98.3
"Hamilton, Ontario",2015-01-01,98.7
"Hamilton, Ontario",2015-02-01,98.7
"Hamilton, Ontario",2015-03-01,98.7
"Hamilton, Ontario",2015-04-01,98.7
"Hamilton, Ontario",2015-05-01,99.6
"Hamilton, Ontario",2015-06-01,99.6
"Hamilton, Ontario",2015-07-01,99.6
"Hamilton, Ontario",2015-08-01,100.0
"Hamilton, Ontario",2015-09-01,100.0
"Hamilton, Ontario",2015-10-01,100.0
"Hamilton, Ontario",2015-11-01,100.0
"Hamilton, Ontario",2015-12-01,100.0
"Hamilton, Ontario",2016-01-01,100.0
"Hamilton, Ontario",2016-02-01,100.0
"Hamilton, Ontario",2016-03-01,100.0
"Hamilton, Ontario",2016-04-01,100.0
"Hamilton, Ontario",2016-05-01,100.0
"Hamilton, Ontario",2016-06-01,100.0
"Hamilton, Ontario",2016-07-01,100.0
"Hamilton, Ontario",2016-08-01,100.0
"Hamilton, Ontario",2016-09-01,100.0
"Hamilton, Ontario",2016-10-01,100.0
"Hamilton, Ontario",2016-11-01,100.0
"Hamilton, Ontario",2016-12-01,100.0
"Hamilton, Ontario",2017-01-01,99.8
"Kelowna, British Columbia",2016-12-01,100.0
"Kelowna, British Columbia",2017-01-01,100.0
"Kelowna, British Columbia",2017-02-01,100.0
"Kelowna, British Columbia",2017-03-01,100.0
"Kelowna, British Columbia",2017-04-01,100.0
"Kelowna, British Columbia",2017-05-01,100.0
"Kelowna, British Columbia",2017-06-01,100.0
"Kelowna, British Columbia",2017-07-01,100.0
"Kelowna, British Columbia",2017-08-01,100.0
"Kelowna, British Columbia",2017-09-01,101.2
"Kelowna, British Columbia",2017-10-01,101.2
"Kelowna, British Columbia",2017-11-01,101.2
"Kelowna, British Columbia",2017-12-01,101.2
"Kelowna, British Columbia",2018-01-01,101.2
"Kelowna, British Columbia",2018-02-01,101.2
"Kelowna, British Columbia",2018-03-01,101.2
"Kelowna, British Columbia",2018-04-01,101.2
"Kelowna, British Columbia",2018-05-01,101.2
"Kelowna, British Columbia",2018-06-01,101.2
"Kelowna, British Columbia",2018-07-01,101.4
"Kelowna, British Columbia",2018-08-01,101.5
"Kelowna, British Columbia",2018-09-01,101.5
"Kelowna, British Columbia",2018-10-01,101.5
"Kelowna, British Columbia",2018-11-01,101.5
"Kitchener-Cambridge-Waterloo, Ontario",1981-01-01,43.4
"Kitchener-Cambridge-Waterloo, Ontario",1981-02-01,43.5
"Kitchener-Cambridge-Waterloo, Ontario",1981-03-01,43.5
"Kitchener-Cambridge-Waterloo, Ontario",1981-04-01,43.5
"Kitchener-Cambridge-Waterloo, Ontario",1981-05-01,43.5
"Kitchener-Cambridge-Waterloo, Ontario",1981-06-01,43.7
"Kitchener-Cambridge-Waterloo, Ontario",1981-07-01,43.7
"Kitchener-Cambridge-Waterloo, Ontario",1981-08-01,43.7
"Kitchener-Cambridge-Waterloo, Ontario",1981-09-01,44.0
"Kitchener-Cambridge-Waterloo, Ontario",1981-10-01,44.0
"Kitchener-Cambridge-Waterloo, Ontario",1981-11-01,44.0
"Kitchener-Cambridge-Waterloo, Ontario",1981-12-01,44.0
"Kitchener-Cambridge-Waterloo, Ontario",1982-01-01,44.0
"Kitchener-Cambridge-Waterloo, Ontario",1982-02-01,44.0
"Kitchener-Cambridge-Waterloo, Ontario",1982-03-01,44.0
"Kitchener-Cambridge-Waterloo, Ontario",1982-04-01,44.0
"Kitchener-Cambridge-Waterloo, Ontario",1982-05-01,44.0
"Kitchener-Cambridge-Waterloo, Ontario",1982-06-01,44.3
"Kitchener-Cambridge-Waterloo, Ontario",1982-07-01,44.3
"Kitchener-Cambridge-Waterloo, Ontario",1982-08-01,44.3
"Kitchener-Cambridge-Waterloo, Ontario",1982-09-01,44.3
"Kitchener-Cambridge-Waterloo, Ontario",1982-10-01,44.5
"Kitchener-Cambridge-Waterloo, Ontario",1982-11-01,45.2
"Kitchener-Cambridge-Waterloo, Ontario",1982-12-01,45.2
"Kitchener-Cambridge-Waterloo, Ontario",1983-01-01,45.2
"Kitchener-Cambridge-Waterloo, Ontario",1983-02-01,45.2
"Kitchener-Cambridge-Waterloo, Ontario",1983-03-01,45.7
"Kitchener-Cambridge-Waterloo, Ontario",1983-04-01,45.7
"Kitchener-Cambridge-Waterloo, Ontario",1983-05-01,45.7
"Kitchener-Cambridge-Waterloo, Ontario",1983-06-01,45.7
"Kitchener-Cambridge-Waterloo, Ontario",1983-07-01,45.7
"Kitchener-Cambridge-Waterloo, Ontario",1983-08-01,45.7
"Kitchener-Cambridge-Waterloo, Ontario",1983-09-01,45.7
"Kitchener-Cambridge-Waterloo, Ontario",1983-10-01,45.7
"Kitchener-Cambridge-Waterloo, Ontario",1983-11-01,46.2
"Kitchener-Cambridge-Waterloo, Ontario",1983-12-01,46.2
"Kitchener-Cambridge-Waterloo, Ontario",1984-01-01,46.2
"Kitchener-Cambridge-Waterloo, Ontario",1984-02-01,46.6
"Kitchener-Cambridge-Waterloo, Ontario",1984-03-01,46.6
"Kitchener-Cambridge-Waterloo, Ontario",1984-04-01,46.6
"Kitchener-Cambridge-Waterloo, Ontario",1984-05-01,47.5
"Kitchener-Cambridge-Waterloo, Ontario",1984-06-01,47.5
"Kitchener-Cambridge-Waterloo, Ontario",1984-07-01,47.5
"Kitchener-Cambridge-Waterloo, Ontario",1984-08-01,47.5
"Kitchener-Cambridge-Waterloo, Ontario",1984-09-01,49.0
"Kitchener-Cambridge-Waterloo, Ontario",1984-10-01,49.0
"Kitchener-Cambridge-Waterloo, Ontario",1984-11-01,49.0
"Kitchener-Cambridge-Waterloo, Ontario",1984-12-01,49.0
"Kitchener-Cambridge-Waterloo, Ontario",1985-01-01,49.0
"Kitchener-Cambridge-Waterloo, Ontario",1985-02-01,49.0
"Kitchener-Cambridge-Waterloo, Ontario",1985-03-01,49.0
"Kitchener-Cambridge-Waterloo, Ontario",1985-04-01,48.8
"Kitchener-Cambridge-Waterloo, Ontario",1985-05-01,48.8
"Kitchener-Cambridge-Waterloo, Ontario",1985-06-01,50.8
"Kitchener-Cambridge-Waterloo, Ontario",1985-07-01,52.7
"Kitchener-Cambridge-Waterloo, Ontario",1985-08-01,52.7
"Kitchener-Cambridge-Waterloo, Ontario",1985-09-01,52.7
"Kitchener-Cambridge-Waterloo, Ontario",1985-10-01,52.7
"Kitchener-Cambridge-Waterloo, Ontario",1985-11-01,54.8
"Kitchener-Cambridge-Waterloo, Ontario",1985-12-01,54.8
"Kitchener-Cambridge-Waterloo, Ontario",1986-01-01,54.7
"Kitchener-Cambridge-Waterloo, Ontario",1986-02-01,54.7
"Kitchener-Cambridge-Waterloo, Ontario",1986-03-01,54.7
"Kitchener-Cambridge-Waterloo, Ontario",1986-04-01,54.7
"Kitchener-Cambridge-Waterloo, Ontario",1986-05-01,54.7
"Kitchener-Cambridge-Waterloo, Ontario",1986-06-01,55.7
"Kitchener-Cambridge-Waterloo, Ontario",1986-07-01,56.5
"Kitchener-Cambridge-Waterloo, Ontario",1986-08-01,57.5
"Kitchener-Cambridge-Waterloo, Ontario",1986-09-01,57.6
"Kitchener-Cambridge-Waterloo, Ontario",1986-10-01,57.6
"Kitchener-Cambridge-Waterloo, Ontario",1986-11-01,59.1
"Kitchener-Cambridge-Waterloo, Ontario",1986-12-01,61.0
"Kitchener-Cambridge-Waterloo, Ontario",1987-01-01,61.0
"Kitchener-Cambridge-Waterloo, Ontario",1987-02-01,61.0
"Kitchener-Cambridge-Waterloo, Ontario",1987-03-01,62.4
"Kitchener-Cambridge-Waterloo, Ontario",1987-04-01,64.4
"Kitchener-Cambridge-Waterloo, Ontario",1987-05-01,64.4
"Kitchener-Cambridge-Waterloo, Ontario",1987-06-01,66.8
"Kitchener-Cambridge-Waterloo, Ontario",1987-07-01,66.8
"Kitchener-Cambridge-Waterloo, Ontario",1987-08-01,68.8
"Kitchener-Cambridge-Waterloo, Ontario",1987-09-01,69.0
"Kitchener-Cambridge-Waterloo, Ontario",1987-10-01,69.2
"Kitchener-Cambridge-Waterloo, Ontario",1987-11-01,69.2
"Kitchener-Cambridge-Waterloo, Ontario",1987-12-01,70.6
"Kitchener-Cambridge-Waterloo, Ontario",1988-01-01,70.6
"Kitchener-Cambridge-Waterloo, Ontario",1988-02-01,70.6
"Kitchener-Cambridge-Waterloo, Ontario",1988-03-01,73.1
"Kitchener-Cambridge-Waterloo, Ontario",1988-04-01,73.2
"Kitchener-Cambridge-Waterloo, Ontario",1988-05-01,73.7
"Kitchener-Cambridge-Waterloo, Ontario",1988-06-01,78.1
"Kitchener-Cambridge-Waterloo, Ontario",1988-07-01,78.1
"Kitchener-Cambridge-Waterloo, Ontario",1988-08-01,78.1
"Kitchener-Cambridge-Waterloo, Ontario",1988-09-01,80.5
"Kitchener-Cambridge-Waterloo, Ontario",1988-10-01,81.2
"Kitchener-Cambridge-Waterloo, Ontario",1988-11-01,81.9
"Kitchener-Cambridge-Waterloo, Ontario",1988-12-01,83.2
"Kitchener-Cambridge-Waterloo, Ontario",1989-01-01,83.9
"Kitchener-Cambridge-Waterloo, Ontario",1989-02-01,87.0
"Kitchener-Cambridge-Waterloo, Ontario",1989-03-01,87.9
"Kitchener-Cambridge-Waterloo, Ontario",1989-04-01,88.5
"Kitchener-Cambridge-Waterloo, Ontario",1989-05-01,88.5
"Kitchener-Cambridge-Waterloo, Ontario",1989-06-01,89.5
"Kitchener-Cambridge-Waterloo, Ontario",1989-07-01,89.5
"Kitchener-Cambridge-Waterloo, Ontario",1989-08-01,89.5
"Kitchener-Cambridge-Waterloo, Ontario",1989-09-01,90.6
"Kitchener-Cambridge-Waterloo, Ontario",1989-10-01,90.6
"Kitchener-Cambridge-Waterloo, Ontario",1989-11-01,92.2
"Kitchener-Cambridge-Waterloo, Ontario",1989-12-01,92.2
"Kitchener-Cambridge-Waterloo, Ontario",1990-01-01,92.2
"Kitchener-Cambridge-Waterloo, Ontario",1990-02-01,93.0
"Kitchener-Cambridge-Waterloo, Ontario",1990-03-01,93.0
"Kitchener-Cambridge-Waterloo, Ontario",1990-04-01,93.0
"Kitchener-Cambridge-Waterloo, Ontario",1990-05-01,95.5
"Kitchener-Cambridge-Waterloo, Ontario",1990-06-01,95.5
"Kitchener-Cambridge-Waterloo, Ontario",1990-07-01,95.5
"Kitchener-Cambridge-Waterloo, Ontario",1990-08-01,95.5
"Kitchener-Cambridge-Waterloo, Ontario",1990-09-01,95.5
"Kitchener-Cambridge-Waterloo, Ontario",1990-10-01,95.5
"Kitchener-Cambridge-Waterloo, Ontario",1990-11-01,95.5
"Kitchener-Cambridge-Waterloo, Ontario",1990-12-01,95.5
"Kitchener-Cambridge-Waterloo, Ontario",1991-01-01,89.4
"Kitchener-Cambridge-Waterloo, Ontario",1991-02-01,87.7
"Kitchener-Cambridge-Waterloo, Ontario",1991-03-01,87.0
"Kitchener-Cambridge-Waterloo, Ontario",1991-04-01,86.5
"Kitchener-Cambridge-Waterloo, Ontario",1991-05-01,86.6
"Kitchener-Cambridge-Waterloo, Ontario",1991-06-01,86.0
"Kitchener-Cambridge-Waterloo, Ontario",1991-07-01,85.3
"Kitchener-Cambridge-Waterloo, Ontario",1991-08-01,85.3
"Kitchener-Cambridge-Waterloo, Ontario",1991-09-01,85.2
"Kitchener-Cambridge-Waterloo, Ontario",1991-10-01,85.2
"Kitchener-Cambridge-Waterloo, Ontario",1991-11-01,84.8
"Kitchener-Cambridge-Waterloo, Ontario",1991-12-01,84.6
"Kitchener-Cambridge-Waterloo, Ontario",1992-01-01,84.6
"Kitchener-Cambridge-Waterloo, Ontario",1992-02-01,84.9
"Kitchener-Cambridge-Waterloo, Ontario",1992-03-01,85.4
"Kitchener-Cambridge-Waterloo, Ontario",1992-04-01,84.9
"Kitchener-Cambridge-Waterloo, Ontario",1992-05-01,84.9
"Kitchener-Cambridge-Waterloo, Ontario",1992-06-01,85.1
"Kitchener-Cambridge-Waterloo, Ontario",1992-07-01,85.1
"Kitchener-Cambridge-Waterloo, Ontario",1992-08-01,85.1
"Kitchener-Cambridge-Waterloo, Ontario",1992-09-01,85.1
"Kitchener-Cambridge-Waterloo, Ontario",1992-10-01,85.1
"Kitchener-Cambridge-Waterloo, Ontario",1992-11-01,85.1
"Kitchener-Cambridge-Waterloo, Ontario",1992-12-01,85.1
"Kitchener-Cambridge-Waterloo, Ontario",1993-01-01,85.1
"Kitchener-Cambridge-Waterloo, Ontario",1993-02-01,86.0
"Kitchener-Cambridge-Waterloo, Ontario",1993-03-01,86.0
"Kitchener-Cambridge-Waterloo, Ontario",1993-04-01,86.0
"Kitchener-Cambridge-Waterloo, Ontario",1993-05-01,86.0
"Kitchener-Cambridge-Waterloo, Ontario",1993-06-01,86.0
"Kitchener-Cambridge-Waterloo, Ontario",1993-07-01,86.0
"Kitchener-Cambridge-Waterloo, Ontario",1993-08-01,86.0
"Kitchener-Cambridge-Waterloo, Ontario",1993-09-01,86.0
"Kitchener-Cambridge-Waterloo, Ontario",1993-10-01,86.0
"Kitchener-Cambridge-Waterloo, Ontario",1993-11-01,86.0
"Kitchener-Cambridge-Waterloo, Ontario",1993-12-01,86.0
"Kitchener-Cambridge-Waterloo, Ontario",1994-01-01,86.0
"Kitchener-Cambridge-Waterloo, Ontario",1994-02-01,82.4
"Kitchener-Cambridge-Waterloo, Ontario",1994-03-01,82.4
"Kitchener-Cambridge-Waterloo, Ontario",1994-04-01,82.4
"Kitchener-Cambridge-Waterloo, Ontario",1994-05-01,83.4
"Kitchener-Cambridge-Waterloo, Ontario",1994-06-01,83.4
"Kitchener-Cambridge-Waterloo, Ontario",1994-07-01,83.4
"Kitchener-Cambridge-Waterloo, Ontario",1994-08-01,83.4
"Kitchener-Cambridge-Waterloo, Ontario",1994-09-01,83.4
"Kitchener-Cambridge-Waterloo, Ontario",1994-10-01,83.4
"Kitchener-Cambridge-Waterloo, Ontario",1994-11-01,83.4
"Kitchener-Cambridge-Waterloo, Ontario",1994-12-01,83.4
"Kitchener-Cambridge-Waterloo, Ontario",1995-01-01,83.4
"Kitchener-Cambridge-Waterloo, Ontario",1995-02-01,83.4
"Kitchener-Cambridge-Waterloo, Ontario",1995-03-01,83.4
"Kitchener-Cambridge-Waterloo, Ontario",1995-04-01,83.4
"Kitchener-Cambridge-Waterloo, Ontario",1995-05-01,83.4
"Kitchener-Cambridge-Waterloo, Ontario",1995-06-01,83.4
"Kitchener-Cambridge-Waterloo, Ontario",1995-07-01,83.4
"Kitchener-Cambridge-Waterloo, Ontario",1995-08-01,83.4
"Kitchener-Cambridge-Waterloo, Ontario",1995-09-01,83.4
"Kitchener-Cambridge-Waterloo, Ontario",1995-10-01,83.4
"Kitchener-Cambridge-Waterloo, Ontario",1995-11-01,83.3
"Kitchener-Cambridge-Waterloo, Ontario",1995-12-01,83.3
"Kitchener-Cambridge-Waterloo, Ontario",1996-01-01,83.3
"Kitchener-Cambridge-Waterloo, Ontario",1996-02-01,83.3
"Kitchener-Cambridge-Waterloo, Ontario",1996-03-01,83.3
"Kitchener-Cambridge-Waterloo, Ontario",1996-04-01,83.3
"Kitchener-Cambridge-Waterloo, Ontario",1996-05-01,83.3
"Kitchener-Cambridge-Waterloo, Ontario",1996-06-01,83.3
"Kitchener-Cambridge-Waterloo, Ontario",1996-07-01,83.3
"Kitchener-Cambridge-Waterloo, Ontario",1996-08-01,83.3
"Kitchener-Cambridge-Waterloo, Ontario",1996-09-01,83.4
"Kitchener-Cambridge-Waterloo, Ontario",1996-10-01,82.9
"Kitchener-Cambridge-Waterloo, Ontario",1996-11-01,82.9
"Kitchener-Cambridge-Waterloo, Ontario",1996-12-01,82.9
"Kitchener-Cambridge-Waterloo, Ontario",1997-01-01,82.9
"Kitchener-Cambridge-Waterloo, Ontario",1997-02-01,82.9
"Kitchener-Cambridge-Waterloo, Ontario",1997-03-01,82.9
"Kitchener-Cambridge-Waterloo, Ontario",1997-04-01,82.8
"Kitchener-Cambridge-Waterloo, Ontario",1997-05-01,82.9
"Kitchener-Cambridge-Waterloo, Ontario",1997-06-01,82.9
"Kitchener-Cambridge-Waterloo, Ontario",1997-07-01,82.9
"Kitchener-Cambridge-Waterloo, Ontario",1997-08-01,82.9
"Kitchener-Cambridge-Waterloo, Ontario",1997-09-01,82.9
"Kitchener-Cambridge-Waterloo, Ontario",1997-10-01,82.9
"Kitchener-Cambridge-Waterloo, Ontario",1997-11-01,82.9
"Kitchener-Cambridge-Waterloo, Ontario",1997-12-01,82.9
"Kitchener-Cambridge-Waterloo, Ontario",1998-01-01,82.9
"Kitchener-Cambridge-Waterloo, Ontario",1998-02-01,82.8
"Kitchener-Cambridge-Waterloo, Ontario",1998-03-01,82.9
"Kitchener-Cambridge-Waterloo, Ontario",1998-04-01,82.9
"Kitchener-Cambridge-Waterloo, Ontario",1998-05-01,82.9
"Kitchener-Cambridge-Waterloo, Ontario",1998-06-01,82.9
"Kitchener-Cambridge-Waterloo, Ontario",1998-07-01,82.9
"Kitchener-Cambridge-Waterloo, Ontario",1998-08-01,82.9
"Kitchener-Cambridge-Waterloo, Ontario",1998-09-01,82.9
"Kitchener-Cambridge-Waterloo, Ontario",1998-10-01,82.9
"Kitchener-Cambridge-Waterloo, Ontario",1998-11-01,82.9
"Kitchener-Cambridge-Waterloo, Ontario",1998-12-01,82.9
"Kitchener-Cambridge-Waterloo, Ontario",1999-01-01,82.9
"Kitchener-Cambridge-Waterloo, Ontario",1999-02-01,82.9
"Kitchener-Cambridge-Waterloo, Ontario",1999-03-01,82.9
"Kitchener-Cambridge-Waterloo, Ontario",1999-04-01,82.9
"Kitchener-Cambridge-Waterloo, Ontario",1999-05-01,82.9
"Kitchener-Cambridge-Waterloo, Ontario",1999-06-01,82.9
"Kitchener-Cambridge-Waterloo, Ontario",1999-07-01,82.9
"Kitchener-Cambridge-Waterloo, Ontario",1999-08-01,82.9
"Kitchener-Cambridge-Waterloo, Ontario",1999-09-01,82.9
"Kitchener-Cambridge-Waterloo, Ontario",1999-10-01,82.9
"Kitchener-Cambridge-Waterloo, Ontario",1999-11-01,82.9
"Kitchener-Cambridge-Waterloo, Ontario",1999-12-01,82.9
"Kitchener-Cambridge-Waterloo, Ontario",2000-01-01,82.9
"Kitchener-Cambridge-Waterloo, Ontario",2000-02-01,82.9
"Kitchener-Cambridge-Waterloo, Ontario",2000-03-01,82.9
"Kitchener-Cambridge-Waterloo, Ontario",2000-04-01,82.9
"Kitchener-Cambridge-Waterloo, Ontario",2000-05-01,82.9
"Kitchener-Cambridge-Waterloo, Ontario",2000-06-01,82.9
"Kitchener-Cambridge-Waterloo, Ontario",2000-07-01,82.9
"Kitchener-Cambridge-Waterloo, Ontario",2000-08-01,82.9
"Kitchener-Cambridge-Waterloo, Ontario",2000-09-01,82.9
"Kitchener-Cambridge-Waterloo, Ontario",2000-10-01,82.9
"Kitchener-Cambridge-Waterloo, Ontario",2000-11-01,82.9
"Kitchener-Cambridge-Waterloo, Ontario",2000-12-01,82.9
"Kitchener-Cambridge-Waterloo, Ontario",2001-01-01,82.9
"Kitchener-Cambridge-Waterloo, Ontario",2001-02-01,85.0
"Kitchener-Cambridge-Waterloo, Ontario",2001-03-01,85.0
"Kitchener-Cambridge-Waterloo, Ontario",2001-04-01,85.0
"Kitchener-Cambridge-Waterloo, Ontario",2001-05-01,85.0
"Kitchener-Cambridge-Waterloo, Ontario",2001-06-01,85.0
"Kitchener-Cambridge-Waterloo, Ontario",2001-07-01,85.0
"Kitchener-Cambridge-Waterloo, Ontario",2001-08-01,85.0
"Kitchener-Cambridge-Waterloo, Ontario",2001-09-01,84.9
"Kitchener-Cambridge-Waterloo, Ontario",2001-10-01,85.0
"Kitchener-Cambridge-Waterloo, Ontario",2001-11-01,85.6
"Kitchener-Cambridge-Waterloo, Ontario",2001-12-01,85.5
"Kitchener-Cambridge-Waterloo, Ontario",2002-01-01,85.6
"Kitchener-Cambridge-Waterloo, Ontario",2002-02-01,85.6
"Kitchener-Cambridge-Waterloo, Ontario",2002-03-01,85.6
"Kitchener-Cambridge-Waterloo, Ontario",2002-04-01,85.5
"Kitchener-Cambridge-Waterloo, Ontario",2002-05-01,85.6
"Kitchener-Cambridge-Waterloo, Ontario",2002-06-01,85.6
"Kitchener-Cambridge-Waterloo, Ontario",2002-07-01,85.5
"Kitchener-Cambridge-Waterloo, Ontario",2002-08-01,85.6
"Kitchener-Cambridge-Waterloo, Ontario",2002-09-01,85.6
"Kitchener-Cambridge-Waterloo, Ontario",2002-10-01,85.5
"Kitchener-Cambridge-Waterloo, Ontario",2002-11-01,85.6
"Kitchener-Cambridge-Waterloo, Ontario",2002-12-01,85.6
"Kitchener-Cambridge-Waterloo, Ontario",2003-01-01,85.6
"Kitchener-Cambridge-Waterloo, Ontario",2003-02-01,85.6
"Kitchener-Cambridge-Waterloo, Ontario",2003-03-01,85.6
"Kitchener-Cambridge-Waterloo, Ontario",2003-04-01,85.6
"Kitchener-Cambridge-Waterloo, Ontario",2003-05-01,85.6
"Kitchener-Cambridge-Waterloo, Ontario",2003-06-01,85.6
"Kitchener-Cambridge-Waterloo, Ontario",2003-07-01,85.6
"Kitchener-Cambridge-Waterloo, Ontario",2003-08-01,85.6
"Kitchener-Cambridge-Waterloo, Ontario",2003-09-01,85.6
"Kitchener-Cambridge-Waterloo, Ontario",2003-10-01,85.7
"Kitchener-Cambridge-Waterloo, Ontario",2003-11-01,85.7
"Kitchener-Cambridge-Waterloo, Ontario",2003-12-01,85.7
"Kitchener-Cambridge-Waterloo, Ontario",2004-01-01,85.7
"Kitchener-Cambridge-Waterloo, Ontario",2004-02-01,85.7
"Kitchener-Cambridge-Waterloo, Ontario",2004-03-01,85.7
"Kitchener-Cambridge-Waterloo, Ontario",2004-04-01,85.7
"Kitchener-Cambridge-Waterloo, Ontario",2004-05-01,85.7
"Kitchener-Cambridge-Waterloo, Ontario",2004-06-01,86.4
"Kitchener-Cambridge-Waterloo, Ontario",2004-07-01,86.4
"Kitchener-Cambridge-Waterloo, Ontario",2004-08-01,87.4
"Kitchener-Cambridge-Waterloo, Ontario",2004-09-01,87.4
"Kitchener-Cambridge-Waterloo, Ontario",2004-10-01,89.4
"Kitchener-Cambridge-Waterloo, Ontario",2004-11-01,90.5
"Kitchener-Cambridge-Waterloo, Ontario",2004-12-01,90.5
"Kitchener-Cambridge-Waterloo, Ontario",2005-01-01,90.5
"Kitchener-Cambridge-Waterloo, Ontario",2005-02-01,90.5
"Kitchener-Cambridge-Waterloo, Ontario",2005-03-01,90.5
"Kitchener-Cambridge-Waterloo, Ontario",2005-04-01,90.6
"Kitchener-Cambridge-Waterloo, Ontario",2005-05-01,90.6
"Kitchener-Cambridge-Waterloo, Ontario",2005-06-01,92.9
"Kitchener-Cambridge-Waterloo, Ontario",2005-07-01,92.9
"Kitchener-Cambridge-Waterloo, Ontario",2005-08-01,92.9
"Kitchener-Cambridge-Waterloo, Ontario",2005-09-01,92.9
"Kitchener-Cambridge-Waterloo, Ontario",2005-10-01,92.9
"Kitchener-Cambridge-Waterloo, Ontario",2005-11-01,92.9
"Kitchener-Cambridge-Waterloo, Ontario",2005-12-01,92.9
"Kitchener-Cambridge-Waterloo, Ontario",2006-01-01,92.9
"Kitchener-Cambridge-Waterloo, Ontario",2006-02-01,92.9
"Kitchener-Cambridge-Waterloo, Ontario",2006-03-01,92.9
"Kitchener-Cambridge-Waterloo, Ontario",2006-04-01,92.9
"Kitchener-Cambridge-Waterloo, Ontario",2006-05-01,95.1
"Kitchener-Cambridge-Waterloo, Ontario",2006-06-01,95.1
"Kitchener-Cambridge-Waterloo, Ontario",2006-07-01,95.6
"Kitchener-Cambridge-Waterloo, Ontario",2006-08-01,95.6
"Kitchener-Cambridge-Waterloo, Ontario",2006-09-01,95.6
"Kitchener-Cambridge-Waterloo, Ontario",2006-10-01,95.6
"Kitchener-Cambridge-Waterloo, Ontario",2006-11-01,95.6
"Kitchener-Cambridge-Waterloo, Ontario",2006-12-01,95.6
"Kitchener-Cambridge-Waterloo, Ontario",2007-01-01,95.6
"Kitchener-Cambridge-Waterloo, Ontario",2007-02-01,97.3
"Kitchener-Cambridge-Waterloo, Ontario",2007-03-01,97.3
"Kitchener-Cambridge-Waterloo, Ontario",2007-04-01,97.3
"Kitchener-Cambridge-Waterloo, Ontario",2007-05-01,97.3
"Kitchener-Cambridge-Waterloo, Ontario",2007-06-01,97.3
"Kitchener-Cambridge-Waterloo, Ontario",2007-07-01,97.3
"Kitchener-Cambridge-Waterloo, Ontario",2007-08-01,97.3
"Kitchener-Cambridge-Waterloo, Ontario",2007-09-01,97.3
"Kitchener-Cambridge-Waterloo, Ontario",2007-10-01,97.3
"Kitchener-Cambridge-Waterloo, Ontario",2007-11-01,97.3
"Kitchener-Cambridge-Waterloo, Ontario",2007-12-01,97.3
"Kitchener-Cambridge-Waterloo, Ontario",2008-01-01,97.9
"Kitchener-Cambridge-Waterloo, Ontario",2008-02-01,99.0
"Kitchener-Cambridge-Waterloo, Ontario",2008-03-01,99.0
"Kitchener-Cambridge-Waterloo, Ontario",2008-04-01,99.0
"Kitchener-Cambridge-Waterloo, Ontario",2008-05-01,99.0
"Kitchener-Cambridge-Waterloo, Ontario",2008-06-01,99.0
"Kitchener-Cambridge-Waterloo, Ontario",2008-07-01,99.0
"Kitchener-Cambridge-Waterloo, Ontario",2008-08-01,99.0
"Kitchener-Cambridge-Waterloo, Ontario",2008-09-01,99.0
"Kitchener-Cambridge-Waterloo, Ontario",2008-10-01,99.0
"Kitchener-Cambridge-Waterloo, Ontario",2008-11-01,99.0
"Kitchener-Cambridge-Waterloo, Ontario",2008-12-01,99.0
"Kitchener-Cambridge-Waterloo, Ontario",2009-01-01,99.0
"Kitchener-Cambridge-Waterloo, Ontario",2009-02-01,99.0
"Kitchener-Cambridge-Waterloo, Ontario",2009-03-01,99.0
"Kitchener-Cambridge-Waterloo, Ontario",2009-04-01,99.0
"Kitchener-Cambridge-Waterloo, Ontario",2009-05-01,99.0
"Kitchener-Cambridge-Waterloo, Ontario",2009-06-01,99.0
"Kitchener-Cambridge-Waterloo, Ontario",2009-07-01,99.0
"Kitchener-Cambridge-Waterloo, Ontario",2009-08-01,99.0
"Kitchener-Cambridge-Waterloo, Ontario",2009-09-01,99.0
"Kitchener-Cambridge-Waterloo, Ontario",2009-10-01,99.0
"Kitchener-Cambridge-Waterloo, Ontario",2009-11-01,99.0
"Kitchener-Cambridge-Waterloo, Ontario",2009-12-01,99.0
"Kitchener-Cambridge-Waterloo, Ontario",2010-01-01,99.0
"Kitchener-Cambridge-Waterloo, Ontario",2010-02-01,99.0
"Kitchener-Cambridge-Waterloo, Ontario",2010-03-01,97.8
"Kitchener-Cambridge-Waterloo, Ontario",2010-04-01,97.8
"Kitchener-Cambridge-Waterloo, Ontario",2010-05-01,97.0
"Kitchener-Cambridge-Waterloo, Ontario",2010-06-01,97.0
"Kitchener-Cambridge-Waterloo, Ontario",2010-07-01,97.0
"Kitchener-Cambridge-Waterloo, Ontario",2010-08-01,97.0
"Kitchener-Cambridge-Waterloo, Ontario",2010-09-01,97.0
"Kitchener-Cambridge-Waterloo, Ontario",2010-10-01,97.0
"Kitchener-Cambridge-Waterloo, Ontario",2010-11-01,97.0
"Kitchener-Cambridge-Waterloo, Ontario",2010-12-01,97.0
"Kitchener-Cambridge-Waterloo, Ontario",2011-01-01,97.0
"Kitchener-Cambridge-Waterloo, Ontario",2011-02-01,99.3
"Kitchener-Cambridge-Waterloo, Ontario",2011-03-01,99.3
"Kitchener-Cambridge-Waterloo, Ontario",2011-04-01,99.3
"Kitchener-Cambridge-Waterloo, Ontario",2011-05-01,99.3
"Kitchener-Cambridge-Waterloo, Ontario",2011-06-01,99.3
"Kitchener-Cambridge-Waterloo, Ontario",2011-07-01,99.3
"Kitchener-Cambridge-Waterloo, Ontario",2011-08-01,99.3
"Kitchener-Cambridge-Waterloo, Ontario",2011-09-01,99.3
"Kitchener-Cambridge-Waterloo, Ontario",2011-10-01,99.3
"Kitchener-Cambridge-Waterloo, Ontario",2011-11-01,99.3
"Kitchener-Cambridge-Waterloo, Ontario",2011-12-01,99.3
"Kitchener-Cambridge-Waterloo, Ontario",2012-01-01,99.3
"Kitchener-Cambridge-Waterloo, Ontario",2012-02-01,99.3
"Kitchener-Cambridge-Waterloo, Ontario",2012-03-01,99.3
"Kitchener-Cambridge-Waterloo, Ontario",2012-04-01,99.3
"Kitchener-Cambridge-Waterloo, Ontario",2012-05-01,99.3
"Kitchener-Cambridge-Waterloo, Ontario",2012-06-01,99.3
"Kitchener-Cambridge-Waterloo, Ontario",2012-07-01,99.3
"Kitchener-Cambridge-Waterloo, Ontario",2012-08-01,99.3
"Kitchener-Cambridge-Waterloo, Ontario",2012-09-01,99.3
"Kitchener-Cambridge-Waterloo, Ontario",2012-10-01,99.3
"Kitchener-Cambridge-Waterloo, Ontario",2012-11-01,99.3
"Kitchener-Cambridge-Waterloo, Ontario",2012-12-01,99.3
"Kitchener-Cambridge-Waterloo, Ontario",2013-01-01,99.3
"Kitchener-Cambridge-Waterloo, Ontario",2013-02-01,99.3
"Kitchener-Cambridge-Waterloo, Ontario",2013-03-01,99.3
"Kitchener-Cambridge-Waterloo, Ontario",2013-04-01,99.3
"Kitchener-Cambridge-Waterloo, Ontario",2013-05-01,99.3
"Kitchener-Cambridge-Waterloo, Ontario",2013-06-01,99.3
"Kitchener-Cambridge-Waterloo, Ontario",2013-07-01,99.3
"Kitchener-Cambridge-Waterloo, Ontario",2013-08-01,99.3
"Kitchener-Cambridge-Waterloo, Ontario",2013-09-01,99.3
"Kitchener-Cambridge-Waterloo, Ontario",2013-10-01,99.3
"Kitchener-Cambridge-Waterloo, Ontario",2013-11-01,99.3
"Kitchener-Cambridge-Waterloo, Ontario",2013-12-01,99.3
"Kitchener-Cambridge-Waterloo, Ontario",2014-01-01,99.3
"Kitchener-Cambridge-Waterloo, Ontario",2014-02-01,99.3
"Kitchener-Cambridge-Waterloo, Ontario",2014-03-01,99.3
"Kitchener-Cambridge-Waterloo, Ontario",2014-04-01,99.3
"Kitchener-Cambridge-Waterloo, Ontario",2014-05-01,99.3
"Kitchener-Cambridge-Waterloo, Ontario",2014-06-01,99.3
"Kitchener-Cambridge-Waterloo, Ontario",2014-07-01,99.3
"Kitchener-Cambridge-Waterloo, Ontario",2014-08-01,99.3
"Kitchener-Cambridge-Waterloo, Ontario",2014-09-01,99.3
"Kitchener-Cambridge-Waterloo, Ontario",2014-10-01,99.3
"Kitchener-Cambridge-Waterloo, Ontario",2014-11-01,99.3
"Kitchener-Cambridge-Waterloo, Ontario",2014-12-01,99.3
"Kitchener-Cambridge-Waterloo, Ontario",2015-01-01,99.3
"Kitchener-Cambridge-Waterloo, Ontario",2015-02-01,99.3
"Kitchener-Cambridge-Waterloo, Ontario",2015-03-01,99.3
"Kitchener-Cambridge-Waterloo, Ontario",2015-04-01,99.3
"Kitchener-Cambridge-Waterloo, Ontario",2015-05-01,99.3
"Kitchener-Cambridge-Waterloo, Ontario",2015-06-01,99.3
"Kitchener-Cambridge-Waterloo, Ontario",2015-07-01,99.3
"Kitchener-Cambridge-Waterloo, Ontario",2015-08-01,99.3
"Kitchener-Cambridge-Waterloo, Ontario",2015-09-01,99.3
"Kitchener-Cambridge-Waterloo, Ontario",2015-10-01,99.3
"Kitchener-Cambridge-Waterloo, Ontario",2015-11-01,99.3
"Kitchener-Cambridge-Waterloo, Ontario",2015-12-01,99.3
"Kitchener-Cambridge-Waterloo, Ontario",2016-01-01,99.3
"Kitchener-Cambridge-Waterloo, Ontario",2016-02-01,99.3
"Kitchener-Cambridge-Waterloo, Ontario",2016-03-01,99.3
"Kitchener-Cambridge-Waterloo, Ontario",2016-04-01,99.3
"Kitchener-Cambridge-Waterloo, Ontario",2016-05-01,99.3
"Kitchener-Cambridge-Waterloo, Ontario",2016-06-01,99.3
"Kitchener-Cambridge-Waterloo, Ontario",2016-07-01,99.3
"Kitchener-Cambridge-Waterloo, Ontario",2016-08-01,99.3
"Kitchener-Cambridge-Waterloo, Ontario",2016-09-01,99.3
"Kitchener-Cambridge-Waterloo, Ontario",2016-10-01,99.3
"Kitchener-Cambridge-Waterloo, Ontario",2016-11-01,99.3
"Kitchener-Cambridge-Waterloo, Ontario",2016-12-01,100.0
"Kitchener-Cambridge-Waterloo, Ontario",2017-01-01,101.9
"London, Ontario",1981-01-01,51.0
"London, Ontario",1981-02-01,51.4
"London, Ontario",1981-03-01,51.4
"London, Ontario",1981-04-01,51.6
"London, Ontario",1981-05-01,51.6
"London, Ontario",1981-06-01,51.6
"London, Ontario",1981-07-01,51.6
"London, Ontario",1981-08-01,51.6
"London, Ontario",1981-09-01,52.0
"London, Ontario",1981-10-01,52.0
"London, Ontario",1981-11-01,52.0
"London, Ontario",1981-12-01,52.0
"London, Ontario",1982-01-01,52.0
"London, Ontario",1982-02-01,52.0
"London, Ontario",1982-03-01,52.0
"London, Ontario",1982-04-01,52.0
"London, Ontario",1982-05-01,52.5
"London, Ontario",1982-06-01,52.5
"London, Ontario",1982-07-01,52.5
"London, Ontario",1982-08-01,52.5
"London, Ontario",1982-09-01,52.5
"London, Ontario",1982-10-01,52.2
"London, Ontario",1982-11-01,52.2
"London, Ontario",1982-12-01,51.5
"London, Ontario",1983-01-01,51.5
"London, Ontario",1983-02-01,51.5
"London, Ontario",1983-03-01,51.5
"London, Ontario",1983-04-01,51.5
"London, Ontario",1983-05-01,51.5
"London, Ontario",1983-06-01,51.5
"London, Ontario",1983-07-01,51.5
"London, Ontario",1983-08-01,51.5
"London, Ontario",1983-09-01,51.5
"London, Ontario",1983-10-01,50.3
"London, Ontario",1983-11-01,50.3
"London, Ontario",1983-12-01,50.3
"London, Ontario",1984-01-01,50.3
"London, Ontario",1984-02-01,50.6
"London, Ontario",1984-03-01,50.6
"London, Ontario",1984-04-01,50.6
"London, Ontario",1984-05-01,50.6
"London, Ontario",1984-06-01,50.6
"London, Ontario",1984-07-01,51.3
"London, Ontario",1984-08-01,51.3
"London, Ontario",1984-09-01,51.3
"London, Ontario",1984-10-01,51.3
"London, Ontario",1984-11-01,51.3
"London, Ontario",1984-12-01,51.3
"London, Ontario",1985-01-01,51.3
"London, Ontario",1985-02-01,51.3
"London, Ontario",1985-03-01,51.6
"London, Ontario",1985-04-01,51.6
"London, Ontario",1985-05-01,52.1
"London, Ontario",1985-06-01,52.1
"London, Ontario",1985-07-01,52.1
"London, Ontario",1985-08-01,53.5
"London, Ontario",1985-09-01,53.5
"London, Ontario",1985-10-01,55.0
"London, Ontario",1985-11-01,55.3
"London, Ontario",1985-12-01,55.3
"London, Ontario",1986-01-01,55.9
"London, Ontario",1986-02-01,55.9
"London, Ontario",1986-03-01,57.6
"London, Ontario",1986-04-01,56.0
"London, Ontario",1986-05-01,56.0
"London, Ontario",1986-06-01,56.0
"London, Ontario",1986-07-01,56.0
"London, Ontario",1986-08-01,56.0
"London, Ontario",1986-09-01,56.6
"London, Ontario",1986-10-01,56.0
"London, Ontario",1986-11-01,57.5
"London, Ontario",1986-12-01,57.9
"London, Ontario",1987-01-01,59.2
"London, Ontario",1987-02-01,59.2
"London, Ontario",1987-03-01,60.3
"London, Ontario",1987-04-01,61.3
"London, Ontario",1987-05-01,64.9
"London, Ontario",1987-06-01,64.9
"London, Ontario",1987-07-01,64.9
"London, Ontario",1987-08-01,66.8
"London, Ontario",1987-09-01,66.8
"London, Ontario",1987-10-01,66.8
"London, Ontario",1987-11-01,66.8
"London, Ontario",1987-12-01,66.8
"London, Ontario",1988-01-01,66.8
"London, Ontario",1988-02-01,67.3
"London, Ontario",1988-03-01,67.3
"London, Ontario",1988-04-01,68.2
"London, Ontario",1988-05-01,68.3
"London, Ontario",1988-06-01,70.6
"London, Ontario",1988-07-01,71.7
"London, Ontario",1988-08-01,72.2
"London, Ontario",1988-09-01,73.1
"London, Ontario",1988-10-01,73.5
"London, Ontario",1988-11-01,79.1
"London, Ontario",1988-12-01,79.1
"London, Ontario",1989-01-01,80.8
"London, Ontario",1989-02-01,82.3
"London, Ontario",1989-03-01,83.0
"London, Ontario",1989-04-01,85.3
"London, Ontario",1989-05-01,85.7
"London, Ontario",1989-06-01,85.7
"London, Ontario",1989-07-01,86.9
"London, Ontario",1989-08-01,87.7
"London, Ontario",1989-09-01,88.3
"London, Ontario",1989-10-01,89.1
"London, Ontario",1989-11-01,89.1
"London, Ontario",1989-12-01,89.1
"London, Ontario",1990-01-01,89.7
"London, Ontario",1990-02-01,90.3
"London, Ontario",1990-03-01,90.3
"London, Ontario",1990-04-01,90.3
"London, Ontario",1990-05-01,90.3
"London, Ontario",1990-06-01,90.3
"London, Ontario",1990-07-01,90.3
"London, Ontario",1990-08-01,90.3
"London, Ontario",1990-09-01,90.3
"London, Ontario",1990-10-01,90.3
"London, Ontario",1990-11-01,90.3
"London, Ontario",1990-12-01,90.3
"London, Ontario",1991-01-01,89.3
"London, Ontario",1991-02-01,88.7
"London, Ontario",1991-03-01,89.3
"London, Ontario",1991-04-01,88.9
"London, Ontario",1991-05-01,94.0
"London, Ontario",1991-06-01,93.8
"London, Ontario",1991-07-01,93.7
"London, Ontario",1991-08-01,94.3
"London, Ontario",1991-09-01,94.3
"London, Ontario",1991-10-01,94.3
"London, Ontario",1991-11-01,93.6
"London, Ontario",1991-12-01,93.6
"London, Ontario",1992-01-01,93.6
"London, Ontario",1992-02-01,93.6
"London, Ontario",1992-03-01,92.9
"London, Ontario",1992-04-01,92.9
"London, Ontario",1992-05-01,93.2
"London, Ontario",1992-06-01,93.2
"London, Ontario",1992-07-01,93.2
"London, Ontario",1992-08-01,93.2
"London, Ontario",1992-09-01,93.2
"London, Ontario",1992-10-01,92.8
"London, Ontario",1992-11-01,92.7
"London, Ontario",1992-12-01,92.7
"London, Ontario",1993-01-01,92.7
"London, Ontario",1993-02-01,92.9
"London, Ontario",1993-03-01,92.9
"London, Ontario",1993-04-01,93.5
"London, Ontario",1993-05-01,93.3
"London, Ontario",1993-06-01,93.3
"London, Ontario",1993-07-01,93.3
"London, Ontario",1993-08-01,93.4
"London, Ontario",1993-09-01,93.4
"London, Ontario",1993-10-01,92.7
"London, Ontario",1993-11-01,92.7
"London, Ontario",1993-12-01,92.7
"London, Ontario",1994-01-01,92.7
"London, Ontario",1994-02-01,92.6
"London, Ontario",1994-03-01,92.6
"London, Ontario",1994-04-01,92.6
"London, Ontario",1994-05-01,92.6
"London, Ontario",1994-06-01,92.6
"London, Ontario",1994-07-01,92.7
"London, Ontario",1994-08-01,92.7
"London, Ontario",1994-09-01,92.7
"London, Ontario",1994-10-01,92.7
"London, Ontario",1994-11-01,92.7
"London, Ontario",1994-12-01,92.7
"London, Ontario",1995-01-01,92.7
"London, Ontario",1995-02-01,92.8
"London, Ontario",1995-03-01,92.8
"London, Ontario",1995-04-01,92.8
"London, Ontario",1995-05-01,92.8
"London, Ontario",1995-06-01,92.8
"London, Ontario",1995-07-01,92.8
"London, Ontario",1995-08-01,92.8
"London, Ontario",1995-09-01,91.5
"London, Ontario",1995-10-01,91.5
"London, Ontario",1995-11-01,91.5
"London, Ontario",1995-12-01,91.5
"London, Ontario",1996-01-01,91.5
"London, Ontario",1996-02-01,90.4
"London, Ontario",1996-03-01,90.4
"London, Ontario",1996-04-01,90.4
"London, Ontario",1996-05-01,90.4
"London, Ontario",1996-06-01,90.4
"London, Ontario",1996-07-01,90.4
"London, Ontario",1996-08-01,90.4
"London, Ontario",1996-09-01,90.4
"London, Ontario",1996-10-01,90.4
"London, Ontario",1996-11-01,90.4
"London, Ontario",1996-12-01,90.4
"London, Ontario",1997-01-01,90.4
"London, Ontario",1997-02-01,90.8
"London, Ontario",1997-03-01,90.8
"London, Ontario",1997-04-01,90.8
"London, Ontario",1997-05-01,90.8
"London, Ontario",1997-06-01,90.8
"London, Ontario",1997-07-01,90.8
"London, Ontario",1997-08-01,90.8
"London, Ontario",1997-09-01,90.8
"London, Ontario",1997-10-01,90.8
"London, Ontario",1997-11-01,90.8
"London, Ontario",1997-12-01,90.8
"London, Ontario",1998-01-01,90.8
"London, Ontario",1998-02-01,90.8
"London, Ontario",1998-03-01,90.8
"London, Ontario",1998-04-01,90.8
"London, Ontario",1998-05-01,90.8
"London, Ontario",1998-06-01,90.9
"London, Ontario",1998-07-01,90.9
"London, Ontario",1998-08-01,90.4
"London, Ontario",1998-09-01,90.4
"London, Ontario",1998-10-01,90.9
"London, Ontario",1998-11-01,90.8
"London, Ontario",1998-12-01,90.8
"London, Ontario",1999-01-01,90.8
"London, Ontario",1999-02-01,90.8
"London, Ontario",1999-03-01,90.9
"London, Ontario",1999-04-01,90.9
"London, Ontario",1999-05-01,90.9
"London, Ontario",1999-06-01,90.9
"London, Ontario",1999-07-01,90.9
"London, Ontario",1999-08-01,90.7
"London, Ontario",1999-09-01,90.7
"London, Ontario",1999-10-01,90.8
"London, Ontario",1999-11-01,90.8
"London, Ontario",1999-12-01,90.8
"London, Ontario",2000-01-01,90.8
"London, Ontario",2000-02-01,92.1
"London, Ontario",2000-03-01,92.1
"London, Ontario",2000-04-01,92.1
"London, Ontario",2000-05-01,92.1
"London, Ontario",2000-06-01,92.1
"London, Ontario",2000-07-01,92.1
"London, Ontario",2000-08-01,92.1
"London, Ontario",2000-09-01,92.8
"London, Ontario",2000-10-01,92.8
"London, Ontario",2000-11-01,92.8
"London, Ontario",2000-12-01,92.8
"London, Ontario",2001-01-01,92.8
"London, Ontario",2001-02-01,92.8
"London, Ontario",2001-03-01,92.8
"London, Ontario",2001-04-01,92.8
"London, Ontario",2001-05-01,92.8
"London, Ontario",2001-06-01,92.8
"London, Ontario",2001-07-01,92.8
"London, Ontario",2001-08-01,92.8
"London, Ontario",2001-09-01,92.8
"London, Ontario",2001-10-01,92.8
"London, Ontario",2001-11-01,92.8
"London, Ontario",2001-12-01,92.8
"London, Ontario",2002-01-01,92.8
"London, Ontario",2002-02-01,92.8
"London, Ontario",2002-03-01,92.8
"London, Ontario",2002-04-01,92.8
"London, Ontario",2002-05-01,92.8
"London, Ontario",2002-06-01,92.8
"London, Ontario",2002-07-01,92.7
"London, Ontario",2002-08-01,92.7
"London, Ontario",2002-09-01,92.8
"London, Ontario",2002-10-01,92.8
"London, Ontario",2002-11-01,89.4
"London, Ontario",2002-12-01,90.0
"London, Ontario",2003-01-01,93.2
"London, Ontario",2003-02-01,93.2
"London, Ontario",2003-03-01,93.2
"London, Ontario",2003-04-01,93.2
"London, Ontario",2003-05-01,93.2
"London, Ontario",2003-06-01,93.1
"London, Ontario",2003-07-01,93.2
"London, Ontario",2003-08-01,93.2
"London, Ontario",2003-09-01,93.2
"London, Ontario",2003-10-01,93.2
"London, Ontario",2003-11-01,94.2
"London, Ontario",2003-12-01,94.2
"London, Ontario",2004-01-01,94.2
"London, Ontario",2004-02-01,95.0
"London, Ontario",2004-03-01,95.0
"London, Ontario",2004-04-01,95.0
"London, Ontario",2004-05-01,95.0
"London, Ontario",2004-06-01,95.0
"London, Ontario",2004-07-01,95.0
"London, Ontario",2004-08-01,95.0
"London, Ontario",2004-09-01,95.0
"London, Ontario",2004-10-01,95.0
"London, Ontario",2004-11-01,94.9
"London, Ontario",2004-12-01,95.7
"London, Ontario",2005-01-01,96.1
"London, Ontario",2005-02-01,95.7
"London, Ontario",2005-03-01,95.7
"London, Ontario",2005-04-01,95.7
"London, Ontario",2005-05-01,95.7
"London, Ontario",2005-06-01,95.7
"London, Ontario",2005-07-01,95.7
"London, Ontario",2005-08-01,95.7
"London, Ontario",2005-09-01,95.7
"London, Ontario",2005-10-01,95.7
"London, Ontario",2005-11-01,95.7
"London, Ontario",2005-12-01,95.7
"London, Ontario",2006-01-01,95.7
"London, Ontario",2006-02-01,96.1
"London, Ontario",2006-03-01,96.1
"London, Ontario",2006-04-01,96.1
"London, Ontario",2006-05-01,96.1
"London, Ontario",2006-06-01,96.1
"London, Ontario",2006-07-01,98.4
"London, Ontario",2006-08-01,98.4
"London, Ontario",2006-09-01,98.4
"London, Ontario",2006-10-01,98.4
"London, Ontario",2006-11-01,98.4
"London, Ontario",2006-12-01,98.4
"London, Ontario",2007-01-01,98.4
"London, Ontario",2007-02-01,98.4
"London, Ontario",2007-03-01,98.4
"London, Ontario",2007-04-01,98.4
"London, Ontario",2007-05-01,99.2
"London, Ontario",2007-06-01,99.2
"London, Ontario",2007-07-01,99.2
"London, Ontario",2007-08-01,99.2
"London, Ontario",2007-09-01,99.2
"London, Ontario",2007-10-01,99.2
"London, Ontario",2007-11-01,99.2
"London, Ontario",2007-12-01,99.2
"London, Ontario",2008-01-01,99.8
"London, Ontario",2008-02-01,99.8
"London, Ontario",2008-03-01,99.8
"London, Ontario",2008-04-01,99.8
"London, Ontario",2008-05-01,99.8
"London, Ontario",2008-06-01,100.1
"London, Ontario",2008-07-01,100.1
"London, Ontario",2008-08-01,100.1
"London, Ontario",2008-09-01,100.1
"London, Ontario",2008-10-01,100.1
"London, Ontario",2008-11-01,100.1
"London, Ontario",2008-12-01,100.1
"London, Ontario",2009-01-01,100.1
"London, Ontario",2009-02-01,100.1
"London, Ontario",2009-03-01,100.1
"London, Ontario",2009-04-01,100.1
"London, Ontario",2009-05-01,100.1
"London, Ontario",2009-06-01,100.1
"London, Ontario",2009-07-01,100.1
"London, Ontario",2009-08-01,100.1
"London, Ontario",2009-09-01,100.1
"London, Ontario",2009-10-01,100.1
"London, Ontario",2009-11-01,100.1
"London, Ontario",2009-12-01,100.1
"London, Ontario",2010-01-01,100.1
"London, Ontario",2010-02-01,100.1
"London, Ontario",2010-03-01,100.1
"London, Ontario",2010-04-01,100.1
"London, Ontario",2010-05-01,100.0
"London, Ontario",2010-06-01,100.0
"London, Ontario",2010-07-01,98.2
"London, Ontario",2010-08-01,98.2
"London, Ontario",2010-09-01,98.2
"London, Ontario",2010-10-01,98.2
"London, Ontario",2010-11-01,98.2
"London, Ontario",2010-12-01,98.2
"London, Ontario",2011-01-01,98.2
"London, Ontario",2011-02-01,98.2
"London, Ontario",2011-03-01,98.2
"London, Ontario",2011-04-01,98.2
"London, Ontario",2011-05-01,98.2
"London, Ontario",2011-06-01,98.2
"London, Ontario",2011-07-01,98.2
"London, Ontario",2011-08-01,98.2
"London, Ontario",2011-09-01,98.2
"London, Ontario",2011-10-01,98.2
"London, Ontario",2011-11-01,98.2
"London, Ontario",2011-12-01,98.2
"London, Ontario",2012-01-01,98.2
"London, Ontario",2012-02-01,98.2
"London, Ontario",2012-03-01,98.2
"London, Ontario",2012-04-01,98.2
"London, Ontario",2012-05-01,98.2
"London, Ontario",2012-06-01,98.2
"London, Ontario",2012-07-01,98.2
"London, Ontario",2012-08-01,98.3
"London, Ontario",2012-09-01,98.3
"London, Ontario",2012-10-01,98.3
"London, Ontario",2012-11-01,98.3
"London, Ontario",2012-12-01,98.3
"London, Ontario",2013-01-01,98.3
"London, Ontario",2013-02-01,98.3
"London, Ontario",2013-03-01,98.3
"London, Ontario",2013-04-01,98.3
"London, Ontario",2013-05-01,98.3
"London, Ontario",2013-06-01,98.3
"London, Ontario",2013-07-01,98.3
"London, Ontario",2013-08-01,98.3
"London, Ontario",2013-09-01,98.3
"London, Ontario",2013-10-01,98.3
"London, Ontario",2013-11-01,98.3
"London, Ontario",2013-12-01,98.3
"London, Ontario",2014-01-01,98.3
"London, Ontario",2014-02-01,98.3
"London, Ontario",2014-03-01,98.3
"London, Ontario",2014-04-01,98.3
"London, Ontario",2014-05-01,98.3
"London, Ontario",2014-06-01,98.3
"London, Ontario",2014-07-01,98.3
"London, Ontario",2014-08-01,98.3
"London, Ontario",2014-09-01,98.3
"London, Ontario",2014-10-01,98.3
"London, Ontario",2014-11-01,98.3
"London, Ontario",2014-12-01,98.3
"London, Ontario",2015-01-01,98.3
"London, Ontario",2015-02-01,98.3
"London, Ontario",2015-03-01,98.3
"London, Ontario",2015-04-01,98.3
"London, Ontario",2015-05-01,98.3
"London, Ontario",2015-06-01,98.3
"London, Ontario",2015-07-01,98.3
"London, Ontario",2015-08-01,98.3
"London, Ontario",2015-09-01,99.7
"London, Ontario",2015-10-01,99.7
"London, Ontario",2015-11-01,99.7
"London, Ontario",2015-12-01,99.7
"London, Ontario",2016-01-01,99.7
"London, Ontario",2016-02-01,99.7
"London, Ontario",2016-03-01,99.7
"London, Ontario",2016-04-01,99.7
"London, Ontario",2016-05-01,99.7
"London, Ontario",2016-06-01,99.7
"London, Ontario",2016-07-01,99.7
"London, Ontario",2016-08-01,99.7
"London, Ontario",2016-09-01,99.9
"London, Ontario",2016-10-01,99.7
"London, Ontario",2016-11-01,100.0
"London, Ontario",2016-12-01,100.0
"London, Ontario",2017-01-01,100.0
"Montréal, Quebec",1981-01-01,20.3
"Montréal, Quebec",1981-02-01,20.7
"Montréal, Quebec",1981-03-01,21.0
"Montréal, Quebec",1981-04-01,21.0
"Montréal, Quebec",1981-05-01,21.3
"Montréal, Quebec",1981-06-01,21.7
"Montréal, Quebec",1981-07-01,21.7
"Montréal, Quebec",1981-08-01,21.7
"Montréal, Quebec",1981-09-01,22.6
"Montréal, Quebec",1981-10-01,22.6
"Montréal, Quebec",1981-11-01,22.6
"Montréal, Quebec",1981-12-01,22.6
"Montréal, Quebec",1982-01-01,22.6
"Montréal, Quebec",1982-02-01,23.4
"Montréal, Quebec",1982-03-01,23.4
"Montréal, Quebec",1982-04-01,23.4
"Montréal, Quebec",1982-05-01,23.4
"Montréal, Quebec",1982-06-01,23.5
"Montréal, Quebec",1982-07-01,23.5
"Montréal, Quebec",1982-08-01,23.5
"Montréal, Quebec",1982-09-01,23.5
"Montréal, Quebec",1982-10-01,23.9
"Montréal, Quebec",1982-11-01,23.6
"Montréal, Quebec",1982-12-01,23.6
"Montréal, Quebec",1983-01-01,23.9
"Montréal, Quebec",1983-02-01,24.1
"Montréal, Quebec",1983-03-01,24.8
"Montréal, Quebec",1983-04-01,24.8
"Montréal, Quebec",1983-05-01,25.6
"Montréal, Quebec",1983-06-01,28.2
"Montréal, Quebec",1983-07-01,28.2
"Montréal, Quebec",1983-08-01,28.3
"Montréal, Quebec",1983-09-01,30.1
"Montréal, Quebec",1983-10-01,30.5
"Montréal, Quebec",1983-11-01,30.7
"Montréal, Quebec",1983-12-01,30.9
"Montréal, Quebec",1984-01-01,30.9
"Montréal, Quebec",1984-02-01,31.0
"Montréal, Quebec",1984-03-01,31.0
"Montréal, Quebec",1984-04-01,31.0
"Montréal, Quebec",1984-05-01,31.2
"Montréal, Quebec",1984-06-01,31.2
"Montréal, Quebec",1984-07-01,31.2
"Montréal, Quebec",1984-08-01,31.2
"Montréal, Quebec",1984-09-01,32.3
"Montréal, Quebec",1984-10-01,32.3
"Montréal, Quebec",1984-11-01,32.6
"Montréal, Quebec",1984-12-01,32.7
"Montréal, Quebec",1985-01-01,32.7
"Montréal, Quebec",1985-02-01,33.0
"Montréal, Quebec",1985-03-01,33.0
"Montréal, Quebec",1985-04-01,33.0
"Montréal, Quebec",1985-05-01,33.0
"Montréal, Quebec",1985-06-01,33.7
"Montréal, Quebec",1985-07-01,33.7
"Montréal, Quebec",1985-08-01,34.4
"Montréal, Quebec",1985-09-01,34.4
"Montréal, Quebec",1985-10-01,34.7
"Montréal, Quebec",1985-11-01,34.7
"Montréal, Quebec",1985-12-01,34.8
"Montréal, Quebec",1986-01-01,34.8
"Montréal, Quebec",1986-02-01,35.6
"Montréal, Quebec",1986-03-01,35.6
"Montréal, Quebec",1986-04-01,35.6
"Montréal, Quebec",1986-05-01,35.6
"Montréal, Quebec",1986-06-01,35.8
"Montréal, Quebec",1986-07-01,36.2
"Montréal, Quebec",1986-08-01,36.2
"Montréal, Quebec",1986-09-01,36.8
"Montréal, Quebec",1986-10-01,36.8
"Montréal, Quebec",1986-11-01,37.8
"Montréal, Quebec",1986-12-01,37.8
"Montréal, Quebec",1987-01-01,38.5
"Montréal, Quebec",1987-02-01,38.8
"Montréal, Quebec",1987-03-01,39.3
"Montréal, Quebec",1987-04-01,39.8
"Montréal, Quebec",1987-05-01,41.0
"Montréal, Quebec",1987-06-01,41.2
"Montréal, Quebec",1987-07-01,41.7
"Montréal, Quebec",1987-08-01,43.7
"Montréal, Quebec",1987-09-01,44.9
"Montréal, Quebec",1987-10-01,45.5
"Montréal, Quebec",1987-11-01,45.6
"Montréal, Quebec",1987-12-01,45.9
"Montréal, Quebec",1988-01-01,46.3
"Montréal, Quebec",1988-02-01,47.3
"Montréal, Quebec",1988-03-01,47.4
"Montréal, Quebec",1988-04-01,47.2
"Montréal, Quebec",1988-05-01,47.4
"Montréal, Quebec",1988-06-01,47.4
"Montréal, Quebec",1988-07-01,47.4
"Montréal, Quebec",1988-08-01,48.0
"Montréal, Quebec",1988-09-01,48.0
"Montréal, Quebec",1988-10-01,48.3
"Montréal, Quebec",1988-11-01,48.4
"Montréal, Quebec",1988-12-01,48.5
"Montréal, Quebec",1989-01-01,48.6
"Montréal, Quebec",1989-02-01,48.8
"Montréal, Quebec",1989-03-01,48.8
"Montréal, Quebec",1989-04-01,49.6
"Montréal, Quebec",1989-05-01,49.8
"Montréal, Quebec",1989-06-01,49.8
"Montréal, Quebec",1989-07-01,50.0
"Montréal, Quebec",1989-08-01,50.2
"Montréal, Quebec",1989-09-01,50.5
"Montréal, Quebec",1989-10-01,50.5
"Montréal, Quebec",1989-11-01,50.7
"Montréal, Quebec",1989-12-01,51.0
"Montréal, Quebec",1990-01-01,51.2
"Montréal, Quebec",1990-02-01,51.2
"Montréal, Quebec",1990-03-01,51.5
"Montréal, Quebec",1990-04-01,51.7
"Montréal, Quebec",1990-05-01,52.2
"Montréal, Quebec",1990-06-01,52.6
"Montréal, Quebec",1990-07-01,52.6
"Montréal, Quebec",1990-08-01,53.0
"Montréal, Quebec",1990-09-01,53.0
"Montréal, Quebec",1990-10-01,53.1
"Montréal, Quebec",1990-11-01,53.4
"Montréal, Quebec",1990-12-01,53.7
"Montréal, Quebec",1991-01-01,53.4
"Montréal, Quebec",1991-02-01,53.4
"Montréal, Quebec",1991-03-01,53.7
"Montréal, Quebec",1991-04-01,53.4
"Montréal, Quebec",1991-05-01,53.4
"Montréal, Quebec",1991-06-01,53.4
"Montréal, Quebec",1991-07-01,53.4
"Montréal, Quebec",1991-08-01,53.6
"Montréal, Quebec",1991-09-01,53.8
"Montréal, Quebec",1991-10-01,53.8
"Montréal, Quebec",1991-11-01,54.4
"Montréal, Quebec",1991-12-01,54.4
"Montréal, Quebec",1992-01-01,54.3
"Montréal, Quebec",1992-02-01,55.1
"Montréal, Quebec",1992-03-01,55.0
"Montréal, Quebec",1992-04-01,55.0
"Montréal, Quebec",1992-05-01,55.1
"Montréal, Quebec",1992-06-01,55.1
"Montréal, Quebec",1992-07-01,54.9
"Montréal, Quebec",1992-08-01,55.4
"Montréal, Quebec",1992-09-01,55.3
"Montréal, Quebec",1992-10-01,55.4
"Montréal, Quebec",1992-11-01,55.3
"Montréal, Quebec",1992-12-01,55.3
"Montréal, Quebec",1993-01-01,55.3
"Montréal, Quebec",1993-02-01,55.3
"Montréal, Quebec",1993-03-01,55.3
"Montréal, Quebec",1993-04-01,55.3
"Montréal, Quebec",1993-05-01,55.4
"Montréal, Quebec",1993-06-01,55.4
"Montréal, Quebec",1993-07-01,55.4
"Montréal, Quebec",1993-08-01,55.4
"Montréal, Quebec",1993-09-01,55.5
"Montréal, Quebec",1993-10-01,55.6
"Montréal, Quebec",1993-11-01,55.7
"Montréal, Quebec",1993-12-01,55.7
"Montréal, Quebec",1994-01-01,55.8
"Montréal, Quebec",1994-02-01,55.7
"Montréal, Quebec",1994-03-01,56.0
"Montréal, Quebec",1994-04-01,55.5
"Montréal, Quebec",1994-05-01,55.7
"Montréal, Quebec",1994-06-01,55.8
"Montréal, Quebec",1994-07-01,55.8
"Montréal, Quebec",1994-08-01,55.7
"Montréal, Quebec",1994-09-01,55.3
"Montréal, Quebec",1994-10-01,55.3
"Montréal, Quebec",1994-11-01,55.3
"Montréal, Quebec",1994-12-01,55.3
"Montréal, Quebec",1995-01-01,55.3
"Montréal, Quebec",1995-02-01,55.2
"Montréal, Quebec",1995-03-01,55.2
"Montréal, Quebec",1995-04-01,55.2
"Montréal, Quebec",1995-05-01,55.2
"Montréal, Quebec",1995-06-01,55.2
"Montréal, Quebec",1995-07-01,55.2
"Montréal, Quebec",1995-08-01,55.2
"Montréal, Quebec",1995-09-01,55.3
"Montréal, Quebec",1995-10-01,55.3
"Montréal, Quebec",1995-11-01,55.2
"Montréal, Quebec",1995-12-01,55.2
"Montréal, Quebec",1996-01-01,55.2
"Montréal, Quebec",1996-02-01,55.0
"Montréal, Quebec",1996-03-01,55.0
"Montréal, Quebec",1996-04-01,55.0
"Montréal, Quebec",1996-05-01,55.4
"Montréal, Quebec",1996-06-01,55.4
"Montréal, Quebec",1996-07-01,55.4
"Montréal, Quebec",1996-08-01,55.4
"Montréal, Quebec",1996-09-01,55.4
"Montréal, Quebec",1996-10-01,55.3
"Montréal, Quebec",1996-11-01,55.4
"Montréal, Quebec",1996-12-01,55.4
"Montréal, Quebec",1997-01-01,54.9
"Montréal, Quebec",1997-02-01,54.9
"Montréal, Quebec",1997-03-01,54.9
"Montréal, Quebec",1997-04-01,54.9
"Montréal, Quebec",1997-05-01,54.9
"Montréal, Quebec",1997-06-01,55.0
"Montréal, Quebec",1997-07-01,55.0
"Montréal, Quebec",1997-08-01,55.0
"Montréal, Quebec",1997-09-01,54.9
"Montréal, Quebec",1997-10-01,55.0
"Montréal, Quebec",1997-11-01,55.0
"Montréal, Quebec",1997-12-01,55.0
"Montréal, Quebec",1998-01-01,55.7
"Montréal, Quebec",1998-02-01,55.7
"Montréal, Quebec",1998-03-01,55.7
"Montréal, Quebec",1998-04-01,55.7
"Montréal, Quebec",1998-05-01,55.7
"Montréal, Quebec",1998-06-01,55.7
"Montréal, Quebec",1998-07-01,55.7
"Montréal, Quebec",1998-08-01,55.4
"Montréal, Quebec",1998-09-01,55.5
"Montréal, Quebec",1998-10-01,55.4
"Montréal, Quebec",1998-11-01,55.4
"Montréal, Quebec",1998-12-01,55.4
"Montréal, Quebec",1999-01-01,55.4
"Montréal, Quebec",1999-02-01,55.7
"Montréal, Quebec",1999-03-01,55.7
"Montréal, Quebec",1999-04-01,55.7
"Montréal, Quebec",1999-05-01,55.8
"Montréal, Quebec",1999-06-01,56.0
"Montréal, Quebec",1999-07-01,56.0
"Montréal, Quebec",1999-08-01,56.1
"Montréal, Quebec",1999-09-01,56.1
"Montréal, Quebec",1999-10-01,56.7
"Montréal, Quebec",1999-11-01,56.7
"Montréal, Quebec",1999-12-01,56.7
"Montréal, Quebec",2000-01-01,56.7
"Montréal, Quebec",2000-02-01,56.8
"Montréal, Quebec",2000-03-01,57.0
"Montréal, Quebec",2000-04-01,57.0
"Montréal, Quebec",2000-05-01,57.3
"Montréal, Quebec",2000-06-01,57.4
"Montréal, Quebec",2000-07-01,57.4
"Montréal, Quebec",2000-08-01,57.9
"Montréal, Quebec",2000-09-01,57.9
"Montréal, Quebec",2000-10-01,57.9
"Montréal, Quebec",2000-11-01,58.1
"Montréal, Quebec",2000-12-01,58.1
"Montréal, Quebec",2001-01-01,58.0
"Montréal, Quebec",2001-02-01,58.3
"Montréal, Quebec",2001-03-01,58.4
"Montréal, Quebec",2001-04-01,58.7
"Montréal, Quebec",2001-05-01,59.4
"Montréal, Quebec",2001-06-01,59.5
"Montréal, Quebec",2001-07-01,59.5
"Montréal, Quebec",2001-08-01,59.6
"Montréal, Quebec",2001-09-01,59.6
"Montréal, Quebec",2001-10-01,60.0
"Montréal, Quebec",2001-11-01,60.0
"Montréal, Quebec",2001-12-01,60.0
"Montréal, Quebec",2002-01-01,60.3
"Montréal, Quebec",2002-02-01,60.5
"Montréal, Quebec",2002-03-01,61.4
"Montréal, Quebec",2002-04-01,62.6
"Montréal, Quebec",2002-05-01,63.3
"Montréal, Quebec",2002-06-01,63.5
"Montréal, Quebec",2002-07-01,63.5
"Montréal, Quebec",2002-08-01,64.2
"Montréal, Quebec",2002-09-01,64.5
"Montréal, Quebec",2002-10-01,64.5
"Montréal, Quebec",2002-11-01,65.2
"Montréal, Quebec",2002-12-01,65.2
"Montréal, Quebec",2003-01-01,66.0
"Montréal, Quebec",2003-02-01,66.1
"Montréal, Quebec",2003-03-01,66.0
"Montréal, Quebec",2003-04-01,66.4
"Montréal, Quebec",2003-05-01,67.0
"Montréal, Quebec",2003-06-01,67.1
"Montréal, Quebec",2003-07-01,67.1
"Montréal, Quebec",2003-08-01,68.8
"Montréal, Quebec",2003-09-01,69.0
"Montréal, Quebec",2003-10-01,69.3
"Montréal, Quebec",2003-11-01,69.4
"Montréal, Quebec",2003-12-01,69.7
"Montréal, Quebec",2004-01-01,69.7
"Montréal, Quebec",2004-02-01,70.0
"Montréal, Quebec",2004-03-01,70.0
"Montréal, Quebec",2004-04-01,70.2
"Montréal, Quebec",2004-05-01,70.8
"Montréal, Quebec",2004-06-01,71.0
"Montréal, Quebec",2004-07-01,71.0
"Montréal, Quebec",2004-08-01,71.4
"Montréal, Quebec",2004-09-01,71.6
"Montréal, Quebec",2004-10-01,73.0
"Montréal, Quebec",2004-11-01,73.8
"Montréal, Quebec",2004-12-01,73.8
"Montréal, Quebec",2005-01-01,73.9
"Montréal, Quebec",2005-02-01,74.2
"Montréal, Quebec",2005-03-01,74.2
"Montréal, Quebec",2005-04-01,74.2
"Montréal, Quebec",2005-05-01,74.4
"Montréal, Quebec",2005-06-01,74.8
"Montréal, Quebec",2005-07-01,74.8
"Montréal, Quebec",2005-08-01,74.8
"Montréal, Quebec",2005-09-01,75.3
"Montréal, Quebec",2005-10-01,75.9
"Montréal, Quebec",2005-11-01,76.3
"Montréal, Quebec",2005-12-01,76.4
"Montréal, Quebec",2006-01-01,77.1
"Montréal, Quebec",2006-02-01,77.6
"Montréal, Quebec",2006-03-01,77.6
"Montréal, Quebec",2006-04-01,78.3
"Montréal, Quebec",2006-05-01,78.5
"Montréal, Quebec",2006-06-01,78.6
"Montréal, Quebec",2006-07-01,78.6
"Montréal, Quebec",2006-08-01,78.6
"Montréal, Quebec",2006-09-01,78.6
"Montréal, Quebec",2006-10-01,78.7
"Montréal, Quebec",2006-11-01,79.7
"Montréal, Quebec",2006-12-01,79.7
"Montréal, Quebec",2007-01-01,80.0
"Montréal, Quebec",2007-02-01,80.4
"Montréal, Quebec",2007-03-01,80.3
"Montréal, Quebec",2007-04-01,80.3
"Montréal, Quebec",2007-05-01,80.3
"Montréal, Quebec",2007-06-01,80.3
"Montréal, Quebec",2007-07-01,80.3
"Montréal, Quebec",2007-08-01,80.5
"Montréal, Quebec",2007-09-01,80.5
"Montréal, Quebec",2007-10-01,80.5
"Montréal, Quebec",2007-11-01,81.3
"Montréal, Quebec",2007-12-01,81.3
"Montréal, Quebec",2008-01-01,81.4
"Montréal, Quebec",2008-02-01,83.2
"Montréal, Quebec",2008-03-01,83.2
"Montréal, Quebec",2008-04-01,83.2
"Montréal, Quebec",2008-05-01,84.1
"Montréal, Quebec",2008-06-01,84.2
"Montréal, Quebec",2008-07-01,84.2
"Montréal, Quebec",2008-08-01,85.3
"Montréal, Quebec",2008-09-01,85.3
"Montréal, Quebec",2008-10-01,85.3
"Montréal, Quebec",2008-11-01,85.3
"Montréal, Quebec",2008-12-01,85.3
"Montréal, Quebec",2009-01-01,85.3
"Montréal, Quebec",2009-02-01,85.3
"Montréal, Quebec",2009-03-01,85.0
"Montréal, Quebec",2009-04-01,85.1
"Montréal, Quebec",2009-05-01,85.1
"Montréal, Quebec",2009-06-01,85.1
"Montréal, Quebec",2009-07-01,85.1
"Montréal, Quebec",2009-08-01,85.1
"Montréal, Quebec",2009-09-01,85.1
"Montréal, Quebec",2009-10-01,85.4
"Montréal, Quebec",2009-11-01,85.4
"Montréal, Quebec",2009-12-01,85.4
"Montréal, Quebec",2010-01-01,85.4
"Montréal, Quebec",2010-02-01,85.4
"Montréal, Quebec",2010-03-01,87.1
"Montréal, Quebec",2010-04-01,86.7
"Montréal, Quebec",2010-05-01,90.3
"Montréal, Quebec",2010-06-01,90.3
"Montréal, Quebec",2010-07-01,90.3
"Montréal, Quebec",2010-08-01,90.3
"Montréal, Quebec",2010-09-01,94.4
"Montréal, Quebec",2010-10-01,94.4
"Montréal, Quebec",2010-11-01,95.3
"Montréal, Quebec",2010-12-01,95.3
"Montréal, Quebec",2011-01-01,95.3
"Montréal, Quebec",2011-02-01,95.6
"Montréal, Quebec",2011-03-01,95.6
"Montréal, Quebec",2011-04-01,95.6
"Montréal, Quebec",2011-05-01,96.3
"Montréal, Quebec",2011-06-01,96.7
"Montréal, Quebec",2011-07-01,96.7
"Montréal, Quebec",2011-08-01,96.8
"Montréal, Quebec",2011-09-01,96.8
"Montréal, Quebec",2011-10-01,96.8
"Montréal, Quebec",2011-11-01,96.9
"Montréal, Quebec",2011-12-01,98.1
"Montréal, Quebec",2012-01-01,98.1
"Montréal, Quebec",2012-02-01,98.1
"Montréal, Quebec",2012-03-01,98.1
"Montréal, Quebec",2012-04-01,98.1
"Montréal, Quebec",2012-05-01,98.2
"Montréal, Quebec",2012-06-01,98.2
"Montréal, Quebec",2012-07-01,98.2
"Montréal, Quebec",2012-08-01,98.2
"Montréal, Quebec",2012-09-01,98.2
"Montréal, Quebec",2012-10-01,98.2
"Montréal, Quebec",2012-11-01,98.2
"Montréal, Quebec",2012-12-01,98.2
"Montréal, Quebec",2013-01-01,98.2
"Montréal, Quebec",2013-02-01,98.2
"Montréal, Quebec",2013-03-01,98.2
"Montréal, Quebec",2013-04-01,98.2
"Montréal, Quebec",2013-05-01,98.2
"Montréal, Quebec",2013-06-01,98.2
"Montréal, Quebec",2013-07-01,98.2
"Montréal, Quebec",2013-08-01,98.6
"Montréal, Quebec",2013-09-01,98.6
"Montréal, Quebec",2013-10-01,98.6
"Montréal, Quebec",2013-11-01,98.6
"Montréal, Quebec",2013-12-01,98.8
"Montréal, Quebec",2014-01-01,98.8
"Montréal, Quebec",2014-02-01,98.8
"Montréal, Quebec",2014-03-01,98.8
"Montréal, Quebec",2014-04-01,98.8
"Montréal, Quebec",2014-05-01,98.8
"Montréal, Quebec",2014-06-01,98.7
"Montréal, Quebec",2014-07-01,98.7
"Montréal, Quebec",2014-08-01,98.7
"Montréal, Quebec",2014-09-01,98.7
"Montréal, Quebec",2014-10-01,98.7
"Montréal, Quebec",2014-11-01,98.7
"Montréal, Quebec",2014-12-01,98.7
"Montréal, Quebec",2015-01-01,98.9
"Montréal, Quebec",2015-02-01,99.0
"Montréal, Quebec",2015-03-01,99.0
"Montréal, Quebec",2015-04-01,99.0
"Montréal, Quebec",2015-05-01,99.0
"Montréal, Quebec",2015-06-01,99.0
"Montréal, Quebec",2015-07-01,99.0
"Montréal, Quebec",2015-08-01,98.9
"Montréal, Quebec",2015-09-01,99.5
"Montréal, Quebec",2015-10-01,99.5
"Montréal, Quebec",2015-11-01,99.5
"Montréal, Quebec",2015-12-01,99.5
"Montréal, Quebec",2016-01-01,99.5
"Montréal, Quebec",2016-02-01,99.5
"Montréal, Quebec",2016-03-01,99.5
"Montréal, Quebec",2016-04-01,99.5
"Montréal, Quebec",2016-05-01,99.8
"Montréal, Quebec",2016-06-01,99.8
"Montréal, Quebec",2016-07-01,99.8
"Montréal, Quebec",2016-08-01,99.8
"Montréal, Quebec",2016-09-01,100.0
"Montréal, Quebec",2016-10-01,100.0
"Montréal, Quebec",2016-11-01,100.0
"Montréal, Quebec",2016-12-01,100.0
"Montréal, Quebec",2017-01-01,100.1
"Oshawa, Ontario",2016-12-01,100.0
"Oshawa, Ontario",2017-01-01,100.0
"Oshawa, Ontario",2017-02-01,100.3
"Oshawa, Ontario",2017-03-01,100.8
"Oshawa, Ontario",2017-04-01,104.5
"Oshawa, Ontario",2017-05-01,104.5
"Oshawa, Ontario",2017-06-01,104.5
"Oshawa, Ontario",2017-07-01,104.5
"Oshawa, Ontario",2017-08-01,104.5
"Oshawa, Ontario",2017-09-01,105.5
"Oshawa, Ontario",2017-10-01,105.5
"Oshawa, Ontario",2017-11-01,105.5
"Oshawa, Ontario",2017-12-01,105.5
"Oshawa, Ontario",2018-01-01,106.0
"Oshawa, Ontario",2018-02-01,106.0
"Oshawa, Ontario",2018-03-01,106.0
"Oshawa, Ontario",2018-04-01,106.0
"Oshawa, Ontario",2018-05-01,106.0
"Oshawa, Ontario",2018-06-01,106.0
"Oshawa, Ontario",2018-07-01,106.0
"Oshawa, Ontario",2018-08-01,106.0
"Oshawa, Ontario",2018-09-01,106.0
"Oshawa, Ontario",2018-10-01,106.0
"Oshawa, Ontario",2018-11-01,106.0
"Ottawa-Gatineau, Ontario part, Ontario/Quebec",1981-01-01,39.9
"Ottawa-Gatineau, Ontario part, Ontario/Quebec",1981-02-01,39.9
"Ottawa-Gatineau, Ontario part, Ontario/Quebec",1981-03-01,40.6
"Ottawa-Gatineau, Ontario part, Ontario/Quebec",1981-04-01,40.6
"Ottawa-Gatineau, Ontario part, Ontario/Quebec",1981-05-01,40.8
"Ottawa-Gatineau, Ontario part, Ontario/Quebec",1981-06-01,40.8
"Ottawa-Gatineau, Ontario part, Ontario/Quebec",1981-07-01,40.8
"Ottawa-Gatineau, Ontario part, Ontario/Quebec",1981-08-01,40.8
"Ottawa-Gatineau, Ontario part, Ontario/Quebec",1981-09-01,40.8
"Ottawa-Gatineau, Ontario part, Ontario/Quebec",1981-10-01,40.8
"Ottawa-Gatineau, Ontario part, Ontario/Quebec",1981-11-01,41.3
"Ottawa-Gatineau, Ontario part, Ontario/Quebec",1981-12-01,41.3
"Ottawa-Gatineau, Ontario part, Ontario/Quebec",1982-01-01,41.3
"Ottawa-Gatineau, Ontario part, Ontario/Quebec",1982-02-01,41.3
"Ottawa-Gatineau, Ontario part, Ontario/Quebec",1982-03-01,42.4
"Ottawa-Gatineau, Ontario part, Ontario/Quebec",1982-04-01,42.4
"Ottawa-Gatineau, Ontario part, Ontario/Quebec",1982-05-01,42.4
"Ottawa-Gatineau, Ontario part, Ontario/Quebec",1982-06-01,42.4
"Ottawa-Gatineau, Ontario part, Ontario/Quebec",1982-07-01,42.4
"Ottawa-Gatineau, Ontario part, Ontario/Quebec",1982-08-01,42.4
"Ottawa-Gatineau, Ontario part, Ontario/Quebec",1982-09-01,42.4
"Ottawa-Gatineau, Ontario part, Ontario/Quebec",1982-10-01,42.4
"Ottawa-Gatineau, Ontario part, Ontario/Quebec",1982-11-01,42.8
"Ottawa-Gatineau, Ontario part, Ontario/Quebec",1982-12-01,43.1
"Ottawa-Gatineau, Ontario part, Ontario/Quebec",1983-01-01,43.1
"Ottawa-Gatineau, Ontario part, Ontario/Quebec",1983-02-01,45.0
"Ottawa-Gatineau, Ontario part, Ontario/Quebec",1983-03-01,45.0
"Ottawa-Gatineau, Ontario part, Ontario/Quebec",1983-04-01,45.9
"Ottawa-Gatineau, Ontario part, Ontario/Quebec",1983-05-01,46.8
"Ottawa-Gatineau, Ontario part, Ontario/Quebec",1983-06-01,46.8
"Ottawa-Gatineau, Ontario part, Ontario/Quebec",1983-07-01,46.8
"Ottawa-Gatineau, Ontario part, Ontario/Quebec",1983-08-01,46.8
"Ottawa-Gatineau, Ontario part, Ontario/Quebec",1983-09-01,46.8
"Ottawa-Gatineau, Ontario part, Ontario/Quebec",1983-10-01,46.8
"Ottawa-Gatineau, Ontario part, Ontario/Quebec",1983-11-01,47.9
"Ottawa-Gatineau, Ontario part, Ontario/Quebec",1983-12-01,47.9
"Ottawa-Gatineau, Ontario part, Ontario/Quebec",1984-01-01,47.9
"Ottawa-Gatineau, Ontario part, Ontario/Quebec",1984-02-01,48.4
"Ottawa-Gatineau, Ontario part, Ontario/Quebec",1984-03-01,48.5
"Ottawa-Gatineau, Ontario part, Ontario/Quebec",1984-04-01,48.6
"Ottawa-Gatineau, Ontario part, Ontario/Quebec",1984-05-01,49.4
"Ottawa-Gatineau, Ontario part, Ontario/Quebec",1984-06-01,49.4
"Ottawa-Gatineau, Ontario part, Ontario/Quebec",1984-07-01,49.4
"Ottawa-Gatineau, Ontario part, Ontario/Quebec",1984-08-01,49.4
"Ottawa-Gatineau, Ontario part, Ontario/Quebec",1984-09-01,50.1
"Ottawa-Gatineau, Ontario part, Ontario/Quebec",1984-10-01,50.3
"Ottawa-Gatineau, Ontario part, Ontario/Quebec",1984-11-01,50.3
"Ottawa-Gatineau, Ontario part, Ontario/Quebec",1984-12-01,50.3
"Ottawa-Gatineau, Ontario part, Ontario/Quebec",1985-01-01,50.5
"Ottawa-Gatineau, Ontario part, Ontario/Quebec",1985-02-01,50.6
"Ottawa-Gatineau, Ontario part, Ontario/Quebec",1985-03-01,50.6
"Ottawa-Gatineau, Ontario part, Ontario/Quebec",1985-04-01,50.6
"Ottawa-Gatineau, Ontario part, Ontario/Quebec",1985-05-01,51.9
"Ottawa-Gatineau, Ontario part, Ontario/Quebec",1985-06-01,51.9
"Ottawa-Gatineau, Ontario part, Ontario/Quebec",1985-07-01,52.6
"Ottawa-Gatineau, Ontario part, Ontario/Quebec",1985-08-01,52.6
"Ottawa-Gatineau, Ontario part, Ontario/Quebec",1985-09-01,52.6
"Ottawa-Gatineau, Ontario part, Ontario/Quebec",1985-10-01,52.9
"Ottawa-Gatineau, Ontario part, Ontario/Quebec",1985-11-01,53.0
"Ottawa-Gatineau, Ontario part, Ontario/Quebec",1985-12-01,53.0
"Ottawa-Gatineau, Ontario part, Ontario/Quebec",1986-01-01,53.5
"Ottawa-Gatineau, Ontario part, Ontario/Quebec",1986-02-01,53.6
"Ottawa-Gatineau, Ontario part, Ontario/Quebec",1986-03-01,53.9
"Ottawa-Gatineau, Ontario part, Ontario/Quebec",1986-04-01,54.2
"Ottawa-Gatineau, Ontario part, Ontario/Quebec",1986-05-01,54.2
"Ottawa-Gatineau, Ontario part, Ontario/Quebec",1986-06-01,54.3
"Ottawa-Gatineau, Ontario part, Ontario/Quebec",1986-07-01,55.1
"Ottawa-Gatineau, Ontario part, Ontario/Quebec",1986-08-01,55.1
"Ottawa-Gatineau, Ontario part, Ontario/Quebec",1986-09-01,55.1
"Ottawa-Gatineau, Ontario part, Ontario/Quebec",1986-10-01,55.2
"Ottawa-Gatineau, Ontario part, Ontario/Quebec",1986-11-01,55.4
"Ottawa-Gatineau, Ontario part, Ontario/Quebec",1986-12-01,55.5
"Ottawa-Gatineau, Ontario part, Ontario/Quebec",1987-01-01,55.5
"Ottawa-Gatineau, Ontario part, Ontario/Quebec",1987-02-01,55.7
"Ottawa-Gatineau, Ontario part, Ontario/Quebec",1987-03-01,55.7
"Ottawa-Gatineau, Ontario part, Ontario/Quebec",1987-04-01,56.2
"Ottawa-Gatineau, Ontario part, Ontario/Quebec",1987-05-01,58.1
"Ottawa-Gatineau, Ontario part, Ontario/Quebec",1987-06-01,59.2
"Ottawa-Gatineau, Ontario part, Ontario/Quebec",1987-07-01,60.0
"Ottawa-Gatineau, Ontario part, Ontario/Quebec",1987-08-01,60.4
"Ottawa-Gatineau, Ontario part, Ontario/Quebec",1987-09-01,60.8
"Ottawa-Gatineau, Ontario part, Ontario/Quebec",1987-10-01,61.0
"Ottawa-Gatineau, Ontario part, Ontario/Quebec",1987-11-01,61.8
"Ottawa-Gatineau, Ontario part, Ontario/Quebec",1987-12-01,62.8
"Ottawa-Gatineau, Ontario part, Ontario/Quebec",1988-01-01,62.8
"Ottawa-Gatineau, Ontario part, Ontario/Quebec",1988-02-01,63.0
"Ottawa-Gatineau, Ontario part, Ontario/Quebec",1988-03-01,63.0
"Ottawa-Gatineau, Ontario part, Ontario/Quebec",1988-04-01,63.9
"Ottawa-Gatineau, Ontario part, Ontario/Quebec",1988-05-01,66.1
"Ottawa-Gatineau, Ontario part, Ontario/Quebec",1988-06-01,66.7
"Ottawa-Gatineau, Ontario part, Ontario/Quebec",1988-07-01,67.1
"Ottawa-Gatineau, Ontario part, Ontario/Quebec",1988-08-01,67.1
"Ottawa-Gatineau, Ontario part, Ontario/Quebec",1988-09-01,67.8
"Ottawa-Gatineau, Ontario part, Ontario/Quebec",1988-10-01,69.3
"Ottawa-Gatineau, Ontario part, Ontario/Quebec",1988-11-01,69.3
"Ottawa-Gatineau, Ontario part, Ontario/Quebec",1988-12-01,69.6
"Ottawa-Gatineau, Ontario part, Ontario/Quebec",1989-01-01,69.6
"Ottawa-Gatineau, Ontario part, Ontario/Quebec",1989-02-01,70.6
"Ottawa-Gatineau, Ontario part, Ontario/Quebec",1989-03-01,70.6
"Ottawa-Gatineau, Ontario part, Ontario/Quebec",1989-04-01,70.6
"Ottawa-Gatineau, Ontario part, Ontario/Quebec",1989-05-01,70.8
"Ottawa-Gatineau, Ontario part, Ontario/Quebec",1989-06-01,73.4
"Ottawa-Gatineau, Ontario part, Ontario/Quebec",1989-07-01,73.4
"Ottawa-Gatineau, Ontario part, Ontario/Quebec",1989-08-01,73.5
"Ottawa-Gatineau, Ontario part, Ontario/Quebec",1989-09-01,74.9
"Ottawa-Gatineau, Ontario part, Ontario/Quebec",1989-10-01,74.9
"Ottawa-Gatineau, Ontario part, Ontario/Quebec",1989-11-01,75.1
"Ottawa-Gatineau, Ontario part, Ontario/Quebec",1989-12-01,75.6
"Ottawa-Gatineau, Ontario part, Ontario/Quebec",1990-01-01,76.0
"Ottawa-Gatineau, Ontario part, Ontario/Quebec",1990-02-01,77.9
"Ottawa-Gatineau, Ontario part, Ontario/Quebec",1990-03-01,78.6
"Ottawa-Gatineau, Ontario part, Ontario/Quebec",1990-04-01,78.6
"Ottawa-Gatineau, Ontario part, Ontario/Quebec",1990-05-01,78.8
"Ottawa-Gatineau, Ontario part, Ontario/Quebec",1990-06-01,78.8
"Ottawa-Gatineau, Ontario part, Ontario/Quebec",1990-07-01,78.8
"Ottawa-Gatineau, Ontario part, Ontario/Quebec",1990-08-01,79.3
"Ottawa-Gatineau, Ontario part, Ontario/Quebec",1990-09-01,79.9
"Ottawa-Gatineau, Ontario part, Ontario/Quebec",1990-10-01,80.8
"Ottawa-Gatineau, Ontario part, Ontario/Quebec",1990-11-01,80.8
"Ottawa-Gatineau, Ontario part, Ontario/Quebec",1990-12-01,80.8
"Ottawa-Gatineau, Ontario part, Ontario/Quebec",1991-01-01,80.1
"Ottawa-Gatineau, Ontario part, Ontario/Quebec",1991-02-01,79.3
"Ottawa-Gatineau, Ontario part, Ontario/Quebec",1991-03-01,78.4
"Ottawa-Gatineau, Ontario part, Ontario/Quebec",1991-04-01,78.4
"Ottawa-Gatineau, Ontario part, Ontario/Quebec",1991-05-01,78.8
"Ottawa-Gatineau, Ontario part, Ontario/Quebec",1991-06-01,78.8
"Ottawa-Gatineau, Ontario part, Ontario/Quebec",1991-07-01,78.8
"Ottawa-Gatineau, Ontario part, Ontario/Quebec",1991-08-01,78.8
"Ottawa-Gatineau, Ontario part, Ontario/Quebec",1991-09-01,78.8
"Ottawa-Gatineau, Ontario part, Ontario/Quebec",1991-10-01,78.8
"Ottawa-Gatineau, Ontario part, Ontario/Quebec",1991-11-01,78.7
"Ottawa-Gatineau, Ontario part, Ontario/Quebec",1991-12-01,78.9
"Ottawa-Gatineau, Ontario part, Ontario/Quebec",1992-01-01,78.8
"Ottawa-Gatineau, Ontario part, Ontario/Quebec",1992-02-01,78.4
"Ottawa-Gatineau, Ontario part, Ontario/Quebec",1992-03-01,78.4
"Ottawa-Gatineau, Ontario part, Ontario/Quebec",1992-04-01,78.3
"Ottawa-Gatineau, Ontario part, Ontario/Quebec",1992-05-01,78.3
"Ottawa-Gatineau, Ontario part, Ontario/Quebec",1992-06-01,78.8
"Ottawa-Gatineau, Ontario part, Ontario/Quebec",1992-07-01,78.8
"Ottawa-Gatineau, Ontario part, Ontario/Quebec",1992-08-01,78.7
"Ottawa-Gatineau, Ontario part, Ontario/Quebec",1992-09-01,78.7
"Ottawa-Gatineau, Ontario part, Ontario/Quebec",1992-10-01,78.7
"Ottawa-Gatineau, Ontario part, Ontario/Quebec",1992-11-01,78.7
"Ottawa-Gatineau, Ontario part, Ontario/Quebec",1992-12-01,78.7
"Ottawa-Gatineau, Ontario part, Ontario/Quebec",1993-01-01,78.7
"Ottawa-Gatineau, Ontario part, Ontario/Quebec",1993-02-01,78.7
"Ottawa-Gatineau, Ontario part, Ontario/Quebec",1993-03-01,78.7
"Ottawa-Gatineau, Ontario part, Ontario/Quebec",1993-04-01,78.8
"Ottawa-Gatineau, Ontario part, Ontario/Quebec",1993-05-01,78.8
"Ottawa-Gatineau, Ontario part, Ontario/Quebec",1993-06-01,78.8
"Ottawa-Gatineau, Ontario part, Ontario/Quebec",1993-07-01,78.9
"Ottawa-Gatineau, Ontario part, Ontario/Quebec",1993-08-01,78.9
"Ottawa-Gatineau, Ontario part, Ontario/Quebec",1993-09-01,78.0
"Ottawa-Gatineau, Ontario part, Ontario/Quebec",1993-10-01,78.2
"Ottawa-Gatineau, Ontario part, Ontario/Quebec",1993-11-01,78.2
"Ottawa-Gatineau, Ontario part, Ontario/Quebec",1993-12-01,78.2
"Ottawa-Gatineau, Ontario part, Ontario/Quebec",1994-01-01,78.2
"Ottawa-Gatineau, Ontario part, Ontario/Quebec",1994-02-01,78.2
"Ottawa-Gatineau, Ontario part, Ontario/Quebec",1994-03-01,78.2
"Ottawa-Gatineau, Ontario part, Ontario/Quebec",1994-04-01,79.0
"Ottawa-Gatineau, Ontario part, Ontario/Quebec",1994-05-01,79.0
"Ottawa-Gatineau, Ontario part, Ontario/Quebec",1994-06-01,78.9
"Ottawa-Gatineau, Ontario part, Ontario/Quebec",1994-07-01,78.9
"Ottawa-Gatineau, Ontario part, Ontario/Quebec",1994-08-01,77.6
"Ottawa-Gatineau, Ontario part, Ontario/Quebec",1994-09-01,77.6
"Ottawa-Gatineau, Ontario part, Ontario/Quebec",1994-10-01,77.6
"Ottawa-Gatineau, Ontario part, Ontario/Quebec",1994-11-01,77.6
"Ottawa-Gatineau, Ontario part, Ontario/Quebec",1994-12-01,77.6
"Ottawa-Gatineau, Ontario part, Ontario/Quebec",1995-01-01,77.8
"Ottawa-Gatineau, Ontario part, Ontario/Quebec",1995-02-01,77.8
"Ottawa-Gatineau, Ontario part, Ontario/Quebec",1995-03-01,78.1
"Ottawa-Gatineau, Ontario part, Ontario/Quebec",1995-04-01,78.1
"Ottawa-Gatineau, Ontario part, Ontario/Quebec",1995-05-01,78.1
"Ottawa-Gatineau, Ontario part, Ontario/Quebec",1995-06-01,78.1
"Ottawa-Gatineau, Ontario part, Ontario/Quebec",1995-07-01,78.1
"Ottawa-Gatineau, Ontario part, Ontario/Quebec",1995-08-01,78.1
"Ottawa-Gatineau, Ontario part, Ontario/Quebec",1995-09-01,78.1
"Ottawa-Gatineau, Ontario part, Ontario/Quebec",1995-10-01,78.1
"Ottawa-Gatineau, Ontario part, Ontario/Quebec",1995-11-01,78.1
"Ottawa-Gatineau, Ontario part, Ontario/Quebec",1995-12-01,78.1
"Ottawa-Gatineau, Ontario part, Ontario/Quebec",1996-01-01,78.1
"Ottawa-Gatineau, Ontario part, Ontario/Quebec",1996-02-01,78.1
"Ottawa-Gatineau, Ontario part, Ontario/Quebec",1996-03-01,78.1
"Ottawa-Gatineau, Ontario part, Ontario/Quebec",1996-04-01,78.1
"Ottawa-Gatineau, Ontario part, Ontario/Quebec",1996-05-01,77.8
"Ottawa-Gatineau, Ontario part, Ontario/Quebec",1996-06-01,77.8
"Ottawa-Gatineau, Ontario part, Ontario/Quebec",1996-07-01,77.8
"Ottawa-Gatineau, Ontario part, Ontario/Quebec",1996-08-01,76.6
"Ottawa-Gatineau, Ontario part, Ontario/Quebec",1996-09-01,76.6
"Ottawa-Gatineau, Ontario part, Ontario/Quebec",1996-10-01,76.6
"Ottawa-Gatineau, Ontario part, Ontario/Quebec",1996-11-01,76.6
"Ottawa-Gatineau, Ontario part, Ontario/Quebec",1996-12-01,76.6
"Ottawa-Gatineau, Ontario part, Ontario/Quebec",1997-01-01,76.6
"Ottawa-Gatineau, Ontario part, Ontario/Quebec",1997-02-01,76.6
"Ottawa-Gatineau, Ontario part, Ontario/Quebec",1997-03-01,76.6
"Ottawa-Gatineau, Ontario part, Ontario/Quebec",1997-04-01,74.9
"Ottawa-Gatineau, Ontario part, Ontario/Quebec",1997-05-01,75.5
"Ottawa-Gatineau, Ontario part, Ontario/Quebec",1997-06-01,75.5
"Ottawa-Gatineau, Ontario part, Ontario/Quebec",1997-07-01,75.5
"Ottawa-Gatineau, Ontario part, Ontario/Quebec",1997-08-01,75.5
"Ottawa-Gatineau, Ontario part, Ontario/Quebec",1997-09-01,75.5
"Ottawa-Gatineau, Ontario part, Ontario/Quebec",1997-10-01,75.5
"Ottawa-Gatineau, Ontario part, Ontario/Quebec",1997-11-01,75.5
"Ottawa-Gatineau, Ontario part, Ontario/Quebec",1997-12-01,75.5
"Ottawa-Gatineau, Ontario part, Ontario/Quebec",1998-01-01,75.5
"Ottawa-Gatineau, Ontario part, Ontario/Quebec",1998-02-01,75.5
"Ottawa-Gatineau, Ontario part, Ontario/Quebec",1998-03-01,75.5
"Ottawa-Gatineau, Ontario part, Ontario/Quebec",1998-04-01,76.1
"Ottawa-Gatineau, Ontario part, Ontario/Quebec",1998-05-01,76.3
"Ottawa-Gatineau, Ontario part, Ontario/Quebec",1998-06-01,76.3
"Ottawa-Gatineau, Ontario part, Ontario/Quebec",1998-07-01,76.3
"Ottawa-Gatineau, Ontario part, Ontario/Quebec",1998-08-01,77.9
"Ottawa-Gatineau, Ontario part, Ontario/Quebec",1998-09-01,77.9
"Ottawa-Gatineau, Ontario part, Ontario/Quebec",1998-10-01,77.9
"Ottawa-Gatineau, Ontario part, Ontario/Quebec",1998-11-01,78.2
"Ottawa-Gatineau, Ontario part, Ontario/Quebec",1998-12-01,78.2
"Ottawa-Gatineau, Ontario part, Ontario/Quebec",1999-01-01,78.2
"Ottawa-Gatineau, Ontario part, Ontario/Quebec",1999-02-01,78.2
"Ottawa-Gatineau, Ontario part, Ontario/Quebec",1999-03-01,76.6
"Ottawa-Gatineau, Ontario part, Ontario/Quebec",1999-04-01,76.6
"Ottawa-Gatineau, Ontario part, Ontario/Quebec",1999-05-01,76.6
"Ottawa-Gatineau, Ontario part, Ontario/Quebec",1999-06-01,76.6
"Ottawa-Gatineau, Ontario part, Ontario/Quebec",1999-07-01,77.0
"Ottawa-Gatineau, Ontario part, Ontario/Quebec",1999-08-01,77.3
"Ottawa-Gatineau, Ontario part, Ontario/Quebec",1999-09-01,77.3
"Ottawa-Gatineau, Ontario part, Ontario/Quebec",1999-10-01,77.2
"Ottawa-Gatineau, Ontario part, Ontario/Quebec",1999-11-01,77.2
"Ottawa-Gatineau, Ontario part, Ontario/Quebec",1999-12-01,77.2
"Ottawa-Gatineau, Ontario part, Ontario/Quebec",2000-01-01,77.2
"Ottawa-Gatineau, Ontario part, Ontario/Quebec",2000-02-01,77.2
"Ottawa-Gatineau, Ontario part, Ontario/Quebec",2000-03-01,77.2
"Ottawa-Gatineau, Ontario part, Ontario/Quebec",2000-04-01,77.2
"Ottawa-Gatineau, Ontario part, Ontario/Quebec",2000-05-01,77.7
"Ottawa-Gatineau, Ontario part, Ontario/Quebec",2000-06-01,77.7
"Ottawa-Gatineau, Ontario part, Ontario/Quebec",2000-07-01,78.4
"Ottawa-Gatineau, Ontario part, Ontario/Quebec",2000-08-01,79.5
"Ottawa-Gatineau, Ontario part, Ontario/Quebec",2000-09-01,79.5
"Ottawa-Gatineau, Ontario part, Ontario/Quebec",2000-10-01,79.7
"Ottawa-Gatineau, Ontario part, Ontario/Quebec",2000-11-01,79.7
"Ottawa-Gatineau, Ontario part, Ontario/Quebec",2000-12-01,80.2
"Ottawa-Gatineau, Ontario part, Ontario/Quebec",2001-01-01,80.2
"Ottawa-Gatineau, Ontario part, Ontario/Quebec",2001-02-01,80.2
"Ottawa-Gatineau, Ontario part, Ontario/Quebec",2001-03-01,80.2
"Ottawa-Gatineau, Ontario part, Ontario/Quebec",2001-04-01,80.2
"Ottawa-Gatineau, Ontario part, Ontario/Quebec",2001-05-01,80.6
"Ottawa-Gatineau, Ontario part, Ontario/Quebec",2001-06-01,80.6
"Ottawa-Gatineau, Ontario part, Ontario/Quebec",2001-07-01,80.6
"Ottawa-Gatineau, Ontario part, Ontario/Quebec",2001-08-01,80.6
"Ottawa-Gatineau, Ontario part, Ontario/Quebec",2001-09-01,80.6
"Ottawa-Gatineau, Ontario part, Ontario/Quebec",2001-10-01,80.6
"Ottawa-Gatineau, Ontario part, Ontario/Quebec",2001-11-01,80.6
"Ottawa-Gatineau, Ontario part, Ontario/Quebec",2001-12-01,80.0
"Ottawa-Gatineau, Ontario part, Ontario/Quebec",2002-01-01,80.0
"Ottawa-Gatineau, Ontario part, Ontario/Quebec",2002-02-01,80.0
"Ottawa-Gatineau, Ontario part, Ontario/Quebec",2002-03-01,80.0
"Ottawa-Gatineau, Ontario part, Ontario/Quebec",2002-04-01,79.9
"Ottawa-Gatineau, Ontario part, Ontario/Quebec",2002-05-01,79.9
"Ottawa-Gatineau, Ontario part, Ontario/Quebec",2002-06-01,79.9
"Ottawa-Gatineau, Ontario part, Ontario/Quebec",2002-07-01,79.9
"Ottawa-Gatineau, Ontario part, Ontario/Quebec",2002-08-01,79.9
"Ottawa-Gatineau, Ontario part, Ontario/Quebec",2002-09-01,79.9
"Ottawa-Gatineau, Ontario part, Ontario/Quebec",2002-10-01,79.9
"Ottawa-Gatineau, Ontario part, Ontario/Quebec",2002-11-01,79.9
"Ottawa-Gatineau, Ontario part, Ontario/Quebec",2002-12-01,80.3
"Ottawa-Gatineau, Ontario part, Ontario/Quebec",2003-01-01,80.3
"Ottawa-Gatineau, Ontario part, Ontario/Quebec",2003-02-01,80.3
"Ottawa-Gatineau, Ontario part, Ontario/Quebec",2003-03-01,80.3
"Ottawa-Gatineau, Ontario part, Ontario/Quebec",2003-04-01,80.3
"Ottawa-Gatineau, Ontario part, Ontario/Quebec",2003-05-01,80.3
"Ottawa-Gatineau, Ontario part, Ontario/Quebec",2003-06-01,80.3
"Ottawa-Gatineau, Ontario part, Ontario/Quebec",2003-07-01,80.3
"Ottawa-Gatineau, Ontario part, Ontario/Quebec",2003-08-01,80.3
"Ottawa-Gatineau, Ontario part, Ontario/Quebec",2003-09-01,82.0
"Ottawa-Gatineau, Ontario part, Ontario/Quebec",2003-10-01,82.0
"Ottawa-Gatineau, Ontario part, Ontario/Quebec",2003-11-01,82.0
"Ottawa-Gatineau, Ontario part, Ontario/Quebec",2003-12-01,82.0
"Ottawa-Gatineau, Ontario part, Ontario/Quebec",2004-01-01,82.0
"Ottawa-Gatineau, Ontario part, Ontario/Quebec",2004-02-01,82.0
"Ottawa-Gatineau, Ontario part, Ontario/Quebec",2004-03-01,82.0
"Ottawa-Gatineau, Ontario part, Ontario/Quebec",2004-04-01,84.4
"Ottawa-Gatineau, Ontario part, Ontario/Quebec",2004-05-01,86.0
"Ottawa-Gatineau, Ontario part, Ontario/Quebec",2004-06-01,87.8
"Ottawa-Gatineau, Ontario part, Ontario/Quebec",2004-07-01,87.8
"Ottawa-Gatineau, Ontario part, Ontario/Quebec",2004-08-01,89.1
"Ottawa-Gatineau, Ontario part, Ontario/Quebec",2004-09-01,89.1
"Ottawa-Gatineau, Ontario part, Ontario/Quebec",2004-10-01,89.1
"Ottawa-Gatineau, Ontario part, Ontario/Quebec",2004-11-01,89.1
"Ottawa-Gatineau, Ontario part, Ontario/Quebec",2004-12-01,89.1
"Ottawa-Gatineau, Ontario part, Ontario/Quebec",2005-01-01,89.1
"Ottawa-Gatineau, Ontario part, Ontario/Quebec",2005-02-01,89.1
"Ottawa-Gatineau, Ontario part, Ontario/Quebec",2005-03-01,89.1
"Ottawa-Gatineau, Ontario part, Ontario/Quebec",2005-04-01,89.1
"Ottawa-Gatineau, Ontario part, Ontario/Quebec",2005-05-01,89.1
"Ottawa-Gatineau, Ontario part, Ontario/Quebec",2005-06-01,89.1
"Ottawa-Gatineau, Ontario part, Ontario/Quebec",2005-07-01,89.1
"Ottawa-Gatineau, Ontario part, Ontario/Quebec",2005-08-01,89.1
"Ottawa-Gatineau, Ontario part, Ontario/Quebec",2005-09-01,89.1
"Ottawa-Gatineau, Ontario part, Ontario/Quebec",2005-10-01,89.1
"Ottawa-Gatineau, Ontario part, Ontario/Quebec",2005-11-01,89.1
"Ottawa-Gatineau, Ontario part, Ontario/Quebec",2005-12-01,89.1
"Ottawa-Gatineau, Ontario part, Ontario/Quebec",2006-01-01,89.1
"Ottawa-Gatineau, Ontario part, Ontario/Quebec",2006-02-01,89.1
"Ottawa-Gatineau, Ontario part, Ontario/Quebec",2006-03-01,89.1
"Ottawa-Gatineau, Ontario part, Ontario/Quebec",2006-04-01,89.1
"Ottawa-Gatineau, Ontario part, Ontario/Quebec",2006-05-01,89.2
"Ottawa-Gatineau, Ontario part, Ontario/Quebec",2006-06-01,89.2
"Ottawa-Gatineau, Ontario part, Ontario/Quebec",2006-07-01,89.6
"Ottawa-Gatineau, Ontario part, Ontario/Quebec",2006-08-01,89.6
"Ottawa-Gatineau, Ontario part, Ontario/Quebec",2006-09-01,89.6
"Ottawa-Gatineau, Ontario part, Ontario/Quebec",2006-10-01,89.6
"Ottawa-Gatineau, Ontario part, Ontario/Quebec",2006-11-01,89.6
"Ottawa-Gatineau, Ontario part, Ontario/Quebec",2006-12-01,89.6
"Ottawa-Gatineau, Ontario part, Ontario/Quebec",2007-01-01,89.6
"Ottawa-Gatineau, Ontario part, Ontario/Quebec",2007-02-01,89.6
"Ottawa-Gatineau, Ontario part, Ontario/Quebec",2007-03-01,89.6
"Ottawa-Gatineau, Ontario part, Ontario/Quebec",2007-04-01,89.6
"Ottawa-Gatineau, Ontario part, Ontario/Quebec",2007-05-01,89.9
"Ottawa-Gatineau, Ontario part, Ontario/Quebec",2007-06-01,90.0
"Ottawa-Gatineau, Ontario part, Ontario/Quebec",2007-07-01,90.2
"Ottawa-Gatineau, Ontario part, Ontario/Quebec",2007-08-01,90.3
"Ottawa-Gatineau, Ontario part, Ontario/Quebec",2007-09-01,90.3
"Ottawa-Gatineau, Ontario part, Ontario/Quebec",2007-10-01,90.3
"Ottawa-Gatineau, Ontario part, Ontario/Quebec",2007-11-01,90.3
"Ottawa-Gatineau, Ontario part, Ontario/Quebec",2007-12-01,90.3
"Ottawa-Gatineau, Ontario part, Ontario/Quebec",2008-01-01,91.0
"Ottawa-Gatineau, Ontario part, Ontario/Quebec",2008-02-01,91.0
"Ottawa-Gatineau, Ontario part, Ontario/Quebec",2008-03-01,91.0
"Ottawa-Gatineau, Ontario part, Ontario/Quebec",2008-04-01,91.0
"Ottawa-Gatineau, Ontario part, Ontario/Quebec",2008-05-01,91.0
"Ottawa-Gatineau, Ontario part, Ontario/Quebec",2008-06-01,91.0
"Ottawa-Gatineau, Ontario part, Ontario/Quebec",2008-07-01,91.0
"Ottawa-Gatineau, Ontario part, Ontario/Quebec",2008-08-01,91.0
"Ottawa-Gatineau, Ontario part, Ontario/Quebec",2008-09-01,91.0
"Ottawa-Gatineau, Ontario part, Ontario/Quebec",2008-10-01,91.0
"Ottawa-Gatineau, Ontario part, Ontario/Quebec",2008-11-01,91.0
"Ottawa-Gatineau, Ontario part, Ontario/Quebec",2008-12-01,91.0
"Ottawa-Gatineau, Ontario part, Ontario/Quebec",2009-01-01,91.0
"Ottawa-Gatineau, Ontario part, Ontario/Quebec",2009-02-01,91.0
"Ottawa-Gatineau, Ontario part, Ontario/Quebec",2009-03-01,91.0
"Ottawa-Gatineau, Ontario part, Ontario/Quebec",2009-04-01,91.0
"Ottawa-Gatineau, Ontario part, Ontario/Quebec",2009-05-01,91.0
"Ottawa-Gatineau, Ontario part, Ontario/Quebec",2009-06-01,91.0
"Ottawa-Gatineau, Ontario part, Ontario/Quebec",2009-07-01,91.0
"Ottawa-Gatineau, Ontario part, Ontario/Quebec",2009-08-01,91.0
"Ottawa-Gatineau, Ontario part, Ontario/Quebec",2009-09-01,91.0
"Ottawa-Gatineau, Ontario part, Ontario/Quebec",2009-10-01,91.0
"Ottawa-Gatineau, Ontario part, Ontario/Quebec",2009-11-01,91.0
"Ottawa-Gatineau, Ontario part, Ontario/Quebec",2009-12-01,91.4
"Ottawa-Gatineau, Ontario part, Ontario/Quebec",2010-01-01,91.5
"Ottawa-Gatineau, Ontario part, Ontario/Quebec",2010-02-01,91.5
"Ottawa-Gatineau, Ontario part, Ontario/Quebec",2010-03-01,91.5
"Ottawa-Gatineau, Ontario part, Ontario/Quebec",2010-04-01,91.6
"Ottawa-Gatineau, Ontario part, Ontario/Quebec",2010-05-01,91.8
"Ottawa-Gatineau, Ontario part, Ontario/Quebec",2010-06-01,92.7
"Ottawa-Gatineau, Ontario part, Ontario/Quebec",2010-07-01,92.7
"Ottawa-Gatineau, Ontario part, Ontario/Quebec",2010-08-01,92.9
"Ottawa-Gatineau, Ontario part, Ontario/Quebec",2010-09-01,93.0
"Ottawa-Gatineau, Ontario part, Ontario/Quebec",2010-10-01,93.1
"Ottawa-Gatineau, Ontario part, Ontario/Quebec",2010-11-01,93.1
"Ottawa-Gatineau, Ontario part, Ontario/Quebec",2010-12-01,93.1
"Ottawa-Gatineau, Ontario part, Ontario/Quebec",2011-01-01,93.1
"Ottawa-Gatineau, Ontario part, Ontario/Quebec",2011-02-01,93.1
"Ottawa-Gatineau, Ontario part, Ontario/Quebec",2011-03-01,93.2
"Ottawa-Gatineau, Ontario part, Ontario/Quebec",2011-04-01,93.6
"Ottawa-Gatineau, Ontario part, Ontario/Quebec",2011-05-01,93.7
"Ottawa-Gatineau, Ontario part, Ontario/Quebec",2011-06-01,93.2
"Ottawa-Gatineau, Ontario part, Ontario/Quebec",2011-07-01,93.3
"Ottawa-Gatineau, Ontario part, Ontario/Quebec",2011-08-01,93.9
"Ottawa-Gatineau, Ontario part, Ontario/Quebec",2011-09-01,93.9
"Ottawa-Gatineau, Ontario part, Ontario/Quebec",2011-10-01,94.0
"Ottawa-Gatineau, Ontario part, Ontario/Quebec",2011-11-01,93.9
"Ottawa-Gatineau, Ontario part, Ontario/Quebec",2011-12-01,93.9
"Ottawa-Gatineau, Ontario part, Ontario/Quebec",2012-01-01,94.1
"Ottawa-Gatineau, Ontario part, Ontario/Quebec",2012-02-01,94.3
"Ottawa-Gatineau, Ontario part, Ontario/Quebec",2012-03-01,94.8
"Ottawa-Gatineau, Ontario part, Ontario/Quebec",2012-04-01,94.8
"Ottawa-Gatineau, Ontario part, Ontario/Quebec",2012-05-01,95.1
"Ottawa-Gatineau, Ontario part, Ontario/Quebec",2012-06-01,95.2
"Ottawa-Gatineau, Ontario part, Ontario/Quebec",2012-07-01,95.5
"Ottawa-Gatineau, Ontario part, Ontario/Quebec",2012-08-01,96.0
"Ottawa-Gatineau, Ontario part, Ontario/Quebec",2012-09-01,96.0
"Ottawa-Gatineau, Ontario part, Ontario/Quebec",2012-10-01,96.2
"Ottawa-Gatineau, Ontario part, Ontario/Quebec",2012-11-01,96.4
"Ottawa-Gatineau, Ontario part, Ontario/Quebec",2012-12-01,96.4
"Ottawa-Gatineau, Ontario part, Ontario/Quebec",2013-01-01,96.4
"Ottawa-Gatineau, Ontario part, Ontario/Quebec",2013-02-01,96.7
"Ottawa-Gatineau, Ontario part, Ontario/Quebec",2013-03-01,96.7
"Ottawa-Gatineau, Ontario part, Ontario/Quebec",2013-04-01,96.8
"Ottawa-Gatineau, Ontario part, Ontario/Quebec",2013-05-01,97.1
"Ottawa-Gatineau, Ontario part, Ontario/Quebec",2013-06-01,97.3
"Ottawa-Gatineau, Ontario part, Ontario/Quebec",2013-07-01,97.3
"Ottawa-Gatineau, Ontario part, Ontario/Quebec",2013-08-01,97.7
"Ottawa-Gatineau, Ontario part, Ontario/Quebec",2013-09-01,97.7
"Ottawa-Gatineau, Ontario part, Ontario/Quebec",2013-10-01,97.7
"Ottawa-Gatineau, Ontario part, Ontario/Quebec",2013-11-01,97.8
"Ottawa-Gatineau, Ontario part, Ontario/Quebec",2013-12-01,98.0
"Ottawa-Gatineau, Ontario part, Ontario/Quebec",2014-01-01,98.0
"Ottawa-Gatineau, Ontario part, Ontario/Quebec",2014-02-01,98.1
"Ottawa-Gatineau, Ontario part, Ontario/Quebec",2014-03-01,98.2
"Ottawa-Gatineau, Ontario part, Ontario/Quebec",2014-04-01,98.2
"Ottawa-Gatineau, Ontario part, Ontario/Quebec",2014-05-01,99.0
"Ottawa-Gatineau, Ontario part, Ontario/Quebec",2014-06-01,99.0
"Ottawa-Gatineau, Ontario part, Ontario/Quebec",2014-07-01,99.0
"Ottawa-Gatineau, Ontario part, Ontario/Quebec",2014-08-01,99.3
"Ottawa-Gatineau, Ontario part, Ontario/Quebec",2014-09-01,99.3
"Ottawa-Gatineau, Ontario part, Ontario/Quebec",2014-10-01,99.3
"Ottawa-Gatineau, Ontario part, Ontario/Quebec",2014-11-01,99.4
"Ottawa-Gatineau, Ontario part, Ontario/Quebec",2014-12-01,99.3
"Ottawa-Gatineau, Ontario part, Ontario/Quebec",2015-01-01,99.3
"Ottawa-Gatineau, Ontario part, Ontario/Quebec",2015-02-01,99.4
"Ottawa-Gatineau, Ontario part, Ontario/Quebec",2015-03-01,99.4
"Ottawa-Gatineau, Ontario part, Ontario/Quebec",2015-04-01,99.4
"Ottawa-Gatineau, Ontario part, Ontario/Quebec",2015-05-01,99.1
"Ottawa-Gatineau, Ontario part, Ontario/Quebec",2015-06-01,99.1
"Ottawa-Gatineau, Ontario part, Ontario/Quebec",2015-07-01,99.1
"Ottawa-Gatineau, Ontario part, Ontario/Quebec",2015-08-01,99.1
"Ottawa-Gatineau, Ontario part, Ontario/Quebec",2015-09-01,99.2
"Ottawa-Gatineau, Ontario part, Ontario/Quebec",2015-10-01,99.2
"Ottawa-Gatineau, Ontario part, Ontario/Quebec",2015-11-01,99.2
"Ottawa-Gatineau, Ontario part, Ontario/Quebec",2015-12-01,99.3
"Ottawa-Gatineau, Ontario part, Ontario/Quebec",2016-01-01,99.3
"Ottawa-Gatineau, Ontario part, Ontario/Quebec",2016-02-01,99.4
"Ottawa-Gatineau, Ontario part, Ontario/Quebec",2016-03-01,99.3
"Ottawa-Gatineau, Ontario part, Ontario/Quebec",2016-04-01,99.3
"Ottawa-Gatineau, Ontario part, Ontario/Quebec",2016-05-01,99.3
"Ottawa-Gatineau, Ontario part, Ontario/Quebec",2016-06-01,99.3
"Ottawa-Gatineau, Ontario part, Ontario/Quebec",2016-07-01,99.3
"Ottawa-Gatineau, Ontario part, Ontario/Quebec",2016-08-01,99.8
"Ottawa-Gatineau, Ontario part, Ontario/Quebec",2016-09-01,99.8
"Ottawa-Gatineau, Ontario part, Ontario/Quebec",2016-10-01,99.8
"Ottawa-Gatineau, Ontario part, Ontario/Quebec",2016-11-01,100.0
"Ottawa-Gatineau, Ontario part, Ontario/Quebec",2016-12-01,100.0
"Ottawa-Gatineau, Ontario part, Ontario/Quebec",2017-01-01,100.3
"Ottawa-Gatineau, Quebec part, Ontario/Quebec",2016-12-01,100.0
"Ottawa-Gatineau, Quebec part, Ontario/Quebec",2017-01-01,100.0
"Ottawa-Gatineau, Quebec part, Ontario/Quebec",2017-02-01,100.0
"Ottawa-Gatineau, Quebec part, Ontario/Quebec",2017-03-01,100.0
"Ottawa-Gatineau, Quebec part, Ontario/Quebec",2017-04-01,100.0
"Ottawa-Gatineau, Quebec part, Ontario/Quebec",2017-05-01,100.0
"Ottawa-Gatineau, Quebec part, Ontario/Quebec",2017-06-01,100.0
"Ottawa-Gatineau, Quebec part, Ontario/Quebec",2017-07-01,100.0
"Ottawa-Gatineau, Quebec part, Ontario/Quebec",2017-08-01,100.0
"Ottawa-Gatineau, Quebec part, Ontario/Quebec",2017-09-01,100.0
"Ottawa-Gatineau, Quebec part, Ontario/Quebec",2017-10-01,100.0
"Ottawa-Gatineau, Quebec part, Ontario/Quebec",2017-11-01,100.0
"Ottawa-Gatineau, Quebec part, Ontario/Quebec",2017-12-01,100.0
"Ottawa-Gatineau, Quebec part, Ontario/Quebec",2018-01-01,100.0
"Ottawa-Gatineau, Quebec part, Ontario/Quebec",2018-02-01,100.0
"Ottawa-Gatineau, Quebec part, Ontario/Quebec",2018-03-01,100.0
"Ottawa-Gatineau, Quebec part, Ontario/Quebec",2018-04-01,100.0
"Ottawa-Gatineau, Quebec part, Ontario/Quebec",2018-05-01,100.0
"Ottawa-Gatineau, Quebec part, Ontario/Quebec",2018-06-01,100.3
"Ottawa-Gatineau, Quebec part, Ontario/Quebec",2018-07-01,100.9
"Ottawa-Gatineau, Quebec part, Ontario/Quebec",2018-08-01,101.4
"Ottawa-Gatineau, Quebec part, Ontario/Quebec",2018-09-01,101.4
"Ottawa-Gatineau, Quebec part, Ontario/Quebec",2018-10-01,101.4
"Ottawa-Gatineau, Quebec part, Ontario/Quebec",2018-11-01,101.4
"Québec, Quebec",1981-01-01,19.8
"Québec, Quebec",1981-02-01,20.3
"Québec, Quebec",1981-03-01,20.6
"Québec, Quebec",1981-04-01,20.9
"Québec, Quebec",1981-05-01,21.2
"Québec, Quebec",1981-06-01,21.2
"Québec, Quebec",1981-07-01,21.2
"Québec, Quebec",1981-08-01,21.3
"Québec, Quebec",1981-09-01,21.4
"Québec, Quebec",1981-10-01,21.5
"Québec, Quebec",1981-11-01,21.8
"Québec, Quebec",1981-12-01,21.8
"Québec, Quebec",1982-01-01,21.8
"Québec, Quebec",1982-02-01,21.9
"Québec, Quebec",1982-03-01,21.9
"Québec, Quebec",1982-04-01,21.9
"Québec, Quebec",1982-05-01,21.9
"Québec, Quebec",1982-06-01,21.9
"Québec, Quebec",1982-07-01,21.9
"Québec, Quebec",1982-08-01,21.9
"Québec, Quebec",1982-09-01,22.1
"Québec, Quebec",1982-10-01,22.1
"Québec, Quebec",1982-11-01,22.2
"Québec, Quebec",1982-12-01,22.2
"Québec, Quebec",1983-01-01,22.4
"Québec, Quebec",1983-02-01,22.4
"Québec, Quebec",1983-03-01,22.4
"Québec, Quebec",1983-04-01,22.0
"Québec, Quebec",1983-05-01,22.4
"Québec, Quebec",1983-06-01,22.4
"Québec, Quebec",1983-07-01,22.5
"Québec, Quebec",1983-08-01,22.8
"Québec, Quebec",1983-09-01,23.3
"Québec, Quebec",1983-10-01,23.2
"Québec, Quebec",1983-11-01,23.2
"Québec, Quebec",1983-12-01,23.2
"Québec, Quebec",1984-01-01,23.4
"Québec, Quebec",1984-02-01,23.4
"Québec, Quebec",1984-03-01,23.4
"Québec, Quebec",1984-04-01,23.8
"Québec, Quebec",1984-05-01,23.8
"Québec, Quebec",1984-06-01,23.8
"Québec, Quebec",1984-07-01,23.9
"Québec, Quebec",1984-08-01,24.5
"Québec, Quebec",1984-09-01,24.6
"Québec, Quebec",1984-10-01,24.6
"Québec, Quebec",1984-11-01,24.6
"Québec, Quebec",1984-12-01,24.8
"Québec, Quebec",1985-01-01,25.1
"Québec, Quebec",1985-02-01,25.4
"Québec, Quebec",1985-03-01,25.5
"Québec, Quebec",1985-04-01,25.7
"Québec, Quebec",1985-05-01,25.7
"Québec, Quebec",1985-06-01,26.0
"Québec, Quebec",1985-07-01,26.0
"Québec, Quebec",1985-08-01,26.5
"Québec, Quebec",1985-09-01,26.6
"Québec, Quebec",1985-10-01,26.7
"Québec, Quebec",1985-11-01,27.0
"Québec, Quebec",1985-12-01,27.0
"Québec, Quebec",1986-01-01,27.1
"Québec, Quebec",1986-02-01,27.3
"Québec, Quebec",1986-03-01,27.5
"Québec, Quebec",1986-04-01,27.6
"Québec, Quebec",1986-05-01,27.6
"Québec, Quebec",1986-06-01,27.7
"Québec, Quebec",1986-07-01,27.8
"Québec, Quebec",1986-08-01,28.2
"Québec, Quebec",1986-09-01,28.4
"Québec, Quebec",1986-10-01,28.6
"Québec, Quebec",1986-11-01,28.7
"Québec, Quebec",1986-12-01,28.7
"Québec, Quebec",1987-01-01,29.1
"Québec, Quebec",1987-02-01,30.2
"Québec, Quebec",1987-03-01,30.4
"Québec, Quebec",1987-04-01,30.9
"Québec, Quebec",1987-05-01,31.1
"Québec, Quebec",1987-06-01,31.3
"Québec, Quebec",1987-07-01,31.4
"Québec, Quebec",1987-08-01,31.8
"Québec, Quebec",1987-09-01,32.1
"Québec, Quebec",1987-10-01,32.2
"Québec, Quebec",1987-11-01,32.2
"Québec, Quebec",1987-12-01,32.5
"Québec, Quebec",1988-01-01,33.0
"Québec, Quebec",1988-02-01,33.2
"Québec, Quebec",1988-03-01,34.1
"Québec, Quebec",1988-04-01,34.5
"Québec, Quebec",1988-05-01,35.4
"Québec, Quebec",1988-06-01,35.8
"Québec, Quebec",1988-07-01,35.8
"Québec, Quebec",1988-08-01,36.2
"Québec, Quebec",1988-09-01,36.6
"Québec, Quebec",1988-10-01,36.8
"Québec, Quebec",1988-11-01,37.4
"Québec, Quebec",1988-12-01,37.5
"Québec, Quebec",1989-01-01,37.9
"Québec, Quebec",1989-02-01,38.4
"Québec, Quebec",1989-03-01,38.6
"Québec, Quebec",1989-04-01,38.6
"Québec, Quebec",1989-05-01,39.3
"Québec, Quebec",1989-06-01,39.3
"Québec, Quebec",1989-07-01,39.3
"Québec, Quebec",1989-08-01,39.5
"Québec, Quebec",1989-09-01,39.5
"Québec, Quebec",1989-10-01,39.7
"Québec, Quebec",1989-11-01,39.9
"Québec, Quebec",1989-12-01,40.1
"Québec, Quebec",1990-01-01,40.1
"Québec, Quebec",1990-02-01,40.1
"Québec, Quebec",1990-03-01,40.1
"Québec, Quebec",1990-04-01,40.1
"Québec, Quebec",1990-05-01,40.1
"Québec, Quebec",1990-06-01,40.1
"Québec, Quebec",1990-07-01,40.1
"Québec, Quebec",1990-08-01,40.6
"Québec, Quebec",1990-09-01,40.9
"Québec, Quebec",1990-10-01,41.1
"Québec, Quebec",1990-11-01,41.6
"Québec, Quebec",1990-12-01,41.8
"Québec, Quebec",1991-01-01,41.6
"Québec, Quebec",1991-02-01,42.5
"Québec, Quebec",1991-03-01,42.5
"Québec, Quebec",1991-04-01,42.2
"Québec, Quebec",1991-05-01,43.2
"Québec, Quebec",1991-06-01,43.1
"Québec, Quebec",1991-07-01,43.1
"Québec, Quebec",1991-08-01,43.0
"Québec, Quebec",1991-09-01,43.4
"Québec, Quebec",1991-10-01,43.3
"Québec, Quebec",1991-11-01,43.6
"Québec, Quebec",1991-12-01,43.5
"Québec, Quebec",1992-01-01,43.7
"Québec, Quebec",1992-02-01,43.7
"Québec, Quebec",1992-03-01,43.8
"Québec, Quebec",1992-04-01,43.9
"Québec, Quebec",1992-05-01,44.4
"Québec, Quebec",1992-06-01,44.5
"Québec, Quebec",1992-07-01,44.7
"Québec, Quebec",1992-08-01,45.6
"Québec, Quebec",1992-09-01,45.3
"Québec, Quebec",1992-10-01,45.3
"Québec, Quebec",1992-11-01,45.5
"Québec, Quebec",1992-12-01,45.5
"Québec, Quebec",1993-01-01,45.2
"Québec, Quebec",1993-02-01,45.2
"Québec, Quebec",1993-03-01,45.3
"Québec, Quebec",1993-04-01,45.5
"Québec, Quebec",1993-05-01,45.5
"Québec, Quebec",1993-06-01,45.5
"Québec, Quebec",1993-07-01,45.5
"Québec, Quebec",1993-08-01,45.4
"Québec, Quebec",1993-09-01,45.9
"Québec, Quebec",1993-10-01,46.0
"Québec, Quebec",1993-11-01,46.0
"Québec, Quebec",1993-12-01,46.0
"Québec, Quebec",1994-01-01,46.0
"Québec, Quebec",1994-02-01,46.0
"Québec, Quebec",1994-03-01,46.0
"Québec, Quebec",1994-04-01,46.0
"Québec, Quebec",1994-05-01,45.9
"Québec, Quebec",1994-06-01,45.9
"Québec, Quebec",1994-07-01,45.9
"Québec, Quebec",1994-08-01,45.9
"Québec, Quebec",1994-09-01,45.9
"Québec, Quebec",1994-10-01,46.1
"Québec, Quebec",1994-11-01,46.0
"Québec, Quebec",1994-12-01,46.0
"Québec, Quebec",1995-01-01,46.3
"Québec, Quebec",1995-02-01,46.3
"Québec, Quebec",1995-03-01,46.3
"Québec, Quebec",1995-04-01,46.3
"Québec, Quebec",1995-05-01,46.3
"Québec, Quebec",1995-06-01,46.3
"Québec, Quebec",1995-07-01,46.3
"Québec, Quebec",1995-08-01,46.3
"Québec, Quebec",1995-09-01,46.3
"Québec, Quebec",1995-10-01,46.3
"Québec, Quebec",1995-11-01,46.3
"Québec, Quebec",1995-12-01,46.3
"Québec, Quebec",1996-01-01,46.3
"Québec, Quebec",1996-02-01,46.1
"Québec, Quebec",1996-03-01,45.2
"Québec, Quebec",1996-04-01,45.1
"Québec, Quebec",1996-05-01,43.8
"Québec, Quebec",1996-06-01,43.8
"Québec, Quebec",1996-07-01,43.8
"Québec, Quebec",1996-08-01,43.4
"Québec, Quebec",1996-09-01,43.4
"Québec, Quebec",1996-10-01,43.4
"Québec, Quebec",1996-11-01,43.3
"Québec, Quebec",1996-12-01,43.3
"Québec, Quebec",1997-01-01,43.3
"Québec, Quebec",1997-02-01,43.3
"Québec, Quebec",1997-03-01,43.3
"Québec, Quebec",1997-04-01,44.1
"Québec, Quebec",1997-05-01,43.8
"Québec, Quebec",1997-06-01,43.8
"Québec, Quebec",1997-07-01,43.8
"Québec, Quebec",1997-08-01,44.6
"Québec, Quebec",1997-09-01,44.6
"Québec, Quebec",1997-10-01,45.4
"Québec, Quebec",1997-11-01,45.4
"Québec, Quebec",1997-12-01,45.4
"Québec, Quebec",1998-01-01,45.4
"Québec, Quebec",1998-02-01,45.4
"Québec, Quebec",1998-03-01,45.4
"Québec, Quebec",1998-04-01,45.2
"Québec, Quebec",1998-05-01,45.4
"Québec, Quebec",1998-06-01,45.8
"Québec, Quebec",1998-07-01,45.8
"Québec, Quebec",1998-08-01,45.8
"Québec, Quebec",1998-09-01,45.8
"Québec, Quebec",1998-10-01,45.8
"Québec, Quebec",1998-11-01,45.8
"Québec, Quebec",1998-12-01,45.8
"Québec, Quebec",1999-01-01,45.8
"Québec, Quebec",1999-02-01,45.8
"Québec, Quebec",1999-03-01,46.8
"Québec, Quebec",1999-04-01,45.8
"Québec, Quebec",1999-05-01,45.8
"Québec, Quebec",1999-06-01,45.8
"Québec, Quebec",1999-07-01,45.8
"Québec, Quebec",1999-08-01,45.8
"Québec, Quebec",1999-09-01,45.8
"Québec, Quebec",1999-10-01,45.8
"Québec, Quebec",1999-11-01,45.9
"Québec, Quebec",1999-12-01,45.9
"Québec, Quebec",2000-01-01,46.0
"Québec, Quebec",2000-02-01,46.0
"Québec, Quebec",2000-03-01,46.0
"Québec, Quebec",2000-04-01,46.0
"Québec, Quebec",2000-05-01,46.0
"Québec, Quebec",2000-06-01,46.0
"Québec, Quebec",2000-07-01,46.0
"Québec, Quebec",2000-08-01,46.2
"Québec, Quebec",2000-09-01,46.4
"Québec, Quebec",2000-10-01,46.4
"Québec, Quebec",2000-11-01,46.4
"Québec, Quebec",2000-12-01,46.4
"Québec, Quebec",2001-01-01,46.4
"Québec, Quebec",2001-02-01,47.1
"Québec, Quebec",2001-03-01,47.1
"Québec, Quebec",2001-04-01,47.1
"Québec, Quebec",2001-05-01,47.1
"Québec, Quebec",2001-06-01,47.1
"Québec, Quebec",2001-07-01,47.1
"Québec, Quebec",2001-08-01,47.1
"Québec, Quebec",2001-09-01,47.4
"Québec, Quebec",2001-10-01,47.4
"Québec, Quebec",2001-11-01,47.4
"Québec, Quebec",2001-12-01,47.4
"Québec, Quebec",2002-01-01,47.5
"Québec, Quebec",2002-02-01,47.5
"Québec, Quebec",2002-03-01,47.5
"Québec, Quebec",2002-04-01,47.6
"Québec, Quebec",2002-05-01,47.9
"Québec, Quebec",2002-06-01,47.9
"Québec, Quebec",2002-07-01,47.9
"Québec, Quebec",2002-08-01,48.0
"Québec, Quebec",2002-09-01,48.1
"Québec, Quebec",2002-10-01,48.8
"Québec, Quebec",2002-11-01,48.8
"Québec, Quebec",2002-12-01,48.8
"Québec, Quebec",2003-01-01,48.8
"Québec, Quebec",2003-02-01,49.5
"Québec, Quebec",2003-03-01,49.5
"Québec, Quebec",2003-04-01,49.5
"Québec, Quebec",2003-05-01,49.5
"Québec, Quebec",2003-06-01,49.5
"Québec, Quebec",2003-07-01,49.5
"Québec, Quebec",2003-08-01,50.2
"Québec, Quebec",2003-09-01,50.8
"Québec, Quebec",2003-10-01,51.1
"Québec, Quebec",2003-11-01,51.8
"Québec, Quebec",2003-12-01,51.8
"Québec, Quebec",2004-01-01,52.2
"Québec, Quebec",2004-02-01,52.2
"Québec, Quebec",2004-03-01,52.9
"Québec, Quebec",2004-04-01,53.6
"Québec, Quebec",2004-05-01,53.6
"Québec, Quebec",2004-06-01,53.6
"Québec, Quebec",2004-07-01,53.6
"Québec, Quebec",2004-08-01,53.9
"Québec, Quebec",2004-09-01,53.9
"Québec, Quebec",2004-10-01,53.9
"Québec, Quebec",2004-11-01,54.1
"Québec, Quebec",2004-12-01,54.1
"Québec, Quebec",2005-01-01,54.2
"Québec, Quebec",2005-02-01,54.4
"Québec, Quebec",2005-03-01,54.4
"Québec, Quebec",2005-04-01,54.4
"Québec, Quebec",2005-05-01,54.9
"Québec, Quebec",2005-06-01,54.9
"Québec, Quebec",2005-07-01,54.9
"Québec, Quebec",2005-08-01,58.2
"Québec, Quebec",2005-09-01,58.2
"Québec, Quebec",2005-10-01,58.2
"Québec, Quebec",2005-11-01,58.8
"Québec, Quebec",2005-12-01,58.8
"Québec, Quebec",2006-01-01,59.5
"Québec, Quebec",2006-02-01,62.1
"Québec, Quebec",2006-03-01,62.1
"Québec, Quebec",2006-04-01,62.1
"Québec, Quebec",2006-05-01,62.5
"Québec, Quebec",2006-06-01,63.5
"Québec, Quebec",2006-07-01,63.5
"Québec, Quebec",2006-08-01,63.5
"Québec, Quebec",2006-09-01,63.5
"Québec, Quebec",2006-10-01,63.5
"Québec, Quebec",2006-11-01,63.5
"Québec, Quebec",2006-12-01,63.5
"Québec, Quebec",2007-01-01,63.5
"Québec, Quebec",2007-02-01,68.0
"Québec, Quebec",2007-03-01,68.0
"Québec, Quebec",2007-04-01,68.0
"Québec, Quebec",2007-05-01,68.0
"Québec, Quebec",2007-06-01,68.0
"Québec, Quebec",2007-07-01,68.0
"Québec, Quebec",2007-08-01,68.6
"Québec, Quebec",2007-09-01,68.6
"Québec, Quebec",2007-10-01,69.2
"Québec, Quebec",2007-11-01,72.9
"Québec, Quebec",2007-12-01,72.9
"Québec, Quebec",2008-01-01,72.9
"Québec, Quebec",2008-02-01,74.0
"Québec, Quebec",2008-03-01,74.0
"Québec, Quebec",2008-04-01,76.9
"Québec, Quebec",2008-05-01,77.2
"Québec, Quebec",2008-06-01,77.2
"Québec, Quebec",2008-07-01,77.2
"Québec, Quebec",2008-08-01,78.7
"Québec, Quebec",2008-09-01,78.7
"Québec, Quebec",2008-10-01,78.7
"Québec, Quebec",2008-11-01,82.1
"Québec, Quebec",2008-12-01,82.1
"Québec, Quebec",2009-01-01,83.2
"Québec, Quebec",2009-02-01,89.5
"Québec, Quebec",2009-03-01,89.9
"Québec, Quebec",2009-04-01,89.9
"Québec, Quebec",2009-05-01,90.9
"Québec, Quebec",2009-06-01,90.9
"Québec, Quebec",2009-07-01,90.9
"Québec, Quebec",2009-08-01,91.5
"Québec, Quebec",2009-09-01,91.5
"Québec, Quebec",2009-10-01,94.1
"Québec, Quebec",2009-11-01,94.1
"Québec, Quebec",2009-12-01,94.1
"Québec, Quebec",2010-01-01,94.1
"Québec, Quebec",2010-02-01,94.1
"Québec, Quebec",2010-03-01,94.1
"Québec, Quebec",2010-04-01,95.0
"Québec, Quebec",2010-05-01,95.6
"Québec, Quebec",2010-06-01,95.9
"Québec, Quebec",2010-07-01,95.9
"Québec, Quebec",2010-08-01,95.9
"Québec, Quebec",2010-09-01,95.9
"Québec, Quebec",2010-10-01,96.2
"Québec, Quebec",2010-11-01,97.0
"Québec, Quebec",2010-12-01,97.0
"Québec, Quebec",2011-01-01,97.0
"Québec, Quebec",2011-02-01,97.2
"Québec, Quebec",2011-03-01,95.3
"Québec, Quebec",2011-04-01,95.3
"Québec, Quebec",2011-05-01,95.4
"Québec, Quebec",2011-06-01,95.4
"Québec, Quebec",2011-07-01,95.4
"Québec, Quebec",2011-08-01,95.4
"Québec, Quebec",2011-09-01,95.9
"Québec, Quebec",2011-10-01,95.9
"Québec, Quebec",2011-11-01,96.4
"Québec, Quebec",2011-12-01,96.4
"Québec, Quebec",2012-01-01,96.6
"Québec, Quebec",2012-02-01,97.5
"Québec, Quebec",2012-03-01,97.9
"Québec, Quebec",2012-04-01,97.9
"Québec, Quebec",2012-05-01,98.1
"Québec, Quebec",2012-06-01,98.1
"Québec, Quebec",2012-07-01,98.1
"Québec, Quebec",2012-08-01,98.7
"Québec, Quebec",2012-09-01,98.7
"Québec, Quebec",2012-10-01,98.7
"Québec, Quebec",2012-11-01,98.7
"Québec, Quebec",2012-12-01,98.7
"Québec, Quebec",2013-01-01,98.7
"Québec, Quebec",2013-02-01,98.8
"Québec, Quebec",2013-03-01,98.8
"Québec, Quebec",2013-04-01,98.8
"Québec, Quebec",2013-05-01,98.8
"Québec, Quebec",2013-06-01,98.8
"Québec, Quebec",2013-07-01,98.8
"Québec, Quebec",2013-08-01,98.8
"Québec, Quebec",2013-09-01,98.8
"Québec, Quebec",2013-10-01,98.8
"Québec, Quebec",2013-11-01,98.8
"Québec, Quebec",2013-12-01,98.7
"Québec, Quebec",2014-01-01,98.8
"Québec, Quebec",2014-02-01,98.8
"Québec, Quebec",2014-03-01,98.9
"Québec, Quebec",2014-04-01,98.9
"Québec, Quebec",2014-05-01,98.9
"Québec, Quebec",2014-06-01,99.5
"Québec, Quebec",2014-07-01,99.6
"Québec, Quebec",2014-08-01,99.7
"Québec, Quebec",2014-09-01,99.7
"Québec, Quebec",2014-10-01,99.7
"Québec, Quebec",2014-11-01,99.7
"Québec, Quebec",2014-12-01,99.7
"Québec, Quebec",2015-01-01,99.7
"Québec, Quebec",2015-02-01,99.7
"Québec, Quebec",2015-03-01,99.7
"Québec, Quebec",2015-04-01,99.7
"Québec, Quebec",2015-05-01,100.0
"Québec, Quebec",2015-06-01,100.0
"Québec, Quebec",2015-07-01,100.0
"Québec, Quebec",2015-08-01,100.0
"Québec, Quebec",2015-09-01,100.0
"Québec, Quebec",2015-10-01,100.0
"Québec, Quebec",2015-11-01,100.0
"Québec, Quebec",2015-12-01,100.0
"Québec, Quebec",2016-01-01,100.0
"Québec, Quebec",2016-02-01,100.0
"Québec, Quebec",2016-03-01,100.0
"Québec, Quebec",2016-04-01,100.0
"Québec, Quebec",2016-05-01,100.0
"Québec, Quebec",2016-06-01,100.0
"Québec, Quebec",2016-07-01,100.0
"Québec, Quebec",2016-08-01,100.0
"Québec, Quebec",2016-09-01,100.0
"Québec, Quebec",2016-10-01,100.0
"Québec, Quebec",2016-11-01,100.0
"Québec, Quebec",2016-12-01,100.0
"Québec, Quebec",2017-01-01,100.2
"Regina, Saskatchewan",1981-01-01,16.7
"Regina, Saskatchewan",1981-02-01,17.1
"Regina, Saskatchewan",1981-03-01,17.5
"Regina, Saskatchewan",1981-04-01,17.8
"Regina, Saskatchewan",1981-05-01,17.8
"Regina, Saskatchewan",1981-06-01,17.8
"Regina, Saskatchewan",1981-07-01,17.8
"Regina, Saskatchewan",1981-08-01,18.6
"Regina, Saskatchewan",1981-09-01,18.6
"Regina, Saskatchewan",1981-10-01,18.6
"Regina, Saskatchewan",1981-11-01,19.6
"Regina, Saskatchewan",1981-12-01,19.6
"Regina, Saskatchewan",1982-01-01,19.6
"Regina, Saskatchewan",1982-02-01,19.6
"Regina, Saskatchewan",1982-03-01,19.6
"Regina, Saskatchewan",1982-04-01,19.6
"Regina, Saskatchewan",1982-05-01,19.6
"Regina, Saskatchewan",1982-06-01,19.7
"Regina, Saskatchewan",1982-07-01,19.7
"Regina, Saskatchewan",1982-08-01,19.7
"Regina, Saskatchewan",1982-09-01,19.7
"Regina, Saskatchewan",1982-10-01,19.7
"Regina, Saskatchewan",1982-11-01,20.4
"Regina, Saskatchewan",1982-12-01,20.4
"Regina, Saskatchewan",1983-01-01,20.4
"Regina, Saskatchewan",1983-02-01,20.4
"Regina, Saskatchewan",1983-03-01,20.4
"Regina, Saskatchewan",1983-04-01,20.4
"Regina, Saskatchewan",1983-05-01,20.4
"Regina, Saskatchewan",1983-06-01,20.4
"Regina, Saskatchewan",1983-07-01,20.4
"Regina, Saskatchewan",1983-08-01,21.4
"Regina, Saskatchewan",1983-09-01,21.4
"Regina, Saskatchewan",1983-10-01,21.4
"Regina, Saskatchewan",1983-11-01,21.4
"Regina, Saskatchewan",1983-12-01,21.4
"Regina, Saskatchewan",1984-01-01,22.8
"Regina, Saskatchewan",1984-02-01,22.8
"Regina, Saskatchewan",1984-03-01,22.8
"Regina, Saskatchewan",1984-04-01,22.8
"Regina, Saskatchewan",1984-05-01,22.8
"Regina, Saskatchewan",1984-06-01,22.8
"Regina, Saskatchewan",1984-07-01,22.8
"Regina, Saskatchewan",1984-08-01,24.0
"Regina, Saskatchewan",1984-09-01,24.0
"Regina, Saskatchewan",1984-10-01,24.0
"Regina, Saskatchewan",1984-11-01,24.0
"Regina, Saskatchewan",1984-12-01,24.0
"Regina, Saskatchewan",1985-01-01,24.1
"Regina, Saskatchewan",1985-02-01,24.2
"Regina, Saskatchewan",1985-03-01,24.2
"Regina, Saskatchewan",1985-04-01,24.2
"Regina, Saskatchewan",1985-05-01,24.2
"Regina, Saskatchewan",1985-06-01,24.2
"Regina, Saskatchewan",1985-07-01,24.2
"Regina, Saskatchewan",1985-08-01,24.4
"Regina, Saskatchewan",1985-09-01,24.4
"Regina, Saskatchewan",1985-10-01,24.4
"Regina, Saskatchewan",1985-11-01,24.4
"Regina, Saskatchewan",1985-12-01,24.5
"Regina, Saskatchewan",1986-01-01,24.5
"Regina, Saskatchewan",1986-02-01,24.5
"Regina, Saskatchewan",1986-03-01,24.5
"Regina, Saskatchewan",1986-04-01,24.6
"Regina, Saskatchewan",1986-05-01,24.7
"Regina, Saskatchewan",1986-06-01,24.7
"Regina, Saskatchewan",1986-07-01,24.7
"Regina, Saskatchewan",1986-08-01,24.7
"Regina, Saskatchewan",1986-09-01,24.8
"Regina, Saskatchewan",1986-10-01,24.8
"Regina, Saskatchewan",1986-11-01,25.2
"Regina, Saskatchewan",1986-12-01,25.2
"Regina, Saskatchewan",1987-01-01,25.2
"Regina, Saskatchewan",1987-02-01,25.2
"Regina, Saskatchewan",1987-03-01,25.2
"Regina, Saskatchewan",1987-04-01,25.3
"Regina, Saskatchewan",1987-05-01,25.6
"Regina, Saskatchewan",1987-06-01,25.8
"Regina, Saskatchewan",1987-07-01,25.8
"Regina, Saskatchewan",1987-08-01,25.9
"Regina, Saskatchewan",1987-09-01,25.9
"Regina, Saskatchewan",1987-10-01,25.9
"Regina, Saskatchewan",1987-11-01,26.2
"Regina, Saskatchewan",1987-12-01,26.2
"Regina, Saskatchewan",1988-01-01,26.2
"Regina, Saskatchewan",1988-02-01,26.2
"Regina, Saskatchewan",1988-03-01,26.2
"Regina, Saskatchewan",1988-04-01,26.2
"Regina, Saskatchewan",1988-05-01,26.3
"Regina, Saskatchewan",1988-06-01,26.3
"Regina, Saskatchewan",1988-07-01,26.3
"Regina, Saskatchewan",1988-08-01,26.5
"Regina, Saskatchewan",1988-09-01,26.5
"Regina, Saskatchewan",1988-10-01,26.5
"Regina, Saskatchewan",1988-11-01,26.5
"Regina, Saskatchewan",1988-12-01,27.1
"Regina, Saskatchewan",1989-01-01,27.1
"Regina, Saskatchewan",1989-02-01,27.1
"Regina, Saskatchewan",1989-03-01,27.2
"Regina, Saskatchewan",1989-04-01,27.3
"Regina, Saskatchewan",1989-05-01,27.5
"Regina, Saskatchewan",1989-06-01,27.8
"Regina, Saskatchewan",1989-07-01,27.8
"Regina, Saskatchewan",1989-08-01,27.8
"Regina, Saskatchewan",1989-09-01,27.8
"Regina, Saskatchewan",1989-10-01,27.8
"Regina, Saskatchewan",1989-11-01,27.4
"Regina, Saskatchewan",1989-12-01,27.4
"Regina, Saskatchewan",1990-01-01,27.4
"Regina, Saskatchewan",1990-02-01,27.7
"Regina, Saskatchewan",1990-03-01,27.8
"Regina, Saskatchewan",1990-04-01,27.8
"Regina, Saskatchewan",1990-05-01,27.8
"Regina, Saskatchewan",1990-06-01,27.8
"Regina, Saskatchewan",1990-07-01,27.8
"Regina, Saskatchewan",1990-08-01,27.8
"Regina, Saskatchewan",1990-09-01,27.8
"Regina, Saskatchewan",1990-10-01,27.8
"Regina, Saskatchewan",1990-11-01,27.8
"Regina, Saskatchewan",1990-12-01,27.8
"Regina, Saskatchewan",1991-01-01,27.7
"Regina, Saskatchewan",1991-02-01,27.6
"Regina, Saskatchewan",1991-03-01,28.4
"Regina, Saskatchewan",1991-04-01,28.3
"Regina, Saskatchewan",1991-05-01,28.3
"Regina, Saskatchewan",1991-06-01,28.1
"Regina, Saskatchewan",1991-07-01,28.1
"Regina, Saskatchewan",1991-08-01,28.1
"Regina, Saskatchewan",1991-09-01,28.1
"Regina, Saskatchewan",1991-10-01,28.2
"Regina, Saskatchewan",1991-11-01,28.2
"Regina, Saskatchewan",1991-12-01,28.2
"Regina, Saskatchewan",1992-01-01,28.0
"Regina, Saskatchewan",1992-02-01,28.0
"Regina, Saskatchewan",1992-03-01,28.2
"Regina, Saskatchewan",1992-04-01,30.3
"Regina, Saskatchewan",1992-05-01,30.7
"Regina, Saskatchewan",1992-06-01,30.7
"Regina, Saskatchewan",1992-07-01,30.7
"Regina, Saskatchewan",1992-08-01,30.8
"Regina, Saskatchewan",1992-09-01,30.8
"Regina, Saskatchewan",1992-10-01,30.8
"Regina, Saskatchewan",1992-11-01,30.9
"Regina, Saskatchewan",1992-12-01,30.9
"Regina, Saskatchewan",1993-01-01,30.9
"Regina, Saskatchewan",1993-02-01,30.9
"Regina, Saskatchewan",1993-03-01,30.9
"Regina, Saskatchewan",1993-04-01,30.9
"Regina, Saskatchewan",1993-05-01,31.0
"Regina, Saskatchewan",1993-06-01,30.8
"Regina, Saskatchewan",1993-07-01,30.8
"Regina, Saskatchewan",1993-08-01,31.4
"Regina, Saskatchewan",1993-09-01,31.4
"Regina, Saskatchewan",1993-10-01,31.4
"Regina, Saskatchewan",1993-11-01,31.5
"Regina, Saskatchewan",1993-12-01,31.5
"Regina, Saskatchewan",1994-01-01,31.5
"Regina, Saskatchewan",1994-02-01,31.5
"Regina, Saskatchewan",1994-03-01,31.5
"Regina, Saskatchewan",1994-04-01,31.5
"Regina, Saskatchewan",1994-05-01,31.5
"Regina, Saskatchewan",1994-06-01,31.5
"Regina, Saskatchewan",1994-07-01,31.5
"Regina, Saskatchewan",1994-08-01,31.5
"Regina, Saskatchewan",1994-09-01,31.5
"Regina, Saskatchewan",1994-10-01,31.5
"Regina, Saskatchewan",1994-11-01,31.5
"Regina, Saskatchewan",1994-12-01,31.5
"Regina, Saskatchewan",1995-01-01,31.5
"Regina, Saskatchewan",1995-02-01,31.7
"Regina, Saskatchewan",1995-03-01,31.7
"Regina, Saskatchewan",1995-04-01,31.7
"Regina, Saskatchewan",1995-05-01,31.7
"Regina, Saskatchewan",1995-06-01,31.7
"Regina, Saskatchewan",1995-07-01,31.7
"Regina, Saskatchewan",1995-08-01,31.7
"Regina, Saskatchewan",1995-09-01,31.7
"Regina, Saskatchewan",1995-10-01,31.7
"Regina, Saskatchewan",1995-11-01,31.7
"Regina, Saskatchewan",1995-12-01,31.7
"Regina, Saskatchewan",1996-01-01,31.7
"Regina, Saskatchewan",1996-02-01,31.7
"Regina, Saskatchewan",1996-03-01,31.7
"Regina, Saskatchewan",1996-04-01,31.7
"Regina, Saskatchewan",1996-05-01,31.7
"Regina, Saskatchewan",1996-06-01,31.7
"Regina, Saskatchewan",1996-07-01,31.7
"Regina, Saskatchewan",1996-08-01,31.7
"Regina, Saskatchewan",1996-09-01,31.7
"Regina, Saskatchewan",1996-10-01,31.7
"Regina, Saskatchewan",1996-11-01,31.7
"Regina, Saskatchewan",1996-12-01,31.7
"Regina, Saskatchewan",1997-01-01,31.7
"Regina, Saskatchewan",1997-02-01,31.7
"Regina, Saskatchewan",1997-03-01,31.7
"Regina, Saskatchewan",1997-04-01,31.7
"Regina, Saskatchewan",1997-05-01,31.7
"Regina, Saskatchewan",1997-06-01,31.7
"Regina, Saskatchewan",1997-07-01,31.7
"Regina, Saskatchewan",1997-08-01,31.7
"Regina, Saskatchewan",1997-09-01,31.7
"Regina, Saskatchewan",1997-10-01,31.7
"Regina, Saskatchewan",1997-11-01,31.7
"Regina, Saskatchewan",1997-12-01,31.7
"Regina, Saskatchewan",1998-01-01,31.7
"Regina, Saskatchewan",1998-02-01,32.0
"Regina, Saskatchewan",1998-03-01,32.0
"Regina, Saskatchewan",1998-04-01,32.1
"Regina, Saskatchewan",1998-05-01,32.1
"Regina, Saskatchewan",1998-06-01,32.1
"Regina, Saskatchewan",1998-07-01,32.1
"Regina, Saskatchewan",1998-08-01,32.1
"Regina, Saskatchewan",1998-09-01,32.1
"Regina, Saskatchewan",1998-10-01,32.1
"Regina, Saskatchewan",1998-11-01,32.1
"Regina, Saskatchewan",1998-12-01,32.1
"Regina, Saskatchewan",1999-01-01,32.1
"Regina, Saskatchewan",1999-02-01,32.1
"Regina, Saskatchewan",1999-03-01,32.1
"Regina, Saskatchewan",1999-04-01,32.1
"Regina, Saskatchewan",1999-05-01,32.2
"Regina, Saskatchewan",1999-06-01,32.4
"Regina, Saskatchewan",1999-07-01,32.4
"Regina, Saskatchewan",1999-08-01,32.6
"Regina, Saskatchewan",1999-09-01,32.8
"Regina, Saskatchewan",1999-10-01,32.8
"Regina, Saskatchewan",1999-11-01,33.0
"Regina, Saskatchewan",1999-12-01,33.0
"Regina, Saskatchewan",2000-01-01,33.0
"Regina, Saskatchewan",2000-02-01,33.5
"Regina, Saskatchewan",2000-03-01,33.3
"Regina, Saskatchewan",2000-04-01,33.3
"Regina, Saskatchewan",2000-05-01,33.3
"Regina, Saskatchewan",2000-06-01,33.5
"Regina, Saskatchewan",2000-07-01,33.5
"Regina, Saskatchewan",2000-08-01,33.5
"Regina, Saskatchewan",2000-09-01,34.1
"Regina, Saskatchewan",2000-10-01,34.1
"Regina, Saskatchewan",2000-11-01,34.3
"Regina, Saskatchewan",2000-12-01,34.3
"Regina, Saskatchewan",2001-01-01,34.3
"Regina, Saskatchewan",2001-02-01,34.3
"Regina, Saskatchewan",2001-03-01,34.3
"Regina, Saskatchewan",2001-04-01,34.3
"Regina, Saskatchewan",2001-05-01,34.3
"Regina, Saskatchewan",2001-06-01,34.3
"Regina, Saskatchewan",2001-07-01,34.3
"Regina, Saskatchewan",2001-08-01,34.3
"Regina, Saskatchewan",2001-09-01,34.3
"Regina, Saskatchewan",2001-10-01,34.3
"Regina, Saskatchewan",2001-11-01,34.3
"Regina, Saskatchewan",2001-12-01,34.6
"Regina, Saskatchewan",2002-01-01,34.6
"Regina, Saskatchewan",2002-02-01,35.2
"Regina, Saskatchewan",2002-03-01,35.3
"Regina, Saskatchewan",2002-04-01,35.3
"Regina, Saskatchewan",2002-05-01,35.3
"Regina, Saskatchewan",2002-06-01,36.9
"Regina, Saskatchewan",2002-07-01,36.9
"Regina, Saskatchewan",2002-08-01,38.2
"Regina, Saskatchewan",2002-09-01,38.2
"Regina, Saskatchewan",2002-10-01,38.7
"Regina, Saskatchewan",2002-11-01,39.8
"Regina, Saskatchewan",2002-12-01,39.8
"Regina, Saskatchewan",2003-01-01,39.8
"Regina, Saskatchewan",2003-02-01,40.0
"Regina, Saskatchewan",2003-03-01,40.0
"Regina, Saskatchewan",2003-04-01,40.0
"Regina, Saskatchewan",2003-05-01,40.0
"Regina, Saskatchewan",2003-06-01,40.0
"Regina, Saskatchewan",2003-07-01,40.0
"Regina, Saskatchewan",2003-08-01,40.2
"Regina, Saskatchewan",2003-09-01,40.2
"Regina, Saskatchewan",2003-10-01,40.2
"Regina, Saskatchewan",2003-11-01,40.2
"Regina, Saskatchewan",2003-12-01,40.2
"Regina, Saskatchewan",2004-01-01,40.2
"Regina, Saskatchewan",2004-02-01,40.2
"Regina, Saskatchewan",2004-03-01,40.2
"Regina, Saskatchewan",2004-04-01,40.6
"Regina, Saskatchewan",2004-05-01,41.1
"Regina, Saskatchewan",2004-06-01,41.1
"Regina, Saskatchewan",2004-07-01,41.1
"Regina, Saskatchewan",2004-08-01,41.5
"Regina, Saskatchewan",2004-09-01,41.5
"Regina, Saskatchewan",2004-10-01,41.5
"Regina, Saskatchewan",2004-11-01,41.5
"Regina, Saskatchewan",2004-12-01,41.5
"Regina, Saskatchewan",2005-01-01,41.5
"Regina, Saskatchewan",2005-02-01,42.8
"Regina, Saskatchewan",2005-03-01,42.8
"Regina, Saskatchewan",2005-04-01,43.2
"Regina, Saskatchewan",2005-05-01,43.8
"Regina, Saskatchewan",2005-06-01,43.8
"Regina, Saskatchewan",2005-07-01,43.8
"Regina, Saskatchewan",2005-08-01,43.8
"Regina, Saskatchewan",2005-09-01,45.2
"Regina, Saskatchewan",2005-10-01,45.2
"Regina, Saskatchewan",2005-11-01,45.2
"Regina, Saskatchewan",2005-12-01,45.2
"Regina, Saskatchewan",2006-01-01,46.1
"Regina, Saskatchewan",2006-02-01,46.1
"Regina, Saskatchewan",2006-03-01,46.1
"Regina, Saskatchewan",2006-04-01,47.5
"Regina, Saskatchewan",2006-05-01,47.8
"Regina, Saskatchewan",2006-06-01,47.8
"Regina, Saskatchewan",2006-07-01,47.8
"Regina, Saskatchewan",2006-08-01,48.2
"Regina, Saskatchewan",2006-09-01,48.2
"Regina, Saskatchewan",2006-10-01,48.2
"Regina, Saskatchewan",2006-11-01,48.2
"Regina, Saskatchewan",2006-12-01,48.2
"Regina, Saskatchewan",2007-01-01,48.2
"Regina, Saskatchewan",2007-02-01,49.0
"Regina, Saskatchewan",2007-03-01,50.9
"Regina, Saskatchewan",2007-04-01,54.2
"Regina, Saskatchewan",2007-05-01,54.2
"Regina, Saskatchewan",2007-06-01,55.0
"Regina, Saskatchewan",2007-07-01,55.8
"Regina, Saskatchewan",2007-08-01,56.4
"Regina, Saskatchewan",2007-09-01,56.4
"Regina, Saskatchewan",2007-10-01,56.4
"Regina, Saskatchewan",2007-11-01,56.4
"Regina, Saskatchewan",2007-12-01,56.4
"Regina, Saskatchewan",2008-01-01,56.4
"Regina, Saskatchewan",2008-02-01,59.4
"Regina, Saskatchewan",2008-03-01,60.0
"Regina, Saskatchewan",2008-04-01,65.1
"Regina, Saskatchewan",2008-05-01,65.9
"Regina, Saskatchewan",2008-06-01,65.9
"Regina, Saskatchewan",2008-07-01,66.8
"Regina, Saskatchewan",2008-08-01,66.8
"Regina, Saskatchewan",2008-09-01,66.8
"Regina, Saskatchewan",2008-10-01,66.8
"Regina, Saskatchewan",2008-11-01,66.8
"Regina, Saskatchewan",2008-12-01,66.8
"Regina, Saskatchewan",2009-01-01,66.8
"Regina, Saskatchewan",2009-02-01,69.3
"Regina, Saskatchewan",2009-03-01,69.3
"Regina, Saskatchewan",2009-04-01,69.3
"Regina, Saskatchewan",2009-05-01,69.3
"Regina, Saskatchewan",2009-06-01,69.3
"Regina, Saskatchewan",2009-07-01,69.3
"Regina, Saskatchewan",2009-08-01,71.7
"Regina, Saskatchewan",2009-09-01,71.7
"Regina, Saskatchewan",2009-10-01,71.7
"Regina, Saskatchewan",2009-11-01,71.7
"Regina, Saskatchewan",2009-12-01,71.7
"Regina, Saskatchewan",2010-01-01,71.7
"Regina, Saskatchewan",2010-02-01,78.6
"Regina, Saskatchewan",2010-03-01,78.6
"Regina, Saskatchewan",2010-04-01,78.6
"Regina, Saskatchewan",2010-05-01,82.4
"Regina, Saskatchewan",2010-06-01,82.4
"Regina, Saskatchewan",2010-07-01,82.4
"Regina, Saskatchewan",2010-08-01,82.4
"Regina, Saskatchewan",2010-09-01,82.4
"Regina, Saskatchewan",2010-10-01,82.4
"Regina, Saskatchewan",2010-11-01,82.6
"Regina, Saskatchewan",2010-12-01,82.6
"Regina, Saskatchewan",2011-01-01,82.6
"Regina, Saskatchewan",2011-02-01,85.8
"Regina, Saskatchewan",2011-03-01,86.9
"Regina, Saskatchewan",2011-04-01,86.9
"Regina, Saskatchewan",2011-05-01,89.9
"Regina, Saskatchewan",2011-06-01,89.9
"Regina, Saskatchewan",2011-07-01,89.9
"Regina, Saskatchewan",2011-08-01,90.3
"Regina, Saskatchewan",2011-09-01,90.3
"Regina, Saskatchewan",2011-10-01,90.3
"Regina, Saskatchewan",2011-11-01,90.3
"Regina, Saskatchewan",2011-12-01,90.3
"Regina, Saskatchewan",2012-01-01,90.3
"Regina, Saskatchewan",2012-02-01,95.4
"Regina, Saskatchewan",2012-03-01,95.4
"Regina, Saskatchewan",2012-04-01,95.4
"Regina, Saskatchewan",2012-05-01,96.0
"Regina, Saskatchewan",2012-06-01,96.0
"Regina, Saskatchewan",2012-07-01,96.0
"Regina, Saskatchewan",2012-08-01,96.0
"Regina, Saskatchewan",2012-09-01,96.0
"Regina, Saskatchewan",2012-10-01,96.0
"Regina, Saskatchewan",2012-11-01,96.0
"Regina, Saskatchewan",2012-12-01,95.7
"Regina, Saskatchewan",2013-01-01,95.7
"Regina, Saskatchewan",2013-02-01,96.7
"Regina, Saskatchewan",2013-03-01,96.7
"Regina, Saskatchewan",2013-04-01,96.7
"Regina, Saskatchewan",2013-05-01,96.7
"Regina, Saskatchewan",2013-06-01,96.7
"Regina, Saskatchewan",2013-07-01,96.7
"Regina, Saskatchewan",2013-08-01,96.7
"Regina, Saskatchewan",2013-09-01,96.7
"Regina, Saskatchewan",2013-10-01,96.7
"Regina, Saskatchewan",2013-11-01,96.7
"Regina, Saskatchewan",2013-12-01,96.7
"Regina, Saskatchewan",2014-01-01,96.7
"Regina, Saskatchewan",2014-02-01,96.7
"Regina, Saskatchewan",2014-03-01,96.7
"Regina, Saskatchewan",2014-04-01,96.7
"Regina, Saskatchewan",2014-05-01,96.7
"Regina, Saskatchewan",2014-06-01,96.7
"Regina, Saskatchewan",2014-07-01,96.7
"Regina, Saskatchewan",2014-08-01,97.1
"Regina, Saskatchewan",2014-09-01,97.1
"Regina, Saskatchewan",2014-10-01,97.1
"Regina, Saskatchewan",2014-11-01,96.9
"Regina, Saskatchewan",2014-12-01,96.9
"Regina, Saskatchewan",2015-01-01,96.9
"Regina, Saskatchewan",2015-02-01,96.9
"Regina, Saskatchewan",2015-03-01,96.9
"Regina, Saskatchewan",2015-04-01,96.9
"Regina, Saskatchewan",2015-05-01,96.9
"Regina, Saskatchewan",2015-06-01,96.9
"Regina, Saskatchewan",2015-07-01,96.9
"Regina, Saskatchewan",2015-08-01,97.1
"Regina, Saskatchewan",2015-09-01,97.4
"Regina, Saskatchewan",2015-10-01,97.4
"Regina, Saskatchewan",2015-11-01,97.4
"Regina, Saskatchewan",2015-12-01,97.7
"Regina, Saskatchewan",2016-01-01,97.7
"Regina, Saskatchewan",2016-02-01,98.0
"Regina, Saskatchewan",2016-03-01,98.0
"Regina, Saskatchewan",2016-04-01,98.0
"Regina, Saskatchewan",2016-05-01,98.1
"Regina, Saskatchewan",2016-06-01,98.5
"Regina, Saskatchewan",2016-07-01,98.6
"Regina, Saskatchewan",2016-08-01,100.1
"Regina, Saskatchewan",2016-09-01,100.0
"Regina, Saskatchewan",2016-10-01,100.0
"Regina, Saskatchewan",2016-11-01,100.0
"Regina, Saskatchewan",2016-12-01,100.0
"Regina, Saskatchewan",2017-01-01,99.8
"Saskatoon, Saskatchewan",1981-01-01,26.0
"Saskatoon, Saskatchewan",1981-02-01,26.0
"Saskatoon, Saskatchewan",1981-03-01,26.0
"Saskatoon, Saskatchewan",1981-04-01,27.6
"Saskatoon, Saskatchewan",1981-05-01,27.6
"Saskatoon, Saskatchewan",1981-06-01,27.6
"Saskatoon, Saskatchewan",1981-07-01,27.8
"Saskatoon, Saskatchewan",1981-08-01,27.8
"Saskatoon, Saskatchewan",1981-09-01,27.8
"Saskatoon, Saskatchewan",1981-10-01,27.8
"Saskatoon, Saskatchewan",1981-11-01,27.8
"Saskatoon, Saskatchewan",1981-12-01,27.8
"Saskatoon, Saskatchewan",1982-01-01,28.2
"Saskatoon, Saskatchewan",1982-02-01,28.2
"Saskatoon, Saskatchewan",1982-03-01,28.2
"Saskatoon, Saskatchewan",1982-04-01,28.2
"Saskatoon, Saskatchewan",1982-05-01,28.2
"Saskatoon, Saskatchewan",1982-06-01,28.2
"Saskatoon, Saskatchewan",1982-07-01,27.8
"Saskatoon, Saskatchewan",1982-08-01,27.8
"Saskatoon, Saskatchewan",1982-09-01,27.8
"Saskatoon, Saskatchewan",1982-10-01,27.7
"Saskatoon, Saskatchewan",1982-11-01,27.7
"Saskatoon, Saskatchewan",1982-12-01,27.7
"Saskatoon, Saskatchewan",1983-01-01,28.4
"Saskatoon, Saskatchewan",1983-02-01,28.1
"Saskatoon, Saskatchewan",1983-03-01,28.5
"Saskatoon, Saskatchewan",1983-04-01,28.7
"Saskatoon, Saskatchewan",1983-05-01,28.7
"Saskatoon, Saskatchewan",1983-06-01,28.7
"Saskatoon, Saskatchewan",1983-07-01,28.8
"Saskatoon, Saskatchewan",1983-08-01,28.8
"Saskatoon, Saskatchewan",1983-09-01,28.8
"Saskatoon, Saskatchewan",1983-10-01,28.6
"Saskatoon, Saskatchewan",1983-11-01,28.4
"Saskatoon, Saskatchewan",1983-12-01,28.4
"Saskatoon, Saskatchewan",1984-01-01,28.4
"Saskatoon, Saskatchewan",1984-02-01,28.3
"Saskatoon, Saskatchewan",1984-03-01,28.3
"Saskatoon, Saskatchewan",1984-04-01,28.7
"Saskatoon, Saskatchewan",1984-05-01,28.7
"Saskatoon, Saskatchewan",1984-06-01,28.7
"Saskatoon, Saskatchewan",1984-07-01,29.2
"Saskatoon, Saskatchewan",1984-08-01,29.3
"Saskatoon, Saskatchewan",1984-09-01,29.3
"Saskatoon, Saskatchewan",1984-10-01,29.8
"Saskatoon, Saskatchewan",1984-11-01,29.8
"Saskatoon, Saskatchewan",1984-12-01,29.8
"Saskatoon, Saskatchewan",1985-01-01,30.0
"Saskatoon, Saskatchewan",1985-02-01,30.0
"Saskatoon, Saskatchewan",1985-03-01,30.0
"Saskatoon, Saskatchewan",1985-04-01,30.1
"Saskatoon, Saskatchewan",1985-05-01,30.1
"Saskatoon, Saskatchewan",1985-06-01,30.5
"Saskatoon, Saskatchewan",1985-07-01,32.5
"Saskatoon, Saskatchewan",1985-08-01,32.5
"Saskatoon, Saskatchewan",1985-09-01,33.4
"Saskatoon, Saskatchewan",1985-10-01,33.6
"Saskatoon, Saskatchewan",1985-11-01,33.6
"Saskatoon, Saskatchewan",1985-12-01,33.6
"Saskatoon, Saskatchewan",1986-01-01,33.6
"Saskatoon, Saskatchewan",1986-02-01,33.6
"Saskatoon, Saskatchewan",1986-03-01,33.9
"Saskatoon, Saskatchewan",1986-04-01,34.0
"Saskatoon, Saskatchewan",1986-05-01,34.9
"Saskatoon, Saskatchewan",1986-06-01,35.0
"Saskatoon, Saskatchewan",1986-07-01,35.1
"Saskatoon, Saskatchewan",1986-08-01,35.1
"Saskatoon, Saskatchewan",1986-09-01,35.3
"Saskatoon, Saskatchewan",1986-10-01,35.4
"Saskatoon, Saskatchewan",1986-11-01,35.4
"Saskatoon, Saskatchewan",1986-12-01,35.8
"Saskatoon, Saskatchewan",1987-01-01,35.8
"Saskatoon, Saskatchewan",1987-02-01,35.8
"Saskatoon, Saskatchewan",1987-03-01,35.8
"Saskatoon, Saskatchewan",1987-04-01,36.0
"Saskatoon, Saskatchewan",1987-05-01,36.0
"Saskatoon, Saskatchewan",1987-06-01,36.0
"Saskatoon, Saskatchewan",1987-07-01,36.2
"Saskatoon, Saskatchewan",1987-08-01,36.2
"Saskatoon, Saskatchewan",1987-09-01,36.6
"Saskatoon, Saskatchewan",1987-10-01,36.8
"Saskatoon, Saskatchewan",1987-11-01,36.8
"Saskatoon, Saskatchewan",1987-12-01,36.8
"Saskatoon, Saskatchewan",1988-01-01,36.8
"Saskatoon, Saskatchewan",1988-02-01,36.8
"Saskatoon, Saskatchewan",1988-03-01,36.8
"Saskatoon, Saskatchewan",1988-04-01,36.8
"Saskatoon, Saskatchewan",1988-05-01,36.8
"Saskatoon, Saskatchewan",1988-06-01,37.4
"Saskatoon, Saskatchewan",1988-07-01,37.5
"Saskatoon, Saskatchewan",1988-08-01,37.5
"Saskatoon, Saskatchewan",1988-09-01,37.5
"Saskatoon, Saskatchewan",1988-10-01,37.8
"Saskatoon, Saskatchewan",1988-11-01,37.8
"Saskatoon, Saskatchewan",1988-12-01,37.9
"Saskatoon, Saskatchewan",1989-01-01,38.0
"Saskatoon, Saskatchewan",1989-02-01,38.0
"Saskatoon, Saskatchewan",1989-03-01,38.0
"Saskatoon, Saskatchewan",1989-04-01,38.0
"Saskatoon, Saskatchewan",1989-05-01,38.0
"Saskatoon, Saskatchewan",1989-06-01,38.0
"Saskatoon, Saskatchewan",1989-07-01,38.0
"Saskatoon, Saskatchewan",1989-08-01,38.0
"Saskatoon, Saskatchewan",1989-09-01,38.7
"Saskatoon, Saskatchewan",1989-10-01,39.0
"Saskatoon, Saskatchewan",1989-11-01,39.0
"Saskatoon, Saskatchewan",1989-12-01,38.7
"Saskatoon, Saskatchewan",1990-01-01,38.7
"Saskatoon, Saskatchewan",1990-02-01,39.1
"Saskatoon, Saskatchewan",1990-03-01,39.1
"Saskatoon, Saskatchewan",1990-04-01,39.1
"Saskatoon, Saskatchewan",1990-05-01,39.1
"Saskatoon, Saskatchewan",1990-06-01,39.1
"Saskatoon, Saskatchewan",1990-07-01,39.1
"Saskatoon, Saskatchewan",1990-08-01,39.1
"Saskatoon, Saskatchewan",1990-09-01,39.1
"Saskatoon, Saskatchewan",1990-10-01,39.1
"Saskatoon, Saskatchewan",1990-11-01,39.1
"Saskatoon, Saskatchewan",1990-12-01,39.1
"Saskatoon, Saskatchewan",1991-01-01,38.7
"Saskatoon, Saskatchewan",1991-02-01,38.7
"Saskatoon, Saskatchewan",1991-03-01,37.4
"Saskatoon, Saskatchewan",1991-04-01,37.4
"Saskatoon, Saskatchewan",1991-05-01,37.4
"Saskatoon, Saskatchewan",1991-06-01,37.4
"Saskatoon, Saskatchewan",1991-07-01,37.4
"Saskatoon, Saskatchewan",1991-08-01,37.4
"Saskatoon, Saskatchewan",1991-09-01,37.4
"Saskatoon, Saskatchewan",1991-10-01,37.4
"Saskatoon, Saskatchewan",1991-11-01,37.4
"Saskatoon, Saskatchewan",1991-12-01,37.3
"Saskatoon, Saskatchewan",1992-01-01,37.4
"Saskatoon, Saskatchewan",1992-02-01,37.4
"Saskatoon, Saskatchewan",1992-03-01,37.5
"Saskatoon, Saskatchewan",1992-04-01,37.5
"Saskatoon, Saskatchewan",1992-05-01,37.5
"Saskatoon, Saskatchewan",1992-06-01,37.5
"Saskatoon, Saskatchewan",1992-07-01,37.5
"Saskatoon, Saskatchewan",1992-08-01,37.5
"Saskatoon, Saskatchewan",1992-09-01,37.5
"Saskatoon, Saskatchewan",1992-10-01,37.5
"Saskatoon, Saskatchewan",1992-11-01,37.5
"Saskatoon, Saskatchewan",1992-12-01,37.5
"Saskatoon, Saskatchewan",1993-01-01,37.5
"Saskatoon, Saskatchewan",1993-02-01,37.5
"Saskatoon, Saskatchewan",1993-03-01,37.5
"Saskatoon, Saskatchewan",1993-04-01,37.5
"Saskatoon, Saskatchewan",1993-05-01,37.5
"Saskatoon, Saskatchewan",1993-06-01,37.6
"Saskatoon, Saskatchewan",1993-07-01,37.6
"Saskatoon, Saskatchewan",1993-08-01,37.6
"Saskatoon, Saskatchewan",1993-09-01,37.6
"Saskatoon, Saskatchewan",1993-10-01,37.6
"Saskatoon, Saskatchewan",1993-11-01,37.6
"Saskatoon, Saskatchewan",1993-12-01,38.0
"Saskatoon, Saskatchewan",1994-01-01,38.0
"Saskatoon, Saskatchewan",1994-02-01,38.0
"Saskatoon, Saskatchewan",1994-03-01,38.0
"Saskatoon, Saskatchewan",1994-04-01,38.0
"Saskatoon, Saskatchewan",1994-05-01,38.0
"Saskatoon, Saskatchewan",1994-06-01,38.5
"Saskatoon, Saskatchewan",1994-07-01,38.5
"Saskatoon, Saskatchewan",1994-08-01,38.5
"Saskatoon, Saskatchewan",1994-09-01,38.5
"Saskatoon, Saskatchewan",1994-10-01,38.5
"Saskatoon, Saskatchewan",1994-11-01,38.5
"Saskatoon, Saskatchewan",1994-12-01,38.5
"Saskatoon, Saskatchewan",1995-01-01,38.5
"Saskatoon, Saskatchewan",1995-02-01,38.5
"Saskatoon, Saskatchewan",1995-03-01,38.5
"Saskatoon, Saskatchewan",1995-04-01,38.5
"Saskatoon, Saskatchewan",1995-05-01,38.5
"Saskatoon, Saskatchewan",1995-06-01,39.0
"Saskatoon, Saskatchewan",1995-07-01,39.0
"Saskatoon, Saskatchewan",1995-08-01,39.0
"Saskatoon, Saskatchewan",1995-09-01,39.0
"Saskatoon, Saskatchewan",1995-10-01,39.0
"Saskatoon, Saskatchewan",1995-11-01,39.0
"Saskatoon, Saskatchewan",1995-12-01,39.0
"Saskatoon, Saskatchewan",1996-01-01,39.0
"Saskatoon, Saskatchewan",1996-02-01,39.0
"Saskatoon, Saskatchewan",1996-03-01,39.0
"Saskatoon, Saskatchewan",1996-04-01,39.0
"Saskatoon, Saskatchewan",1996-05-01,39.0
"Saskatoon, Saskatchewan",1996-06-01,39.7
"Saskatoon, Saskatchewan",1996-07-01,39.7
"Saskatoon, Saskatchewan",1996-08-01,39.7
"Saskatoon, Saskatchewan",1996-09-01,39.7
"Saskatoon, Saskatchewan",1996-10-01,39.7
"Saskatoon, Saskatchewan",1996-11-01,39.7
"Saskatoon, Saskatchewan",1996-12-01,39.7
"Saskatoon, Saskatchewan",1997-01-01,39.7
"Saskatoon, Saskatchewan",1997-02-01,39.7
"Saskatoon, Saskatchewan",1997-03-01,39.7
"Saskatoon, Saskatchewan",1997-04-01,39.7
"Saskatoon, Saskatchewan",1997-05-01,39.7
"Saskatoon, Saskatchewan",1997-06-01,39.9
"Saskatoon, Saskatchewan",1997-07-01,39.9
"Saskatoon, Saskatchewan",1997-08-01,39.9
"Saskatoon, Saskatchewan",1997-09-01,39.9
"Saskatoon, Saskatchewan",1997-10-01,39.9
"Saskatoon, Saskatchewan",1997-11-01,39.9
"Saskatoon, Saskatchewan",1997-12-01,40.1
"Saskatoon, Saskatchewan",1998-01-01,40.1
"Saskatoon, Saskatchewan",1998-02-01,40.1
"Saskatoon, Saskatchewan",1998-03-01,40.3
"Saskatoon, Saskatchewan",1998-04-01,40.3
"Saskatoon, Saskatchewan",1998-05-01,40.3
"Saskatoon, Saskatchewan",1998-06-01,40.3
"Saskatoon, Saskatchewan",1998-07-01,40.3
"Saskatoon, Saskatchewan",1998-08-01,40.3
"Saskatoon, Saskatchewan",1998-09-01,40.4
"Saskatoon, Saskatchewan",1998-10-01,40.4
"Saskatoon, Saskatchewan",1998-11-01,40.4
"Saskatoon, Saskatchewan",1998-12-01,40.4
"Saskatoon, Saskatchewan",1999-01-01,40.4
"Saskatoon, Saskatchewan",1999-02-01,40.4
"Saskatoon, Saskatchewan",1999-03-01,40.4
"Saskatoon, Saskatchewan",1999-04-01,40.5
"Saskatoon, Saskatchewan",1999-05-01,40.5
"Saskatoon, Saskatchewan",1999-06-01,40.5
"Saskatoon, Saskatchewan",1999-07-01,40.5
"Saskatoon, Saskatchewan",1999-08-01,40.5
"Saskatoon, Saskatchewan",1999-09-01,40.5
"Saskatoon, Saskatchewan",1999-10-01,40.5
"Saskatoon, Saskatchewan",1999-11-01,40.5
"Saskatoon, Saskatchewan",1999-12-01,40.5
"Saskatoon, Saskatchewan",2000-01-01,40.5
"Saskatoon, Saskatchewan",2000-02-01,40.5
"Saskatoon, Saskatchewan",2000-03-01,41.9
"Saskatoon, Saskatchewan",2000-04-01,41.9
"Saskatoon, Saskatchewan",2000-05-01,41.9
"Saskatoon, Saskatchewan",2000-06-01,41.9
"Saskatoon, Saskatchewan",2000-07-01,41.9
"Saskatoon, Saskatchewan",2000-08-01,41.9
"Saskatoon, Saskatchewan",2000-09-01,43.8
"Saskatoon, Saskatchewan",2000-10-01,43.8
"Saskatoon, Saskatchewan",2000-11-01,43.8
"Saskatoon, Saskatchewan",2000-12-01,43.8
"Saskatoon, Saskatchewan",2001-01-01,43.8
"Saskatoon, Saskatchewan",2001-02-01,43.8
"Saskatoon, Saskatchewan",2001-03-01,44.3
"Saskatoon, Saskatchewan",2001-04-01,44.3
"Saskatoon, Saskatchewan",2001-05-01,44.3
"Saskatoon, Saskatchewan",2001-06-01,44.3
"Saskatoon, Saskatchewan",2001-07-01,44.3
"Saskatoon, Saskatchewan",2001-08-01,44.3
"Saskatoon, Saskatchewan",2001-09-01,44.3
"Saskatoon, Saskatchewan",2001-10-01,44.3
"Saskatoon, Saskatchewan",2001-11-01,44.3
"Saskatoon, Saskatchewan",2001-12-01,44.3
"Saskatoon, Saskatchewan",2002-01-01,44.3
"Saskatoon, Saskatchewan",2002-02-01,44.3
"Saskatoon, Saskatchewan",2002-03-01,44.7
"Saskatoon, Saskatchewan",2002-04-01,44.7
"Saskatoon, Saskatchewan",2002-05-01,44.7
"Saskatoon, Saskatchewan",2002-06-01,44.9
"Saskatoon, Saskatchewan",2002-07-01,44.9
"Saskatoon, Saskatchewan",2002-08-01,44.9
"Saskatoon, Saskatchewan",2002-09-01,44.9
"Saskatoon, Saskatchewan",2002-10-01,44.9
"Saskatoon, Saskatchewan",2002-11-01,44.9
"Saskatoon, Saskatchewan",2002-12-01,44.9
"Saskatoon, Saskatchewan",2003-01-01,44.9
"Saskatoon, Saskatchewan",2003-02-01,44.9
"Saskatoon, Saskatchewan",2003-03-01,44.9
"Saskatoon, Saskatchewan",2003-04-01,44.9
"Saskatoon, Saskatchewan",2003-05-01,44.9
"Saskatoon, Saskatchewan",2003-06-01,44.9
"Saskatoon, Saskatchewan",2003-07-01,44.9
"Saskatoon, Saskatchewan",2003-08-01,44.9
"Saskatoon, Saskatchewan",2003-09-01,45.9
"Saskatoon, Saskatchewan",2003-10-01,45.9
"Saskatoon, Saskatchewan",2003-11-01,45.9
"Saskatoon, Saskatchewan",2003-12-01,45.9
"Saskatoon, Saskatchewan",2004-01-01,45.9
"Saskatoon, Saskatchewan",2004-02-01,45.9
"Saskatoon, Saskatchewan",2004-03-01,47.4
"Saskatoon, Saskatchewan",2004-04-01,47.4
"Saskatoon, Saskatchewan",2004-05-01,47.4
"Saskatoon, Saskatchewan",2004-06-01,47.4
"Saskatoon, Saskatchewan",2004-07-01,47.4
"Saskatoon, Saskatchewan",2004-08-01,47.4
"Saskatoon, Saskatchewan",2004-09-01,47.4
"Saskatoon, Saskatchewan",2004-10-01,47.4
"Saskatoon, Saskatchewan",2004-11-01,47.4
"Saskatoon, Saskatchewan",2004-12-01,47.4
"Saskatoon, Saskatchewan",2005-01-01,47.4
"Saskatoon, Saskatchewan",2005-02-01,47.4
"Saskatoon, Saskatchewan",2005-03-01,47.4
"Saskatoon, Saskatchewan",2005-04-01,47.4
"Saskatoon, Saskatchewan",2005-05-01,47.4
"Saskatoon, Saskatchewan",2005-06-01,47.6
"Saskatoon, Saskatchewan",2005-07-01,47.6
"Saskatoon, Saskatchewan",2005-08-01,47.6
"Saskatoon, Saskatchewan",2005-09-01,48.3
"Saskatoon, Saskatchewan",2005-10-01,48.3
"Saskatoon, Saskatchewan",2005-11-01,48.3
"Saskatoon, Saskatchewan",2005-12-01,48.3
"Saskatoon, Saskatchewan",2006-01-01,48.3
"Saskatoon, Saskatchewan",2006-02-01,48.3
"Saskatoon, Saskatchewan",2006-03-01,49.6
"Saskatoon, Saskatchewan",2006-04-01,50.2
"Saskatoon, Saskatchewan",2006-05-01,50.2
"Saskatoon, Saskatchewan",2006-06-01,50.8
"Saskatoon, Saskatchewan",2006-07-01,50.8
"Saskatoon, Saskatchewan",2006-08-01,50.8
"Saskatoon, Saskatchewan",2006-09-01,57.5
"Saskatoon, Saskatchewan",2006-10-01,57.5
"Saskatoon, Saskatchewan",2006-11-01,57.5
"Saskatoon, Saskatchewan",2006-12-01,58.7
"Saskatoon, Saskatchewan",2007-01-01,58.7
"Saskatoon, Saskatchewan",2007-02-01,58.7
"Saskatoon, Saskatchewan",2007-03-01,58.7
"Saskatoon, Saskatchewan",2007-04-01,61.3
"Saskatoon, Saskatchewan",2007-05-01,63.6
"Saskatoon, Saskatchewan",2007-06-01,69.7
"Saskatoon, Saskatchewan",2007-07-01,70.4
"Saskatoon, Saskatchewan",2007-08-01,70.5
"Saskatoon, Saskatchewan",2007-09-01,71.9
"Saskatoon, Saskatchewan",2007-10-01,72.6
"Saskatoon, Saskatchewan",2007-11-01,72.6
"Saskatoon, Saskatchewan",2007-12-01,73.9
"Saskatoon, Saskatchewan",2008-01-01,74.4
"Saskatoon, Saskatchewan",2008-02-01,77.0
"Saskatoon, Saskatchewan",2008-03-01,78.2
"Saskatoon, Saskatchewan",2008-04-01,78.2
"Saskatoon, Saskatchewan",2008-05-01,80.4
"Saskatoon, Saskatchewan",2008-06-01,84.8
"Saskatoon, Saskatchewan",2008-07-01,85.5
"Saskatoon, Saskatchewan",2008-08-01,85.5
"Saskatoon, Saskatchewan",2008-09-01,87.1
"Saskatoon, Saskatchewan",2008-10-01,87.4
"Saskatoon, Saskatchewan",2008-11-01,87.4
"Saskatoon, Saskatchewan",2008-12-01,87.4
"Saskatoon, Saskatchewan",2009-01-01,87.4
"Saskatoon, Saskatchewan",2009-02-01,87.9
"Saskatoon, Saskatchewan",2009-03-01,87.9
"Saskatoon, Saskatchewan",2009-04-01,87.9
"Saskatoon, Saskatchewan",2009-05-01,87.9
"Saskatoon, Saskatchewan",2009-06-01,87.9
"Saskatoon, Saskatchewan",2009-07-01,87.9
"Saskatoon, Saskatchewan",2009-08-01,87.9
"Saskatoon, Saskatchewan",2009-09-01,87.9
"Saskatoon, Saskatchewan",2009-10-01,87.1
"Saskatoon, Saskatchewan",2009-11-01,87.1
"Saskatoon, Saskatchewan",2009-12-01,87.3
"Saskatoon, Saskatchewan",2010-01-01,88.5
"Saskatoon, Saskatchewan",2010-02-01,90.3
"Saskatoon, Saskatchewan",2010-03-01,90.3
"Saskatoon, Saskatchewan",2010-04-01,90.8
"Saskatoon, Saskatchewan",2010-05-01,90.8
"Saskatoon, Saskatchewan",2010-06-01,90.8
"Saskatoon, Saskatchewan",2010-07-01,90.8
"Saskatoon, Saskatchewan",2010-08-01,90.8
"Saskatoon, Saskatchewan",2010-09-01,90.8
"Saskatoon, Saskatchewan",2010-10-01,90.8
"Saskatoon, Saskatchewan",2010-11-01,90.8
"Saskatoon, Saskatchewan",2010-12-01,90.8
"Saskatoon, Saskatchewan",2011-01-01,90.8
"Saskatoon, Saskatchewan",2011-02-01,90.8
"Saskatoon, Saskatchewan",2011-03-01,90.8
"Saskatoon, Saskatchewan",2011-04-01,90.8
"Saskatoon, Saskatchewan",2011-05-01,90.8
"Saskatoon, Saskatchewan",2011-06-01,90.8
"Saskatoon, Saskatchewan",2011-07-01,90.8
"Saskatoon, Saskatchewan",2011-08-01,90.8
"Saskatoon, Saskatchewan",2011-09-01,90.8
"Saskatoon, Saskatchewan",2011-10-01,91.0
"Saskatoon, Saskatchewan",2011-11-01,91.0
"Saskatoon, Saskatchewan",2011-12-01,91.2
"Saskatoon, Saskatchewan",2012-01-01,92.4
"Saskatoon, Saskatchewan",2012-02-01,92.4
"Saskatoon, Saskatchewan",2012-03-01,92.4
"Saskatoon, Saskatchewan",2012-04-01,93.9
"Saskatoon, Saskatchewan",2012-05-01,93.9
"Saskatoon, Saskatchewan",2012-06-01,93.9
"Saskatoon, Saskatchewan",2012-07-01,93.9
"Saskatoon, Saskatchewan",2012-08-01,93.9
"Saskatoon, Saskatchewan",2012-09-01,93.9
"Saskatoon, Saskatchewan",2012-10-01,93.9
"Saskatoon, Saskatchewan",2012-11-01,93.9
"Saskatoon, Saskatchewan",2012-12-01,94.4
"Saskatoon, Saskatchewan",2013-01-01,94.4
"Saskatoon, Saskatchewan",2013-02-01,94.4
"Saskatoon, Saskatchewan",2013-03-01,96.5
"Saskatoon, Saskatchewan",2013-04-01,97.3
"Saskatoon, Saskatchewan",2013-05-01,97.3
"Saskatoon, Saskatchewan",2013-06-01,97.3
"Saskatoon, Saskatchewan",2013-07-01,97.3
"Saskatoon, Saskatchewan",2013-08-01,97.5
"Saskatoon, Saskatchewan",2013-09-01,97.5
"Saskatoon, Saskatchewan",2013-10-01,98.1
"Saskatoon, Saskatchewan",2013-11-01,98.1
"Saskatoon, Saskatchewan",2013-12-01,98.1
"Saskatoon, Saskatchewan",2014-01-01,99.5
"Saskatoon, Saskatchewan",2014-02-01,99.5
"Saskatoon, Saskatchewan",2014-03-01,99.3
"Saskatoon, Saskatchewan",2014-04-01,99.6
"Saskatoon, Saskatchewan",2014-05-01,99.6
"Saskatoon, Saskatchewan",2014-06-01,100.0
"Saskatoon, Saskatchewan",2014-07-01,100.0
"Saskatoon, Saskatchewan",2014-08-01,100.0
"Saskatoon, Saskatchewan",2014-09-01,100.0
"Saskatoon, Saskatchewan",2014-10-01,100.0
"Saskatoon, Saskatchewan",2014-11-01,100.0
"Saskatoon, Saskatchewan",2014-12-01,100.0
"Saskatoon, Saskatchewan",2015-01-01,100.0
"Saskatoon, Saskatchewan",2015-02-01,100.0
"Saskatoon, Saskatchewan",2015-03-01,100.0
"Saskatoon, Saskatchewan",2015-04-01,100.0
"Saskatoon, Saskatchewan",2015-05-01,100.0
"Saskatoon, Saskatchewan",2015-06-01,100.0
"Saskatoon, Saskatchewan",2015-07-01,100.0
"Saskatoon, Saskatchewan",2015-08-01,100.0
"Saskatoon, Saskatchewan",2015-09-01,100.0
"Saskatoon, Saskatchewan",2015-10-01,100.0
"Saskatoon, Saskatchewan",2015-11-01,100.0
"Saskatoon, Saskatchewan",2015-12-01,100.0
"Saskatoon, Saskatchewan",2016-01-01,100.0
"Saskatoon, Saskatchewan",2016-02-01,100.0
"Saskatoon, Saskatchewan",2016-03-01,100.0
"Saskatoon, Saskatchewan",2016-04-01,100.0
"Saskatoon, Saskatchewan",2016-05-01,100.0
"Saskatoon, Saskatchewan",2016-06-01,100.0
"Saskatoon, Saskatchewan",2016-07-01,100.0
"Saskatoon, Saskatchewan",2016-08-01,100.0
"Saskatoon, Saskatchewan",2016-09-01,100.0
"Saskatoon, Saskatchewan",2016-10-01,100.0
"Saskatoon, Saskatchewan",2016-11-01,100.0
"Saskatoon, Saskatchewan",2016-12-01,100.0
"Saskatoon, Saskatchewan",2017-01-01,100.0
"Sherbrooke, Quebec",2016-12-01,100.0
"Sherbrooke, Quebec",2017-01-01,100.0
"Sherbrooke, Quebec",2017-02-01,100.4
"Sherbrooke, Quebec",2017-03-01,100.4
"Sherbrooke, Quebec",2017-04-01,100.4
"Sherbrooke, Quebec",2017-05-01,100.4
"Sherbrooke, Quebec",2017-06-01,100.4
"Sherbrooke, Quebec",2017-07-01,100.4
"Sherbrooke, Quebec",2017-08-01,100.4
"Sherbrooke, Quebec",2017-09-01,100.4
"Sherbrooke, Quebec",2017-10-01,100.4
"Sherbrooke, Quebec",2017-11-01,100.4
"Sherbrooke, Quebec",2017-12-01,100.4
"Sherbrooke, Quebec",2018-01-01,100.4
"Sherbrooke, Quebec",2018-02-01,100.4
"Sherbrooke, Quebec",2018-03-01,100.4
"Sherbrooke, Quebec",2018-04-01,101.9
"Sherbrooke, Quebec",2018-05-01,101.9
"Sherbrooke, Quebec",2018-06-01,101.9
"Sherbrooke, Quebec",2018-07-01,101.9
"Sherbrooke, Quebec",2018-08-01,101.9
"Sherbrooke, Quebec",2018-09-01,101.9
"Sherbrooke, Quebec",2018-10-01,101.9
"Sherbrooke, Quebec",2018-11-01,101.9
"Sherbrooke, Quebec",2018-12-01,102.1
"Sherbrooke, Quebec",2019-01-01,102.1
"Sherbrooke, Quebec",2019-02-01,102.1
"Sherbrooke, Quebec",2019-03-01,102.1
"Sherbrooke, Quebec",2019-04-01,102.1
"Sherbrooke, Quebec",2019-05-01,102.1
"Sherbrooke, Quebec",2019-06-01,102.1
"Sherbrooke, Quebec",2019-07-01,102.1
"Sherbrooke, Quebec",2019-08-01,103.2
"Sherbrooke, Quebec",2019-09-01,103.2
"Sherbrooke, Quebec",2019-10-01,103.2
"Sherbrooke, Quebec",2019-11-01,103.2
"Sherbrooke, Quebec",2019-12-01,103.2
"Sherbrooke, Quebec",2020-01-01,103.2
"Sherbrooke, Quebec",2020-02-01,103.2
"Sherbrooke, Quebec",2020-03-01,103.2
"Sherbrooke, Quebec",2020-04-01,103.2
"Sherbrooke, Quebec",2020-05-01,103.1
"Sherbrooke, Quebec",2020-06-01,103.1
"Sherbrooke, Quebec",2020-07-01,103.1
"Sherbrooke, Quebec",2020-08-01,103.1
"Sherbrooke, Quebec",2020-09-01,103.1
"Sherbrooke, Quebec",2020-10-01,103.1
"Sherbrooke, Quebec",2020-11-01,103.1
"Sherbrooke, Quebec",2020-12-01,103.1
"Sherbrooke, Quebec",2021-01-01,103.1
"Sherbrooke, Quebec",2021-02-01,103.1
"Sherbrooke, Quebec",2021-03-01,103.1
"Sherbrooke, Quebec",2021-04-01,103.1
"Sherbrooke, Quebec",2021-05-01,103.1
"Sherbrooke, Quebec",2021-06-01,104.4
"Sherbrooke, Quebec",2021-07-01,104.4
"Sherbrooke, Quebec",2021-08-01,104.4
"Sherbrooke, Quebec",2021-09-01,104.4
"Sherbrooke, Quebec",2021-10-01,104.4
"Sherbrooke, Quebec",2021-11-01,104.4
"Sherbrooke, Quebec",2021-12-01,104.4
"Sherbrooke, Quebec",2022-01-01,104.4
"Sherbrooke, Quebec",2022-02-01,104.4
"Sherbrooke, Quebec",2022-03-01,104.4
"St. Catharines-Niagara, Ontario",1981-01-01,35.6
"St. Catharines-Niagara, Ontario",1981-02-01,35.6
"St. Catharines-Niagara, Ontario",1981-03-01,35.6
"St. Catharines-Niagara, Ontario",1981-04-01,35.6
"St. Catharines-Niagara, Ontario",1981-05-01,35.6
"St. Catharines-Niagara, Ontario",1981-06-01,35.6
"St. Catharines-Niagara, Ontario",1981-07-01,35.6
"St. Catharines-Niagara, Ontario",1981-08-01,35.6
"St. Catharines-Niagara, Ontario",1981-09-01,35.6
"St. Catharines-Niagara, Ontario",1981-10-01,35.6
"St. Catharines-Niagara, Ontario",1981-11-01,35.6
"St. Catharines-Niagara, Ontario",1981-12-01,35.6
"St. Catharines-Niagara, Ontario",1982-01-01,35.6
"St. Catharines-Niagara, Ontario",1982-02-01,35.6
"St. Catharines-Niagara, Ontario",1982-03-01,35.6
"St. Catharines-Niagara, Ontario",1982-04-01,35.6
"St. Catharines-Niagara, Ontario",1982-05-01,35.6
"St. Catharines-Niagara, Ontario",1982-06-01,34.2
"St. Catharines-Niagara, Ontario",1982-07-01,34.2
"St. Catharines-Niagara, Ontario",1982-08-01,34.2
"St. Catharines-Niagara, Ontario",1982-09-01,34.2
"St. Catharines-Niagara, Ontario",1982-10-01,34.2
"St. Catharines-Niagara, Ontario",1982-11-01,34.2
"St. Catharines-Niagara, Ontario",1982-12-01,34.2
"St. Catharines-Niagara, Ontario",1983-01-01,34.2
"St. Catharines-Niagara, Ontario",1983-02-01,34.2
"St. Catharines-Niagara, Ontario",1983-03-01,34.2
"St. Catharines-Niagara, Ontario",1983-04-01,36.5
"St. Catharines-Niagara, Ontario",1983-05-01,36.5
"St. Catharines-Niagara, Ontario",1983-06-01,36.5
"St. Catharines-Niagara, Ontario",1983-07-01,36.5
"St. Catharines-Niagara, Ontario",1983-08-01,36.5
"St. Catharines-Niagara, Ontario",1983-09-01,36.5
"St. Catharines-Niagara, Ontario",1983-10-01,36.5
"St. Catharines-Niagara, Ontario",1983-11-01,36.5
"St. Catharines-Niagara, Ontario",1983-12-01,36.5
"St. Catharines-Niagara, Ontario",1984-01-01,37.0
"St. Catharines-Niagara, Ontario",1984-02-01,37.0
"St. Catharines-Niagara, Ontario",1984-03-01,38.8
"St. Catharines-Niagara, Ontario",1984-04-01,39.2
"St. Catharines-Niagara, Ontario",1984-05-01,39.2
"St. Catharines-Niagara, Ontario",1984-06-01,39.2
"St. Catharines-Niagara, Ontario",1984-07-01,41.2
"St. Catharines-Niagara, Ontario",1984-08-01,41.2
"St. Catharines-Niagara, Ontario",1984-09-01,41.7
"St. Catharines-Niagara, Ontario",1984-10-01,41.7
"St. Catharines-Niagara, Ontario",1984-11-01,41.7
"St. Catharines-Niagara, Ontario",1984-12-01,41.7
"St. Catharines-Niagara, Ontario",1985-01-01,41.7
"St. Catharines-Niagara, Ontario",1985-02-01,41.7
"St. Catharines-Niagara, Ontario",1985-03-01,45.9
"St. Catharines-Niagara, Ontario",1985-04-01,45.9
"St. Catharines-Niagara, Ontario",1985-05-01,49.6
"St. Catharines-Niagara, Ontario",1985-06-01,52.8
"St. Catharines-Niagara, Ontario",1985-07-01,52.8
"St. Catharines-Niagara, Ontario",1985-08-01,52.8
"St. Catharines-Niagara, Ontario",1985-09-01,52.8
"St. Catharines-Niagara, Ontario",1985-10-01,52.8
"St. Catharines-Niagara, Ontario",1985-11-01,52.8
"St. Catharines-Niagara, Ontario",1985-12-01,53.4
"St. Catharines-Niagara, Ontario",1986-01-01,54.1
"St. Catharines-Niagara, Ontario",1986-02-01,54.1
"St. Catharines-Niagara, Ontario",1986-03-01,54.1
"St. Catharines-Niagara, Ontario",1986-04-01,54.1
"St. Catharines-Niagara, Ontario",1986-05-01,55.4
"St. Catharines-Niagara, Ontario",1986-06-01,55.4
"St. Catharines-Niagara, Ontario",1986-07-01,55.4
"St. Catharines-Niagara, Ontario",1986-08-01,55.4
"St. Catharines-Niagara, Ontario",1986-09-01,55.4
"St. Catharines-Niagara, Ontario",1986-10-01,55.4
"St. Catharines-Niagara, Ontario",1986-11-01,55.9
"St. Catharines-Niagara, Ontario",1986-12-01,55.9
"St. Catharines-Niagara, Ontario",1987-01-01,55.9
"St. Catharines-Niagara, Ontario",1987-02-01,55.9
"St. Catharines-Niagara, Ontario",1987-03-01,61.2
"St. Catharines-Niagara, Ontario",1987-04-01,62.2
"St. Catharines-Niagara, Ontario",1987-05-01,62.2
"St. Catharines-Niagara, Ontario",1987-06-01,62.4
"St. Catharines-Niagara, Ontario",1987-07-01,62.4
"St. Catharines-Niagara, Ontario",1987-08-01,62.4
"St. Catharines-Niagara, Ontario",1987-09-01,62.4
"St. Catharines-Niagara, Ontario",1987-10-01,62.4
"St. Catharines-Niagara, Ontario",1987-11-01,62.4
"St. Catharines-Niagara, Ontario",1987-12-01,62.4
"St. Catharines-Niagara, Ontario",1988-01-01,62.4
"St. Catharines-Niagara, Ontario",1988-02-01,62.4
"St. Catharines-Niagara, Ontario",1988-03-01,63.0
"St. Catharines-Niagara, Ontario",1988-04-01,63.0
"St. Catharines-Niagara, Ontario",1988-05-01,63.0
"St. Catharines-Niagara, Ontario",1988-06-01,63.6
"St. Catharines-Niagara, Ontario",1988-07-01,63.6
"St. Catharines-Niagara, Ontario",1988-08-01,63.6
"St. Catharines-Niagara, Ontario",1988-09-01,63.6
"St. Catharines-Niagara, Ontario",1988-10-01,66.8
"St. Catharines-Niagara, Ontario",1988-11-01,66.8
"St. Catharines-Niagara, Ontario",1988-12-01,66.8
"St. Catharines-Niagara, Ontario",1989-01-01,66.8
"St. Catharines-Niagara, Ontario",1989-02-01,66.8
"St. Catharines-Niagara, Ontario",1989-03-01,66.9
"St. Catharines-Niagara, Ontario",1989-04-01,66.9
"St. Catharines-Niagara, Ontario",1989-05-01,68.6
"St. Catharines-Niagara, Ontario",1989-06-01,68.6
"St. Catharines-Niagara, Ontario",1989-07-01,68.6
"St. Catharines-Niagara, Ontario",1989-08-01,68.6
"St. Catharines-Niagara, Ontario",1989-09-01,68.6
"St. Catharines-Niagara, Ontario",1989-10-01,70.4
"St. Catharines-Niagara, Ontario",1989-11-01,70.4
"St. Catharines-Niagara, Ontario",1989-12-01,71.7
"St. Catharines-Niagara, Ontario",1990-01-01,72.6
"St. Catharines-Niagara, Ontario",1990-02-01,74.7
"St. Catharines-Niagara, Ontario",1990-03-01,74.7
"St. Catharines-Niagara, Ontario",1990-04-01,74.7
"St. Catharines-Niagara, Ontario",1990-05-01,74.7
"St. Catharines-Niagara, Ontario",1990-06-01,74.7
"St. Catharines-Niagara, Ontario",1990-07-01,74.7
"St. Catharines-Niagara, Ontario",1990-08-01,74.7
"St. Catharines-Niagara, Ontario",1990-09-01,74.7
"St. Catharines-Niagara, Ontario",1990-10-01,74.7
"St. Catharines-Niagara, Ontario",1990-11-01,75.2
"St. Catharines-Niagara, Ontario",1990-12-01,75.2
"St. Catharines-Niagara, Ontario",1991-01-01,73.8
"St. Catharines-Niagara, Ontario",1991-02-01,71.1
"St. Catharines-Niagara, Ontario",1991-03-01,71.1
"St. Catharines-Niagara, Ontario",1991-04-01,70.4
"St. Catharines-Niagara, Ontario",1991-05-01,70.5
"St. Catharines-Niagara, Ontario",1991-06-01,71.4
"St. Catharines-Niagara, Ontario",1991-07-01,70.9
"St. Catharines-Niagara, Ontario",1991-08-01,70.6
"St. Catharines-Niagara, Ontario",1991-09-01,70.6
"St. Catharines-Niagara, Ontario",1991-10-01,70.6
"St. Catharines-Niagara, Ontario",1991-11-01,70.6
"St. Catharines-Niagara, Ontario",1991-12-01,70.6
"St. Catharines-Niagara, Ontario",1992-01-01,70.6
"St. Catharines-Niagara, Ontario",1992-02-01,70.6
"St. Catharines-Niagara, Ontario",1992-03-01,70.9
"St. Catharines-Niagara, Ontario",1992-04-01,70.9
"St. Catharines-Niagara, Ontario",1992-05-01,70.9
"St. Catharines-Niagara, Ontario",1992-06-01,70.9
"St. Catharines-Niagara, Ontario",1992-07-01,70.9
"St. Catharines-Niagara, Ontario",1992-08-01,70.2
"St. Catharines-Niagara, Ontario",1992-09-01,70.4
"St. Catharines-Niagara, Ontario",1992-10-01,70.9
"St. Catharines-Niagara, Ontario",1992-11-01,70.9
"St. Catharines-Niagara, Ontario",1992-12-01,70.9
"St. Catharines-Niagara, Ontario",1993-01-01,70.9
"St. Catharines-Niagara, Ontario",1993-02-01,71.1
"St. Catharines-Niagara, Ontario",1993-03-01,71.1
"St. Catharines-Niagara, Ontario",1993-04-01,71.1
"St. Catharines-Niagara, Ontario",1993-05-01,71.1
"St. Catharines-Niagara, Ontario",1993-06-01,71.1
"St. Catharines-Niagara, Ontario",1993-07-01,71.1
"St. Catharines-Niagara, Ontario",1993-08-01,71.1
"St. Catharines-Niagara, Ontario",1993-09-01,71.1
"St. Catharines-Niagara, Ontario",1993-10-01,71.1
"St. Catharines-Niagara, Ontario",1993-11-01,71.1
"St. Catharines-Niagara, Ontario",1993-12-01,71.1
"St. Catharines-Niagara, Ontario",1994-01-01,70.9
"St. Catharines-Niagara, Ontario",1994-02-01,69.6
"St. Catharines-Niagara, Ontario",1994-03-01,69.6
"St. Catharines-Niagara, Ontario",1994-04-01,69.6
"St. Catharines-Niagara, Ontario",1994-05-01,69.6
"St. Catharines-Niagara, Ontario",1994-06-01,69.6
"St. Catharines-Niagara, Ontario",1994-07-01,69.6
"St. Catharines-Niagara, Ontario",1994-08-01,69.6
"St. Catharines-Niagara, Ontario",1994-09-01,69.6
"St. Catharines-Niagara, Ontario",1994-10-01,69.6
"St. Catharines-Niagara, Ontario",1994-11-01,69.7
"St. Catharines-Niagara, Ontario",1994-12-01,69.7
"St. Catharines-Niagara, Ontario",1995-01-01,69.7
"St. Catharines-Niagara, Ontario",1995-02-01,69.7
"St. Catharines-Niagara, Ontario",1995-03-01,69.7
"St. Catharines-Niagara, Ontario",1995-04-01,69.7
"St. Catharines-Niagara, Ontario",1995-05-01,69.7
"St. Catharines-Niagara, Ontario",1995-06-01,69.7
"St. Catharines-Niagara, Ontario",1995-07-01,69.7
"St. Catharines-Niagara, Ontario",1995-08-01,69.7
"St. Catharines-Niagara, Ontario",1995-09-01,69.7
"St. Catharines-Niagara, Ontario",1995-10-01,69.7
"St. Catharines-Niagara, Ontario",1995-11-01,69.7
"St. Catharines-Niagara, Ontario",1995-12-01,69.7
"St. Catharines-Niagara, Ontario",1996-01-01,69.7
"St. Catharines-Niagara, Ontario",1996-02-01,69.7
"St. Catharines-Niagara, Ontario",1996-03-01,69.7
"St. Catharines-Niagara, Ontario",1996-04-01,69.7
"St. Catharines-Niagara, Ontario",1996-05-01,70.6
"St. Catharines-Niagara, Ontario",1996-06-01,70.6
"St. Catharines-Niagara, Ontario",1996-07-01,70.6
"St. Catharines-Niagara, Ontario",1996-08-01,70.6
"St. Catharines-Niagara, Ontario",1996-09-01,70.6
"St. Catharines-Niagara, Ontario",1996-10-01,70.6
"St. Catharines-Niagara, Ontario",1996-11-01,70.6
"St. Catharines-Niagara, Ontario",1996-12-01,70.6
"St. Catharines-Niagara, Ontario",1997-01-01,70.6
"St. Catharines-Niagara, Ontario",1997-02-01,70.6
"St. Catharines-Niagara, Ontario",1997-03-01,71.6
"St. Catharines-Niagara, Ontario",1997-04-01,71.8
"St. Catharines-Niagara, Ontario",1997-05-01,71.8
"St. Catharines-Niagara, Ontario",1997-06-01,71.8
"St. Catharines-Niagara, Ontario",1997-07-01,71.8
"St. Catharines-Niagara, Ontario",1997-08-01,71.8
"St. Catharines-Niagara, Ontario",1997-09-01,71.8
"St. Catharines-Niagara, Ontario",1997-10-01,71.8
"St. Catharines-Niagara, Ontario",1997-11-01,71.8
"St. Catharines-Niagara, Ontario",1997-12-01,71.8
"St. Catharines-Niagara, Ontario",1998-01-01,71.8
"St. Catharines-Niagara, Ontario",1998-02-01,71.8
"St. Catharines-Niagara, Ontario",1998-03-01,71.8
"St. Catharines-Niagara, Ontario",1998-04-01,71.8
"St. Catharines-Niagara, Ontario",1998-05-01,71.8
"St. Catharines-Niagara, Ontario",1998-06-01,71.8
"St. Catharines-Niagara, Ontario",1998-07-01,71.8
"St. Catharines-Niagara, Ontario",1998-08-01,71.8
"St. Catharines-Niagara, Ontario",1998-09-01,71.8
"St. Catharines-Niagara, Ontario",1998-10-01,71.8
"St. Catharines-Niagara, Ontario",1998-11-01,71.8
"St. Catharines-Niagara, Ontario",1998-12-01,71.8
"St. Catharines-Niagara, Ontario",1999-01-01,71.8
"St. Catharines-Niagara, Ontario",1999-02-01,71.8
"St. Catharines-Niagara, Ontario",1999-03-01,71.8
"St. Catharines-Niagara, Ontario",1999-04-01,71.8
"St. Catharines-Niagara, Ontario",1999-05-01,71.8
"St. Catharines-Niagara, Ontario",1999-06-01,71.8
"St. Catharines-Niagara, Ontario",1999-07-01,71.8
"St. Catharines-Niagara, Ontario",1999-08-01,71.8
"St. Catharines-Niagara, Ontario",1999-09-01,71.8
"St. Catharines-Niagara, Ontario",1999-10-01,71.8
"St. Catharines-Niagara, Ontario",1999-11-01,73.1
"St. Catharines-Niagara, Ontario",1999-12-01,73.1
"St. Catharines-Niagara, Ontario",2000-01-01,73.1
"St. Catharines-Niagara, Ontario",2000-02-01,73.1
"St. Catharines-Niagara, Ontario",2000-03-01,73.1
"St. Catharines-Niagara, Ontario",2000-04-01,73.1
"St. Catharines-Niagara, Ontario",2000-05-01,73.1
"St. Catharines-Niagara, Ontario",2000-06-01,73.1
"St. Catharines-Niagara, Ontario",2000-07-01,73.1
"St. Catharines-Niagara, Ontario",2000-08-01,73.1
"St. Catharines-Niagara, Ontario",2000-09-01,73.1
"St. Catharines-Niagara, Ontario",2000-10-01,73.1
"St. Catharines-Niagara, Ontario",2000-11-01,73.1
"St. Catharines-Niagara, Ontario",2000-12-01,73.1
"St. Catharines-Niagara, Ontario",2001-01-01,73.1
"St. Catharines-Niagara, Ontario",2001-02-01,73.1
"St. Catharines-Niagara, Ontario",2001-03-01,73.1
"St. Catharines-Niagara, Ontario",2001-04-01,73.1
"St. Catharines-Niagara, Ontario",2001-05-01,73.1
"St. Catharines-Niagara, Ontario",2001-06-01,73.2
"St. Catharines-Niagara, Ontario",2001-07-01,73.2
"St. Catharines-Niagara, Ontario",2001-08-01,73.2
"St. Catharines-Niagara, Ontario",2001-09-01,73.2
"St. Catharines-Niagara, Ontario",2001-10-01,73.2
"St. Catharines-Niagara, Ontario",2001-11-01,73.2
"St. Catharines-Niagara, Ontario",2001-12-01,73.2
"St. Catharines-Niagara, Ontario",2002-01-01,73.2
"St. Catharines-Niagara, Ontario",2002-02-01,73.2
"St. Catharines-Niagara, Ontario",2002-03-01,73.2
"St. Catharines-Niagara, Ontario",2002-04-01,73.2
"St. Catharines-Niagara, Ontario",2002-05-01,73.2
"St. Catharines-Niagara, Ontario",2002-06-01,73.2
"St. Catharines-Niagara, Ontario",2002-07-01,73.2
"St. Catharines-Niagara, Ontario",2002-08-01,73.2
"St. Catharines-Niagara, Ontario",2002-09-01,73.2
"St. Catharines-Niagara, Ontario",2002-10-01,73.2
"St. Catharines-Niagara, Ontario",2002-11-01,73.2
"St. Catharines-Niagara, Ontario",2002-12-01,73.2
"St. Catharines-Niagara, Ontario",2003-01-01,73.2
"St. Catharines-Niagara, Ontario",2003-02-01,73.2
"St. Catharines-Niagara, Ontario",2003-03-01,73.2
"St. Catharines-Niagara, Ontario",2003-04-01,73.2
"St. Catharines-Niagara, Ontario",2003-05-01,73.2
"St. Catharines-Niagara, Ontario",2003-06-01,73.2
"St. Catharines-Niagara, Ontario",2003-07-01,73.2
"St. Catharines-Niagara, Ontario",2003-08-01,73.2
"St. Catharines-Niagara, Ontario",2003-09-01,73.2
"St. Catharines-Niagara, Ontario",2003-10-01,73.2
"St. Catharines-Niagara, Ontario",2003-11-01,73.6
"St. Catharines-Niagara, Ontario",2003-12-01,73.6
"St. Catharines-Niagara, Ontario",2004-01-01,73.6
"St. Catharines-Niagara, Ontario",2004-02-01,74.5
"St. Catharines-Niagara, Ontario",2004-03-01,74.5
"St. Catharines-Niagara, Ontario",2004-04-01,74.5
"St. Catharines-Niagara, Ontario",2004-05-01,76.4
"St. Catharines-Niagara, Ontario",2004-06-01,78.8
"St. Catharines-Niagara, Ontario",2004-07-01,78.8
"St. Catharines-Niagara, Ontario",2004-08-01,79.2
"St. Catharines-Niagara, Ontario",2004-09-01,79.2
"St. Catharines-Niagara, Ontario",2004-10-01,79.2
"St. Catharines-Niagara, Ontario",2004-11-01,79.2
"St. Catharines-Niagara, Ontario",2004-12-01,79.2
"St. Catharines-Niagara, Ontario",2005-01-01,79.2
"St. Catharines-Niagara, Ontario",2005-02-01,79.2
"St. Catharines-Niagara, Ontario",2005-03-01,79.2
"St. Catharines-Niagara, Ontario",2005-04-01,84.8
"St. Catharines-Niagara, Ontario",2005-05-01,86.4
"St. Catharines-Niagara, Ontario",2005-06-01,86.4
"St. Catharines-Niagara, Ontario",2005-07-01,86.4
"St. Catharines-Niagara, Ontario",2005-08-01,86.6
"St. Catharines-Niagara, Ontario",2005-09-01,86.9
"St. Catharines-Niagara, Ontario",2005-10-01,86.9
"St. Catharines-Niagara, Ontario",2005-11-01,87.1
"St. Catharines-Niagara, Ontario",2005-12-01,87.1
"St. Catharines-Niagara, Ontario",2006-01-01,87.1
"St. Catharines-Niagara, Ontario",2006-02-01,87.8
"St. Catharines-Niagara, Ontario",2006-03-01,87.8
"St. Catharines-Niagara, Ontario",2006-04-01,87.8
"St. Catharines-Niagara, Ontario",2006-05-01,87.8
"St. Catharines-Niagara, Ontario",2006-06-01,88.1
"St. Catharines-Niagara, Ontario",2006-07-01,88.3
"St. Catharines-Niagara, Ontario",2006-08-01,88.3
"St. Catharines-Niagara, Ontario",2006-09-01,88.3
"St. Catharines-Niagara, Ontario",2006-10-01,88.3
"St. Catharines-Niagara, Ontario",2006-11-01,88.3
"St. Catharines-Niagara, Ontario",2006-12-01,88.3
"St. Catharines-Niagara, Ontario",2007-01-01,88.3
"St. Catharines-Niagara, Ontario",2007-02-01,88.3
"St. Catharines-Niagara, Ontario",2007-03-01,88.3
"St. Catharines-Niagara, Ontario",2007-04-01,88.3
"St. Catharines-Niagara, Ontario",2007-05-01,88.3
"St. Catharines-Niagara, Ontario",2007-06-01,88.5
"St. Catharines-Niagara, Ontario",2007-07-01,88.5
"St. Catharines-Niagara, Ontario",2007-08-01,88.5
"St. Catharines-Niagara, Ontario",2007-09-01,88.5
"St. Catharines-Niagara, Ontario",2007-10-01,88.5
"St. Catharines-Niagara, Ontario",2007-11-01,88.7
"St. Catharines-Niagara, Ontario",2007-12-01,88.7
"St. Catharines-Niagara, Ontario",2008-01-01,89.1
"St. Catharines-Niagara, Ontario",2008-02-01,93.7
"St. Catharines-Niagara, Ontario",2008-03-01,96.1
"St. Catharines-Niagara, Ontario",2008-04-01,97.1
"St. Catharines-Niagara, Ontario",2008-05-01,97.1
"St. Catharines-Niagara, Ontario",2008-06-01,97.1
"St. Catharines-Niagara, Ontario",2008-07-01,97.1
"St. Catharines-Niagara, Ontario",2008-08-01,97.1
"St. Catharines-Niagara, Ontario",2008-09-01,97.1
"St. Catharines-Niagara, Ontario",2008-10-01,97.1
"St. Catharines-Niagara, Ontario",2008-11-01,97.1
"St. Catharines-Niagara, Ontario",2008-12-01,97.1
"St. Catharines-Niagara, Ontario",2009-01-01,97.1
"St. Catharines-Niagara, Ontario",2009-02-01,97.1
"St. Catharines-Niagara, Ontario",2009-03-01,97.1
"St. Catharines-Niagara, Ontario",2009-04-01,97.1
"St. Catharines-Niagara, Ontario",2009-05-01,97.1
"St. Catharines-Niagara, Ontario",2009-06-01,97.1
"St. Catharines-Niagara, Ontario",2009-07-01,97.1
"St. Catharines-Niagara, Ontario",2009-08-01,97.1
"St. Catharines-Niagara, Ontario",2009-09-01,97.1
"St. Catharines-Niagara, Ontario",2009-10-01,97.1
"St. Catharines-Niagara, Ontario",2009-11-01,97.1
"St. Catharines-Niagara, Ontario",2009-12-01,97.1
"St. Catharines-Niagara, Ontario",2010-01-01,97.1
"St. Catharines-Niagara, Ontario",2010-02-01,97.0
"St. Catharines-Niagara, Ontario",2010-03-01,96.5
"St. Catharines-Niagara, Ontario",2010-04-01,96.3
"St. Catharines-Niagara, Ontario",2010-05-01,96.3
"St. Catharines-Niagara, Ontario",2010-06-01,96.2
"St. Catharines-Niagara, Ontario",2010-07-01,96.0
"St. Catharines-Niagara, Ontario",2010-08-01,96.8
"St. Catharines-Niagara, Ontario",2010-09-01,96.8
"St. Catharines-Niagara, Ontario",2010-10-01,96.8
"St. Catharines-Niagara, Ontario",2010-11-01,96.8
"St. Catharines-Niagara, Ontario",2010-12-01,96.8
"St. Catharines-Niagara, Ontario",2011-01-01,96.8
"St. Catharines-Niagara, Ontario",2011-02-01,96.8
"St. Catharines-Niagara, Ontario",2011-03-01,96.8
"St. Catharines-Niagara, Ontario",2011-04-01,96.8
"St. Catharines-Niagara, Ontario",2011-05-01,96.8
"St. Catharines-Niagara, Ontario",2011-06-01,96.8
"St. Catharines-Niagara, Ontario",2011-07-01,96.8
"St. Catharines-Niagara, Ontario",2011-08-01,96.8
"St. Catharines-Niagara, Ontario",2011-09-01,96.8
"St. Catharines-Niagara, Ontario",2011-10-01,96.8
"St. Catharines-Niagara, Ontario",2011-11-01,96.8
"St. Catharines-Niagara, Ontario",2011-12-01,96.8
"St. Catharines-Niagara, Ontario",2012-01-01,96.8
"St. Catharines-Niagara, Ontario",2012-02-01,96.8
"St. Catharines-Niagara, Ontario",2012-03-01,96.8
"St. Catharines-Niagara, Ontario",2012-04-01,96.8
"St. Catharines-Niagara, Ontario",2012-05-01,96.8
"St. Catharines-Niagara, Ontario",2012-06-01,97.4
"St. Catharines-Niagara, Ontario",2012-07-01,97.4
"St. Catharines-Niagara, Ontario",2012-08-01,97.4
"St. Catharines-Niagara, Ontario",2012-09-01,98.1
"St. Catharines-Niagara, Ontario",2012-10-01,98.1
"St. Catharines-Niagara, Ontario",2012-11-01,98.1
"St. Catharines-Niagara, Ontario",2012-12-01,98.4
"St. Catharines-Niagara, Ontario",2013-01-01,98.4
"St. Catharines-Niagara, Ontario",2013-02-01,98.4
"St. Catharines-Niagara, Ontario",2013-03-01,98.4
"St. Catharines-Niagara, Ontario",2013-04-01,98.4
"St. Catharines-Niagara, Ontario",2013-05-01,98.6
"St. Catharines-Niagara, Ontario",2013-06-01,98.6
"St. Catharines-Niagara, Ontario",2013-07-01,98.6
"St. Catharines-Niagara, Ontario",2013-08-01,98.6
"St. Catharines-Niagara, Ontario",2013-09-01,98.6
"St. Catharines-Niagara, Ontario",2013-10-01,98.6
"St. Catharines-Niagara, Ontario",2013-11-01,98.6
"St. Catharines-Niagara, Ontario",2013-12-01,98.6
"St. Catharines-Niagara, Ontario",2014-01-01,98.6
"St. Catharines-Niagara, Ontario",2014-02-01,98.6
"St. Catharines-Niagara, Ontario",2014-03-01,98.6
"St. Catharines-Niagara, Ontario",2014-04-01,98.6
"St. Catharines-Niagara, Ontario",2014-05-01,98.6
"St. Catharines-Niagara, Ontario",2014-06-01,98.6
"St. Catharines-Niagara, Ontario",2014-07-01,98.6
"St. Catharines-Niagara, Ontario",2014-08-01,98.6
"St. Catharines-Niagara, Ontario",2014-09-01,98.6
"St. Catharines-Niagara, Ontario",2014-10-01,98.6
"St. Catharines-Niagara, Ontario",2014-11-01,98.6
"St. Catharines-Niagara, Ontario",2014-12-01,98.6
"St. Catharines-Niagara, Ontario",2015-01-01,98.2
"St. Catharines-Niagara, Ontario",2015-02-01,98.2
"St. Catharines-Niagara, Ontario",2015-03-01,98.2
"St. Catharines-Niagara, Ontario",2015-04-01,98.2
"St. Catharines-Niagara, Ontario",2015-05-01,98.2
"St. Catharines-Niagara, Ontario",2015-06-01,98.2
"St. Catharines-Niagara, Ontario",2015-07-01,98.2
"St. Catharines-Niagara, Ontario",2015-08-01,98.2
"St. Catharines-Niagara, Ontario",2015-09-01,98.2
"St. Catharines-Niagara, Ontario",2015-10-01,98.2
"St. Catharines-Niagara, Ontario",2015-11-01,98.2
"St. Catharines-Niagara, Ontario",2015-12-01,98.2
"St. Catharines-Niagara, Ontario",2016-01-01,98.2
"St. Catharines-Niagara, Ontario",2016-02-01,98.2
"St. Catharines-Niagara, Ontario",2016-03-01,98.2
"St. Catharines-Niagara, Ontario",2016-04-01,98.2
"St. Catharines-Niagara, Ontario",2016-05-01,98.2
"St. Catharines-Niagara, Ontario",2016-06-01,98.2
"St. Catharines-Niagara, Ontario",2016-07-01,98.2
"St. Catharines-Niagara, Ontario",2016-08-01,98.2
"St. Catharines-Niagara, Ontario",2016-09-01,99.4
"St. Catharines-Niagara, Ontario",2016-10-01,99.4
"St. Catharines-Niagara, Ontario",2016-11-01,99.7
"St. Catharines-Niagara, Ontario",2016-12-01,100.0
"St. Catharines-Niagara, Ontario",2017-01-01,100.0
"St. John's, Newfoundland and Labrador",1981-01-01,31.4
"St. John's, Newfoundland and Labrador",1981-02-01,31.8
"St. John's, Newfoundland and Labrador",1981-03-01,31.8
"St. John's, Newfoundland and Labrador",1981-04-01,31.8
"St. John's, Newfoundland and Labrador",1981-05-01,31.9
"St. John's, Newfoundland and Labrador",1981-06-01,31.9
"St. John's, Newfoundland and Labrador",1981-07-01,31.9
"St. John's, Newfoundland and Labrador",1981-08-01,31.9
"St. John's, Newfoundland and Labrador",1981-09-01,31.9
"St. John's, Newfoundland and Labrador",1981-10-01,31.9
"St. John's, Newfoundland and Labrador",1981-11-01,31.9
"St. John's, Newfoundland and Labrador",1981-12-01,31.9
"St. John's, Newfoundland and Labrador",1982-01-01,31.9
"St. John's, Newfoundland and Labrador",1982-02-01,31.9
"St. John's, Newfoundland and Labrador",1982-03-01,31.9
"St. John's, Newfoundland and Labrador",1982-04-01,31.9
"St. John's, Newfoundland and Labrador",1982-05-01,31.9
"St. John's, Newfoundland and Labrador",1982-06-01,31.9
"St. John's, Newfoundland and Labrador",1982-07-01,31.9
"St. John's, Newfoundland and Labrador",1982-08-01,31.9
"St. John's, Newfoundland and Labrador",1982-09-01,31.9
"St. John's, Newfoundland and Labrador",1982-10-01,31.9
"St. John's, Newfoundland and Labrador",1982-11-01,31.9
"St. John's, Newfoundland and Labrador",1982-12-01,31.9
"St. John's, Newfoundland and Labrador",1983-01-01,31.9
"St. John's, Newfoundland and Labrador",1983-02-01,31.9
"St. John's, Newfoundland and Labrador",1983-03-01,31.9
"St. John's, Newfoundland and Labrador",1983-04-01,31.9
"St. John's, Newfoundland and Labrador",1983-05-01,31.9
"St. John's, Newfoundland and Labrador",1983-06-01,31.9
"St. John's, Newfoundland and Labrador",1983-07-01,31.9
"St. John's, Newfoundland and Labrador",1983-08-01,31.9
"St. John's, Newfoundland and Labrador",1983-09-01,31.9
"St. John's, Newfoundland and Labrador",1983-10-01,31.9
"St. John's, Newfoundland and Labrador",1983-11-01,31.9
"St. John's, Newfoundland and Labrador",1983-12-01,31.9
"St. John's, Newfoundland and Labrador",1984-01-01,31.9
"St. John's, Newfoundland and Labrador",1984-02-01,32.3
"St. John's, Newfoundland and Labrador",1984-03-01,32.8
"St. John's, Newfoundland and Labrador",1984-04-01,32.8
"St. John's, Newfoundland and Labrador",1984-05-01,33.3
"St. John's, Newfoundland and Labrador",1984-06-01,33.3
"St. John's, Newfoundland and Labrador",1984-07-01,33.7
"St. John's, Newfoundland and Labrador",1984-08-01,33.9
"St. John's, Newfoundland and Labrador",1984-09-01,34.2
"St. John's, Newfoundland and Labrador",1984-10-01,34.2
"St. John's, Newfoundland and Labrador",1984-11-01,34.5
"St. John's, Newfoundland and Labrador",1984-12-01,34.3
"St. John's, Newfoundland and Labrador",1985-01-01,34.3
"St. John's, Newfoundland and Labrador",1985-02-01,34.7
"St. John's, Newfoundland and Labrador",1985-03-01,34.7
"St. John's, Newfoundland and Labrador",1985-04-01,34.7
"St. John's, Newfoundland and Labrador",1985-05-01,34.8
"St. John's, Newfoundland and Labrador",1985-06-01,34.9
"St. John's, Newfoundland and Labrador",1985-07-01,34.9
"St. John's, Newfoundland and Labrador",1985-08-01,35.1
"St. John's, Newfoundland and Labrador",1985-09-01,35.3
"St. John's, Newfoundland and Labrador",1985-10-01,35.3
"St. John's, Newfoundland and Labrador",1985-11-01,35.3
"St. John's, Newfoundland and Labrador",1985-12-01,35.3
"St. John's, Newfoundland and Labrador",1986-01-01,35.3
"St. John's, Newfoundland and Labrador",1986-02-01,35.3
"St. John's, Newfoundland and Labrador",1986-03-01,35.3
"St. John's, Newfoundland and Labrador",1986-04-01,35.3
"St. John's, Newfoundland and Labrador",1986-05-01,35.3
"St. John's, Newfoundland and Labrador",1986-06-01,35.3
"St. John's, Newfoundland and Labrador",1986-07-01,35.3
"St. John's, Newfoundland and Labrador",1986-08-01,35.3
"St. John's, Newfoundland and Labrador",1986-09-01,35.3
"St. John's, Newfoundland and Labrador",1986-10-01,35.3
"St. John's, Newfoundland and Labrador",1986-11-01,36.1
"St. John's, Newfoundland and Labrador",1986-12-01,36.1
"St. John's, Newfoundland and Labrador",1987-01-01,36.1
"St. John's, Newfoundland and Labrador",1987-02-01,37.6
"St. John's, Newfoundland and Labrador",1987-03-01,37.6
"St. John's, Newfoundland and Labrador",1987-04-01,37.8
"St. John's, Newfoundland and Labrador",1987-05-01,37.8
"St. John's, Newfoundland and Labrador",1987-06-01,37.8
"St. John's, Newfoundland and Labrador",1987-07-01,37.8
"St. John's, Newfoundland and Labrador",1987-08-01,37.8
"St. John's, Newfoundland and Labrador",1987-09-01,37.8
"St. John's, Newfoundland and Labrador",1987-10-01,38.1
"St. John's, Newfoundland and Labrador",1987-11-01,38.5
"St. John's, Newfoundland and Labrador",1987-12-01,38.3
"St. John's, Newfoundland and Labrador",1988-01-01,38.3
"St. John's, Newfoundland and Labrador",1988-02-01,38.3
"St. John's, Newfoundland and Labrador",1988-03-01,38.3
"St. John's, Newfoundland and Labrador",1988-04-01,38.3
"St. John's, Newfoundland and Labrador",1988-05-01,38.3
"St. John's, Newfoundland and Labrador",1988-06-01,38.3
"St. John's, Newfoundland and Labrador",1988-07-01,38.3
"St. John's, Newfoundland and Labrador",1988-08-01,38.5
"St. John's, Newfoundland and Labrador",1988-09-01,38.5
"St. John's, Newfoundland and Labrador",1988-10-01,38.5
"St. John's, Newfoundland and Labrador",1988-11-01,38.5
"St. John's, Newfoundland and Labrador",1988-12-01,38.5
"St. John's, Newfoundland and Labrador",1989-01-01,38.5
"St. John's, Newfoundland and Labrador",1989-02-01,38.5
"St. John's, Newfoundland and Labrador",1989-03-01,38.5
"St. John's, Newfoundland and Labrador",1989-04-01,38.5
"St. John's, Newfoundland and Labrador",1989-05-01,38.5
"St. John's, Newfoundland and Labrador",1989-06-01,38.5
"St. John's, Newfoundland and Labrador",1989-07-01,38.5
"St. John's, Newfoundland and Labrador",1989-08-01,38.5
"St. John's, Newfoundland and Labrador",1989-09-01,40.6
"St. John's, Newfoundland and Labrador",1989-10-01,40.6
"St. John's, Newfoundland and Labrador",1989-11-01,40.6
"St. John's, Newfoundland and Labrador",1989-12-01,40.6
"St. John's, Newfoundland and Labrador",1990-01-01,40.6
"St. John's, Newfoundland and Labrador",1990-02-01,40.6
"St. John's, Newfoundland and Labrador",1990-03-01,40.9
"St. John's, Newfoundland and Labrador",1990-04-01,40.9
"St. John's, Newfoundland and Labrador",1990-05-01,40.9
"St. John's, Newfoundland and Labrador",1990-06-01,40.9
"St. John's, Newfoundland and Labrador",1990-07-01,44.4
"St. John's, Newfoundland and Labrador",1990-08-01,44.4
"St. John's, Newfoundland and Labrador",1990-09-01,44.8
"St. John's, Newfoundland and Labrador",1990-10-01,44.8
"St. John's, Newfoundland and Labrador",1990-11-01,44.8
"St. John's, Newfoundland and Labrador",1990-12-01,44.8
"St. John's, Newfoundland and Labrador",1991-01-01,44.8
"St. John's, Newfoundland and Labrador",1991-02-01,45.1
"St. John's, Newfoundland and Labrador",1991-03-01,46.2
"St. John's, Newfoundland and Labrador",1991-04-01,46.0
"St. John's, Newfoundland and Labrador",1991-05-01,46.0
"St. John's, Newfoundland and Labrador",1991-06-01,46.0
"St. John's, Newfoundland and Labrador",1991-07-01,46.0
"St. John's, Newfoundland and Labrador",1991-08-01,46.0
"St. John's, Newfoundland and Labrador",1991-09-01,46.0
"St. John's, Newfoundland and Labrador",1991-10-01,46.0
"St. John's, Newfoundland and Labrador",1991-11-01,46.0
"St. John's, Newfoundland and Labrador",1991-12-01,46.0
"St. John's, Newfoundland and Labrador",1992-01-01,45.9
"St. John's, Newfoundland and Labrador",1992-02-01,45.9
"St. John's, Newfoundland and Labrador",1992-03-01,45.9
"St. John's, Newfoundland and Labrador",1992-04-01,45.9
"St. John's, Newfoundland and Labrador",1992-05-01,45.9
"St. John's, Newfoundland and Labrador",1992-06-01,45.9
"St. John's, Newfoundland and Labrador",1992-07-01,45.9
"St. John's, Newfoundland and Labrador",1992-08-01,45.9
"St. John's, Newfoundland and Labrador",1992-09-01,45.9
"St. John's, Newfoundland and Labrador",1992-10-01,45.9
"St. John's, Newfoundland and Labrador",1992-11-01,45.9
"St. John's, Newfoundland and Labrador",1992-12-01,45.9
"St. John's, Newfoundland and Labrador",1993-01-01,45.9
"St. John's, Newfoundland and Labrador",1993-02-01,45.9
"St. John's, Newfoundland and Labrador",1993-03-01,45.9
"St. John's, Newfoundland and Labrador",1993-04-01,45.9
"St. John's, Newfoundland and Labrador",1993-05-01,45.9
"St. John's, Newfoundland and Labrador",1993-06-01,45.9
"St. John's, Newfoundland and Labrador",1993-07-01,45.9
"St. John's, Newfoundland and Labrador",1993-08-01,45.9
"St. John's, Newfoundland and Labrador",1993-09-01,45.9
"St. John's, Newfoundland and Labrador",1993-10-01,45.9
"St. John's, Newfoundland and Labrador",1993-11-01,45.9
"St. John's, Newfoundland and Labrador",1993-12-01,45.9
"St. John's, Newfoundland and Labrador",1994-01-01,45.6
"St. John's, Newfoundland and Labrador",1994-02-01,45.6
"St. John's, Newfoundland and Labrador",1994-03-01,45.4
"St. John's, Newfoundland and Labrador",1994-04-01,45.4
"St. John's, Newfoundland and Labrador",1994-05-01,45.7
"St. John's, Newfoundland and Labrador",1994-06-01,45.7
"St. John's, Newfoundland and Labrador",1994-07-01,45.7
"St. John's, Newfoundland and Labrador",1994-08-01,45.7
"St. John's, Newfoundland and Labrador",1994-09-01,45.7
"St. John's, Newfoundland and Labrador",1994-10-01,45.7
"St. John's, Newfoundland and Labrador",1994-11-01,45.7
"St. John's, Newfoundland and Labrador",1994-12-01,45.7
"St. John's, Newfoundland and Labrador",1995-01-01,45.7
"St. John's, Newfoundland and Labrador",1995-02-01,46.0
"St. John's, Newfoundland and Labrador",1995-03-01,46.0
"St. John's, Newfoundland and Labrador",1995-04-01,46.0
"St. John's, Newfoundland and Labrador",1995-05-01,46.0
"St. John's, Newfoundland and Labrador",1995-06-01,46.0
"St. John's, Newfoundland and Labrador",1995-07-01,46.0
"St. John's, Newfoundland and Labrador",1995-08-01,46.2
"St. John's, Newfoundland and Labrador",1995-09-01,46.2
"St. John's, Newfoundland and Labrador",1995-10-01,46.2
"St. John's, Newfoundland and Labrador",1995-11-01,46.2
"St. John's, Newfoundland and Labrador",1995-12-01,46.2
"St. John's, Newfoundland and Labrador",1996-01-01,46.2
"St. John's, Newfoundland and Labrador",1996-02-01,46.2
"St. John's, Newfoundland and Labrador",1996-03-01,46.2
"St. John's, Newfoundland and Labrador",1996-04-01,46.2
"St. John's, Newfoundland and Labrador",1996-05-01,46.2
"St. John's, Newfoundland and Labrador",1996-06-01,46.2
"St. John's, Newfoundland and Labrador",1996-07-01,46.2
"St. John's, Newfoundland and Labrador",1996-08-01,46.2
"St. John's, Newfoundland and Labrador",1996-09-01,46.2
"St. John's, Newfoundland and Labrador",1996-10-01,46.2
"St. John's, Newfoundland and Labrador",1996-11-01,46.1
"St. John's, Newfoundland and Labrador",1996-12-01,46.1
"St. John's, Newfoundland and Labrador",1997-01-01,46.1
"St. John's, Newfoundland and Labrador",1997-02-01,46.1
"St. John's, Newfoundland and Labrador",1997-03-01,46.1
"St. John's, Newfoundland and Labrador",1997-04-01,44.5
"St. John's, Newfoundland and Labrador",1997-05-01,45.1
"St. John's, Newfoundland and Labrador",1997-06-01,45.1
"St. John's, Newfoundland and Labrador",1997-07-01,45.1
"St. John's, Newfoundland and Labrador",1997-08-01,45.1
"St. John's, Newfoundland and Labrador",1997-09-01,45.1
"St. John's, Newfoundland and Labrador",1997-10-01,45.1
"St. John's, Newfoundland and Labrador",1997-11-01,45.1
"St. John's, Newfoundland and Labrador",1997-12-01,45.1
"St. John's, Newfoundland and Labrador",1998-01-01,45.1
"St. John's, Newfoundland and Labrador",1998-02-01,45.1
"St. John's, Newfoundland and Labrador",1998-03-01,45.1
"St. John's, Newfoundland and Labrador",1998-04-01,45.1
"St. John's, Newfoundland and Labrador",1998-05-01,45.1
"St. John's, Newfoundland and Labrador",1998-06-01,45.1
"St. John's, Newfoundland and Labrador",1998-07-01,45.1
"St. John's, Newfoundland and Labrador",1998-08-01,45.1
"St. John's, Newfoundland and Labrador",1998-09-01,45.1
"St. John's, Newfoundland and Labrador",1998-10-01,45.1
"St. John's, Newfoundland and Labrador",1998-11-01,45.1
"St. John's, Newfoundland and Labrador",1998-12-01,45.1
"St. John's, Newfoundland and Labrador",1999-01-01,45.1
"St. John's, Newfoundland and Labrador",1999-02-01,45.1
"St. John's, Newfoundland and Labrador",1999-03-01,45.1
"St. John's, Newfoundland and Labrador",1999-04-01,45.1
"St. John's, Newfoundland and Labrador",1999-05-01,45.1
"St. John's, Newfoundland and Labrador",1999-06-01,45.1
"St. John's, Newfoundland and Labrador",1999-07-01,45.1
"St. John's, Newfoundland and Labrador",1999-08-01,45.1
"St. John's, Newfoundland and Labrador",1999-09-01,45.1
"St. John's, Newfoundland and Labrador",1999-10-01,45.1
"St. John's, Newfoundland and Labrador",1999-11-01,45.1
"St. John's, Newfoundland and Labrador",1999-12-01,45.1
"St. John's, Newfoundland and Labrador",2000-01-01,45.1
"St. John's, Newfoundland and Labrador",2000-02-01,45.1
"St. John's, Newfoundland and Labrador",2000-03-01,45.1
"St. John's, Newfoundland and Labrador",2000-04-01,45.1
"St. John's, Newfoundland and Labrador",2000-05-01,45.1
"St. John's, Newfoundland and Labrador",2000-06-01,45.1
"St. John's, Newfoundland and Labrador",2000-07-01,45.1
"St. John's, Newfoundland and Labrador",2000-08-01,45.3
"St. John's, Newfoundland and Labrador",2000-09-01,45.3
"St. John's, Newfoundland and Labrador",2000-10-01,45.3
"St. John's, Newfoundland and Labrador",2000-11-01,45.3
"St. John's, Newfoundland and Labrador",2000-12-01,45.3
"St. John's, Newfoundland and Labrador",2001-01-01,45.3
"St. John's, Newfoundland and Labrador",2001-02-01,45.3
"St. John's, Newfoundland and Labrador",2001-03-01,45.3
"St. John's, Newfoundland and Labrador",2001-04-01,45.3
"St. John's, Newfoundland and Labrador",2001-05-01,45.3
"St. John's, Newfoundland and Labrador",2001-06-01,45.3
"St. John's, Newfoundland and Labrador",2001-07-01,45.8
"St. John's, Newfoundland and Labrador",2001-08-01,45.8
"St. John's, Newfoundland and Labrador",2001-09-01,45.8
"St. John's, Newfoundland and Labrador",2001-10-01,45.8
"St. John's, Newfoundland and Labrador",2001-11-01,45.8
"St. John's, Newfoundland and Labrador",2001-12-01,45.8
"St. John's, Newfoundland and Labrador",2002-01-01,46.3
"St. John's, Newfoundland and Labrador",2002-02-01,46.8
"St. John's, Newfoundland and Labrador",2002-03-01,47.0
"St. John's, Newfoundland and Labrador",2002-04-01,47.0
"St. John's, Newfoundland and Labrador",2002-05-01,48.2
"St. John's, Newfoundland and Labrador",2002-06-01,48.3
"St. John's, Newfoundland and Labrador",2002-07-01,48.3
"St. John's, Newfoundland and Labrador",2002-08-01,49.0
"St. John's, Newfoundland and Labrador",2002-09-01,49.1
"St. John's, Newfoundland and Labrador",2002-10-01,49.1
"St. John's, Newfoundland and Labrador",2002-11-01,49.9
"St. John's, Newfoundland and Labrador",2002-12-01,49.7
"St. John's, Newfoundland and Labrador",2003-01-01,49.7
"St. John's, Newfoundland and Labrador",2003-02-01,49.7
"St. John's, Newfoundland and Labrador",2003-03-01,49.7
"St. John's, Newfoundland and Labrador",2003-04-01,49.8
"St. John's, Newfoundland and Labrador",2003-05-01,49.8
"St. John's, Newfoundland and Labrador",2003-06-01,50.3
"St. John's, Newfoundland and Labrador",2003-07-01,50.3
"St. John's, Newfoundland and Labrador",2003-08-01,50.3
"St. John's, Newfoundland and Labrador",2003-09-01,50.7
"St. John's, Newfoundland and Labrador",2003-10-01,50.9
"St. John's, Newfoundland and Labrador",2003-11-01,50.9
"St. John's, Newfoundland and Labrador",2003-12-01,50.9
"St. John's, Newfoundland and Labrador",2004-01-01,50.9
"St. John's, Newfoundland and Labrador",2004-02-01,51.3
"St. John's, Newfoundland and Labrador",2004-03-01,51.7
"St. John's, Newfoundland and Labrador",2004-04-01,51.7
"St. John's, Newfoundland and Labrador",2004-05-01,51.9
"St. John's, Newfoundland and Labrador",2004-06-01,52.0
"St. John's, Newfoundland and Labrador",2004-07-01,53.1
"St. John's, Newfoundland and Labrador",2004-08-01,53.1
"St. John's, Newfoundland and Labrador",2004-09-01,53.1
"St. John's, Newfoundland and Labrador",2004-10-01,53.1
"St. John's, Newfoundland and Labrador",2004-11-01,55.0
"St. John's, Newfoundland and Labrador",2004-12-01,55.0
"St. John's, Newfoundland and Labrador",2005-01-01,55.2
"St. John's, Newfoundland and Labrador",2005-02-01,55.2
"St. John's, Newfoundland and Labrador",2005-03-01,55.4
"St. John's, Newfoundland and Labrador",2005-04-01,55.4
"St. John's, Newfoundland and Labrador",2005-05-01,55.5
"St. John's, Newfoundland and Labrador",2005-06-01,55.5
"St. John's, Newfoundland and Labrador",2005-07-01,55.5
"St. John's, Newfoundland and Labrador",2005-08-01,55.5
"St. John's, Newfoundland and Labrador",2005-09-01,55.5
"St. John's, Newfoundland and Labrador",2005-10-01,55.5
"St. John's, Newfoundland and Labrador",2005-11-01,55.5
"St. John's, Newfoundland and Labrador",2005-12-01,55.5
"St. John's, Newfoundland and Labrador",2006-01-01,55.5
"St. John's, Newfoundland and Labrador",2006-02-01,56.1
"St. John's, Newfoundland and Labrador",2006-03-01,56.1
"St. John's, Newfoundland and Labrador",2006-04-01,56.1
"St. John's, Newfoundland and Labrador",2006-05-01,56.6
"St. John's, Newfoundland and Labrador",2006-06-01,56.6
"St. John's, Newfoundland and Labrador",2006-07-01,57.7
"St. John's, Newfoundland and Labrador",2006-08-01,58.1
"St. John's, Newfoundland and Labrador",2006-09-01,58.1
"St. John's, Newfoundland and Labrador",2006-10-01,58.1
"St. John's, Newfoundland and Labrador",2006-11-01,58.1
"St. John's, Newfoundland and Labrador",2006-12-01,58.1
"St. John's, Newfoundland and Labrador",2007-01-01,58.1
"St. John's, Newfoundland and Labrador",2007-02-01,58.1
"St. John's, Newfoundland and Labrador",2007-03-01,58.6
"St. John's, Newfoundland and Labrador",2007-04-01,58.1
"St. John's, Newfoundland and Labrador",2007-05-01,59.2
"St. John's, Newfoundland and Labrador",2007-06-01,59.2
"St. John's, Newfoundland and Labrador",2007-07-01,60.3
"St. John's, Newfoundland and Labrador",2007-08-01,60.3
"St. John's, Newfoundland and Labrador",2007-09-01,59.8
"St. John's, Newfoundland and Labrador",2007-10-01,60.3
"St. John's, Newfoundland and Labrador",2007-11-01,60.3
"St. John's, Newfoundland and Labrador",2007-12-01,61.3
"St. John's, Newfoundland and Labrador",2008-01-01,61.6
"St. John's, Newfoundland and Labrador",2008-02-01,63.8
"St. John's, Newfoundland and Labrador",2008-03-01,63.8
"St. John's, Newfoundland and Labrador",2008-04-01,66.2
"St. John's, Newfoundland and Labrador",2008-05-01,69.1
"St. John's, Newfoundland and Labrador",2008-06-01,74.0
"St. John's, Newfoundland and Labrador",2008-07-01,75.6
"St. John's, Newfoundland and Labrador",2008-08-01,75.9
"St. John's, Newfoundland and Labrador",2008-09-01,75.9
"St. John's, Newfoundland and Labrador",2008-10-01,75.9
"St. John's, Newfoundland and Labrador",2008-11-01,75.9
"St. John's, Newfoundland and Labrador",2008-12-01,75.9
"St. John's, Newfoundland and Labrador",2009-01-01,76.9
"St. John's, Newfoundland and Labrador",2009-02-01,76.9
"St. John's, Newfoundland and Labrador",2009-03-01,76.9
"St. John's, Newfoundland and Labrador",2009-04-01,78.2
"St. John's, Newfoundland and Labrador",2009-05-01,78.2
"St. John's, Newfoundland and Labrador",2009-06-01,80.4
"St. John's, Newfoundland and Labrador",2009-07-01,80.4
"St. John's, Newfoundland and Labrador",2009-08-01,86.1
"St. John's, Newfoundland and Labrador",2009-09-01,86.1
"St. John's, Newfoundland and Labrador",2009-10-01,86.1
"St. John's, Newfoundland and Labrador",2009-11-01,86.1
"St. John's, Newfoundland and Labrador",2009-12-01,86.1
"St. John's, Newfoundland and Labrador",2010-01-01,87.4
"St. John's, Newfoundland and Labrador",2010-02-01,87.4
"St. John's, Newfoundland and Labrador",2010-03-01,87.4
"St. John's, Newfoundland and Labrador",2010-04-01,87.4
"St. John's, Newfoundland and Labrador",2010-05-01,87.5
"St. John's, Newfoundland and Labrador",2010-06-01,87.9
"St. John's, Newfoundland and Labrador",2010-07-01,87.9
"St. John's, Newfoundland and Labrador",2010-08-01,87.9
"St. John's, Newfoundland and Labrador",2010-09-01,87.9
"St. John's, Newfoundland and Labrador",2010-10-01,87.9
"St. John's, Newfoundland and Labrador",2010-11-01,94.6
"St. John's, Newfoundland and Labrador",2010-12-01,94.6
"St. John's, Newfoundland and Labrador",2011-01-01,94.7
"St. John's, Newfoundland and Labrador",2011-02-01,94.7
"St. John's, Newfoundland and Labrador",2011-03-01,94.7
"St. John's, Newfoundland and Labrador",2011-04-01,94.7
"St. John's, Newfoundland and Labrador",2011-05-01,94.7
"St. John's, Newfoundland and Labrador",2011-06-01,94.7
"St. John's, Newfoundland and Labrador",2011-07-01,94.7
"St. John's, Newfoundland and Labrador",2011-08-01,94.7
"St. John's, Newfoundland and Labrador",2011-09-01,94.7
"St. John's, Newfoundland and Labrador",2011-10-01,94.7
"St. John's, Newfoundland and Labrador",2011-11-01,94.7
"St. John's, Newfoundland and Labrador",2011-12-01,94.7
"St. John's, Newfoundland and Labrador",2012-01-01,94.7
"St. John's, Newfoundland and Labrador",2012-02-01,94.7
"St. John's, Newfoundland and Labrador",2012-03-01,94.8
"St. John's, Newfoundland and Labrador",2012-04-01,94.8
"St. John's, Newfoundland and Labrador",2012-05-01,95.0
"St. John's, Newfoundland and Labrador",2012-06-01,95.3
"St. John's, Newfoundland and Labrador",2012-07-01,95.6
"St. John's, Newfoundland and Labrador",2012-08-01,95.6
"St. John's, Newfoundland and Labrador",2012-09-01,95.6
"St. John's, Newfoundland and Labrador",2012-10-01,95.6
"St. John's, Newfoundland and Labrador",2012-11-01,95.6
"St. John's, Newfoundland and Labrador",2012-12-01,95.6
"St. John's, Newfoundland and Labrador",2013-01-01,95.7
"St. John's, Newfoundland and Labrador",2013-02-01,95.7
"St. John's, Newfoundland and Labrador",2013-03-01,95.7
"St. John's, Newfoundland and Labrador",2013-04-01,96.1
"St. John's, Newfoundland and Labrador",2013-05-01,96.6
"St. John's, Newfoundland and Labrador",2013-06-01,96.6
"St. John's, Newfoundland and Labrador",2013-07-01,97.6
"St. John's, Newfoundland and Labrador",2013-08-01,98.3
"St. John's, Newfoundland and Labrador",2013-09-01,98.3
"St. John's, Newfoundland and Labrador",2013-10-01,98.3
"St. John's, Newfoundland and Labrador",2013-11-01,98.5
"St. John's, Newfoundland and Labrador",2013-12-01,98.5
"St. John's, Newfoundland and Labrador",2014-01-01,98.5
"St. John's, Newfoundland and Labrador",2014-02-01,98.3
"St. John's, Newfoundland and Labrador",2014-03-01,98.5
"St. John's, Newfoundland and Labrador",2014-04-01,98.5
"St. John's, Newfoundland and Labrador",2014-05-01,98.6
"St. John's, Newfoundland and Labrador",2014-06-01,98.6
"St. John's, Newfoundland and Labrador",2014-07-01,98.6
"St. John's, Newfoundland and Labrador",2014-08-01,98.6
"St. John's, Newfoundland and Labrador",2014-09-01,98.6
"St. John's, Newfoundland and Labrador",2014-10-01,98.6
"St. John's, Newfoundland and Labrador",2014-11-01,98.9
"St. John's, Newfoundland and Labrador",2014-12-01,98.9
"St. John's, Newfoundland and Labrador",2015-01-01,98.9
"St. John's, Newfoundland and Labrador",2015-02-01,98.9
"St. John's, Newfoundland and Labrador",2015-03-01,98.9
"St. John's, Newfoundland and Labrador",2015-04-01,98.9
"St. John's, Newfoundland and Labrador",2015-05-01,99.2
"St. John's, Newfoundland and Labrador",2015-06-01,99.2
"St. John's, Newfoundland and Labrador",2015-07-01,99.4
"St. John's, Newfoundland and Labrador",2015-08-01,99.4
"St. John's, Newfoundland and Labrador",2015-09-01,99.4
"St. John's, Newfoundland and Labrador",2015-10-01,99.4
"St. John's, Newfoundland and Labrador",2015-11-01,99.7
"St. John's, Newfoundland and Labrador",2015-12-01,99.7
"St. John's, Newfoundland and Labrador",2016-01-01,99.7
"St. John's, Newfoundland and Labrador",2016-02-01,99.9
"St. John's, Newfoundland and Labrador",2016-03-01,99.9
"St. John's, Newfoundland and Labrador",2016-04-01,99.9
"St. John's, Newfoundland and Labrador",2016-05-01,100.1
"St. John's, Newfoundland and Labrador",2016-06-01,100.1
"St. John's, Newfoundland and Labrador",2016-07-01,100.1
"St. John's, Newfoundland and Labrador",2016-08-01,100.0
"St. John's, Newfoundland and Labrador",2016-09-01,100.0
"St. John's, Newfoundland and Labrador",2016-10-01,100.0
"St. John's, Newfoundland and Labrador",2016-11-01,100.0
"St. John's, Newfoundland and Labrador",2016-12-01,100.0
"St. John's, Newfoundland and Labrador",2017-01-01,100.0
"Trois-Rivières, Quebec",2016-12-01,100.0
"Trois-Rivières, Quebec",2017-01-01,100.0
"Trois-Rivières, Quebec",2017-02-01,100.0
"Trois-Rivières, Quebec",2017-03-01,100.0
"Trois-Rivières, Quebec",2017-04-01,100.0
"Trois-Rivières, Quebec",2017-05-01,100.0
"Trois-Rivières, Quebec",2017-06-01,100.0
"Trois-Rivières, Quebec",2017-07-01,100.0
"Trois-Rivières, Quebec",2017-08-01,100.0
"Trois-Rivières, Quebec",2017-09-01,100.0
"Trois-Rivières, Quebec",2017-10-01,100.0
"Trois-Rivières, Quebec",2017-11-01,100.2
"Trois-Rivières, Quebec",2017-12-01,100.2
"Trois-Rivières, Quebec",2018-01-01,100.2
"Trois-Rivières, Quebec",2018-02-01,100.2
"Trois-Rivières, Quebec",2018-03-01,100.2
"Trois-Rivières, Quebec",2018-04-01,100.2
"Trois-Rivières, Quebec",2018-05-01,100.2
"Trois-Rivières, Quebec",2018-06-01,100.2
"Trois-Rivières, Quebec",2018-07-01,100.2
"Trois-Rivières, Quebec",2018-08-01,100.2
"Trois-Rivières, Quebec",2018-09-01,100.7
"Trois-Rivières, Quebec",2018-10-01,100.7
"Trois-Rivières, Quebec",2018-11-01,100.7
"Vancouver, British Columbia",1981-01-01,83.5
"Vancouver, British Columbia",1981-02-01,85.3
"Vancouver, British Columbia",1981-03-01,85.3
"Vancouver, British Columbia",1981-04-01,84.2
"Vancouver, British Columbia",1981-05-01,84.2
"Vancouver, British Columbia",1981-06-01,84.2
"Vancouver, British Columbia",1981-07-01,84.2
"Vancouver, British Columbia",1981-08-01,83.3
"Vancouver, British Columbia",1981-09-01,78.0
"Vancouver, British Columbia",1981-10-01,78.0
"Vancouver, British Columbia",1981-11-01,74.0
"Vancouver, British Columbia",1981-12-01,74.0
"Vancouver, British Columbia",1982-01-01,74.0
"Vancouver, British Columbia",1982-02-01,74.0
"Vancouver, British Columbia",1982-03-01,74.0
"Vancouver, British Columbia",1982-04-01,72.7
"Vancouver, British Columbia",1982-05-01,69.2
"Vancouver, British Columbia",1982-06-01,64.9
"Vancouver, British Columbia",1982-07-01,60.1
"Vancouver, British Columbia",1982-08-01,57.6
"Vancouver, British Columbia",1982-09-01,55.0
"Vancouver, British Columbia",1982-10-01,55.0
"Vancouver, British Columbia",1982-11-01,53.5
"Vancouver, British Columbia",1982-12-01,53.5
"Vancouver, British Columbia",1983-01-01,53.5
"Vancouver, British Columbia",1983-02-01,53.7
"Vancouver, British Columbia",1983-03-01,55.2
"Vancouver, British Columbia",1983-04-01,55.2
"Vancouver, British Columbia",1983-05-01,55.6
"Vancouver, British Columbia",1983-06-01,55.4
"Vancouver, British Columbia",1983-07-01,55.4
"Vancouver, British Columbia",1983-08-01,55.4
"Vancouver, British Columbia",1983-09-01,55.4
"Vancouver, British Columbia",1983-10-01,55.8
"Vancouver, British Columbia",1983-11-01,55.8
"Vancouver, British Columbia",1983-12-01,55.8
"Vancouver, British Columbia",1984-01-01,55.8
"Vancouver, British Columbia",1984-02-01,55.8
"Vancouver, British Columbia",1984-03-01,55.8
"Vancouver, British Columbia",1984-04-01,55.8
"Vancouver, British Columbia",1984-05-01,55.8
"Vancouver, British Columbia",1984-06-01,55.8
"Vancouver, British Columbia",1984-07-01,55.8
"Vancouver, British Columbia",1984-08-01,55.6
"Vancouver, British Columbia",1984-09-01,54.3
"Vancouver, British Columbia",1984-10-01,53.4
"Vancouver, British Columbia",1984-11-01,53.1
"Vancouver, British Columbia",1984-12-01,53.1
"Vancouver, British Columbia",1985-01-01,53.1
"Vancouver, British Columbia",1985-02-01,53.1
"Vancouver, British Columbia",1985-03-01,53.1
"Vancouver, British Columbia",1985-04-01,53.1
"Vancouver, British Columbia",1985-05-01,53.1
"Vancouver, British Columbia",1985-06-01,53.1
"Vancouver, British Columbia",1985-07-01,52.2
"Vancouver, British Columbia",1985-08-01,52.2
"Vancouver, British Columbia",1985-09-01,52.4
"Vancouver, British Columbia",1985-10-01,52.4
"Vancouver, British Columbia",1985-11-01,52.4
"Vancouver, British Columbia",1985-12-01,52.4
"Vancouver, British Columbia",1986-01-01,52.3
"Vancouver, British Columbia",1986-02-01,52.4
"Vancouver, British Columbia",1986-03-01,52.4
"Vancouver, British Columbia",1986-04-01,52.4
"Vancouver, British Columbia",1986-05-01,52.8
"Vancouver, British Columbia",1986-06-01,52.8
"Vancouver, British Columbia",1986-07-01,52.8
"Vancouver, British Columbia",1986-08-01,53.2
"Vancouver, British Columbia",1986-09-01,53.2
"Vancouver, British Columbia",1986-10-01,53.2
"Vancouver, British Columbia",1986-11-01,53.2
"Vancouver, British Columbia",1986-12-01,53.2
"Vancouver, British Columbia",1987-01-01,53.2
"Vancouver, British Columbia",1987-02-01,53.3
"Vancouver, British Columbia",1987-03-01,53.8
"Vancouver, British Columbia",1987-04-01,54.1
"Vancouver, British Columbia",1987-05-01,54.1
"Vancouver, British Columbia",1987-06-01,54.1
"Vancouver, British Columbia",1987-07-01,54.1
"Vancouver, British Columbia",1987-08-01,54.1
"Vancouver, British Columbia",1987-09-01,55.2
"Vancouver, British Columbia",1987-10-01,55.2
"Vancouver, British Columbia",1987-11-01,55.2
"Vancouver, British Columbia",1987-12-01,55.2
"Vancouver, British Columbia",1988-01-01,55.2
"Vancouver, British Columbia",1988-02-01,54.9
"Vancouver, British Columbia",1988-03-01,54.9
"Vancouver, British Columbia",1988-04-01,54.9
"Vancouver, British Columbia",1988-05-01,55.1
"Vancouver, British Columbia",1988-06-01,55.9
"Vancouver, British Columbia",1988-07-01,55.9
"Vancouver, British Columbia",1988-08-01,56.9
"Vancouver, British Columbia",1988-09-01,58.1
"Vancouver, British Columbia",1988-10-01,59.2
"Vancouver, British Columbia",1988-11-01,60.3
"Vancouver, British Columbia",1988-12-01,61.1
"Vancouver, British Columbia",1989-01-01,61.1
"Vancouver, British Columbia",1989-02-01,65.1
"Vancouver, British Columbia",1989-03-01,66.0
"Vancouver, British Columbia",1989-04-01,67.1
"Vancouver, British Columbia",1989-05-01,66.6
"Vancouver, British Columbia",1989-06-01,67.4
"Vancouver, British Columbia",1989-07-01,70.0
"Vancouver, British Columbia",1989-08-01,70.2
"Vancouver, British Columbia",1989-09-01,72.4
"Vancouver, British Columbia",1989-10-01,73.1
"Vancouver, British Columbia",1989-11-01,77.0
"Vancouver, British Columbia",1989-12-01,79.2
"Vancouver, British Columbia",1990-01-01,81.2
"Vancouver, British Columbia",1990-02-01,81.4
"Vancouver, British Columbia",1990-03-01,82.9
"Vancouver, British Columbia",1990-04-01,82.9
"Vancouver, British Columbia",1990-05-01,81.3
"Vancouver, British Columbia",1990-06-01,80.5
"Vancouver, British Columbia",1990-07-01,80.4
"Vancouver, British Columbia",1990-08-01,75.9
"Vancouver, British Columbia",1990-09-01,71.7
"Vancouver, British Columbia",1990-10-01,71.2
"Vancouver, British Columbia",1990-11-01,69.9
"Vancouver, British Columbia",1990-12-01,69.9
"Vancouver, British Columbia",1991-01-01,69.9
"Vancouver, British Columbia",1991-02-01,67.5
"Vancouver, British Columbia",1991-03-01,69.3
"Vancouver, British Columbia",1991-04-01,71.5
"Vancouver, British Columbia",1991-05-01,73.6
"Vancouver, British Columbia",1991-06-01,72.7
"Vancouver, British Columbia",1991-07-01,75.0
"Vancouver, British Columbia",1991-08-01,75.0
"Vancouver, British Columbia",1991-09-01,75.0
"Vancouver, British Columbia",1991-10-01,75.0
"Vancouver, British Columbia",1991-11-01,75.0
"Vancouver, British Columbia",1991-12-01,74.9
"Vancouver, British Columbia",1992-01-01,75.1
"Vancouver, British Columbia",1992-02-01,76.5
"Vancouver, British Columbia",1992-03-01,77.5
"Vancouver, British Columbia",1992-04-01,79.6
"Vancouver, British Columbia",1992-05-01,80.7
"Vancouver, British Columbia",1992-06-01,81.2
"Vancouver, British Columbia",1992-07-01,85.6
"Vancouver, British Columbia",1992-08-01,85.5
"Vancouver, British Columbia",1992-09-01,85.4
"Vancouver, British Columbia",1992-10-01,86.9
"Vancouver, British Columbia",1992-11-01,88.1
"Vancouver, British Columbia",1992-12-01,88.5
"Vancouver, British Columbia",1993-01-01,88.5
"Vancouver, British Columbia",1993-02-01,89.2
"Vancouver, British Columbia",1993-03-01,91.1
"Vancouver, British Columbia",1993-04-01,91.8
"Vancouver, British Columbia",1993-05-01,93.0
"Vancouver, British Columbia",1993-06-01,93.7
"Vancouver, British Columbia",1993-07-01,94.6
"Vancouver, British Columbia",1993-08-01,94.8
"Vancouver, British Columbia",1993-09-01,94.8
"Vancouver, British Columbia",1993-10-01,94.4
"Vancouver, British Columbia",1993-11-01,94.2
"Vancouver, British Columbia",1993-12-01,94.1
"Vancouver, British Columbia",1994-01-01,94.1
"Vancouver, British Columbia",1994-02-01,93.8
"Vancouver, British Columbia",1994-03-01,93.9
"Vancouver, British Columbia",1994-04-01,93.7
"Vancouver, British Columbia",1994-05-01,93.3
"Vancouver, British Columbia",1994-06-01,93.3
"Vancouver, British Columbia",1994-07-01,93.6
"Vancouver, British Columbia",1994-08-01,93.6
"Vancouver, British Columbia",1994-09-01,93.6
"Vancouver, British Columbia",1994-10-01,93.5
"Vancouver, British Columbia",1994-11-01,93.2
"Vancouver, British Columbia",1994-12-01,93.0
"Vancouver, British Columbia",1995-01-01,93.0
"Vancouver, British Columbia",1995-02-01,92.7
"Vancouver, British Columbia",1995-03-01,92.4
"Vancouver, British Columbia",1995-04-01,92.3
"Vancouver, British Columbia",1995-05-01,91.7
"Vancouver, British Columbia",1995-06-01,91.1
"Vancouver, British Columbia",1995-07-01,90.8
"Vancouver, British Columbia",1995-08-01,90.9
"Vancouver, British Columbia",1995-09-01,90.8
"Vancouver, British Columbia",1995-10-01,89.9
"Vancouver, British Columbia",1995-11-01,89.7
"Vancouver, British Columbia",1995-12-01,89.6
"Vancouver, British Columbia",1996-01-01,89.5
"Vancouver, British Columbia",1996-02-01,89.5
"Vancouver, British Columbia",1996-03-01,89.3
"Vancouver, British Columbia",1996-04-01,89.2
"Vancouver, British Columbia",1996-05-01,89.4
"Vancouver, British Columbia",1996-06-01,89.4
"Vancouver, British Columbia",1996-07-01,89.4
"Vancouver, British Columbia",1996-08-01,89.5
"Vancouver, British Columbia",1996-09-01,89.3
"Vancouver, British Columbia",1996-10-01,89.1
"Vancouver, British Columbia",1996-11-01,89.1
"Vancouver, British Columbia",1996-12-01,89.1
"Vancouver, British Columbia",1997-01-01,89.2
"Vancouver, British Columbia",1997-02-01,89.1
"Vancouver, British Columbia",1997-03-01,88.7
"Vancouver, British Columbia",1997-04-01,88.9
"Vancouver, British Columbia",1997-05-01,89.0
"Vancouver, British Columbia",1997-06-01,89.1
"Vancouver, British Columbia",1997-07-01,89.0
"Vancouver, British Columbia",1997-08-01,88.7
"Vancouver, British Columbia",1997-09-01,88.5
"Vancouver, British Columbia",1997-10-01,88.6
"Vancouver, British Columbia",1997-11-01,88.6
"Vancouver, British Columbia",1997-12-01,88.6
"Vancouver, British Columbia",1998-01-01,88.5
"Vancouver, British Columbia",1998-02-01,88.5
"Vancouver, British Columbia",1998-03-01,88.6
"Vancouver, British Columbia",1998-04-01,88.4
"Vancouver, British Columbia",1998-05-01,88.0
"Vancouver, British Columbia",1998-06-01,87.5
"Vancouver, British Columbia",1998-07-01,87.6
"Vancouver, British Columbia",1998-08-01,87.7
"Vancouver, British Columbia",1998-09-01,87.3
"Vancouver, British Columbia",1998-10-01,86.7
"Vancouver, British Columbia",1998-11-01,86.7
"Vancouver, British Columbia",1998-12-01,86.6
"Vancouver, British Columbia",1999-01-01,86.7
"Vancouver, British Columbia",1999-02-01,86.4
"Vancouver, British Columbia",1999-03-01,86.6
"Vancouver, British Columbia",1999-04-01,86.4
"Vancouver, British Columbia",1999-05-01,85.9
"Vancouver, British Columbia",1999-06-01,85.9
"Vancouver, British Columbia",1999-07-01,85.9
"Vancouver, British Columbia",1999-08-01,85.9
"Vancouver, British Columbia",1999-09-01,85.9
"Vancouver, British Columbia",1999-10-01,85.9
"Vancouver, British Columbia",1999-11-01,85.9
"Vancouver, British Columbia",1999-12-01,85.9
"Vancouver, British Columbia",2000-01-01,85.9
"Vancouver, British Columbia",2000-02-01,85.9
"Vancouver, British Columbia",2000-03-01,85.9
"Vancouver, British Columbia",2000-04-01,85.8
"Vancouver, British Columbia",2000-05-01,85.8
"Vancouver, British Columbia",2000-06-01,85.8
"Vancouver, British Columbia",2000-07-01,85.8
"Vancouver, British Columbia",2000-08-01,85.8
"Vancouver, British Columbia",2000-09-01,85.8
"Vancouver, British Columbia",2000-10-01,85.8
"Vancouver, British Columbia",2000-11-01,85.8
"Vancouver, British Columbia",2000-12-01,85.8
"Vancouver, British Columbia",2001-01-01,85.8
"Vancouver, British Columbia",2001-02-01,85.8
"Vancouver, British Columbia",2001-03-01,85.8
"Vancouver, British Columbia",2001-04-01,85.8
"Vancouver, British Columbia",2001-05-01,85.8
"Vancouver, British Columbia",2001-06-01,85.8
"Vancouver, British Columbia",2001-07-01,85.8
"Vancouver, British Columbia",2001-08-01,85.8
"Vancouver, British Columbia",2001-09-01,85.8
"Vancouver, British Columbia",2001-10-01,85.8
"Vancouver, British Columbia",2001-11-01,85.8
"Vancouver, British Columbia",2001-12-01,85.8
"Vancouver, British Columbia",2002-01-01,85.9
"Vancouver, British Columbia",2002-02-01,85.9
"Vancouver, British Columbia",2002-03-01,85.9
"Vancouver, British Columbia",2002-04-01,86.2
"Vancouver, British Columbia",2002-05-01,85.9
"Vancouver, British Columbia",2002-06-01,85.9
"Vancouver, British Columbia",2002-07-01,85.9
"Vancouver, British Columbia",2002-08-01,85.9
"Vancouver, British Columbia",2002-09-01,85.9
"Vancouver, British Columbia",2002-10-01,85.9
"Vancouver, British Columbia",2002-11-01,85.9
"Vancouver, British Columbia",2002-12-01,85.9
"Vancouver, British Columbia",2003-01-01,85.9
"Vancouver, British Columbia",2003-02-01,85.9
"Vancouver, British Columbia",2003-03-01,85.9
"Vancouver, British Columbia",2003-04-01,85.9
"Vancouver, British Columbia",2003-05-01,86.7
"Vancouver, British Columbia",2003-06-01,86.9
"Vancouver, British Columbia",2003-07-01,86.9
"Vancouver, British Columbia",2003-08-01,86.9
"Vancouver, British Columbia",2003-09-01,87.1
"Vancouver, British Columbia",2003-10-01,87.1
"Vancouver, British Columbia",2003-11-01,87.1
"Vancouver, British Columbia",2003-12-01,87.1
"Vancouver, British Columbia",2004-01-01,87.7
"Vancouver, British Columbia",2004-02-01,87.7
"Vancouver, British Columbia",2004-03-01,87.7
"Vancouver, British Columbia",2004-04-01,87.7
"Vancouver, British Columbia",2004-05-01,87.7
"Vancouver, British Columbia",2004-06-01,87.7
"Vancouver, British Columbia",2004-07-01,87.7
"Vancouver, British Columbia",2004-08-01,87.7
"Vancouver, British Columbia",2004-09-01,87.7
"Vancouver, British Columbia",2004-10-01,87.7
"Vancouver, British Columbia",2004-11-01,87.7
"Vancouver, British Columbia",2004-12-01,88.0
"Vancouver, British Columbia",2005-01-01,88.0
"Vancouver, British Columbia",2005-02-01,88.0
"Vancouver, British Columbia",2005-03-01,88.2
"Vancouver, British Columbia",2005-04-01,91.0
"Vancouver, British Columbia",2005-05-01,93.1
"Vancouver, British Columbia",2005-06-01,93.1
"Vancouver, British Columbia",2005-07-01,93.1
"Vancouver, British Columbia",2005-08-01,93.1
"Vancouver, British Columbia",2005-09-01,93.1
"Vancouver, British Columbia",2005-10-01,93.1
"Vancouver, British Columbia",2005-11-01,93.1
"Vancouver, British Columbia",2005-12-01,93.2
"Vancouver, British Columbia",2006-01-01,93.4
"Vancouver, British Columbia",2006-02-01,93.4
"Vancouver, British Columbia",2006-03-01,93.4
"Vancouver, British Columbia",2006-04-01,93.8
"Vancouver, British Columbia",2006-05-01,93.8
"Vancouver, British Columbia",2006-06-01,93.8
"Vancouver, British Columbia",2006-07-01,93.9
"Vancouver, British Columbia",2006-08-01,93.9
"Vancouver, British Columbia",2006-09-01,93.9
"Vancouver, British Columbia",2006-10-01,93.9
"Vancouver, British Columbia",2006-11-01,93.9
"Vancouver, British Columbia",2006-12-01,93.9
"Vancouver, British Columbia",2007-01-01,93.9
"Vancouver, British Columbia",2007-02-01,93.9
"Vancouver, British Columbia",2007-03-01,94.0
"Vancouver, British Columbia",2007-04-01,94.0
"Vancouver, British Columbia",2007-05-01,97.1
"Vancouver, British Columbia",2007-06-01,97.5
"Vancouver, British Columbia",2007-07-01,97.5
"Vancouver, British Columbia",2007-08-01,97.8
"Vancouver, British Columbia",2007-09-01,97.8
"Vancouver, British Columbia",2007-10-01,98.9
"Vancouver, British Columbia",2007-11-01,99.0
"Vancouver, British Columbia",2007-12-01,99.0
"Vancouver, British Columbia",2008-01-01,99.0
"Vancouver, British Columbia",2008-02-01,99.5
"Vancouver, British Columbia",2008-03-01,99.5
"Vancouver, British Columbia",2008-04-01,99.8
"Vancouver, British Columbia",2008-05-01,99.8
"Vancouver, British Columbia",2008-06-01,99.8
"Vancouver, British Columbia",2008-07-01,99.8
"Vancouver, British Columbia",2008-08-01,99.8
"Vancouver, British Columbia",2008-09-01,99.8
"Vancouver, British Columbia",2008-10-01,99.8
"Vancouver, British Columbia",2008-11-01,99.8
"Vancouver, British Columbia",2008-12-01,99.8
"Vancouver, British Columbia",2009-01-01,99.8
"Vancouver, British Columbia",2009-02-01,99.8
"Vancouver, British Columbia",2009-03-01,99.8
"Vancouver, British Columbia",2009-04-01,99.8
"Vancouver, British Columbia",2009-05-01,99.8
"Vancouver, British Columbia",2009-06-01,99.8
"Vancouver, British Columbia",2009-07-01,99.8
"Vancouver, British Columbia",2009-08-01,99.8
"Vancouver, British Columbia",2009-09-01,99.9
"Vancouver, British Columbia",2009-10-01,99.9
"Vancouver, British Columbia",2009-11-01,99.9
"Vancouver, British Columbia",2009-12-01,99.9
"Vancouver, British Columbia",2010-01-01,99.9
"Vancouver, British Columbia",2010-02-01,99.9
"Vancouver, British Columbia",2010-03-01,99.9
"Vancouver, British Columbia",2010-04-01,99.9
"Vancouver, British Columbia",2010-05-01,100.1
"Vancouver, British Columbia",2010-06-01,100.1
"Vancouver, British Columbia",2010-07-01,98.7
"Vancouver, British Columbia",2010-08-01,98.7
"Vancouver, British Columbia",2010-09-01,98.7
"Vancouver, British Columbia",2010-10-01,98.7
"Vancouver, British Columbia",2010-11-01,98.7
"Vancouver, British Columbia",2010-12-01,98.7
"Vancouver, British Columbia",2011-01-01,98.7
"Vancouver, British Columbia",2011-02-01,98.7
"Vancouver, British Columbia",2011-03-01,98.7
"Vancouver, British Columbia",2011-04-01,99.0
"Vancouver, British Columbia",2011-05-01,99.1
"Vancouver, British Columbia",2011-06-01,98.9
"Vancouver, British Columbia",2011-07-01,98.9
"Vancouver, British Columbia",2011-08-01,98.9
"Vancouver, British Columbia",2011-09-01,98.9
"Vancouver, British Columbia",2011-10-01,98.9
"Vancouver, British Columbia",2011-11-01,98.7
"Vancouver, British Columbia",2011-12-01,98.7
"Vancouver, British Columbia",2012-01-01,99.0
"Vancouver, British Columbia",2012-02-01,99.0
"Vancouver, British Columbia",2012-03-01,99.0
"Vancouver, British Columbia",2012-04-01,99.0
"Vancouver, British Columbia",2012-05-01,99.2
"Vancouver, British Columbia",2012-06-01,99.2
"Vancouver, British Columbia",2012-07-01,99.2
"Vancouver, British Columbia",2012-08-01,99.2
"Vancouver, British Columbia",2012-09-01,99.2
"Vancouver, British Columbia",2012-10-01,99.2
"Vancouver, British Columbia",2012-11-01,99.2
"Vancouver, British Columbia",2012-12-01,99.2
"Vancouver, British Columbia",2013-01-01,99.2
"Vancouver, British Columbia",2013-02-01,99.2
"Vancouver, British Columbia",2013-03-01,99.2
"Vancouver, British Columbia",2013-04-01,99.2
"Vancouver, British Columbia",2013-05-01,99.2
"Vancouver, British Columbia",2013-06-01,99.2
"Vancouver, British Columbia",2013-07-01,99.2
"Vancouver, British Columbia",2013-08-01,99.2
"Vancouver, British Columbia",2013-09-01,99.2
"Vancouver, British Columbia",2013-10-01,99.2
"Vancouver, British Columbia",2013-11-01,99.2
"Vancouver, British Columbia",2013-12-01,99.2
"Vancouver, British Columbia",2014-01-01,99.2
"Vancouver, British Columbia",2014-02-01,99.2
"Vancouver, British Columbia",2014-03-01,99.2
"Vancouver, British Columbia",2014-04-01,99.2
"Vancouver, British Columbia",2014-05-01,99.2
"Vancouver, British Columbia",2014-06-01,99.2
"Vancouver, British Columbia",2014-07-01,99.2
"Vancouver, British Columbia",2014-08-01,99.2
"Vancouver, British Columbia",2014-09-01,99.2
"Vancouver, British Columbia",2014-10-01,99.2
"Vancouver, British Columbia",2014-11-01,99.2
"Vancouver, British Columbia",2014-12-01,99.2
"Vancouver, British Columbia",2015-01-01,99.2
"Vancouver, British Columbia",2015-02-01,99.2
"Vancouver, British Columbia",2015-03-01,99.2
"Vancouver, British Columbia",2015-04-01,99.2
"Vancouver, British Columbia",2015-05-01,99.2
"Vancouver, British Columbia",2015-06-01,99.2
"Vancouver, British Columbia",2015-07-01,99.2
"Vancouver, British Columbia",2015-08-01,99.2
"Vancouver, British Columbia",2015-09-01,99.2
"Vancouver, British Columbia",2015-10-01,99.2
"Vancouver, British Columbia",2015-11-01,99.2
"Vancouver, British Columbia",2015-12-01,99.2
"Vancouver, British Columbia",2016-01-01,99.2
"Vancouver, British Columbia",2016-02-01,99.2
"Vancouver, British Columbia",2016-03-01,99.2
"Vancouver, British Columbia",2016-04-01,99.2
"Vancouver, British Columbia",2016-05-01,99.2
"Vancouver, British Columbia",2016-06-01,99.2
"Vancouver, British Columbia",2016-07-01,99.2
"Vancouver, British Columbia",2016-08-01,99.2
"Vancouver, British Columbia",2016-09-01,99.5
"Vancouver, British Columbia",2016-10-01,100.0
"Vancouver, British Columbia",2016-11-01,100.0
"Vancouver, British Columbia",2016-12-01,100.0
"Vancouver, British Columbia",2017-01-01,100.5
"Victoria, British Columbia",1981-01-01,50.5
"Victoria, British Columbia",1981-02-01,50.9
"Victoria, British Columbia",1981-03-01,50.9
"Victoria, British Columbia",1981-04-01,50.9
"Victoria, British Columbia",1981-05-01,52.1
"Victoria, British Columbia",1981-06-01,52.9
"Victoria, British Columbia",1981-07-01,52.5
"Victoria, British Columbia",1981-08-01,52.5
"Victoria, British Columbia",1981-09-01,49.0
"Victoria, British Columbia",1981-10-01,49.0
"Victoria, British Columbia",1981-11-01,49.0
"Victoria, British Columbia",1981-12-01,49.0
"Victoria, British Columbia",1982-01-01,49.0
"Victoria, British Columbia",1982-02-01,49.0
"Victoria, British Columbia",1982-03-01,49.0
"Victoria, British Columbia",1982-04-01,49.0
"Victoria, British Columbia",1982-05-01,47.3
"Victoria, British Columbia",1982-06-01,47.2
"Victoria, British Columbia",1982-07-01,39.9
"Victoria, British Columbia",1982-08-01,39.2
"Victoria, British Columbia",1982-09-01,34.2
"Victoria, British Columbia",1982-10-01,34.2
"Victoria, British Columbia",1982-11-01,34.6
"Victoria, British Columbia",1982-12-01,37.6
"Victoria, British Columbia",1983-01-01,36.7
"Victoria, British Columbia",1983-02-01,36.7
"Victoria, British Columbia",1983-03-01,36.7
"Victoria, British Columbia",1983-04-01,37.8
"Victoria, British Columbia",1983-05-01,38.4
"Victoria, British Columbia",1983-06-01,38.4
"Victoria, British Columbia",1983-07-01,39.4
"Victoria, British Columbia",1983-08-01,39.4
"Victoria, British Columbia",1983-09-01,39.1
"Victoria, British Columbia",1983-10-01,37.4
"Victoria, British Columbia",1983-11-01,37.3
"Victoria, British Columbia",1983-12-01,35.2
"Victoria, British Columbia",1984-01-01,35.2
"Victoria, British Columbia",1984-02-01,35.2
"Victoria, British Columbia",1984-03-01,34.5
"Victoria, British Columbia",1984-04-01,34.5
"Victoria, British Columbia",1984-05-01,34.5
"Victoria, British Columbia",1984-06-01,34.4
"Victoria, British Columbia",1984-07-01,34.1
"Victoria, British Columbia",1984-08-01,34.1
"Victoria, British Columbia",1984-09-01,33.9
"Victoria, British Columbia",1984-10-01,33.9
"Victoria, British Columbia",1984-11-01,32.3
"Victoria, British Columbia",1984-12-01,32.3
"Victoria, British Columbia",1985-01-01,32.3
"Victoria, British Columbia",1985-02-01,32.3
"Victoria, British Columbia",1985-03-01,32.3
"Victoria, British Columbia",1985-04-01,32.3
"Victoria, British Columbia",1985-05-01,32.3
"Victoria, British Columbia",1985-06-01,32.3
"Victoria, British Columbia",1985-07-01,32.3
"Victoria, British Columbia",1985-08-01,32.3
"Victoria, British Columbia",1985-09-01,32.3
"Victoria, British Columbia",1985-10-01,32.3
"Victoria, British Columbia",1985-11-01,32.3
"Victoria, British Columbia",1985-12-01,32.3
"Victoria, British Columbia",1986-01-01,32.5
"Victoria, British Columbia",1986-02-01,32.5
"Victoria, British Columbia",1986-03-01,32.5
"Victoria, British Columbia",1986-04-01,32.5
"Victoria, British Columbia",1986-05-01,32.5
"Victoria, British Columbia",1986-06-01,32.5
"Victoria, British Columbia",1986-07-01,32.5
"Victoria, British Columbia",1986-08-01,32.5
"Victoria, British Columbia",1986-09-01,32.5
"Victoria, British Columbia",1986-10-01,32.5
"Victoria, British Columbia",1986-11-01,32.5
"Victoria, British Columbia",1986-12-01,32.5
"Victoria, British Columbia",1987-01-01,32.5
"Victoria, British Columbia",1987-02-01,32.6
"Victoria, British Columbia",1987-03-01,32.7
"Victoria, British Columbia",1987-04-01,32.7
"Victoria, British Columbia",1987-05-01,32.7
"Victoria, British Columbia",1987-06-01,32.7
"Victoria, British Columbia",1987-07-01,32.4
"Victoria, British Columbia",1987-08-01,34.8
"Victoria, British Columbia",1987-09-01,34.9
"Victoria, British Columbia",1987-10-01,34.9
"Victoria, British Columbia",1987-11-01,34.9
"Victoria, British Columbia",1987-12-01,34.9
"Victoria, British Columbia",1988-01-01,35.6
"Victoria, British Columbia",1988-02-01,35.7
"Victoria, British Columbia",1988-03-01,37.8
"Victoria, British Columbia",1988-04-01,38.0
"Victoria, British Columbia",1988-05-01,38.1
"Victoria, British Columbia",1988-06-01,38.1
"Victoria, British Columbia",1988-07-01,38.5
"Victoria, British Columbia",1988-08-01,38.5
"Victoria, British Columbia",1988-09-01,39.4
"Victoria, British Columbia",1988-10-01,39.2
"Victoria, British Columbia",1988-11-01,39.2
"Victoria, British Columbia",1988-12-01,39.4
"Victoria, British Columbia",1989-01-01,40.8
"Victoria, British Columbia",1989-02-01,41.4
"Victoria, British Columbia",1989-03-01,41.9
"Victoria, British Columbia",1989-04-01,43.1
"Victoria, British Columbia",1989-05-01,43.1
"Victoria, British Columbia",1989-06-01,43.5
"Victoria, British Columbia",1989-07-01,44.1
"Victoria, British Columbia",1989-08-01,44.8
"Victoria, British Columbia",1989-09-01,45.2
"Victoria, British Columbia",1989-10-01,46.5
"Victoria, British Columbia",1989-11-01,46.7
"Victoria, British Columbia",1989-12-01,46.8
"Victoria, British Columbia",1990-01-01,48.7
"Victoria, British Columbia",1990-02-01,50.6
"Victoria, British Columbia",1990-03-01,51.5
"Victoria, British Columbia",1990-04-01,52.8
"Victoria, British Columbia",1990-05-01,51.5
"Victoria, British Columbia",1990-06-01,51.0
"Victoria, British Columbia",1990-07-01,49.6
"Victoria, British Columbia",1990-08-01,49.6
"Victoria, British Columbia",1990-09-01,49.6
"Victoria, British Columbia",1990-10-01,49.6
"Victoria, British Columbia",1990-11-01,48.3
"Victoria, British Columbia",1990-12-01,47.5
"Victoria, British Columbia",1991-01-01,47.5
"Victoria, British Columbia",1991-02-01,47.7
"Victoria, British Columbia",1991-03-01,48.9
"Victoria, British Columbia",1991-04-01,50.3
"Victoria, British Columbia",1991-05-01,54.5
"Victoria, British Columbia",1991-06-01,55.3
"Victoria, British Columbia",1991-07-01,55.4
"Victoria, British Columbia",1991-08-01,55.9
"Victoria, British Columbia",1991-09-01,55.9
"Victoria, British Columbia",1991-10-01,55.9
"Victoria, British Columbia",1991-11-01,57.3
"Victoria, British Columbia",1991-12-01,58.0
"Victoria, British Columbia",1992-01-01,57.7
"Victoria, British Columbia",1992-02-01,57.7
"Victoria, British Columbia",1992-03-01,59.3
"Victoria, British Columbia",1992-04-01,60.9
"Victoria, British Columbia",1992-05-01,61.1
"Victoria, British Columbia",1992-06-01,62.0
"Victoria, British Columbia",1992-07-01,62.2
"Victoria, British Columbia",1992-08-01,62.2
"Victoria, British Columbia",1992-09-01,63.3
"Victoria, British Columbia",1992-10-01,65.5
"Victoria, British Columbia",1992-11-01,67.8
"Victoria, British Columbia",1992-12-01,67.8
"Victoria, British Columbia",1993-01-01,67.9
"Victoria, British Columbia",1993-02-01,68.1
"Victoria, British Columbia",1993-03-01,68.1
"Victoria, British Columbia",1993-04-01,69.6
"Victoria, British Columbia",1993-05-01,69.6
"Victoria, British Columbia",1993-06-01,70.8
"Victoria, British Columbia",1993-07-01,70.9
"Victoria, British Columbia",1993-08-01,70.9
"Victoria, British Columbia",1993-09-01,71.5
"Victoria, British Columbia",1993-10-01,73.4
"Victoria, British Columbia",1993-11-01,75.3
"Victoria, British Columbia",1993-12-01,75.3
"Victoria, British Columbia",1994-01-01,76.1
"Victoria, British Columbia",1994-02-01,76.1
"Victoria, British Columbia",1994-03-01,76.1
"Victoria, British Columbia",1994-04-01,76.9
"Victoria, British Columbia",1994-05-01,77.4
"Victoria, British Columbia",1994-06-01,77.3
"Victoria, British Columbia",1994-07-01,77.4
"Victoria, British Columbia",1994-08-01,77.3
"Victoria, British Columbia",1994-09-01,77.6
"Victoria, British Columbia",1994-10-01,76.7
"Victoria, British Columbia",1994-11-01,76.1
"Victoria, British Columbia",1994-12-01,75.3
"Victoria, British Columbia",1995-01-01,73.1
"Victoria, British Columbia",1995-02-01,71.7
"Victoria, British Columbia",1995-03-01,71.1
"Victoria, British Columbia",1995-04-01,70.8
"Victoria, British Columbia",1995-05-01,69.8
"Victoria, British Columbia",1995-06-01,69.8
"Victoria, British Columbia",1995-07-01,69.5
"Victoria, British Columbia",1995-08-01,69.5
"Victoria, British Columbia",1995-09-01,68.5
"Victoria, British Columbia",1995-10-01,67.2
"Victoria, British Columbia",1995-11-01,68.0
"Victoria, British Columbia",1995-12-01,68.0
"Victoria, British Columbia",1996-01-01,67.3
"Victoria, British Columbia",1996-02-01,66.3
"Victoria, British Columbia",1996-03-01,66.3
"Victoria, British Columbia",1996-04-01,66.5
"Victoria, British Columbia",1996-05-01,66.5
"Victoria, British Columbia",1996-06-01,66.5
"Victoria, British Columbia",1996-07-01,66.1
"Victoria, British Columbia",1996-08-01,62.9
"Victoria, British Columbia",1996-09-01,62.9
"Victoria, British Columbia",1996-10-01,63.1
"Victoria, British Columbia",1996-11-01,63.1
"Victoria, British Columbia",1996-12-01,63.1
"Victoria, British Columbia",1997-01-01,62.9
"Victoria, British Columbia",1997-02-01,62.9
"Victoria, British Columbia",1997-03-01,62.9
"Victoria, British Columbia",1997-04-01,62.9
"Victoria, British Columbia",1997-05-01,62.9
"Victoria, British Columbia",1997-06-01,62.9
"Victoria, British Columbia",1997-07-01,62.9
"Victoria, British Columbia",1997-08-01,63.4
"Victoria, British Columbia",1997-09-01,63.3
"Victoria, British Columbia",1997-10-01,63.4
"Victoria, British Columbia",1997-11-01,63.4
"Victoria, British Columbia",1997-12-01,63.6
"Victoria, British Columbia",1998-01-01,63.3
"Victoria, British Columbia",1998-02-01,63.0
"Victoria, British Columbia",1998-03-01,62.9
"Victoria, British Columbia",1998-04-01,62.2
"Victoria, British Columbia",1998-05-01,62.0
"Victoria, British Columbia",1998-06-01,61.9
"Victoria, British Columbia",1998-07-01,61.9
"Victoria, British Columbia",1998-08-01,61.9
"Victoria, British Columbia",1998-09-01,61.9
"Victoria, British Columbia",1998-10-01,61.9
"Victoria, British Columbia",1998-11-01,61.9
"Victoria, British Columbia",1998-12-01,61.4
"Victoria, British Columbia",1999-01-01,61.4
"Victoria, British Columbia",1999-02-01,60.5
"Victoria, British Columbia",1999-03-01,60.5
"Victoria, British Columbia",1999-04-01,60.5
"Victoria, British Columbia",1999-05-01,60.3
"Victoria, British Columbia",1999-06-01,60.4
"Victoria, British Columbia",1999-07-01,60.4
"Victoria, British Columbia",1999-08-01,60.4
"Victoria, British Columbia",1999-09-01,60.4
"Victoria, British Columbia",1999-10-01,60.4
"Victoria, British Columbia",1999-11-01,60.2
"Victoria, British Columbia",1999-12-01,60.2
"Victoria, British Columbia",2000-01-01,60.2
"Victoria, British Columbia",2000-02-01,60.2
"Victoria, British Columbia",2000-03-01,60.2
"Victoria, British Columbia",2000-04-01,60.2
"Victoria, British Columbia",2000-05-01,60.1
"Victoria, British Columbia",2000-06-01,60.1
"Victoria, British Columbia",2000-07-01,60.1
"Victoria, British Columbia",2000-08-01,60.1
"Victoria, British Columbia",2000-09-01,60.1
"Victoria, British Columbia",2000-10-01,60.1
"Victoria, British Columbia",2000-11-01,59.6
"Victoria, British Columbia",2000-12-01,59.1
"Victoria, British Columbia",2001-01-01,59.2
"Victoria, British Columbia",2001-02-01,59.2
"Victoria, British Columbia",2001-03-01,59.2
"Victoria, British Columbia",2001-04-01,59.2
"Victoria, British Columbia",2001-05-01,59.2
"Victoria, British Columbia",2001-06-01,59.2
"Victoria, British Columbia",2001-07-01,59.4
"Victoria, British Columbia",2001-08-01,59.4
"Victoria, British Columbia",2001-09-01,59.4
"Victoria, British Columbia",2001-10-01,59.4
"Victoria, British Columbia",2001-11-01,59.4
"Victoria, British Columbia",2001-12-01,59.4
"Victoria, British Columbia",2002-01-01,59.4
"Victoria, British Columbia",2002-02-01,59.4
"Victoria, British Columbia",2002-03-01,59.4
"Victoria, British Columbia",2002-04-01,59.4
"Victoria, British Columbia",2002-05-01,59.4
"Victoria, British Columbia",2002-06-01,60.2
"Victoria, British Columbia",2002-07-01,59.5
"Victoria, British Columbia",2002-08-01,60.1
"Victoria, British Columbia",2002-09-01,62.2
"Victoria, British Columbia",2002-10-01,61.9
"Victoria, British Columbia",2002-11-01,61.7
"Victoria, British Columbia",2002-12-01,61.7
"Victoria, British Columbia",2003-01-01,61.9
"Victoria, British Columbia",2003-02-01,62.7
"Victoria, British Columbia",2003-03-01,62.7
"Victoria, British Columbia",2003-04-01,63.4
"Victoria, British Columbia",2003-05-01,63.5
"Victoria, British Columbia",2003-06-01,65.6
"Victoria, British Columbia",2003-07-01,66.3
"Victoria, British Columbia",2003-08-01,67.8
"Victoria, British Columbia",2003-09-01,67.8
"Victoria, British Columbia",2003-10-01,69.5
"Victoria, British Columbia",2003-11-01,69.7
"Victoria, British Columbia",2003-12-01,70.4
"Victoria, British Columbia",2004-01-01,71.2
"Victoria, British Columbia",2004-02-01,71.2
"Victoria, British Columbia",2004-03-01,71.4
"Victoria, British Columbia",2004-04-01,71.9
"Victoria, British Columbia",2004-05-01,72.0
"Victoria, British Columbia",2004-06-01,72.3
"Victoria, British Columbia",2004-07-01,73.3
"Victoria, British Columbia",2004-08-01,74.4
"Victoria, British Columbia",2004-09-01,74.4
"Victoria, British Columbia",2004-10-01,74.4
"Victoria, British Columbia",2004-11-01,74.5
"Victoria, British Columbia",2004-12-01,75.0
"Victoria, British Columbia",2005-01-01,76.1
"Victoria, British Columbia",2005-02-01,76.3
"Victoria, British Columbia",2005-03-01,76.2
"Victoria, British Columbia",2005-04-01,76.0
"Victoria, British Columbia",2005-05-01,79.5
"Victoria, British Columbia",2005-06-01,80.6
"Victoria, British Columbia",2005-07-01,82.0
"Victoria, British Columbia",2005-08-01,84.1
"Victoria, British Columbia",2005-09-01,86.1
"Victoria, British Columbia",2005-10-01,86.3
"Victoria, British Columbia",2005-11-01,86.3
"Victoria, British Columbia",2005-12-01,86.9
"Victoria, British Columbia",2006-01-01,87.8
"Victoria, British Columbia",2006-02-01,87.8
"Victoria, British Columbia",2006-03-01,88.3
"Victoria, British Columbia",2006-04-01,89.4
"Victoria, British Columbia",2006-05-01,90.4
"Victoria, British Columbia",2006-06-01,90.5
"Victoria, British Columbia",2006-07-01,90.7
"Victoria, British Columbia",2006-08-01,91.4
"Victoria, British Columbia",2006-09-01,91.4
"Victoria, British Columbia",2006-10-01,91.2
"Victoria, British Columbia",2006-11-01,91.2
"Victoria, British Columbia",2006-12-01,91.0
"Victoria, British Columbia",2007-01-01,91.9
"Victoria, British Columbia",2007-02-01,92.3
"Victoria, British Columbia",2007-03-01,92.3
"Victoria, British Columbia",2007-04-01,91.4
"Victoria, British Columbia",2007-05-01,102.1
"Victoria, British Columbia",2007-06-01,102.1
"Victoria, British Columbia",2007-07-01,103.0
"Victoria, British Columbia",2007-08-01,103.0
"Victoria, British Columbia",2007-09-01,103.0
"Victoria, British Columbia",2007-10-01,101.9
"Victoria, British Columbia",2007-11-01,102.1
"Victoria, British Columbia",2007-12-01,102.1
"Victoria, British Columbia",2008-01-01,102.6
"Victoria, British Columbia",2008-02-01,102.6
"Victoria, British Columbia",2008-03-01,102.6
"Victoria, British Columbia",2008-04-01,102.6
"Victoria, British Columbia",2008-05-01,102.6
"Victoria, British Columbia",2008-06-01,102.6
"Victoria, British Columbia",2008-07-01,102.6
"Victoria, British Columbia",2008-08-01,102.6
"Victoria, British Columbia",2008-09-01,102.1
"Victoria, British Columbia",2008-10-01,102.1
"Victoria, British Columbia",2008-11-01,102.1
"Victoria, British Columbia",2008-12-01,102.1
"Victoria, British Columbia",2009-01-01,102.1
"Victoria, British Columbia",2009-02-01,102.1
"Victoria, British Columbia",2009-03-01,102.1
"Victoria, British Columbia",2009-04-01,102.1
"Victoria, British Columbia",2009-05-01,102.1
"Victoria, British Columbia",2009-06-01,102.1
"Victoria, British Columbia",2009-07-01,102.1
"Victoria, British Columbia",2009-08-01,102.1
"Victoria, British Columbia",2009-09-01,102.2
"Victoria, British Columbia",2009-10-01,102.2
"Victoria, British Columbia",2009-11-01,102.4
"Victoria, British Columbia",2009-12-01,102.4
"Victoria, British Columbia",2010-01-01,102.4
"Victoria, British Columbia",2010-02-01,102.4
"Victoria, British Columbia",2010-03-01,102.3
"Victoria, British Columbia",2010-04-01,102.1
"Victoria, British Columbia",2010-05-01,101.7
"Victoria, British Columbia",2010-06-01,101.7
"Victoria, British Columbia",2010-07-01,101.8
"Victoria, British Columbia",2010-08-01,101.8
"Victoria, British Columbia",2010-09-01,101.8
"Victoria, British Columbia",2010-10-01,100.5
"Victoria, British Columbia",2010-11-01,100.5
"Victoria, British Columbia",2010-12-01,100.5
"Victoria, British Columbia",2011-01-01,100.5
"Victoria, British Columbia",2011-02-01,100.5
"Victoria, British Columbia",2011-03-01,100.5
"Victoria, British Columbia",2011-04-01,100.5
"Victoria, British Columbia",2011-05-01,100.5
"Victoria, British Columbia",2011-06-01,100.5
"Victoria, British Columbia",2011-07-01,100.9
"Victoria, British Columbia",2011-08-01,100.9
"Victoria, British Columbia",2011-09-01,100.9
"Victoria, British Columbia",2011-10-01,100.9
"Victoria, British Columbia",2011-11-01,100.9
"Victoria, British Columbia",2011-12-01,100.9
"Victoria, British Columbia",2012-01-01,100.9
"Victoria, British Columbia",2012-02-01,100.9
"Victoria, British Columbia",2012-03-01,100.2
"Victoria, British Columbia",2012-04-01,100.2
"Victoria, British Columbia",2012-05-01,100.2
"Victoria, British Columbia",2012-06-01,100.2
"Victoria, British Columbia",2012-07-01,100.2
"Victoria, British Columbia",2012-08-01,99.6
"Victoria, British Columbia",2012-09-01,99.6
"Victoria, British Columbia",2012-10-01,99.6
"Victoria, British Columbia",2012-11-01,99.6
"Victoria, British Columbia",2012-12-01,99.6
"Victoria, British Columbia",2013-01-01,99.6
"Victoria, British Columbia",2013-02-01,99.6
"Victoria, British Columbia",2013-03-01,99.6
"Victoria, British Columbia",2013-04-01,99.6
"Victoria, British Columbia",2013-05-01,99.6
"Victoria, British Columbia",2013-06-01,99.6
"Victoria, British Columbia",2013-07-01,99.6
"Victoria, British Columbia",2013-08-01,99.6
"Victoria, British Columbia",2013-09-01,99.5
"Victoria, British Columbia",2013-10-01,99.5
"Victoria, British Columbia",2013-11-01,99.5
"Victoria, British Columbia",2013-12-01,99.5
"Victoria, British Columbia",2014-01-01,99.5
"Victoria, British Columbia",2014-02-01,99.5
"Victoria, British Columbia",2014-03-01,99.5
"Victoria, British Columbia",2014-04-01,99.5
"Victoria, British Columbia",2014-05-01,99.5
"Victoria, British Columbia",2014-06-01,99.5
"Victoria, British Columbia",2014-07-01,99.5
"Victoria, British Columbia",2014-08-01,99.5
"Victoria, British Columbia",2014-09-01,99.5
"Victoria, British Columbia",2014-10-01,99.5
"Victoria, British Columbia",2014-11-01,99.5
"Victoria, British Columbia",2014-12-01,99.5
"Victoria, British Columbia",2015-01-01,99.5
"Victoria, British Columbia",2015-02-01,99.5
"Victoria, British Columbia",2015-03-01,99.5
"Victoria, British Columbia",2015-04-01,99.5
"Victoria, British Columbia",2015-05-01,99.5
"Victoria, British Columbia",2015-06-01,99.5
"Victoria, British Columbia",2015-07-01,99.5
"Victoria, British Columbia",2015-08-01,99.5
"Victoria, British Columbia",2015-09-01,99.5
"Victoria, British Columbia",2015-10-01,99.5
"Victoria, British Columbia",2015-11-01,99.5
"Victoria, British Columbia",2015-12-01,99.5
"Victoria, British Columbia",2016-01-01,99.5
"Victoria, British Columbia",2016-02-01,99.5
"Victoria, British Columbia",2016-03-01,99.5
"Victoria, British Columbia",2016-04-01,99.5
"Victoria, British Columbia",2016-05-01,99.5
"Victoria, British Columbia",2016-06-01,99.5
"Victoria, British Columbia",2016-07-01,99.5
"Victoria, British Columbia",2016-08-01,99.5
"Victoria, British Columbia",2016-09-01,99.5
"Victoria, British Columbia",2016-10-01,100.0
"Victoria, British Columbia",2016-11-01,100.0
"Victoria, British Columbia",2016-12-01,100.0
"Victoria, British Columbia",2017-01-01,100.4
"Windsor, Ontario",1981-01-01,47.5
"Windsor, Ontario",1981-02-01,47.5
"Windsor, Ontario",1981-03-01,47.5
"Windsor, Ontario",1981-04-01,47.5
"Windsor, Ontario",1981-05-01,47.5
"Windsor, Ontario",1981-06-01,47.5
"Windsor, Ontario",1981-07-01,47.5
"Windsor, Ontario",1981-08-01,47.5
"Windsor, Ontario",1981-09-01,47.5
"Windsor, Ontario",1981-10-01,47.5
"Windsor, Ontario",1981-11-01,47.5
"Windsor, Ontario",1981-12-01,47.5
"Windsor, Ontario",1982-01-01,47.5
"Windsor, Ontario",1982-02-01,47.5
"Windsor, Ontario",1982-03-01,47.5
"Windsor, Ontario",1982-04-01,47.5
"Windsor, Ontario",1982-05-01,47.5
"Windsor, Ontario",1982-06-01,47.5
"Windsor, Ontario",1982-07-01,47.5
"Windsor, Ontario",1982-08-01,47.5
"Windsor, Ontario",1982-09-01,47.5
"Windsor, Ontario",1982-10-01,47.5
"Windsor, Ontario",1982-11-01,45.4
"Windsor, Ontario",1982-12-01,43.7
"Windsor, Ontario",1983-01-01,43.7
"Windsor, Ontario",1983-02-01,43.7
"Windsor, Ontario",1983-03-01,43.7
"Windsor, Ontario",1983-04-01,43.7
"Windsor, Ontario",1983-05-01,42.9
"Windsor, Ontario",1983-06-01,42.9
"Windsor, Ontario",1983-07-01,42.9
"Windsor, Ontario",1983-08-01,42.9
"Windsor, Ontario",1983-09-01,42.9
"Windsor, Ontario",1983-10-01,42.5
"Windsor, Ontario",1983-11-01,42.5
"Windsor, Ontario",1983-12-01,42.5
"Windsor, Ontario",1984-01-01,42.5
"Windsor, Ontario",1984-02-01,42.5
"Windsor, Ontario",1984-03-01,42.5
"Windsor, Ontario",1984-04-01,43.8
"Windsor, Ontario",1984-05-01,42.5
"Windsor, Ontario",1984-06-01,42.5
"Windsor, Ontario",1984-07-01,42.5
"Windsor, Ontario",1984-08-01,42.5
"Windsor, Ontario",1984-09-01,42.5
"Windsor, Ontario",1984-10-01,42.5
"Windsor, Ontario",1984-11-01,42.5
"Windsor, Ontario",1984-12-01,42.5
"Windsor, Ontario",1985-01-01,42.5
"Windsor, Ontario",1985-02-01,42.5
"Windsor, Ontario",1985-03-01,44.0
"Windsor, Ontario",1985-04-01,44.0
"Windsor, Ontario",1985-05-01,45.5
"Windsor, Ontario",1985-06-01,46.1
"Windsor, Ontario",1985-07-01,45.7
"Windsor, Ontario",1985-08-01,45.8
"Windsor, Ontario",1985-09-01,45.8
"Windsor, Ontario",1985-10-01,46.9
"Windsor, Ontario",1985-11-01,49.2
"Windsor, Ontario",1985-12-01,50.4
"Windsor, Ontario",1986-01-01,52.5
"Windsor, Ontario",1986-02-01,55.5
"Windsor, Ontario",1986-03-01,55.5
"Windsor, Ontario",1986-04-01,55.5
"Windsor, Ontario",1986-05-01,55.5
"Windsor, Ontario",1986-06-01,55.5
"Windsor, Ontario",1986-07-01,55.5
"Windsor, Ontario",1986-08-01,56.1
"Windsor, Ontario",1986-09-01,56.1
"Windsor, Ontario",1986-10-01,56.1
"Windsor, Ontario",1986-11-01,56.1
"Windsor, Ontario",1986-12-01,56.1
"Windsor, Ontario",1987-01-01,56.8
"Windsor, Ontario",1987-02-01,59.6
"Windsor, Ontario",1987-03-01,59.6
"Windsor, Ontario",1987-04-01,60.9
"Windsor, Ontario",1987-05-01,60.9
"Windsor, Ontario",1987-06-01,60.9
"Windsor, Ontario",1987-07-01,60.9
"Windsor, Ontario",1987-08-01,60.9
"Windsor, Ontario",1987-09-01,60.9
"Windsor, Ontario",1987-10-01,60.9
"Windsor, Ontario",1987-11-01,60.9
"Windsor, Ontario",1987-12-01,61.3
"Windsor, Ontario",1988-01-01,61.8
"Windsor, Ontario",1988-02-01,62.6
"Windsor, Ontario",1988-03-01,63.3
"Windsor, Ontario",1988-04-01,63.3
"Windsor, Ontario",1988-05-01,63.6
"Windsor, Ontario",1988-06-01,63.6
"Windsor, Ontario",1988-07-01,63.6
"Windsor, Ontario",1988-08-01,63.6
"Windsor, Ontario",1988-09-01,63.6
"Windsor, Ontario",1988-10-01,63.6
"Windsor, Ontario",1988-11-01,63.6
"Windsor, Ontario",1988-12-01,63.6
"Windsor, Ontario",1989-01-01,64.4
"Windsor, Ontario",1989-02-01,72.1
"Windsor, Ontario",1989-03-01,72.4
"Windsor, Ontario",1989-04-01,75.6
"Windsor, Ontario",1989-05-01,75.6
"Windsor, Ontario",1989-06-01,75.6
"Windsor, Ontario",1989-07-01,75.6
"Windsor, Ontario",1989-08-01,75.6
"Windsor, Ontario",1989-09-01,75.6
"Windsor, Ontario",1989-10-01,75.6
"Windsor, Ontario",1989-11-01,75.6
"Windsor, Ontario",1989-12-01,75.6
"Windsor, Ontario",1990-01-01,75.6
"Windsor, Ontario",1990-02-01,75.6
"Windsor, Ontario",1990-03-01,77.3
"Windsor, Ontario",1990-04-01,84.3
"Windsor, Ontario",1990-05-01,84.3
"Windsor, Ontario",1990-06-01,85.1
"Windsor, Ontario",1990-07-01,85.1
"Windsor, Ontario",1990-08-01,85.1
"Windsor, Ontario",1990-09-01,85.1
"Windsor, Ontario",1990-10-01,82.5
"Windsor, Ontario",1990-11-01,82.5
"Windsor, Ontario",1990-12-01,82.5
"Windsor, Ontario",1991-01-01,83.3
"Windsor, Ontario",1991-02-01,83.3
"Windsor, Ontario",1991-03-01,83.3
"Windsor, Ontario",1991-04-01,83.2
"Windsor, Ontario",1991-05-01,82.8
"Windsor, Ontario",1991-06-01,82.8
"Windsor, Ontario",1991-07-01,82.8
"Windsor, Ontario",1991-08-01,82.8
"Windsor, Ontario",1991-09-01,82.8
"Windsor, Ontario",1991-10-01,82.8
"Windsor, Ontario",1991-11-01,82.7
"Windsor, Ontario",1991-12-01,82.7
"Windsor, Ontario",1992-01-01,82.7
"Windsor, Ontario",1992-02-01,82.7
"Windsor, Ontario",1992-03-01,82.7
"Windsor, Ontario",1992-04-01,82.0
"Windsor, Ontario",1992-05-01,82.1
"Windsor, Ontario",1992-06-01,82.0
"Windsor, Ontario",1992-07-01,82.0
"Windsor, Ontario",1992-08-01,82.0
"Windsor, Ontario",1992-09-01,82.4
"Windsor, Ontario",1992-10-01,82.3
"Windsor, Ontario",1992-11-01,82.3
"Windsor, Ontario",1992-12-01,82.3
"Windsor, Ontario",1993-01-01,82.3
"Windsor, Ontario",1993-02-01,82.3
"Windsor, Ontario",1993-03-01,82.3
"Windsor, Ontario",1993-04-01,82.3
"Windsor, Ontario",1993-05-01,82.3
"Windsor, Ontario",1993-06-01,82.3
"Windsor, Ontario",1993-07-01,82.3
"Windsor, Ontario",1993-08-01,82.3
"Windsor, Ontario",1993-09-01,82.3
"Windsor, Ontario",1993-10-01,82.3
"Windsor, Ontario",1993-11-01,82.3
"Windsor, Ontario",1993-12-01,82.3
"Windsor, Ontario",1994-01-01,82.3
"Windsor, Ontario",1994-02-01,82.3
"Windsor, Ontario",1994-03-01,82.3
"Windsor, Ontario",1994-04-01,82.7
"Windsor, Ontario",1994-05-01,82.7
"Windsor, Ontario",1994-06-01,82.7
"Windsor, Ontario",1994-07-01,82.7
"Windsor, Ontario",1994-08-01,82.7
"Windsor, Ontario",1994-09-01,82.7
"Windsor, Ontario",1994-10-01,82.7
"Windsor, Ontario",1994-11-01,85.3
"Windsor, Ontario",1994-12-01,85.3
"Windsor, Ontario",1995-01-01,85.3
"Windsor, Ontario",1995-02-01,85.3
"Windsor, Ontario",1995-03-01,85.3
"Windsor, Ontario",1995-04-01,85.3
"Windsor, Ontario",1995-05-01,85.3
"Windsor, Ontario",1995-06-01,85.3
"Windsor, Ontario",1995-07-01,85.3
"Windsor, Ontario",1995-08-01,85.3
"Windsor, Ontario",1995-09-01,85.3
"Windsor, Ontario",1995-10-01,85.3
"Windsor, Ontario",1995-11-01,85.3
"Windsor, Ontario",1995-12-01,85.3
"Windsor, Ontario",1996-01-01,85.3
"Windsor, Ontario",1996-02-01,85.3
"Windsor, Ontario",1996-03-01,85.3
"Windsor, Ontario",1996-04-01,85.3
"Windsor, Ontario",1996-05-01,85.3
"Windsor, Ontario",1996-06-01,85.3
"Windsor, Ontario",1996-07-01,85.3
"Windsor, Ontario",1996-08-01,85.3
"Windsor, Ontario",1996-09-01,85.3
"Windsor, Ontario",1996-10-01,85.3
"Windsor, Ontario",1996-11-01,84.4
"Windsor, Ontario",1996-12-01,84.4
"Windsor, Ontario",1997-01-01,84.9
"Windsor, Ontario",1997-02-01,84.9
"Windsor, Ontario",1997-03-01,84.9
"Windsor, Ontario",1997-04-01,84.9
"Windsor, Ontario",1997-05-01,84.9
"Windsor, Ontario",1997-06-01,84.9
"Windsor, Ontario",1997-07-01,84.9
"Windsor, Ontario",1997-08-01,84.9
"Windsor, Ontario",1997-09-01,84.9
"Windsor, Ontario",1997-10-01,84.9
"Windsor, Ontario",1997-11-01,84.9
"Windsor, Ontario",1997-12-01,84.9
"Windsor, Ontario",1998-01-01,84.9
"Windsor, Ontario",1998-02-01,84.9
"Windsor, Ontario",1998-03-01,84.9
"Windsor, Ontario",1998-04-01,84.9
"Windsor, Ontario",1998-05-01,84.9
"Windsor, Ontario",1998-06-01,84.9
"Windsor, Ontario",1998-07-01,84.9
"Windsor, Ontario",1998-08-01,84.9
"Windsor, Ontario",1998-09-01,84.9
"Windsor, Ontario",1998-10-01,84.9
"Windsor, Ontario",1998-11-01,84.9
"Windsor, Ontario",1998-12-01,84.9
"Windsor, Ontario",1999-01-01,84.9
"Windsor, Ontario",1999-02-01,84.9
"Windsor, Ontario",1999-03-01,84.9
"Windsor, Ontario",1999-04-01,84.9
"Windsor, Ontario",1999-05-01,84.9
"Windsor, Ontario",1999-06-01,84.9
"Windsor, Ontario",1999-07-01,84.9
"Windsor, Ontario",1999-08-01,84.9
"Windsor, Ontario",1999-09-01,84.9
"Windsor, Ontario",1999-10-01,84.9
"Windsor, Ontario",1999-11-01,84.9
"Windsor, Ontario",1999-12-01,84.9
"Windsor, Ontario",2000-01-01,84.9
"Windsor, Ontario",2000-02-01,84.9
"Windsor, Ontario",2000-03-01,84.9
"Windsor, Ontario",2000-04-01,84.9
"Windsor, Ontario",2000-05-01,84.9
"Windsor, Ontario",2000-06-01,84.9
"Windsor, Ontario",2000-07-01,84.9
"Windsor, Ontario",2000-08-01,84.9
"Windsor, Ontario",2000-09-01,84.9
"Windsor, Ontario",2000-10-01,84.9
"Windsor, Ontario",2000-11-01,84.9
"Windsor, Ontario",2000-12-01,84.9
"Windsor, Ontario",2001-01-01,84.9
"Windsor, Ontario",2001-02-01,84.9
"Windsor, Ontario",2001-03-01,84.9
"Windsor, Ontario",2001-04-01,84.9
"Windsor, Ontario",2001-05-01,84.9
"Windsor, Ontario",2001-06-01,84.9
"Windsor, Ontario",2001-07-01,84.9
"Windsor, Ontario",2001-08-01,84.9
"Windsor, Ontario",2001-09-01,84.9
"Windsor, Ontario",2001-10-01,84.9
"Windsor, Ontario",2001-11-01,84.9
"Windsor, Ontario",2001-12-01,84.9
"Windsor, Ontario",2002-01-01,84.9
"Windsor, Ontario",2002-02-01,86.4
"Windsor, Ontario",2002-03-01,86.4
"Windsor, Ontario",2002-04-01,86.4
"Windsor, Ontario",2002-05-01,86.4
"Windsor, Ontario",2002-06-01,86.4
"Windsor, Ontario",2002-07-01,86.4
"Windsor, Ontario",2002-08-01,86.4
"Windsor, Ontario",2002-09-01,86.4
"Windsor, Ontario",2002-10-01,86.4
"Windsor, Ontario",2002-11-01,86.4
"Windsor, Ontario",2002-12-01,86.4
"Windsor, Ontario",2003-01-01,86.4
"Windsor, Ontario",2003-02-01,86.4
"Windsor, Ontario",2003-03-01,86.4
"Windsor, Ontario",2003-04-01,86.4
"Windsor, Ontario",2003-05-01,86.4
"Windsor, Ontario",2003-06-01,86.4
"Windsor, Ontario",2003-07-01,86.4
"Windsor, Ontario",2003-08-01,86.4
"Windsor, Ontario",2003-09-01,86.4
"Windsor, Ontario",2003-10-01,86.4
"Windsor, Ontario",2003-11-01,86.4
"Windsor, Ontario",2003-12-01,86.4
"Windsor, Ontario",2004-01-01,86.4
"Windsor, Ontario",2004-02-01,86.4
"Windsor, Ontario",2004-03-01,86.4
"Windsor, Ontario",2004-04-01,86.4
"Windsor, Ontario",2004-05-01,86.4
"Windsor, Ontario",2004-06-01,86.4
"Windsor, Ontario",2004-07-01,86.4
"Windsor, Ontario",2004-08-01,87.6
"Windsor, Ontario",2004-09-01,87.6
"Windsor, Ontario",2004-10-01,87.6
"Windsor, Ontario",2004-11-01,87.6
"Windsor, Ontario",2004-12-01,87.6
"Windsor, Ontario",2005-01-01,91.0
"Windsor, Ontario",2005-02-01,92.4
"Windsor, Ontario",2005-03-01,93.3
"Windsor, Ontario",2005-04-01,93.3
"Windsor, Ontario",2005-05-01,93.3
"Windsor, Ontario",2005-06-01,93.3
"Windsor, Ontario",2005-07-01,93.3
"Windsor, Ontario",2005-08-01,93.3
"Windsor, Ontario",2005-09-01,93.3
"Windsor, Ontario",2005-10-01,93.3
"Windsor, Ontario",2005-11-01,93.3
"Windsor, Ontario",2005-12-01,93.3
"Windsor, Ontario",2006-01-01,93.3
"Windsor, Ontario",2006-02-01,93.3
"Windsor, Ontario",2006-03-01,93.3
"Windsor, Ontario",2006-04-01,93.3
"Windsor, Ontario",2006-05-01,93.3
"Windsor, Ontario",2006-06-01,93.3
"Windsor, Ontario",2006-07-01,93.9
"Windsor, Ontario",2006-08-01,93.9
"Windsor, Ontario",2006-09-01,93.9
"Windsor, Ontario",2006-10-01,93.9
"Windsor, Ontario",2006-11-01,93.9
"Windsor, Ontario",2006-12-01,93.9
"Windsor, Ontario",2007-01-01,93.9
"Windsor, Ontario",2007-02-01,93.9
"Windsor, Ontario",2007-03-01,93.9
"Windsor, Ontario",2007-04-01,93.9
"Windsor, Ontario",2007-05-01,94.1
"Windsor, Ontario",2007-06-01,94.1
"Windsor, Ontario",2007-07-01,94.1
"Windsor, Ontario",2007-08-01,94.1
"Windsor, Ontario",2007-09-01,94.1
"Windsor, Ontario",2007-10-01,94.1
"Windsor, Ontario",2007-11-01,94.1
"Windsor, Ontario",2007-12-01,94.1
"Windsor, Ontario",2008-01-01,94.7
"Windsor, Ontario",2008-02-01,94.7
"Windsor, Ontario",2008-03-01,94.7
"Windsor, Ontario",2008-04-01,94.7
"Windsor, Ontario",2008-05-01,94.7
"Windsor, Ontario",2008-06-01,94.7
"Windsor, Ontario",2008-07-01,94.7
"Windsor, Ontario",2008-08-01,94.7
"Windsor, Ontario",2008-09-01,94.7
"Windsor, Ontario",2008-10-01,94.7
"Windsor, Ontario",2008-11-01,94.7
"Windsor, Ontario",2008-12-01,94.7
"Windsor, Ontario",2009-01-01,94.7
"Windsor, Ontario",2009-02-01,94.7
"Windsor, Ontario",2009-03-01,94.7
"Windsor, Ontario",2009-04-01,94.7
"Windsor, Ontario",2009-05-01,94.7
"Windsor, Ontario",2009-06-01,94.7
"Windsor, Ontario",2009-07-01,94.7
"Windsor, Ontario",2009-08-01,94.7
"Windsor, Ontario",2009-09-01,94.7
"Windsor, Ontario",2009-10-01,94.7
"Windsor, Ontario",2009-11-01,94.7
"Windsor, Ontario",2009-12-01,94.7
"Windsor, Ontario",2010-01-01,94.7
"Windsor, Ontario",2010-02-01,94.7
"Windsor, Ontario",2010-03-01,94.7
"Windsor, Ontario",2010-04-01,94.7
"Windsor, Ontario",2010-05-01,94.5
"Windsor, Ontario",2010-06-01,94.4
"Windsor, Ontario",2010-07-01,92.8
"Windsor, Ontario",2010-08-01,92.8
"Windsor, Ontario",2010-09-01,92.8
"Windsor, Ontario",2010-10-01,92.8
"Windsor, Ontario",2010-11-01,92.8
"Windsor, Ontario",2010-12-01,92.8
"Windsor, Ontario",2011-01-01,92.8
"Windsor, Ontario",2011-02-01,93.2
"Windsor, Ontario",2011-03-01,94.2
"Windsor, Ontario",2011-04-01,94.2
"Windsor, Ontario",2011-05-01,94.2
"Windsor, Ontario",2011-06-01,94.2
"Windsor, Ontario",2011-07-01,94.2
"Windsor, Ontario",2011-08-01,94.2
"Windsor, Ontario",2011-09-01,94.2
"Windsor, Ontario",2011-10-01,94.2
"Windsor, Ontario",2011-11-01,94.2
"Windsor, Ontario",2011-12-01,94.2
"Windsor, Ontario",2012-01-01,94.2
"Windsor, Ontario",2012-02-01,94.2
"Windsor, Ontario",2012-03-01,94.2
"Windsor, Ontario",2012-04-01,94.2
"Windsor, Ontario",2012-05-01,94.2
"Windsor, Ontario",2012-06-01,94.2
"Windsor, Ontario",2012-07-01,94.2
"Windsor, Ontario",2012-08-01,94.2
"Windsor, Ontario",2012-09-01,94.2
"Windsor, Ontario",2012-10-01,94.2
"Windsor, Ontario",2012-11-01,94.2
"Windsor, Ontario",2012-12-01,94.2
"Windsor, Ontario",2013-01-01,94.2
"Windsor, Ontario",2013-02-01,94.2
"Windsor, Ontario",2013-03-01,94.2
"Windsor, Ontario",2013-04-01,94.2
"Windsor, Ontario",2013-05-01,94.2
"Windsor, Ontario",2013-06-01,94.2
"Windsor, Ontario",2013-07-01,94.2
"Windsor, Ontario",2013-08-01,94.8
"Windsor, Ontario",2013-09-01,94.8
"Windsor, Ontario",2013-10-01,95.5
"Windsor, Ontario",2013-11-01,95.8
"Windsor, Ontario",2013-12-01,95.8
"Windsor, Ontario",2014-01-01,95.8
"Windsor, Ontario",2014-02-01,96.2
"Windsor, Ontario",2014-03-01,96.2
"Windsor, Ontario",2014-04-01,96.2
"Windsor, Ontario",2014-05-01,96.2
"Windsor, Ontario",2014-06-01,96.2
"Windsor, Ontario",2014-07-01,96.2
"Windsor, Ontario",2014-08-01,96.2
"Windsor, Ontario",2014-09-01,96.2
"Windsor, Ontario",2014-10-01,96.2
"Windsor, Ontario",2014-11-01,96.2
"Windsor, Ontario",2014-12-01,96.2
"Windsor, Ontario",2015-01-01,96.2
"Windsor, Ontario",2015-02-01,96.2
"Windsor, Ontario",2015-03-01,96.2
"Windsor, Ontario",2015-04-01,96.2
"Windsor, Ontario",2015-05-01,96.2
"Windsor, Ontario",2015-06-01,96.2
"Windsor, Ontario",2015-07-01,96.2
"Windsor, Ontario",2015-08-01,96.2
"Windsor, Ontario",2015-09-01,96.2
"Windsor, Ontario",2015-10-01,96.2
"Windsor, Ontario",2015-11-01,96.2
"Windsor, Ontario",2015-12-01,96.2
"Windsor, Ontario",2016-01-01,96.2
"Windsor, Ontario",2016-02-01,96.2
"Windsor, Ontario",2016-03-01,96.2
"Windsor, Ontario",2016-04-01,96.2
"Windsor, Ontario",2016-05-01,96.5
"Windsor, Ontario",2016-06-01,97.5
"Windsor, Ontario",2016-07-01,97.5
"Windsor, Ontario",2016-08-01,97.5
"Windsor, Ontario",2016-09-01,98.5
"Windsor, Ontario",2016-10-01,100.0
"Windsor, Ontario",2016-11-01,100.0
"Windsor, Ontario",2016-12-01,100.0
"Windsor, Ontario",2017-01-01,101.6
"Winnipeg, Manitoba",1981-01-01,18.7
"Winnipeg, Manitoba",1981-02-01,18.7
"Winnipeg, Manitoba",1981-03-01,18.7
"Winnipeg, Manitoba",1981-04-01,18.9
"Winnipeg, Manitoba",1981-05-01,18.9
"Winnipeg, Manitoba",1981-06-01,19.0
"Winnipeg, Manitoba",1981-07-01,19.0
"Winnipeg, Manitoba",1981-08-01,19.0
"Winnipeg, Manitoba",1981-09-01,19.0
"Winnipeg, Manitoba",1981-10-01,19.0
"Winnipeg, Manitoba",1981-11-01,19.0
"Winnipeg, Manitoba",1981-12-01,19.0
"Winnipeg, Manitoba",1982-01-01,19.0
"Winnipeg, Manitoba",1982-02-01,19.0
"Winnipeg, Manitoba",1982-03-01,19.9
"Winnipeg, Manitoba",1982-04-01,21.2
"Winnipeg, Manitoba",1982-05-01,21.2
"Winnipeg, Manitoba",1982-06-01,21.2
"Winnipeg, Manitoba",1982-07-01,21.2
"Winnipeg, Manitoba",1982-08-01,21.2
"Winnipeg, Manitoba",1982-09-01,21.2
"Winnipeg, Manitoba",1982-10-01,21.2
"Winnipeg, Manitoba",1982-11-01,21.2
"Winnipeg, Manitoba",1982-12-01,21.2
"Winnipeg, Manitoba",1983-01-01,21.2
"Winnipeg, Manitoba",1983-02-01,21.2
"Winnipeg, Manitoba",1983-03-01,21.2
"Winnipeg, Manitoba",1983-04-01,22.2
"Winnipeg, Manitoba",1983-05-01,22.5
"Winnipeg, Manitoba",1983-06-01,22.5
"Winnipeg, Manitoba",1983-07-01,23.4
"Winnipeg, Manitoba",1983-08-01,23.4
"Winnipeg, Manitoba",1983-09-01,23.4
"Winnipeg, Manitoba",1983-10-01,23.4
"Winnipeg, Manitoba",1983-11-01,23.4
"Winnipeg, Manitoba",1983-12-01,23.4
"Winnipeg, Manitoba",1984-01-01,23.4
"Winnipeg, Manitoba",1984-02-01,23.5
"Winnipeg, Manitoba",1984-03-01,24.1
"Winnipeg, Manitoba",1984-04-01,24.1
"Winnipeg, Manitoba",1984-05-01,24.1
"Winnipeg, Manitoba",1984-06-01,24.1
"Winnipeg, Manitoba",1984-07-01,24.1
"Winnipeg, Manitoba",1984-08-01,23.8
"Winnipeg, Manitoba",1984-09-01,24.1
"Winnipeg, Manitoba",1984-10-01,24.1
"Winnipeg, Manitoba",1984-11-01,24.1
"Winnipeg, Manitoba",1984-12-01,24.1
"Winnipeg, Manitoba",1985-01-01,25.2
"Winnipeg, Manitoba",1985-02-01,25.4
"Winnipeg, Manitoba",1985-03-01,25.0
"Winnipeg, Manitoba",1985-04-01,25.0
"Winnipeg, Manitoba",1985-05-01,25.3
"Winnipeg, Manitoba",1985-06-01,25.3
"Winnipeg, Manitoba",1985-07-01,25.3
"Winnipeg, Manitoba",1985-08-01,25.4
"Winnipeg, Manitoba",1985-09-01,26.6
"Winnipeg, Manitoba",1985-10-01,26.6
"Winnipeg, Manitoba",1985-11-01,26.6
"Winnipeg, Manitoba",1985-12-01,26.8
"Winnipeg, Manitoba",1986-01-01,26.9
"Winnipeg, Manitoba",1986-02-01,26.9
"Winnipeg, Manitoba",1986-03-01,27.1
"Winnipeg, Manitoba",1986-04-01,27.1
"Winnipeg, Manitoba",1986-05-01,27.1
"Winnipeg, Manitoba",1986-06-01,27.9
"Winnipeg, Manitoba",1986-07-01,28.2
"Winnipeg, Manitoba",1986-08-01,28.2
"Winnipeg, Manitoba",1986-09-01,28.9
"Winnipeg, Manitoba",1986-10-01,28.9
"Winnipeg, Manitoba",1986-11-01,29.0
"Winnipeg, Manitoba",1986-12-01,29.2
"Winnipeg, Manitoba",1987-01-01,29.5
"Winnipeg, Manitoba",1987-02-01,29.5
"Winnipeg, Manitoba",1987-03-01,30.7
"Winnipeg, Manitoba",1987-04-01,30.8
"Winnipeg, Manitoba",1987-05-01,30.8
"Winnipeg, Manitoba",1987-06-01,30.8
"Winnipeg, Manitoba",1987-07-01,31.3
"Winnipeg, Manitoba",1987-08-01,31.3
"Winnipeg, Manitoba",1987-09-01,31.8
"Winnipeg, Manitoba",1987-10-01,31.8
"Winnipeg, Manitoba",1987-11-01,31.8
"Winnipeg, Manitoba",1987-12-01,31.8
"Winnipeg, Manitoba",1988-01-01,31.8
"Winnipeg, Manitoba",1988-02-01,31.8
"Winnipeg, Manitoba",1988-03-01,31.8
"Winnipeg, Manitoba",1988-04-01,32.1
"Winnipeg, Manitoba",1988-05-01,32.1
"Winnipeg, Manitoba",1988-06-01,32.2
"Winnipeg, Manitoba",1988-07-01,32.2
"Winnipeg, Manitoba",1988-08-01,32.2
"Winnipeg, Manitoba",1988-09-01,32.3
"Winnipeg, Manitoba",1988-10-01,32.3
"Winnipeg, Manitoba",1988-11-01,32.3
"Winnipeg, Manitoba",1988-12-01,32.6
"Winnipeg, Manitoba",1989-01-01,32.6
"Winnipeg, Manitoba",1989-02-01,32.6
"Winnipeg, Manitoba",1989-03-01,32.8
"Winnipeg, Manitoba",1989-04-01,32.8
"Winnipeg, Manitoba",1989-05-01,32.8
"Winnipeg, Manitoba",1989-06-01,32.7
"Winnipeg, Manitoba",1989-07-01,32.7
"Winnipeg, Manitoba",1989-08-01,32.7
"Winnipeg, Manitoba",1989-09-01,32.7
"Winnipeg, Manitoba",1989-10-01,32.8
"Winnipeg, Manitoba",1989-11-01,32.8
"Winnipeg, Manitoba",1989-12-01,32.8
"Winnipeg, Manitoba",1990-01-01,32.8
"Winnipeg, Manitoba",1990-02-01,32.8
"Winnipeg, Manitoba",1990-03-01,32.9
"Winnipeg, Manitoba",1990-04-01,33.0
"Winnipeg, Manitoba",1990-05-01,33.1
"Winnipeg, Manitoba",1990-06-01,33.1
"Winnipeg, Manitoba",1990-07-01,33.1
"Winnipeg, Manitoba",1990-08-01,33.1
"Winnipeg, Manitoba",1990-09-01,33.1
"Winnipeg, Manitoba",1990-10-01,33.1
"Winnipeg, Manitoba",1990-11-01,33.1
"Winnipeg, Manitoba",1990-12-01,33.1
"Winnipeg, Manitoba",1991-01-01,33.0
"Winnipeg, Manitoba",1991-02-01,33.0
"Winnipeg, Manitoba",1991-03-01,33.0
"Winnipeg, Manitoba",1991-04-01,32.8
"Winnipeg, Manitoba",1991-05-01,32.8
"Winnipeg, Manitoba",1991-06-01,32.7
"Winnipeg, Manitoba",1991-07-01,32.8
"Winnipeg, Manitoba",1991-08-01,32.7
"Winnipeg, Manitoba",1991-09-01,32.7
"Winnipeg, Manitoba",1991-10-01,32.7
"Winnipeg, Manitoba",1991-11-01,32.7
"Winnipeg, Manitoba",1991-12-01,32.7
"Winnipeg, Manitoba",1992-01-01,32.9
"Winnipeg, Manitoba",1992-02-01,33.0
"Winnipeg, Manitoba",1992-03-01,33.4
"Winnipeg, Manitoba",1992-04-01,33.3
"Winnipeg, Manitoba",1992-05-01,33.3
"Winnipeg, Manitoba",1992-06-01,33.3
"Winnipeg, Manitoba",1992-07-01,33.3
"Winnipeg, Manitoba",1992-08-01,33.3
"Winnipeg, Manitoba",1992-09-01,33.2
"Winnipeg, Manitoba",1992-10-01,33.2
"Winnipeg, Manitoba",1992-11-01,33.3
"Winnipeg, Manitoba",1992-12-01,33.3
"Winnipeg, Manitoba",1993-01-01,33.3
"Winnipeg, Manitoba",1993-02-01,33.3
"Winnipeg, Manitoba",1993-03-01,33.6
"Winnipeg, Manitoba",1993-04-01,33.6
"Winnipeg, Manitoba",1993-05-01,33.6
"Winnipeg, Manitoba",1993-06-01,33.6
"Winnipeg, Manitoba",1993-07-01,33.6
"Winnipeg, Manitoba",1993-08-01,33.6
"Winnipeg, Manitoba",1993-09-01,33.7
"Winnipeg, Manitoba",1993-10-01,33.5
"Winnipeg, Manitoba",1993-11-01,33.5
"Winnipeg, Manitoba",1993-12-01,33.5
"Winnipeg, Manitoba",1994-01-01,33.5
"Winnipeg, Manitoba",1994-02-01,33.5
"Winnipeg, Manitoba",1994-03-01,34.5
"Winnipeg, Manitoba",1994-04-01,34.5
"Winnipeg, Manitoba",1994-05-01,34.5
"Winnipeg, Manitoba",1994-06-01,34.5
"Winnipeg, Manitoba",1994-07-01,34.5
"Winnipeg, Manitoba",1994-08-01,34.5
"Winnipeg, Manitoba",1994-09-01,34.5
"Winnipeg, Manitoba",1994-10-01,34.5
"Winnipeg, Manitoba",1994-11-01,34.5
"Winnipeg, Manitoba",1994-12-01,34.5
"Winnipeg, Manitoba",1995-01-01,34.5
"Winnipeg, Manitoba",1995-02-01,34.5
"Winnipeg, Manitoba",1995-03-01,34.5
"Winnipeg, Manitoba",1995-04-01,34.5
"Winnipeg, Manitoba",1995-05-01,34.5
"Winnipeg, Manitoba",1995-06-01,34.5
"Winnipeg, Manitoba",1995-07-01,34.5
"Winnipeg, Manitoba",1995-08-01,34.5
"Winnipeg, Manitoba",1995-09-01,34.6
"Winnipeg, Manitoba",1995-10-01,34.7
"Winnipeg, Manitoba",1995-11-01,34.7
"Winnipeg, Manitoba",1995-12-01,34.7
"Winnipeg, Manitoba",1996-01-01,34.8
"Winnipeg, Manitoba",1996-02-01,34.8
"Winnipeg, Manitoba",1996-03-01,34.9
"Winnipeg, Manitoba",1996-04-01,35.1
"Winnipeg, Manitoba",1996-05-01,35.1
"Winnipeg, Manitoba",1996-06-01,35.1
"Winnipeg, Manitoba",1996-07-01,35.1
"Winnipeg, Manitoba",1996-08-01,35.1
"Winnipeg, Manitoba",1996-09-01,35.1
"Winnipeg, Manitoba",1996-10-01,35.2
"Winnipeg, Manitoba",1996-11-01,35.2
"Winnipeg, Manitoba",1996-12-01,35.2
"Winnipeg, Manitoba",1997-01-01,35.1
"Winnipeg, Manitoba",1997-02-01,35.1
"Winnipeg, Manitoba",1997-03-01,34.5
"Winnipeg, Manitoba",1997-04-01,34.5
"Winnipeg, Manitoba",1997-05-01,34.5
"Winnipeg, Manitoba",1997-06-01,34.5
"Winnipeg, Manitoba",1997-07-01,34.5
"Winnipeg, Manitoba",1997-08-01,34.5
"Winnipeg, Manitoba",1997-09-01,34.6
"Winnipeg, Manitoba",1997-10-01,34.6
"Winnipeg, Manitoba",1997-11-01,34.6
"Winnipeg, Manitoba",1997-12-01,34.6
"Winnipeg, Manitoba",1998-01-01,34.6
"Winnipeg, Manitoba",1998-02-01,34.6
"Winnipeg, Manitoba",1998-03-01,34.6
"Winnipeg, Manitoba",1998-04-01,34.6
"Winnipeg, Manitoba",1998-05-01,34.6
"Winnipeg, Manitoba",1998-06-01,34.8
"Winnipeg, Manitoba",1998-07-01,34.8
"Winnipeg, Manitoba",1998-08-01,34.8
"Winnipeg, Manitoba",1998-09-01,34.8
"Winnipeg, Manitoba",1998-10-01,34.8
"Winnipeg, Manitoba",1998-11-01,34.8
"Winnipeg, Manitoba",1998-12-01,34.8
"Winnipeg, Manitoba",1999-01-01,34.8
"Winnipeg, Manitoba",1999-02-01,34.8
"Winnipeg, Manitoba",1999-03-01,34.8
"Winnipeg, Manitoba",1999-04-01,34.8
"Winnipeg, Manitoba",1999-05-01,34.8
"Winnipeg, Manitoba",1999-06-01,34.8
"Winnipeg, Manitoba",1999-07-01,34.8
"Winnipeg, Manitoba",1999-08-01,34.8
"Winnipeg, Manitoba",1999-09-01,34.8
"Winnipeg, Manitoba",1999-10-01,34.8
"Winnipeg, Manitoba",1999-11-01,34.8
"Winnipeg, Manitoba",1999-12-01,34.8
"Winnipeg, Manitoba",2000-01-01,34.8
"Winnipeg, Manitoba",2000-02-01,34.8
"Winnipeg, Manitoba",2000-03-01,34.8
"Winnipeg, Manitoba",2000-04-01,34.8
"Winnipeg, Manitoba",2000-05-01,34.8
"Winnipeg, Manitoba",2000-06-01,34.8
"Winnipeg, Manitoba",2000-07-01,34.8
"Winnipeg, Manitoba",2000-08-01,34.8
"Winnipeg, Manitoba",2000-09-01,34.8
"Winnipeg, Manitoba",2000-10-01,34.8
"Winnipeg, Manitoba",2000-11-01,34.8
"Winnipeg, Manitoba",2000-12-01,34.8
"Winnipeg, Manitoba",2001-01-01,34.8
"Winnipeg, Manitoba",2001-02-01,34.8
"Winnipeg, Manitoba",2001-03-01,34.8
"Winnipeg, Manitoba",2001-04-01,34.8
"Winnipeg, Manitoba",2001-05-01,34.8
"Winnipeg, Manitoba",2001-06-01,34.8
"Winnipeg, Manitoba",2001-07-01,34.8
"Winnipeg, Manitoba",2001-08-01,34.8
"Winnipeg, Manitoba",2001-09-01,34.8
"Winnipeg, Manitoba",2001-10-01,34.8
"Winnipeg, Manitoba",2001-11-01,34.8
"Winnipeg, Manitoba",2001-12-01,35.2
"Winnipeg, Manitoba",2002-01-01,35.2
"Winnipeg, Manitoba",2002-02-01,35.2
"Winnipeg, Manitoba",2002-03-01,35.4
"Winnipeg, Manitoba",2002-04-01,35.4
"Winnipeg, Manitoba",2002-05-01,35.4
"Winnipeg, Manitoba",2002-06-01,35.4
"Winnipeg, Manitoba",2002-07-01,35.4
"Winnipeg, Manitoba",2002-08-01,35.4
"Winnipeg, Manitoba",2002-09-01,35.4
"Winnipeg, Manitoba",2002-10-01,35.4
"Winnipeg, Manitoba",2002-11-01,35.4
"Winnipeg, Manitoba",2002-12-01,35.4
"Winnipeg, Manitoba",2003-01-01,35.6
"Winnipeg, Manitoba",2003-02-01,35.6
"Winnipeg, Manitoba",2003-03-01,36.4
"Winnipeg, Manitoba",2003-04-01,36.6
"Winnipeg, Manitoba",2003-05-01,36.6
"Winnipeg, Manitoba",2003-06-01,36.6
"Winnipeg, Manitoba",2003-07-01,36.6
"Winnipeg, Manitoba",2003-08-01,36.6
"Winnipeg, Manitoba",2003-09-01,36.6
"Winnipeg, Manitoba",2003-10-01,36.6
"Winnipeg, Manitoba",2003-11-01,36.9
"Winnipeg, Manitoba",2003-12-01,36.9
"Winnipeg, Manitoba",2004-01-01,36.9
"Winnipeg, Manitoba",2004-02-01,36.9
"Winnipeg, Manitoba",2004-03-01,36.9
"Winnipeg, Manitoba",2004-04-01,36.9
"Winnipeg, Manitoba",2004-05-01,36.9
"Winnipeg, Manitoba",2004-06-01,39.6
"Winnipeg, Manitoba",2004-07-01,39.6
"Winnipeg, Manitoba",2004-08-01,39.6
"Winnipeg, Manitoba",2004-09-01,40.0
"Winnipeg, Manitoba",2004-10-01,40.0
"Winnipeg, Manitoba",2004-11-01,40.0
"Winnipeg, Manitoba",2004-12-01,40.0
"Winnipeg, Manitoba",2005-01-01,40.5
"Winnipeg, Manitoba",2005-02-01,40.5
"Winnipeg, Manitoba",2005-03-01,40.7
"Winnipeg, Manitoba",2005-04-01,40.7
"Winnipeg, Manitoba",2005-05-01,40.7
"Winnipeg, Manitoba",2005-06-01,42.6
"Winnipeg, Manitoba",2005-07-01,42.6
"Winnipeg, Manitoba",2005-08-01,43.0
"Winnipeg, Manitoba",2005-09-01,45.1
"Winnipeg, Manitoba",2005-10-01,45.5
"Winnipeg, Manitoba",2005-11-01,45.5
"Winnipeg, Manitoba",2005-12-01,47.6
"Winnipeg, Manitoba",2006-01-01,48.3
"Winnipeg, Manitoba",2006-02-01,48.3
"Winnipeg, Manitoba",2006-03-01,50.5
"Winnipeg, Manitoba",2006-04-01,50.5
"Winnipeg, Manitoba",2006-05-01,50.7
"Winnipeg, Manitoba",2006-06-01,50.8
"Winnipeg, Manitoba",2006-07-01,50.8
"Winnipeg, Manitoba",2006-08-01,50.8
"Winnipeg, Manitoba",2006-09-01,50.8
"Winnipeg, Manitoba",2006-10-01,51.4
"Winnipeg, Manitoba",2006-11-01,52.3
"Winnipeg, Manitoba",2006-12-01,52.3
"Winnipeg, Manitoba",2007-01-01,52.3
"Winnipeg, Manitoba",2007-02-01,52.3
"Winnipeg, Manitoba",2007-03-01,52.3
"Winnipeg, Manitoba",2007-04-01,52.3
"Winnipeg, Manitoba",2007-05-01,52.3
"Winnipeg, Manitoba",2007-06-01,63.5
"Winnipeg, Manitoba",2007-07-01,73.5
"Winnipeg, Manitoba",2007-08-01,72.0
"Winnipeg, Manitoba",2007-09-01,72.0
"Winnipeg, Manitoba",2007-10-01,72.0
"Winnipeg, Manitoba",2007-11-01,72.2
"Winnipeg, Manitoba",2007-12-01,72.2
"Winnipeg, Manitoba",2008-01-01,72.4
"Winnipeg, Manitoba",2008-02-01,72.4
"Winnipeg, Manitoba",2008-03-01,73.2
"Winnipeg, Manitoba",2008-04-01,71.9
"Winnipeg, Manitoba",2008-05-01,75.6
"Winnipeg, Manitoba",2008-06-01,77.4
"Winnipeg, Manitoba",2008-07-01,77.4
"Winnipeg, Manitoba",2008-08-01,77.4
"Winnipeg, Manitoba",2008-09-01,77.4
"Winnipeg, Manitoba",2008-10-01,77.8
"Winnipeg, Manitoba",2008-11-01,77.8
"Winnipeg, Manitoba",2008-12-01,77.8
"Winnipeg, Manitoba",2009-01-01,77.8
"Winnipeg, Manitoba",2009-02-01,77.8
"Winnipeg, Manitoba",2009-03-01,77.8
"Winnipeg, Manitoba",2009-04-01,77.8
"Winnipeg, Manitoba",2009-05-01,77.8
"Winnipeg, Manitoba",2009-06-01,78.0
"Winnipeg, Manitoba",2009-07-01,78.0
"Winnipeg, Manitoba",2009-08-01,78.0
"Winnipeg, Manitoba",2009-09-01,78.0
"Winnipeg, Manitoba",2009-10-01,78.0
"Winnipeg, Manitoba",2009-11-01,78.0
"Winnipeg, Manitoba",2009-12-01,78.0
"Winnipeg, Manitoba",2010-01-01,79.0
"Winnipeg, Manitoba",2010-02-01,83.5
"Winnipeg, Manitoba",2010-03-01,83.5
"Winnipeg, Manitoba",2010-04-01,83.5
"Winnipeg, Manitoba",2010-05-01,83.5
"Winnipeg, Manitoba",2010-06-01,83.5
"Winnipeg, Manitoba",2010-07-01,83.5
"Winnipeg, Manitoba",2010-08-01,83.5
"Winnipeg, Manitoba",2010-09-01,83.6
"Winnipeg, Manitoba",2010-10-01,83.6
"Winnipeg, Manitoba",2010-11-01,83.6
"Winnipeg, Manitoba",2010-12-01,83.8
"Winnipeg, Manitoba",2011-01-01,84.9
"Winnipeg, Manitoba",2011-02-01,84.9
"Winnipeg, Manitoba",2011-03-01,85.0
"Winnipeg, Manitoba",2011-04-01,85.0
"Winnipeg, Manitoba",2011-05-01,85.0
"Winnipeg, Manitoba",2011-06-01,85.5
"Winnipeg, Manitoba",2011-07-01,85.5
"Winnipeg, Manitoba",2011-08-01,85.5
"Winnipeg, Manitoba",2011-09-01,87.8
"Winnipeg, Manitoba",2011-10-01,87.8
"Winnipeg, Manitoba",2011-11-01,87.8
"Winnipeg, Manitoba",2011-12-01,87.8
"Winnipeg, Manitoba",2012-01-01,87.8
"Winnipeg, Manitoba",2012-02-01,87.8
"Winnipeg, Manitoba",2012-03-01,88.8
"Winnipeg, Manitoba",2012-04-01,88.8
"Winnipeg, Manitoba",2012-05-01,88.8
"Winnipeg, Manitoba",2012-06-01,90.5
"Winnipeg, Manitoba",2012-07-01,90.5
"Winnipeg, Manitoba",2012-08-01,90.6
"Winnipeg, Manitoba",2012-09-01,91.3
"Winnipeg, Manitoba",2012-10-01,91.3
"Winnipeg, Manitoba",2012-11-01,91.5
"Winnipeg, Manitoba",2012-12-01,93.4
"Winnipeg, Manitoba",2013-01-01,96.2
"Winnipeg, Manitoba",2013-02-01,96.3
"Winnipeg, Manitoba",2013-03-01,96.3
"Winnipeg, Manitoba",2013-04-01,96.3
"Winnipeg, Manitoba",2013-05-01,96.3
"Winnipeg, Manitoba",2013-06-01,96.3
"Winnipeg, Manitoba",2013-07-01,96.3
"Winnipeg, Manitoba",2013-08-01,96.3
"Winnipeg, Manitoba",2013-09-01,96.3
"Winnipeg, Manitoba",2013-10-01,96.3
"Winnipeg, Manitoba",2013-11-01,96.3
"Winnipeg, Manitoba",2013-12-01,96.3
"Winnipeg, Manitoba",2014-01-01,97.9
"Winnipeg, Manitoba",2014-02-01,97.9
"Winnipeg, Manitoba",2014-03-01,97.9
"Winnipeg, Manitoba",2014-04-01,97.9
"Winnipeg, Manitoba",2014-05-01,97.9
"Winnipeg, Manitoba",2014-06-01,98.1
"Winnipeg, Manitoba",2014-07-01,98.1
"Winnipeg, Manitoba",2014-08-01,98.1
"Winnipeg, Manitoba",2014-09-01,98.2
"Winnipeg, Manitoba",2014-10-01,98.2
"Winnipeg, Manitoba",2014-11-01,98.2
"Winnipeg, Manitoba",2014-12-01,98.2
"Winnipeg, Manitoba",2015-01-01,98.2
"Winnipeg, Manitoba",2015-02-01,98.2
"Winnipeg, Manitoba",2015-03-01,98.4
"Winnipeg, Manitoba",2015-04-01,98.4
"Winnipeg, Manitoba",2015-05-01,98.4
"Winnipeg, Manitoba",2015-06-01,99.5
"Winnipeg, Manitoba",2015-07-01,99.5
"Winnipeg, Manitoba",2015-08-01,99.5
"Winnipeg, Manitoba",2015-09-01,99.5
"Winnipeg, Manitoba",2015-10-01,99.5
"Winnipeg, Manitoba",2015-11-01,99.5
"Winnipeg, Manitoba",2015-12-01,99.5
"Winnipeg, Manitoba",2016-01-01,99.5
"Winnipeg, Manitoba",2016-02-01,99.5
"Winnipeg, Manitoba",2016-03-01,99.5
"Winnipeg, Manitoba",2016-04-01,99.5
"Winnipeg, Manitoba",2016-05-01,99.5
"Winnipeg, Manitoba",2016-06-01,99.5
"Winnipeg, Manitoba",2016-07-01,99.5
"Winnipeg, Manitoba",2016-08-01,99.5
"Winnipeg, Manitoba",2016-09-01,99.8
"Winnipeg, Manitoba",2016-10-01,99.8
"Winnipeg, Manitoba",2016-11-01,100.0
"Winnipeg, Manitoba",2016-12-01,100.0
"Winnipeg, Manitoba",2017-01-01,100.0
