,nbr3_lvl_mean,nbr3_lvl_wmean,nbr3_dlt_mean,nbr3_dlt_wmean
0,61.800000000000004,70.67304035027209,0.0,0.0
1,62.0,70.93627080767135,0.20000000000000048,0.2632304573992666
2,62.06666666666666,71.01575738176196,0.06666666666666525,0.07948657409061743
3,62.166666666666664,71.07452722249437,0.10000000000000142,0.05876984073240328
4,62.166666666666664,71.07452722249437,0.0,0.0
5,62.06666666666666,70.92229691416094,-0.09999999999999905,-0.15223030833343057
6,62.1,70.93181019100449,0.033333333333333805,0.00951327684354658
7,62.1,70.93181019100449,0.0,0.0
8,62.166666666666664,71.0112967650951,0.06666666666666761,0.07948657409062025
9,62.166666666666664,71.0112967650951,0.0,0.0
10,62.20000000000001,71.02081004193865,0.03333333333333144,0.009513276843545903
11,62.20000000000001,71.02081004193865,0.0,0.0
12,62.20000000000001,71.02081004193865,0.0,0.0
13,62.1,70.93181019100449,-0.09999999999999905,-0.08899985093416615
14,62.23333333333333,71.06055332898396,0.13333333333333286,0.12874313797947629
15,62.0,70.78235031966679,-0.23333333333333428,-0.27820300931716807
16,61.93333333333334,70.6726337353744,-0.06666666666666525,-0.10971658429238097
17,61.866666666666674,70.56291715108202,-0.06666666666666761,-0.10971658429238379
18,61.9,70.57243042792557,0.033333333333333805,0.00951327684354658
19,61.9,70.57243042792557,0.0,0.0
20,61.866666666666674,70.53268714088026,-0.033333333333333805,-0.039743287045310126
21,61.96666666666667,70.65191700201619,0.10000000000000142,0.11922986113593037
22,62.0,70.66143027885974,0.033333333333333805,0.00951327684354658
23,62.79999999999999,71.90127304365886,0.7999999999999972,1.2398427647991208
24,62.9,71.92981287418951,0.09999999999999905,0.02853983053063906
25,62.96666666666667,72.03129974641179,0.06666666666666761,0.10148687222228944
26,63.23333333333333,72.41524693716927,0.2666666666666657,0.3839471907574814
27,63.23333333333333,72.41524693716927,0.0,0.0
28,63.13333333333333,72.2850169269675,-0.09999999999999905,-0.13023001020176136
29,63.06666666666666,72.20553035287689,-0.06666666666666525,-0.07948657409061743
30,63.166666666666664,72.31653050194272,0.10000000000000142,0.11100014906583602
31,63.166666666666664,72.31653050194272,0.0,0.0
32,63.333333333333336,72.5592475334326,0.16666666666666194,0.242717031489879
33,63.43333333333334,72.62901752323084,0.10000000000000142,0.06976998979824081
34,63.6,72.83873410752324,0.16666666666666666,0.20971658429238163
35,63.633333333333326,72.87847739456853,0.03333333333333144,0.0397432870453073
36,63.633333333333326,72.87847739456853,0.0,0.0
37,63.633333333333326,72.87847739456853,0.0,0.0
38,63.666666666666664,72.88799067141208,0.033333333333333805,0.00951327684354658
39,63.666666666666664,72.88799067141208,0.0,0.0
40,63.666666666666664,72.88799067141208,0.0,0.0
41,63.666666666666664,72.88799067141208,0.0,0.0
42,63.73333333333333,72.93724723530094,0.06666666666666761,0.04925656388885671
43,63.73333333333333,72.93724723530094,0.0,0.0
44,63.70000000000001,72.8865037991898,-0.03333333333333144,-0.05074343611114112
45,63.43333333333334,72.51355675749815,-0.2666666666666657,-0.37294704169164755
46,63.43333333333334,72.51355675749815,0.0,0.0
47,63.5,72.56281332138701,0.06666666666666761,0.04925656388885671
48,63.5,72.56281332138701,0.0,0.0
49,63.93333333333334,73.18947754363438,0.4333333333333324,0.6266642222473676
50,63.9,73.09473351125989,-0.033333333333333805,-0.09474403237448234
51,64.0,73.21396337239582,0.10000000000000142,0.11922986113593037
52,64.16666666666667,73.46768055295155,0.16666666666666666,0.25371718055572
53,64.16666666666667,73.45668040388571,-4.736951571734001e-15,-0.011000149065841028
54,64.16666666666667,73.33298992608292,0.0,-0.12369047780279151
55,64.26666666666667,73.44399007514875,0.10000000000000142,0.11100014906583602
56,64.39999999999999,73.48204318252294,0.13333333333333286,0.03805310737418564
57,64.73333333333333,73.77232659823056,0.3333333333333357,0.29028341570762123
58,64.73333333333333,73.77232659823056,0.0,0.0
59,64.76666666666667,73.81206988527586,0.033333333333333805,0.039743287045310126
60,64.8,73.82158316211941,0.033333333333333805,0.00951327684354658
61,65.06666666666666,74.13952945848189,0.2666666666666657,0.31794629636247534
62,65.26666666666667,74.44399007514875,0.1999999999999981,0.30446061666686114
63,65.2,74.34250320292645,-0.06666666666666761,-0.10148687222228944
64,65.2,74.34250320292645,0.0,0.0
65,65.23333333333333,74.38224648997176,0.033333333333333805,0.039743287045310126
66,65.46666666666665,74.44883942787659,0.23333333333333428,0.06659293790482537
67,65.46666666666665,74.44883942787659,0.0,0.0
68,65.5,74.4885827149219,0.033333333333333805,0.039743287045310126
69,65.5,74.4885827149219,0.0,0.0
70,65.5,74.4885827149219,0.0,0.0
71,65.60000000000001,74.57758256585606,0.09999999999999905,0.08899985093416615
72,65.60000000000001,74.57758256585606,0.0,0.0
73,65.73333333333333,74.73655571403731,0.13333333333333286,0.15897314818123767
74,65.83333333333333,74.8447854261074,0.10000000000000142,0.10822971207009655
75,65.93333333333334,74.83209509737044,0.09999999999999905,-0.012690328736962013
76,65.96666666666667,74.88283853348159,0.03333333333333618,0.05074343611114833
77,65.96666666666667,74.88283853348159,0.0,0.0
78,66.26666666666667,75.2515282659552,0.29999999999999716,0.36868973247361647
79,66.23333333333333,75.20078482984407,-0.03333333333333144,-0.05074343611114112
80,66.2,75.16104154279876,-0.03333333333333144,-0.0397432870453073
81,66.3,75.25004139373291,0.09999999999999669,0.08899985093416334
82,66.2,75.130811532597,-0.09999999999999905,-0.11922986113592755
83,66.3,75.15935136312763,0.10000000000000142,0.028539830530639736
84,66.33333333333333,75.16886463997118,0.033333333333333805,0.00951327684354658
85,66.46666666666667,75.32783778815242,0.13333333333333286,0.15897314818123767
86,66.8,75.75004139373291,0.333333333333331,0.4222036055805036
87,66.93333333333334,75.84855452151064,0.13333333333333522,0.09851312777771341
88,67.10000000000001,76.01704094653542,0.16666666666666666,0.16848642502478425
89,67.16666666666667,76.0855273715602,0.06666666666666288,0.06848642502477922
90,67.33333333333333,76.19355377618146,0.16666666666666666,0.10802640462125931
91,67.36666666666666,76.203067053025,0.033333333333333805,0.00951327684354658
92,67.66666666666667,76.57175678549862,0.3000000000000019,0.3686897324736237
93,67.96666666666667,76.7782963178976,0.3000000000000019,0.20653953239897271
94,68.23333333333333,77.09624261426008,0.2666666666666657,0.31794629636247534
95,68.53333333333335,77.42370218746609,0.29999999999999954,0.3274595732060219
96,68.53333333333335,77.42370218746609,0.0,0.0
97,68.83333333333333,77.75116176067212,0.29999999999999954,0.3274595732060219
98,69.26666666666667,78.17713446165585,0.4333333333333324,0.4259727009837347
99,69.43333333333334,78.25493085607535,0.16666666666666904,0.0777963944194986
100,69.7,78.54264714223606,0.2666666666666681,0.28771628616071465
101,69.73333333333333,78.58239042928138,0.03333333333333144,0.0397432870453073
102,69.8,78.60141698296846,0.06666666666666761,0.01902655368709316
103,69.8,78.60141698296846,0.0,0.0
104,70.16666666666667,79.03859314046687,0.36666666666666475,0.43717615749840294
105,70.56666666666666,79.4248225544053,0.40000000000000097,0.38622941393842736
106,70.60000000000001,79.4645658414506,0.03333333333333144,0.0397432870453073
107,71.0,79.85079525538903,0.40000000000000097,0.38622941393842736
108,71.13333333333334,79.88884836276321,0.13333333333333522,0.03805310737418632
109,71.26666666666667,80.04782151094446,0.13333333333333522,0.1589731481812405
110,71.3,80.08756479798976,0.03333333333333144,0.0397432870453073
111,71.63333333333333,80.27338759703052,0.333333333333331,0.18582279904075225
112,71.86666666666667,80.49113058594416,0.23333333333333428,0.21774298891364097
113,72.13333333333333,80.71838685170135,0.2666666666666657,0.22725626575718685
114,72.8,80.90865238857228,0.6666666666666666,0.19026553687092887
115,72.83333333333333,80.95939582468341,0.03333333333333144,0.05074343611114112
116,73.16666666666667,81.42282958953152,0.3333333333333381,0.46343376484810883
117,73.33333333333333,81.51162613301685,0.1666666666666643,0.08879654348532676
118,73.39999999999999,81.59111270710747,0.06666666666666761,0.07948657409062025
119,73.53333333333333,81.75008585528872,0.1333333333333305,0.15897314818123487
120,73.66666666666667,81.7881389626629,0.13333333333333522,0.03805310737418632
121,74.5,82.69388314410321,0.8333333333333334,0.9057441814403178
122,74.89999999999999,83.2588037811736,0.40000000000000097,0.5649206370703911
123,74.93333333333334,83.14462658021435,0.033333333333333805,-0.11417720095924494
124,75.06666666666668,83.3035997283956,0.13333333333333522,0.1589731481812405
125,75.39999999999999,83.73680348304194,0.333333333333331,0.43320375464633526
126,75.96666666666667,83.93975934864982,0.5666666666666652,0.20295586560788437
127,75.96666666666667,83.93975934864982,0.0,0.0
128,76.6,84.6041917719054,0.6333333333333305,0.6644324232555897
129,76.89999999999999,84.68981126349732,0.29999999999999954,0.08561949159191785
130,77.06666666666666,84.81706752925452,0.1666666666666714,0.12725626575719254
131,77.3,85.06504052836992,0.23333333333333192,0.2479729991154017
132,77.56666666666666,85.0586864245831,0.2666666666666657,-0.006354103786825008
133,77.96666666666665,85.49991658385069,0.40000000000000097,0.44123015926759956
134,78.46666666666668,86.00537585892505,0.5000000000000023,0.5054592750743556
135,78.80000000000001,86.10050862736051,0.3333333333333333,0.09513276843546443
136,78.36666666666666,85.39961379864806,-0.4333333333333324,-0.7008948287124659
137,78.83333333333333,85.77741019306754,0.46666666666666384,0.3777963944194908
138,79.19999999999999,86.17889706528982,0.36666666666666475,0.40148687222228663
139,79.53333333333335,86.52141078933087,0.3333333333333333,0.34251372404104746
140,79.56666666666666,86.53092406617442,0.03333333333333144,0.009513276843545903
141,79.7,86.5689771735486,0.13333333333333522,0.03805310737418632
142,79.66666666666667,86.34231295130124,-0.03333333333332907,-0.22666422224736255
143,79.5,85.92367513367513,-0.16666666666666904,-0.41863781762611324
144,79.56666666666666,85.90147152809463,0.06666666666666761,-0.02220360558050206
145,79.63333333333334,85.87926792251412,0.06666666666666288,-0.02220360558050927
146,80.2,86.34598256895066,0.5666666666666677,0.46671464643653426
147,80.60000000000001,86.77898301614816,0.4000000000000057,0.43300044719750874
148,80.63333333333334,86.78849629299171,0.03333333333333144,0.009513276843545903
149,80.73333333333333,86.72357565592131,0.09999999999999905,-0.06492063707039106
150,81.66666666666667,86.70133629266743,0.9333333333333323,-0.02223936325388398
151,82.46666666666667,86.68227398130696,0.8000000000000019,-0.01906231136046782
152,82.96666666666665,87.25373415077632,0.4999999999999953,0.5714601694693553
153,83.10000000000001,87.16809678034772,0.13333333333333522,-0.0856373704286052
154,83.16666666666667,87.24758335443833,0.06666666666666761,0.07948657409062025
155,83.8,87.91201577769394,0.6333333333333352,0.6644324232555954
156,84.0,88.1752462350932,0.20000000000000284,0.26323045739926726
157,84.26666666666667,88.35304262951269,0.266666666666661,0.17779639441948794
158,84.5,88.66424608602736,0.23333333333333428,0.3112034565146711
159,84.7,88.63886542855344,0.20000000000000284,-0.025380657473910967
160,85.13333333333334,89.19952875640581,0.4333333333333324,0.56066332785236
161,85.60000000000001,89.29971418501796,0.46666666666666384,0.10018542861214638
162,86.03333333333335,89.60753728219038,0.4333333333333371,0.30782309717242345
163,86.10000000000001,89.62656383587746,0.06666666666666288,0.019026553687091805
164,86.5,90.06225312115359,0.40000000000000097,0.43568928527611633
165,86.56666666666666,90.04004951557307,0.06666666666666288,-0.02220360558050927
166,86.56666666666668,89.95758919703789,4.736951571734001e-15,-0.08246031853518908
167,87.06666666666668,90.5757388008492,0.5,0.618149603811311
168,87.10000000000001,90.62648223696034,0.03333333333333618,0.05074343611114833
169,87.26666666666667,90.8251986721869,0.16666666666666666,0.1987164352265478
170,88.06666666666666,91.77903756127432,0.7999999999999972,0.9538388890874261
171,88.10000000000001,91.81878084831963,0.03333333333333618,0.03974328704531295
172,88.10000000000001,91.81878084831963,0.0,0.0
173,88.33333333333333,92.0062938270315,0.23333333333332953,0.18751297871187392
174,88.43333333333334,92.03483365756215,0.09999999999999905,0.02853983053063906
175,88.59999999999998,92.24732067885026,0.16666666666666666,0.21248702128811894
176,88.76666666666667,92.37180650761171,0.16666666666666666,0.12448582876144956
177,88.56666666666666,92.06734589094484,-0.20000000000000284,-0.30446061666686836
178,89.0,92.60600892066554,0.4333333333333371,0.538663029720698
179,89.53333333333335,93.28867254664956,0.5333333333333314,0.6826636259840307
180,89.63333333333333,93.31721237718021,0.1000000000000038,0.028539830530640412
181,89.8,93.36477876139794,0.16666666666666666,0.04756638421773222
182,90.3,93.50747791405114,0.5,0.14269915265319666
183,90.43333333333334,93.54553102142532,0.1333333333333305,0.038053107374184963
184,90.56666666666666,93.64404414920304,0.13333333333333522,0.09851312777771341
185,90.76666666666667,93.8000435529397,0.1999999999999981,0.1559994037366588
186,90.89999999999999,93.82709651124806,0.13333333333333522,0.027052958308356793
187,90.46666666666665,93.084971523268,-0.4333333333333324,-0.7421249879800669
188,90.7,93.3164850982432,0.23333333333332953,0.23151357497521075
189,90.7,93.28625508804144,0.0,-0.030230010201765696
190,90.8,93.40548494917736,0.09999999999999905,0.11922986113592755
191,90.36666666666667,92.71281983253499,-0.43333333333332763,-0.6926651166423679
192,90.36666666666667,92.38574899538995,-4.736951571734001e-15,-0.32707083714504337
193,90.7,92.63203181483422,0.3333333333333333,0.24628281944428002
194,91.0,92.77534088983393,0.3000000000000019,0.143309074999704
195,90.7,92.26096038142586,-0.3000000000000019,-0.5143805084080844
196,90.73333333333333,92.2704736582694,0.03333333333333144,0.009513276843545903
197,90.76666666666665,92.27998693511294,0.03333333333333618,0.009513276843547254
198,91.06666666666666,92.49752661657774,0.3000000000000019,0.21753968146480812
199,91.16666666666667,92.56729660637598,0.09999999999999905,0.06976998979823427
200,91.2,92.54380943602203,0.03333333333333144,-0.023487170353957115
201,91.60000000000001,92.64696860907875,0.4000000000000057,0.10315917305672942
202,91.7,92.74696860907875,0.09999999999999432,0.09999999999999432
203,92.60000000000001,93.96858017114945,0.9000000000000057,1.2216115620706929
204,92.73333333333333,94.14955361746235,0.13333333333332575,0.18097344631289686
205,92.73333333333335,94.09732330912891,4.736951571734001e-15,-0.05223030833342339
206,93.26666666666667,94.70852676564358,0.5333333333333362,0.6112034565146696
207,93.63333333333333,94.96432286193141,0.36666666666666475,0.2557960962878259
208,93.73333333333335,94.98186254339622,0.09999999999999905,0.017539681464805244
209,93.86666666666667,95.13260597950736,0.1333333333333305,0.1507434361111368
210,94.09999999999998,95.22942892761395,0.23333333333333428,0.09682294810659106
211,94.06666666666666,95.0962251729676,-0.03333333333333144,-0.1332037546463374
212,94.33333333333333,95.35371144892656,0.2666666666666657,0.25748627595894824
213,94.60000000000001,95.52050769428021,0.2666666666666657,0.16679624535365978
214,94.7,95.54904752481086,0.09999999999999905,0.02853983053063906
215,94.90000000000002,95.6775873553415,0.20000000000000284,0.12853983053064624
216,95.23333333333335,95.83318014418049,0.3333333333333381,0.15559278883899288
217,95.5,95.90928635892887,0.2666666666666657,0.07610621474837127
218,95.53333333333335,95.91879963577242,0.03333333333333144,0.009513276843545903
219,95.8,96.20105664685877,0.2666666666666657,0.2822570110863591
220,96.0,96.25813630792005,0.20000000000000284,0.05707966106127947
221,96.13333333333333,96.29618941529424,0.1333333333333305,0.038053107374184963
222,96.13333333333333,96.21372909675904,0.0,-0.08246031853519628
223,96.26666666666667,96.37547268193603,0.13333333333333522,0.16174358517697782
224,96.60000000000001,96.84167688377987,0.3333333333333333,0.4662042018438448
225,96.5,96.68944657544642,-0.1000000000000038,-0.15223030833343779
226,96.76666666666667,97.08439391526974,0.2666666666666657,0.39494733982331676
227,96.73333333333333,97.04465062822445,-0.03333333333333144,-0.0397432870453073
228,96.7,96.95267703284568,-0.03333333333333618,-0.09197359537874354
229,96.89999999999999,97.05098685317458,0.20000000000000284,0.09830982032888055
230,97.10000000000001,97.32521745963967,0.1999999999999981,0.27423060646509545
231,97.13333333333333,97.33473073648321,0.03333333333333144,0.009513276843545903
232,97.2,97.35375729017031,0.06666666666666761,0.01902655368709316
233,97.26666666666665,97.414014003125,0.06666666666666761,0.06025671295469423
234,97.43333333333332,97.55227041794802,0.16666666666666666,0.1382564148230207
235,97.46666666666665,97.59201370499335,0.03333333333333618,0.03974328704531295
236,97.46666666666665,97.59201370499335,0.0,0.0
237,97.33333333333333,97.55396059761915,-0.1333333333333305,-0.038053107374184963
238,97.36666666666667,97.52224371519509,0.0333333333333267,-0.03171688242405653
239,97.43333333333334,97.60173028928571,0.06666666666666761,0.07948657409062025
240,97.39999999999999,97.59221701244218,-0.03333333333333144,-0.009513276843545903
241,97.46666666666668,97.61124356612926,0.06666666666666761,0.01902655368709316
242,97.43333333333334,97.54127026888219,-0.03333333333333618,-0.06997329724707435
243,97.56666666666666,97.60955338645815,0.1333333333333305,0.06828311757594636
244,97.60000000000001,97.61906666330168,0.03333333333333618,0.009513276843547254
245,97.46666666666665,97.45186380305034,-0.13333333333333522,-0.1672028602513327
246,97.66666666666667,97.56940348451515,0.20000000000000284,0.11753968146480656
247,97.7,97.5789167613587,0.03333333333333144,0.009513276843545903
248,97.66666666666667,97.55017362337922,-0.03333333333333618,-0.02874313797947913
249,97.7,97.51845674095517,0.03333333333333618,-0.031716882424047965
250,97.73333333333333,97.52797001779872,0.03333333333333144,0.009513276843545903
251,97.63333333333334,97.35650984832937,-0.09999999999999432,-0.1714601694693568
252,97.63333333333334,97.35650984832937,0.0,0.0
253,97.7,97.37553640201645,0.06666666666666761,0.01902655368709316
254,97.7,97.37553640201645,0.0,0.0
255,97.89999999999999,97.59753670014813,0.1999999999999981,0.2220002981316707
256,97.86666666666667,97.46433294550178,-0.03333333333333144,-0.1332037546463374
257,98.2,97.88930698807803,0.3333333333333333,0.4249740425762437
258,98.56666666666668,98.36502446676542,0.36666666666666475,0.47571747868738484
259,98.63333333333333,98.36205072232084,0.06666666666666761,-0.002973744444574475
260,98.63333333333333,98.32082056305325,-4.736951571734001e-15,-0.04123015926760243
261,99.13333333333333,98.92805161671585,0.5000000000000048,0.6072310536626085
262,99.83333333333333,99.77651282964605,0.6999999999999981,0.8484612129301996
263,99.96666666666665,99.93825641482303,0.1333333333333305,0.16174358517697648
264,100.0,100.0,0.03333333333333618,0.06174358517698214
265,100.0,100.0,0.0,0.0
266,100.1,100.1,0.09999999999999432,0.0999999999999943
267,100.1,100.1,0.0,0.0
268,100.1,100.1,0.0,0.0
269,100.7,100.70000000000002,0.6000000000000085,0.6000000000000085
270,100.7,100.70000000000002,0.0,0.0
271,101.6,101.6,0.0,0.0
272,102.5,102.5,0.0,0.0
273,103.4,103.40000000000002,0.29999999999999716,0.29999999999999716
274,103.4,103.40000000000002,0.0,0.0
275,103.4,103.40000000000002,0.0,0.0
276,103.4,103.40000000000002,0.0,0.0
277,103.4,103.40000000000002,0.0,0.0
278,103.4,103.40000000000002,0.0,0.0
279,103.4,103.40000000000002,0.0,0.0
280,103.4,103.40000000000002,0.0,0.0
281,103.6,103.6,0.19999999999998863,0.1999999999999886
282,103.6,103.6,0.0,0.0
283,103.6,103.6,0.0,0.0
284,103.7,103.7,0.0,0.0
285,103.5,103.5,0.0,0.0
286,103.5,103.5,0.0,0.0
287,68.9,69.09999480102933,0.6000000000000014,0.4806523775603818
288,31.05,30.826223207925707,0.05000000000000426,0.06182773554439915
289,31.349999999999998,31.0665493967059,0.29999999999999716,0.2403261887801873
290,31.75,31.436712491095996,0.40000000000000036,0.3701630943900954
291,32.15,31.806875585486093,0.40000000000000036,0.3701630943900954
292,32.95,32.84557083036533,0.8000000000000007,1.0386952448792408
293,33.150000000000006,33.01573392475543,0.20000000000000284,0.17016309439009739
294,33.400000000000006,33.191141660730665,0.25,0.17540773597523746
295,33.400000000000006,33.191141660730665,0.0,0.0
296,33.45,33.22622320792571,0.05000000000000071,0.03508154719504799
297,33.45,33.22622320792571,0.0,0.0
298,33.45,33.22622320792571,0.0,0.0
299,33.45,33.22622320792571,0.0,0.0
300,33.45,33.22622320792571,0.0,0.0
301,33.650000000000006,33.485897019145526,0.1999999999999993,0.2596738112198091
302,33.650000000000006,33.485897019145526,0.0,0.0
303,33.650000000000006,33.485897019145526,0.0,0.0
304,33.7,33.52097856634057,0.04999999999999716,0.0350815471950455
305,34.25,34.235081547195044,0.5500000000000007,0.7141029808544784
306,34.25,34.235081547195044,0.0,0.0
307,34.25,34.235081547195044,0.0,0.0
308,34.599999999999994,34.689510716829716,0.34999999999999787,0.45442916963466473
309,34.55,34.71410298085448,-0.04999999999999716,0.024592264024765376
310,34.6,34.77902143365943,0.05000000000000071,0.06491845280495342
311,34.65,34.843939886464376,0.04999999999999716,0.0649184528049488
312,34.65,34.843939886464376,0.0,0.0
313,34.65,34.843939886464376,0.0,0.0
314,34.7,34.879021433659425,0.05000000000000071,0.03508154719504799
315,34.599999999999994,34.83869524487924,-0.10000000000000142,-0.04032618878019054
316,34.8,34.979021433659426,0.20000000000000284,0.14032618878019196
317,34.95,35.08426607524457,0.14999999999999858,0.10524464158514148
318,35.099999999999994,35.18951071682971,0.14999999999999858,0.10524464158514148
319,35.2,35.28951071682971,0.10000000000000142,0.10000000000000142
320,35.4,35.51934762243962,0.1999999999999993,0.22983690560990364
321,35.349999999999994,35.514102980854474,-0.05000000000000071,-0.005244641585142556
322,35.3,35.479021433659426,-0.04999999999999716,-0.0350815471950455
323,35.35,35.54393988646438,0.05000000000000071,0.06491845280495342
324,35.9,36.228205961708944,0.5499999999999972,0.6842660752445705
325,36.35,36.54393988646438,0.45000000000000284,0.31573392475542944
326,36.55,36.74393988646438,0.1999999999999993,0.20000000000000032
327,36.650000000000006,36.81410298085448,0.10000000000000142,0.07016309439009598
328,36.650000000000006,36.81410298085448,0.0,0.0
329,36.650000000000006,36.81410298085448,0.0,0.0
330,36.8,36.919347622439616,0.14999999999999858,0.10524464158514148
331,36.849999999999994,36.98426607524456,0.04999999999999716,0.0649184528049488
332,36.9,37.04918452804952,0.05000000000000071,0.06491845280495342
333,37.0,37.17902143365942,0.10000000000000142,0.12983690560990685
334,37.2,37.40885833926933,0.1999999999999993,0.22983690560990364
335,37.25,37.47377679207428,0.05000000000000071,0.06491845280495342
336,37.25,37.47377679207428,0.0,0.0
337,37.25,37.47377679207428,0.0,0.0
338,37.5,37.768532150489136,0.25,0.2947553584148571
339,37.55,37.8334506032941,0.05000000000000071,0.06491845280495342
340,37.7,37.938695244879234,0.14999999999999858,0.10524464158514148
341,38.25,38.53345060329409,0.5500000000000007,0.5947553584148588
342,38.45,38.73345060329409,0.1999999999999993,0.1999999999999982
343,38.9,39.228205961708944,0.4499999999999993,0.49475535841485735
344,39.1,39.428205961708954,0.20000000000000284,0.20000000000000284
345,39.35,39.603613697684196,0.25,0.17540773597523746
346,39.75,40.03345060329409,0.3999999999999986,0.429836905609904
347,39.95,40.2931244145139,0.1999999999999993,0.2596738112198091
348,40.5,40.67902143365942,0.5500000000000007,0.38589701914552293
349,41.0,41.17902143365942,0.5,0.5
350,41.5,41.67902143365942,0.5,0.5
351,41.85,42.073776792074284,0.3500000000000014,0.3947553584148584
352,41.95,42.14393988646437,0.09999999999999787,0.07016309439009348
353,42.05,42.21410298085448,0.10000000000000142,0.07016309439009598
354,42.95,42.99475535841485,0.8999999999999986,0.780652377560379
355,43.3,43.27016309439009,0.3500000000000014,0.2754077359752389
356,43.8,43.77016309439009,0.5,0.5
357,44.150000000000006,44.13508154719504,0.3500000000000014,0.36491845280495305
358,46.45,46.614102980854476,2.299999999999997,2.4790214336594274
359,46.6,46.719347622439614,0.15000000000000213,0.10524464158514396
360,46.900000000000006,46.95967381121981,0.3000000000000007,0.2403261887801909
361,47.3,47.27016309439009,0.3999999999999986,0.3104892831702844
362,48.5,48.64918452804952,1.1999999999999993,1.3790214336594286
363,48.95,48.96491845280495,0.4499999999999993,0.31573392475542694
364,49.55,49.44557083036533,0.6000000000000014,0.4806523775603818
365,49.95,49.96491845280495,0.3999999999999986,0.5193476224396182
366,50.2,50.2,0.25000000000000355,0.23508154719505078
367,51.05,51.184266075244565,0.8499999999999979,0.9842660752445701
368,51.95,52.352798225733714,0.8999999999999986,1.168532150489143
369,51.95,52.352798225733714,0.0,0.0
370,52.45,52.972145848173334,0.5000000000000036,0.6193476224396242
371,52.55,53.10198275378324,0.09999999999999787,0.12983690560990224
372,52.7,53.20722739536838,0.14999999999999858,0.10524464158514148
373,52.95,53.53181965939315,0.25,0.3245922640247625
374,53.3,53.926575017808005,0.3500000000000014,0.3947553584148584
375,54.1,54.57739048975848,0.8000000000000007,0.6508154719504766
376,54.85,55.252798225733706,0.75,0.6754077359752375
377,55.2,55.498369056099044,0.3500000000000014,0.24557083036533345
378,54.85,55.252798225733706,-0.3500000000000014,-0.24557083036533345
379,55.900000000000006,56.437064300978285,1.0500000000000007,1.1842660752445728
380,56.0,56.507227395368375,0.09999999999999787,0.07016309439009348
381,56.2,56.67739048975848,0.1999999999999993,0.17016309439009278
382,56.5,56.94755358414857,0.3000000000000007,0.27016309439009634
383,56.7,57.20722739536838,0.1999999999999993,0.2596738112198091
384,57.1,57.57739048975848,0.40000000000000213,0.3701630943900977
385,57.75,58.12296132012381,0.6499999999999986,0.5455708303653306
386,58.75,59.27214584817333,1.0,1.149184528049525
387,59.2,59.55804286731885,0.4499999999999993,0.28589701914552146
388,59.95,60.352798225733714,0.75,0.794755358414857
389,59.95,60.352798225733714,0.0,0.0
390,60.2,60.61771667853867,0.25,0.26491845280495374
391,60.35,60.75279822573372,0.15000000000000213,0.1350815471950494
392,60.7,61.05804286731885,0.34999999999999787,0.30524464158513964
393,61.2,61.55804286731885,0.5,0.5
394,61.75,62.21247203695352,0.5500000000000007,0.6544291696346676
395,61.95,62.44230894256342,0.1999999999999993,0.22983690560990577
396,62.5,62.88787977292876,0.5500000000000007,0.4455708303653316
397,62.65,62.99312441451389,0.14999999999999858,0.10524464158514148
398,62.7,63.05804286731885,0.05000000000000071,0.06491845280495342
399,62.8,63.12820596170894,0.10000000000000142,0.07016309439009598
400,62.9,63.228205961708944,0.09999999999999787,0.09999999999999892
401,62.3,62.419347622439616,-0.5999999999999979,-0.8088583392693328
402,62.349999999999994,62.48426607524456,0.04999999999999716,0.0649184528049488
403,62.2,62.259673811219805,-0.14999999999999858,-0.2245922640247611
404,61.95,61.93508154719505,-0.25,-0.3245922640247625
405,61.75,61.64557083036533,-0.1999999999999993,-0.2895107168297145
406,61.55,61.3262232079257,-0.20000000000000284,-0.31934762243962245
407,61.65,61.4262232079257,0.10000000000000142,0.10000000000000142
408,60.7,60.431467849510845,-0.9499999999999993,-0.9947553584148573
409,60.8,60.53146784951085,0.10000000000000142,0.10000000000000142
410,60.849999999999994,60.566549396705895,0.04999999999999716,0.0350815471950455
411,60.45,60.13671249109599,-0.3999999999999986,-0.429836905609904
412,60.8,60.38228332146132,0.3500000000000014,0.24557083036533345
413,60.8,60.32260951024152,0.0,-0.05967381121980874
414,60.75,60.25769105743656,-0.05000000000000071,-0.06491845280495342
415,60.8,60.203261887801894,0.04999999999999716,-0.0544291696346708
416,60.55,59.87866962377713,-0.25,-0.3245922640247625
417,60.45,59.74883271816723,-0.09999999999999787,-0.12983690560990224
418,60.2,59.6330987934118,-0.25,-0.11573392475542871
419,60.05,59.43834343499694,-0.14999999999999858,-0.19475535841485564
420,60.25,59.63834343499693,0.1999999999999993,0.20000000000000032
421,60.05,59.37866962377713,-0.20000000000000284,-0.2596738112198137
422,60.1,59.38391426536228,0.05000000000000426,0.0052446415851471724
423,60.0,59.25407735975238,-0.10000000000000142,-0.12983690560990685
424,59.55,58.669811284507794,-0.4499999999999993,-0.5842660752445715
425,59.55,58.699648190117706,0.0,0.029836905609905432
426,59.55,58.729485095727604,-3.552713678800501e-15,0.029836905609900818
427,59.5,58.66456664292265,-0.04999999999999716,-0.0649184528049488
428,59.4,58.53472973731275,-0.10000000000000142,-0.12983690560990685
429,59.2,58.27505592609293,-0.1999999999999993,-0.2596738112198091
430,59.05,58.08030056767808,-0.15000000000000213,-0.19475535841486027
431,59.05,58.13997437889789,3.552713678800501e-15,0.05967381121981336
432,58.85,57.880300567678084,-0.1999999999999993,-0.2596738112198091
433,58.5,57.45570830365332,-0.3500000000000014,-0.4245922640247639
434,58.75,57.75046366206817,0.25,0.2947553584148571
435,58.849999999999994,57.820626756458275,0.09999999999999787,0.07016309439009348
436,58.849999999999994,57.79078985084836,0.0,-0.029836905609905432
437,58.75,57.69078985084837,-0.09999999999999787,-0.0999999999999968
438,58.8,57.75570830365332,0.04999999999999716,0.0649184528049488
439,58.95,57.890789850848364,0.15000000000000213,0.1350815471950494
440,59.15,58.150463662068184,0.1999999999999993,0.2596738112198091
441,58.95,57.950463662068174,-0.1999999999999993,-0.1999999999999982
442,58.849999999999994,57.820626756458275,-0.10000000000000142,-0.12983690560990685
443,58.8,57.69603449243351,-0.04999999999999716,-0.12459226402475966
444,58.8,57.69603449243351,0.0,0.0
445,58.599999999999994,57.49603449243351,-0.20000000000000284,-0.20000000000000284
446,58.85,57.760952945238465,0.25000000000000355,0.26491845280495624
447,58.7,57.5661975868236,-0.15000000000000213,-0.19475535841486027
448,58.65,57.53111603962856,-0.05000000000000071,-0.03508154719504799
449,58.8,57.72587139804341,0.15000000000000213,0.19475535841486027
450,59.0,57.8960344924335,0.1999999999999993,0.17016309439009278
451,58.95,57.890789850848364,-0.05000000000000071,-0.005244641585142556
452,58.9,57.82587139804341,-0.05000000000000071,-0.06491845280495342
453,58.8,57.75570830365332,-0.10000000000000142,-0.07016309439009598
454,58.95,57.890789850848364,0.15000000000000213,0.1350815471950494
455,58.95,57.890789850848364,0.0,0.0
456,59.0,57.92587139804341,0.05000000000000071,0.03508154719504799
457,58.150000000000006,57.269811284507796,-0.8499999999999979,-0.6560601135356146
458,57.95,57.01013747328799,-0.20000000000000284,-0.2596738112198137
459,57.7,56.804892831702844,-0.24999999999999645,-0.20524464158513828
460,57.5,56.54521902048304,-0.20000000000000284,-0.2596738112198137
461,57.25,56.33997437889789,-0.25,-0.20524464158514075
462,57.35,56.380300567678084,0.10000000000000142,0.04032618878019054
463,57.55,56.63997437889789,0.1999999999999993,0.2596738112198091
464,57.45,56.53997437889789,-0.10000000000000142,-0.10000000000000142
465,57.6,56.70489283170284,0.15000000000000213,0.16491845280495485
466,56.95,56.0996481901177,-0.6500000000000021,-0.6052446415851439
467,57.3,56.404892831702846,0.34999999999999787,0.30524464158513964
468,57.3,56.404892831702846,0.0,0.0
469,56.9,55.975055926092935,-0.3999999999999986,-0.429836905609904
470,57.0,56.10489283170285,0.10000000000000142,0.12983690560990685
471,57.05,56.1698112845078,0.05000000000000071,0.06491845280495342
472,56.9,55.975055926092935,-0.15000000000000213,-0.19475535841486027
473,56.9,55.975055926092935,0.0,0.0
474,57.0,56.01538211487313,0.10000000000000142,0.040326188780192666
475,57.349999999999994,56.4698112845078,0.34999999999999787,0.45442916963466473
476,57.3,56.404892831702846,-0.05000000000000071,-0.06491845280495342
477,57.3,56.404892831702846,0.0,0.0
478,57.3,56.49440354853256,3.552713678800501e-15,0.0895107168297188
479,57.25,56.42948509572761,-0.05000000000000071,-0.06491845280495342
480,57.45,56.5698112845078,0.1999999999999993,0.14032618878018946
481,58.05,57.2593220013375,0.6000000000000014,0.6895107168297155
482,58.3,57.583914265362274,0.25,0.3245922640247625
483,58.2,57.513751170972185,-0.10000000000000142,-0.07016309439009598
484,58.3,57.55407735975236,0.09999999999999787,0.040326188780188045
485,58.45,57.74883271816723,0.15000000000000213,0.19475535841486027
486,58.55,57.87866962377713,0.09999999999999787,0.12983690560990224
487,58.8,58.2330987934118,0.25000000000000355,0.3544291696346704
488,58.95,58.39801724621675,0.14999999999999858,0.16491845280495235
489,58.9,58.3330987934118,-0.05000000000000071,-0.06491845280495342
490,58.95,58.39801724621675,0.05000000000000071,0.06491845280495342
491,58.95,58.39801724621675,0.0,0.0
492,59.099999999999994,58.592772604631605,0.14999999999999858,0.19475535841485564
493,59.150000000000006,58.71736486865637,0.05000000000000426,0.12459226402476677
494,59.4,58.95244641585141,0.24999999999999645,0.23508154719504368
495,59.5,59.082283321461325,0.10000000000000142,0.12983690560990685
496,59.349999999999994,58.88752796304646,-0.15000000000000213,-0.19475535841486027
497,59.4,58.95244641585141,0.05000000000000071,0.06491845280495342
498,59.4,58.95244641585141,0.0,0.0
499,59.5,59.082283321461325,0.10000000000000142,0.12983690560990685
500,59.65,59.27703867987618,0.14999999999999858,0.19475535841485564
501,59.849999999999994,59.41736486865637,0.1999999999999993,0.14032618878018946
502,59.849999999999994,59.41736486865637,0.0,0.0
503,59.9,59.482283321461324,0.05000000000000071,0.06491845280495342
504,59.75,59.28752796304647,-0.14999999999999858,-0.19475535841485564
505,59.9,59.422609510241514,0.14999999999999858,0.13508154719504478
506,59.9,59.422609510241514,0.0,0.0
507,59.7,59.252446415851416,-0.19999999999999574,-0.17016309439009028
508,59.8,59.352446415851425,0.09999999999999432,0.09999999999999432
509,59.849999999999994,59.41736486865637,0.05000000000000071,0.06491845280495342
510,59.8,59.352446415851425,-0.05000000000000071,-0.06491845280495342
511,60.2,59.81212022707123,0.40000000000000213,0.4596738112198119
512,60.3,59.912120227071235,0.10000000000000142,0.10000000000000142
513,60.45,60.04720177426628,0.14999999999999858,0.13508154719504692
514,60.55,60.14720177426628,0.10000000000000142,0.10000000000000142
515,60.75,60.37703867987618,0.1999999999999993,0.22983690560990364
516,60.75,60.37703867987618,0.0,0.0
517,61.349999999999994,60.88752796304646,0.5999999999999979,0.5104892831702825
518,61.349999999999994,60.917364868656364,0.0,0.029836905609905432
519,61.55,61.14720177426628,0.20000000000000284,0.22983690560990824
520,61.5,61.022609510241516,-0.05000000000000071,-0.1245922640247643
521,61.8,61.352446415851425,0.29999999999999716,0.3298369056099026
522,61.7,61.19277260463161,-0.09999999999999787,-0.15967381121980764
523,61.8,61.32260951024152,0.10000000000000142,0.12983690560990685
524,62.15,61.627854151826654,0.34999999999999787,0.30524464158513964
525,62.05,61.52785415182665,-0.10000000000000142,-0.10000000000000142
526,62.099999999999994,61.592772604631605,0.05000000000000071,0.06491845280495342
527,62.099999999999994,61.592772604631605,0.0,0.0
528,62.099999999999994,61.592772604631605,0.0,0.0
529,62.3,61.79277260463161,0.20000000000000284,0.20000000000000284
530,62.400000000000006,61.86293569902171,0.10000000000000142,0.07016309439009598
531,62.849999999999994,62.26818034060685,0.44999999999999574,0.40524464158513857
532,62.95,62.39801724621675,0.10000000000000142,0.12983690560990685
533,63.1,62.56293569902171,0.15000000000000213,0.1649184528049527
534,63.25,62.75769105743656,0.15000000000000213,0.19475535841486027
535,63.25,62.75769105743656,0.0,0.0
536,63.5,63.022609510241516,0.2499999999999929,0.26491845280494664
537,63.7,63.252446415851416,0.2000000000000064,0.22983690560991074
538,63.699999999999996,63.1330987934118,-7.105427357601002e-15,-0.11934762243962672
539,63.7,63.16293569902171,3.552713678800501e-15,0.029836905609907927
540,64.15,63.508506529387034,0.4499999999999993,0.34557083036533237
541,64.4,63.8330987934118,0.25,0.3245922640247625
542,64.19999999999999,63.6330987934118,-0.20000000000000284,-0.20000000000000284
543,64.55000000000001,63.99801724621676,0.3500000000000085,0.36491845280496016
544,64.75,64.28752796304647,0.19999999999999574,0.289510716829712
545,65.15,64.71736486865638,0.3999999999999986,0.429836905609904
546,65.15,64.74720177426627,0.0,0.02983690560990331
547,65.55,65.23671249109599,0.3999999999999986,0.4895107168297148
548,65.85,65.536712491096,0.30000000000000426,0.3000000000000021
549,66.7,66.40163094390094,0.8500000000000014,0.864918452804955
550,66.65,66.51573392475542,-0.05000000000000426,0.11410298085447457
551,66.9,66.78065237756037,0.25,0.26491845280495163
552,67.2,66.99114166073066,0.30000000000000426,0.21048928317028792
553,67.45,67.1665493967059,0.25,0.17540773597523746
554,68.1,67.77179403829103,0.6499999999999986,0.6052446415851415
555,68.5,68.14195713268113,0.3999999999999986,0.3701630943900931
556,68.80000000000001,68.47179403829105,0.30000000000000426,0.3298369056099097
557,68.75,68.40687558548608,-0.05000000000000426,-0.06491845280495803
558,69.15,68.89638630231579,0.3999999999999986,0.4895107168297148
559,69.45,69.28589701914552,0.30000000000000426,0.38951071682972055
560,69.4,69.19114166073066,-0.05000000000000426,-0.09475535841486134
561,69.55,69.38589701914552,0.14999999999999858,0.19475535841485564
562,70.05,69.82622320792571,0.5,0.4403261887801891
563,70.35,70.00687558548609,0.30000000000000426,0.18065237756038463
564,70.35,70.06654939670591,0.0,0.059673811219810864
565,71.3,70.91212022707123,0.9499999999999957,0.8455708303653277
566,71.19999999999999,70.72260951024151,-0.10000000000000142,-0.1895107168297177
567,71.5,71.11212022707123,0.30000000000000426,0.38951071682972055
568,72.05,71.82622320792571,0.5499999999999972,0.7141029808544739
569,72.44999999999999,72.25606011353561,0.3999999999999986,0.429836905609904
570,72.69999999999999,72.52097856634056,0.25,0.26491845280495163
571,72.75,72.55606011353561,0.05000000000000426,0.03508154719505048
572,73.05,72.91573392475541,0.29999999999999716,0.35967381121980796
573,73.35,73.24557083036532,0.30000000000000426,0.3298369056099097
574,73.85,73.86491845280494,0.5,0.6193476224396216
575,74.1,74.01048928317027,0.25,0.1455708303653299
576,74.45,74.3157339247554,0.3500000000000014,0.3052446415851443
577,74.6,74.51048928317027,0.14999999999999858,0.19475535841485564
578,74.94999999999999,74.84557083036532,0.3499999999999943,0.33508154719504263
579,75.80000000000001,75.62097856634057,0.8500000000000085,0.7754077359752459
580,76.55000000000001,76.35606011353562,0.75,0.7350815471950483
581,76.45,76.22622320792571,-0.10000000000000142,-0.12983690560990685
582,76.6,76.45081547195046,0.14999999999999147,0.224592264024754
583,76.6,76.45081547195046,0.0,0.0
584,76.7,76.55081547195047,0.10000000000000853,0.10000000000000853
585,77.0,76.91048928317028,0.29999999999999716,0.35967381121980796
586,77.05,76.88589701914552,0.04999999999999716,-0.024592264024765376
587,77.65,77.51573392475542,0.6000000000000014,0.6298369056099068
588,78.44999999999999,78.2560601135356,0.7999999999999972,0.7403261887801862
589,78.8,78.56130475512074,0.3500000000000014,0.3052446415851443
590,79.05000000000001,78.85606011353562,0.2500000000000071,0.29475535841486417
591,79.5,79.29114166073064,0.44999999999999574,0.4350815471950419
592,79.19999999999999,79.08065237756036,-0.30000000000000426,-0.21048928317028792
593,79.5,79.49999999999999,0.30000000000000426,0.41934762243962387
594,80.4,80.48951071682971,0.8999999999999986,0.9895107168297147
595,81.25,81.20524464158514,0.8500000000000014,0.7157339247554259
596,81.65,81.45606011353561,0.3999999999999986,0.25081547195047565
597,81.8,81.65081547195047,0.14999999999999858,0.19475535841485564
598,81.6,81.6,-0.20000000000000284,-0.050815471950477795
599,81.9,81.84032618878018,0.30000000000000426,0.2403261887801955
600,82.15,82.07540773597523,0.2500000000000071,0.2350815471950533
601,82.35,82.39475535841484,0.19999999999999574,0.3193476224396153
602,82.5,82.58951071682971,0.14999999999999858,0.19475535841485564
603,82.8,82.94918452804951,0.29999999999999716,0.35967381121980796
604,83.35,83.45442916963466,0.5500000000000043,0.5052446415851471
605,83.8,83.85967381121979,0.44999999999999574,0.40524464158513857
606,84.15,84.16491845280494,0.3500000000000014,0.3052446415851443
607,83.75,83.67540773597523,-0.3999999999999986,-0.4895107168297148
608,84.15,84.01573392475542,0.3999999999999986,0.3403261887801898
609,84.15,84.07540773597523,7.105427357601002e-15,0.05967381121981585
610,84.35,84.24557083036534,0.19999999999999574,0.17016309439009028
611,84.35,84.24557083036534,0.0,0.0
612,85.0,84.94032618878019,0.6499999999999986,0.6947553584148557
613,85.35,85.39475535841486,0.3500000000000014,0.45442916963466934
614,85.8,85.8895107168297,0.44999999999999574,0.4947553584148528
615,86.0,86.0,0.20000000000000284,0.11048928317028865
616,86.25,86.23508154719504,0.25,0.2350815471950483
617,86.35,86.15606011353562,0.10000000000000142,-0.07902143365942904
618,86.4,86.22097856634056,0.04999999999999716,0.0649184528049488
619,86.45,86.28589701914551,0.05000000000000426,0.06491845280495803
620,86.55,86.41573392475541,0.09999999999999432,0.1298369056098976
621,86.5,86.35081547195047,-0.04999999999999716,-0.0649184528049488
622,86.35,86.15606011353562,-0.14999999999999858,-0.19475535841485564
623,86.35,86.15606011353562,0.0,0.0
624,86.35,86.15606011353562,0.0,0.0
625,86.65,86.33671249109598,0.29999999999999716,0.18065237756037542
626,86.55000000000001,86.20687558548609,-0.09999999999999432,-0.1298369056098976
627,86.25,85.81736486865637,-0.30000000000000426,-0.38951071682972055
628,85.80000000000001,85.2330987934118,-0.44999999999999574,-0.584266075244567
629,85.85,85.29801724621674,0.04999999999999716,0.0649184528049488
630,86.30000000000001,85.88228332146132,0.45000000000000284,0.5842660752445762
631,86.1,85.6226095102415,-0.20000000000000284,-0.2596738112198137
632,86.15,85.68752796304646,0.04999999999999716,0.0649184528049488
633,86.4,86.01212022707122,0.25,0.3245922640247625
634,86.5,86.02260951024151,0.10000000000000142,0.01048928317028936
635,86.5,86.02260951024151,0.0,0.0
636,86.6,86.15244641585141,0.09999999999999432,0.1298369056098976
637,87.85,87.26818034060685,1.250000000000007,1.1157339247554356
638,88.5,87.66456664292265,0.6499999999999986,0.3963863023158055
639,88.44999999999999,87.59964819011769,-0.05000000000000426,-0.06491845280495803
640,88.65,87.88915890694742,0.20000000000000284,0.289510716829717
641,88.7,87.95407735975238,0.05000000000000426,0.06491845280495803
642,87.8,87.2629356990217,-0.9000000000000057,-0.6911416607306697
643,88.15,87.71736486865638,0.3500000000000014,0.45442916963466934
644,88.15,87.68752796304646,0.0,-0.029836905609907555
645,88.05,87.61736486865635,-0.10000000000000142,-0.07016309439009598
646,88.4,87.98228332146131,0.3500000000000014,0.36491845280495516
647,88.3,87.8524464158514,-0.10000000000000142,-0.12983690560990685
648,88.19999999999999,87.72260951024151,-0.10000000000000142,-0.12983690560990685
649,88.3,87.8524464158514,0.10000000000000142,0.12983690560990685
650,88.3,87.8524464158514,0.0,0.0
651,88.44999999999999,88.04720177426627,0.14999999999999858,0.19475535841485564
652,88.55,88.08752796304647,0.10000000000000142,0.040326188780192666
653,88.85,88.32785415182664,0.29999999999999716,0.24032618878018627
654,88.85,88.26818034060685,7.105427357601002e-15,-0.059673811219801635
655,88.85,88.26818034060685,0.0,0.0
656,88.9,88.33309879341179,0.04999999999999716,0.0649184528049488
657,88.94999999999999,88.39801724621675,0.04999999999999716,0.0649184528049488
658,89.05,88.46818034060684,0.10000000000000142,0.07016309439009598
659,88.95,88.33834343499694,-0.09999999999999432,-0.1298369056098976
660,89.15,88.59801724621674,0.19999999999999574,0.2596738112198045
661,89.15,88.59801724621674,0.0,0.0
662,89.3,88.7927726046316,0.14999999999999858,0.19475535841485564
663,89.65,89.12785415182665,0.3500000000000085,0.33508154719505684
664,89.75,89.25769105743656,0.09999999999999432,0.1298369056098976
665,89.85,89.38752796304647,0.10000000000000142,0.12983690560990685
666,89.9,89.45244641585143,0.05000000000000426,0.06491845280495803
667,90.15,89.62785415182665,0.25,0.17540773597523746
668,90.15,89.62785415182665,0.0,0.0
669,90.5,90.08228332146132,0.3499999999999943,0.4544291696346602
670,90.95,90.48752796304647,0.45000000000000284,0.4052446415851478
671,90.85,90.35769105743655,-0.10000000000000142,-0.12983690560990685
672,90.9,90.4226095102415,0.04999999999999716,0.0649184528049488
673,91.1,90.5927726046316,0.20000000000000284,0.17016309439009952
674,91.15,90.65769105743655,0.04999999999999716,0.0649184528049488
675,91.55,91.17703867987616,0.3999999999999986,0.5193476224396182
676,91.65,91.3068755854861,0.10000000000000142,0.12983690560990685
677,91.80000000000001,91.38228332146132,0.15000000000000568,0.07540773597524315
678,91.85,91.44720177426628,0.04999999999999716,0.0649184528049488
679,91.9,91.51212022707122,0.04999999999999716,0.0649184528049488
680,92.05,91.61736486865635,0.14999999999999858,0.10524464158514148
681,92.55000000000001,92.14720177426629,0.5000000000000071,0.5298369056099125
682,92.85,92.47703867987617,0.29999999999999005,0.3298369056098955
683,92.75,92.40687558548608,-0.09999999999999432,-0.070163094390091
684,92.7,92.34195713268115,-0.04999999999999716,-0.0649184528049488
685,93.05,92.67703867987618,0.3499999999999943,0.33508154719504263
686,93.1,92.74195713268114,0.05000000000000426,0.06491845280495803
687,93.15,92.80687558548608,0.04999999999999716,0.0649184528049488
688,93.4,93.07179403829103,0.25,0.26491845280495163
689,93.85,93.5665493967059,0.45000000000000284,0.49475535841486196
690,94.1,93.80163094390093,0.2499999999999929,0.23508154719503907
691,94.25,93.96654939670589,0.15000000000000568,0.16491845280495734
692,94.6,94.27179403829103,0.3500000000000014,0.3052446415851443
693,94.75,94.4665493967059,0.14999999999999858,0.19475535841485564
694,95.1,94.86130475512076,0.3500000000000014,0.3947553584148584
695,95.55,95.2665493967059,0.44999999999999574,0.40524464158513857
696,95.8,95.50163094390095,0.25,0.2350815471950483
697,95.6,95.33146784951084,-0.19999999999999574,-0.17016309439009028
698,95.6,95.36130475512076,0.0,0.02983690560990331
699,95.5,95.29114166073066,-0.10000000000000142,-0.07016309439009598
700,95.65,95.48589701914551,0.14999999999999858,0.19475535841485564
701,95.85,95.74557083036532,0.20000000000000284,0.2596738112198137
702,96.3,96.24032618878019,0.44999999999999574,0.4947553584148528
703,96.69999999999999,96.7298369056099,0.3999999999999986,0.4895107168297148
704,96.85,96.86491845280494,0.15000000000000568,0.13508154719505402
705,97.05,97.12459226402476,0.19999999999999574,0.2596738112198045
706,97.1,97.1596738112198,0.05000000000000426,0.03508154719505048
707,97.1,97.1596738112198,0.0,0.0
708,97.35,97.36491845280494,0.25,0.205244641585145
709,97.75,97.79475535841486,0.3999999999999986,0.429836905609904
710,98.15,98.07540773597525,0.4000000000000057,0.2806523775603839
711,98.1,98.04032618878018,-0.05000000000000426,-0.03508154719505048
712,98.19999999999999,98.17016309439008,0.09999999999999432,0.1298369056098976
713,98.19999999999999,98.17016309439008,0.0,0.0
714,98.5,98.58951071682971,0.30000000000000426,0.41934762243962387
715,98.8,98.85967381121979,0.29999999999999716,0.27016309439009384
716,98.9,98.9298369056099,0.10000000000000142,0.07016309439009598
717,98.9,98.9298369056099,0.0,0.0
718,99.9,99.84032618878017,0.6999999999999981,0.6189964621028817
719,100.0,99.99999999999997,0.10000000000000142,0.15967381121981014
720,68.9,69.09999480102933,0.3500000000000014,0.1499225822809753
721,30.75,31.56849852703237,0.05000000000000426,0.06182773554439915
722,30.9,31.66393195856355,0.15000000000000036,0.09543343153117535
723,31.2,32.0003096708761,0.29999999999999893,0.3363777123125487
724,31.950000000000003,32.91400937628257,0.7500000000000018,0.9136997054064769
725,32.25,33.177631663970025,0.29999999999999716,0.2636222876874467
726,32.5,33.40944280781375,0.2500000000000018,0.2318111438437272
727,33.05,34.08676480090767,0.5499999999999989,0.6773219930939235
728,33.1,34.1185759447514,0.05000000000000071,0.03181114384372549
729,33.3,34.2458205201263,0.1999999999999993,0.12724457537489972
730,33.45,34.34125395165747,0.15000000000000036,0.09543343153117535
731,33.55,34.40487623934492,0.09999999999999964,0.06362228768744986
732,33.75,34.568498527032375,0.20000000000000107,0.1636222876874513
733,33.65,34.25023225315707,-0.10000000000000142,-0.31826627387530143
734,33.6,34.182043397000804,-0.04999999999999716,-0.06818885615627109
735,33.6,34.14566568468825,0.0,-0.036377712312550436
736,33.650000000000006,34.21385454084453,0.05000000000000071,0.06818885615627593
737,33.650000000000006,34.21385454084453,0.0,0.0
738,33.650000000000006,34.21385454084453,0.0,0.0
739,33.65,34.14109911621943,-3.552713678800501e-15,-0.07275542462510314
740,33.65,34.14109911621943,0.0,0.0
741,33.599999999999994,34.036532547750596,-0.05000000000000071,-0.10456656846882637
742,33.8,34.1637771231255,0.1999999999999993,0.12724457537489972
743,33.65,34.06834369159432,-0.14999999999999858,-0.09543343153117421
744,33.599999999999994,34.036532547750596,-0.05000000000000071,-0.03181114384372549
745,33.7,34.063777123125504,0.10000000000000497,0.02724457537490538
746,33.45,33.868343691594326,-0.25000000000000355,-0.19543343153117793
747,33.5,33.900154835438045,0.05000000000000071,0.03181114384372549
748,33.849999999999994,34.37747682853197,0.34999999999999787,0.4773219930939218
749,34.150000000000006,34.53196597928178,0.30000000000000426,0.15448915074980507
750,34.35,34.65921055465668,0.1999999999999993,0.12724457537489972
751,34.05,34.177321993093926,-0.3000000000000007,-0.4818885615627516
752,34.3,34.33637771231255,0.25,0.15905571921862519
753,34.45,34.431811143843724,0.14999999999999858,0.09543343153117421
754,34.55,34.531811143843726,0.10000000000000142,0.10000000000000142
755,34.7,34.627244575374895,0.14999999999999858,0.09543343153117421
756,34.8,34.69086686306235,0.10000000000000142,0.06362228768745098
757,34.8,34.69086686306235,0.0,0.0
758,34.85,34.61354486996843,0.05000000000000071,-0.07732199309392324
759,34.85,34.61354486996843,0.0,0.0
760,34.900000000000006,34.645356013812155,0.05000000000000071,0.03181114384372549
761,35.150000000000006,34.949922582280976,0.25,0.3045665684688244
762,35.150000000000006,34.949922582280976,0.0,0.0
763,35.2,35.01811143843726,0.05000000000000071,0.06818885615627593
764,35.25,35.04992258228098,0.04999999999999716,0.03181114384372323
765,35.3,35.0817337261247,0.05000000000000071,0.03181114384372549
766,35.349999999999994,35.14992258228098,0.04999999999999716,0.06818885615627109
767,35.4,35.1817337261247,0.05000000000000071,0.03181114384372549
768,35.5,35.24535601381215,0.10000000000000142,0.06362228768745098
769,35.55,35.313544869968425,0.05000000000000071,0.06818885615627593
770,35.599999999999994,35.34535601381215,0.04999999999999716,0.03181114384372323
771,35.7,35.4089783014996,0.10000000000000142,0.06362228768745098
772,35.65,35.340789445343326,-0.05000000000000071,-0.06818885615627593
773,35.75,35.44078944534332,0.10000000000000142,0.10000000000000142
774,35.9,35.536222876874504,0.14999999999999858,0.09543343153117421
775,36.25,36.01354486996843,0.3500000000000014,0.47732199309392664
776,36.3,35.97260058918705,0.05000000000000071,-0.04094428078137539
777,36.5,36.24535601381215,0.1999999999999993,0.2727554246250989
778,36.75,36.44078944534333,0.25,0.19543343153117562
779,36.8,36.5089783014996,0.05000000000000071,0.06818885615627593
780,36.95,36.60441173303078,0.14999999999999858,0.09543343153117421
781,37.05,36.668034020718224,0.10000000000000142,0.06362228768745098
782,37.25,36.83165630840568,0.1999999999999993,0.16362228768745016
783,37.5,37.09984516456195,0.25,0.2681888561562739
784,37.7,37.2634674522494,0.1999999999999993,0.16362228768745016
785,38.05,37.704411733030774,0.3500000000000014,0.4409442807813762
786,38.1,37.73622287687451,0.05000000000000071,0.03181114384372549
787,38.25,37.83165630840568,0.14999999999999858,0.09543343153117421
788,38.5,38.02708973993685,0.25,0.19543343153117562
789,38.849999999999994,38.28614545915548,0.34999999999999787,0.2590557192186218
790,39.15,38.513390034530374,0.3000000000000007,0.22724457537490111
791,39.5,38.772445753749,0.3500000000000014,0.25905571921862663
792,39.9,39.172445753749,0.3999999999999986,0.3999999999999986
793,40.2,39.36331261681135,0.3000000000000007,0.1908668630623507
794,40.5,39.590557192186246,0.3000000000000007,0.22724457537490111
795,41.1,40.04504634293606,0.6000000000000014,0.45448915074980223
796,41.45,40.304102062154676,0.34999999999999787,0.2590557192186218
797,41.8,40.563157781373306,0.3500000000000014,0.25905571921862663
798,41.95,40.65859121290448,0.14999999999999858,0.09543343153117421
799,42.150000000000006,40.85859121290448,0.20000000000000284,0.20000000000000284
800,42.6,41.144891507498,0.4499999999999993,0.2863002945935249
801,43.05,41.540324939029176,0.4499999999999993,0.39543343153117366
802,43.2,41.635758370560346,0.14999999999999858,0.09543343153117421
803,43.349999999999994,41.73119180209152,0.14999999999999858,0.09543343153117421
804,43.55,41.89481408977898,0.20000000000000284,0.16362228768745238
805,43.8,42.05386980899761,0.25,0.15905571921862519
806,43.849999999999994,42.01292552821623,0.04999999999999716,-0.040944280781377636
807,44.2,42.3083589597474,0.3500000000000014,0.29543343153117707
808,44.3,42.37198124743486,0.10000000000000142,0.06362228768745098
809,44.5,42.499225822809755,0.1999999999999993,0.12724457537489972
810,44.7,42.77198124743486,0.1999999999999993,0.2727554246250989
811,44.75,42.80379239127858,0.05000000000000071,0.03181114384372549
812,44.849999999999994,42.86741467896603,0.09999999999999787,0.06362228768744872
813,44.95,42.93103696665347,0.10000000000000142,0.06362228768745098
814,45.1,43.06284811049721,0.15000000000000213,0.1318111438437269
815,45.15,43.094659254340925,0.04999999999999716,0.03181114384372323
816,45.2,43.12647039818465,0.05000000000000071,0.03181114384372549
817,45.15,43.05828154202838,-0.05000000000000071,-0.06818885615627593
818,45.15,43.05828154202838,0.0,0.0
819,45.25,43.12190382971583,0.10000000000000142,0.06362228768745098
820,45.349999999999994,43.18552611740328,0.09999999999999787,0.06362228768744872
821,45.55,43.31277069277817,0.20000000000000284,0.12724457537490197
822,45.55,43.31277069277817,0.0,0.0
823,45.55,43.31277069277817,0.0,0.0
824,45.65,43.37639298046563,0.09999999999999787,0.06362228768744872
825,45.9,43.680959548934446,0.25,0.3045665684688244
826,45.95,43.71277069277818,0.05000000000000071,0.03181114384372549
827,46.0,43.708204124309354,0.05000000000000071,-0.004566568468822364
828,46.0,43.671826411996804,0.0,-0.036377712312550436
829,46.05,43.70363755584053,0.05000000000000071,0.03181114384372549
830,46.25,43.90363755584053,0.1999999999999993,0.199999999999998
831,46.3,43.93544869968425,0.04999999999999716,0.03181114384372323
832,46.349999999999994,43.96725984352798,0.05000000000000071,0.03181114384372549
833,46.4,43.9990709873717,0.05000000000000071,0.03181114384372549
834,46.45,44.03088213121543,0.05000000000000071,0.03181114384372549
835,46.45,44.03088213121543,0.0,0.0
836,46.5,44.062693275059154,0.05000000000000071,0.03181114384372549
837,46.599999999999994,44.126315562746605,0.09999999999999787,0.06362228768744872
838,46.599999999999994,44.126315562746605,0.0,0.0
839,46.599999999999994,44.126315562746605,0.0,0.0
840,46.599999999999994,44.126315562746605,0.0,0.0
841,46.400000000000006,43.96269327505916,-0.19999999999999574,-0.16362228768744533
842,46.45,43.994504418902885,0.05000000000000071,0.03181114384372549
843,46.599999999999994,43.98080471349641,0.14999999999999503,-0.013699705406479341
844,46.349999999999994,43.82174899427778,-0.25,-0.15905571921862519
845,46.4,43.8535601381215,0.05000000000000071,0.03181114384372549
846,46.4,43.8535601381215,0.0,0.0
847,46.4,43.8535601381215,0.0,0.0
848,46.349999999999994,43.82174899427778,-0.05000000000000071,-0.03181114384372549
849,46.45,43.885371281965234,0.10000000000000142,0.06362228768745098
850,46.5,43.91718242580895,0.05000000000000071,0.03181114384372549
851,46.45,43.885371281965234,-0.05000000000000071,-0.03181114384372549
852,46.45,43.885371281965234,0.0,0.0
853,46.4,43.8535601381215,-0.05000000000000071,-0.03181114384372549
854,46.4,43.8535601381215,0.0,0.0
855,46.5,43.9535601381215,0.10000000000000142,0.10000000000000142
856,46.55,44.021748994277786,0.05000000000000071,0.06818885615627593
857,46.55,44.021748994277786,0.0,0.0
858,46.55,44.021748994277786,0.0,0.0
859,46.5,43.98993785043405,-0.05000000000000071,-0.03181114384372549
860,46.5,43.98993785043405,0.0,0.0
861,46.6,44.089937850434055,0.10000000000000142,0.10000000000000142
862,46.6,44.089937850434055,0.0,0.0
863,46.6,44.089937850434055,0.0,0.0
864,46.75,44.29450441890288,0.14999999999999858,0.20456656846882296
865,46.75,44.29450441890288,0.0,0.0
866,46.75,44.29450441890288,0.0,0.0
867,47.3,45.04458183662191,0.5500000000000007,0.7500774177190256
868,47.5,45.171826411996804,0.1999999999999993,0.12724457537489972
869,47.5,45.171826411996804,0.0,0.0
870,47.5,45.171826411996804,0.0,0.0
871,47.5,45.171826411996804,0.0,0.0
872,47.5,45.171826411996804,0.0,0.0
873,47.55,45.20363755584054,0.05000000000000071,0.03181114384372549
874,47.6,45.235448699684255,0.05000000000000071,0.03181114384372549
875,47.650000000000006,45.26725984352798,0.05000000000000071,0.03181114384372549
876,47.900000000000006,45.60820412430936,0.25,0.3409442807813748
877,47.8,45.54458183662191,-0.10000000000000142,-0.06362228768745098
878,47.8,45.54458183662191,0.0,0.0
879,47.900000000000006,45.60820412430936,0.10000000000000142,0.06362228768745098
880,47.8,45.54458183662191,-0.10000000000000142,-0.06362228768745098
881,47.900000000000006,45.60820412430936,0.10000000000000142,0.06362228768745098
882,47.75,45.476392980465626,-0.15000000000000213,-0.1318111438437269
883,47.75,45.476392980465626,0.0,0.0
884,47.8,45.50820412430936,0.05000000000000071,0.03181114384372549
885,47.95,45.64001526815308,0.14999999999999858,0.13181114384372464
886,47.95,45.64001526815308,0.0,0.0
887,48.05,45.70363755584054,0.10000000000000142,0.06362228768745098
888,47.95,45.567259843527985,-0.10000000000000142,-0.13637771231255186
889,47.95,45.567259843527985,0.0,0.0
890,48.05,45.63088213121543,0.10000000000000142,0.06362228768745098
891,48.2,45.83544869968426,0.15000000000000213,0.2045665684688278
892,48.35,46.040015268153084,0.14999999999999858,0.20456656846882296
893,48.3,46.00820412430936,-0.05000000000000071,-0.03181114384372549
894,48.400000000000006,46.10820412430935,0.10000000000000142,0.10000000000000142
895,48.400000000000006,46.10820412430935,0.0,0.0
896,48.400000000000006,46.10820412430935,0.0,0.0
897,48.400000000000006,46.10820412430935,0.0,0.0
898,48.35,46.112770692778184,-0.05000000000000071,0.004566568468824941
899,48.3,46.08095954893446,-0.05000000000000071,-0.03181114384372549
900,48.3,46.08095954893446,0.0,0.0
901,48.3,46.08095954893446,0.0,0.0
902,48.2,46.01733726124701,-0.09999999999999787,-0.06362228768744872
903,48.4,46.25371497355955,0.19999999999999574,0.2363777123125462
904,48.35,46.22190382971583,-0.04999999999999716,-0.03181114384372323
905,48.45,46.28552611740328,0.09999999999999787,0.06362228768744872
906,48.7,46.55371497355955,0.25,0.2681888561562739
907,48.75,46.585526117403276,0.05000000000000071,0.03181114384372549
908,48.75,46.585526117403276,0.0,0.0
909,48.900000000000006,46.790092685872104,0.15000000000000213,0.2045665684688278
910,48.85,46.75828154202838,-0.05000000000000071,-0.03181114384372549
911,48.85,46.75828154202838,0.0,0.0
912,48.95,46.82190382971583,0.09999999999999787,0.06362228768744872
913,48.900000000000006,46.790092685872104,-0.04999999999999716,-0.03181114384372323
914,48.900000000000006,46.790092685872104,0.0,0.0
915,49.0,46.92647039818466,0.09999999999999787,0.13637771231254703
916,48.9,46.862848110497204,-0.10000000000000142,-0.06362228768745098
917,48.75,46.767414678966034,-0.14999999999999858,-0.09543343153117421
918,49.05,47.140170103591124,0.29999999999999716,0.37275542462509803
919,49.05,47.140170103591124,0.0,0.0
920,49.15,47.203792391278576,0.10000000000000142,0.06362228768745098
921,49.15,47.203792391278576,0.0,0.0
922,49.15,47.203792391278576,0.0,0.0
923,49.15,47.203792391278576,0.0,0.0
924,49.2,47.27198124743486,0.05000000000000071,0.06818885615627593
925,49.35,47.44017010359113,0.15000000000000213,0.16818885615627735
926,49.45,47.50379239127857,0.09999999999999787,0.06362228768744872
927,49.55,47.640170103591124,0.09999999999999787,0.13637771231254703
928,49.7,47.84473667205996,0.15000000000000213,0.2045665684688278
929,49.650000000000006,47.81292552821623,-0.04999999999999716,-0.03181114384372323
930,49.650000000000006,47.81292552821623,0.0,0.0
931,49.650000000000006,47.81292552821623,0.0,0.0
932,49.650000000000006,47.81292552821623,0.0,0.0
933,49.7,47.88111438437251,0.05000000000000071,0.06818885615627593
934,49.75,47.91292552821623,0.04999999999999716,0.03181114384372323
935,49.75,47.91292552821623,0.0,0.0
936,49.75,47.91292552821623,0.0,0.0
937,49.8,47.94473667205995,0.05000000000000071,0.03181114384372549
938,49.95,48.04017010359114,0.15000000000000213,0.09543343153117646
939,50.15,48.203792391278576,0.19999999999999574,0.16362228768744533
940,50.4,48.54473667205995,0.25,0.3409442807813748
941,50.45,48.57654781590367,0.05000000000000071,0.03181114384372549
942,50.55,48.640170103591124,0.09999999999999787,0.06362228768744872
943,50.55,48.640170103591124,0.0,0.0
944,50.7,48.7356035351223,0.15000000000000213,0.09543343153117646
945,50.8,48.83560353512231,0.10000000000000142,0.10000000000000142
946,50.95,48.93103696665348,0.14999999999999858,0.09543343153117421
947,51.05,48.994659254340924,0.10000000000000142,0.06362228768745098
948,51.05,48.994659254340924,0.0,0.0
949,51.099999999999994,49.02647039818466,0.04999999999999716,0.03181114384372323
950,51.15,49.05828154202838,0.05000000000000071,0.03181114384372549
951,51.5,49.462848110497205,0.3500000000000014,0.4045665684688258
952,51.65,49.55828154202838,0.14999999999999858,0.09543343153117421
953,51.8,49.65371497355955,0.15000000000000213,0.09543343153117646
954,51.85,49.758281542028385,0.05000000000000071,0.10456656846882637
955,51.85,49.758281542028385,0.0,0.0
956,52.25,50.012770692778176,0.3999999999999986,0.25448915074979944
957,52.65,50.412770692778174,0.3999999999999986,0.3999999999999986
958,52.7,50.44458183662191,0.05000000000000071,0.03181114384372549
959,52.8,50.50820412430936,0.10000000000000142,0.06362228768745098
960,52.900000000000006,50.6445818366219,0.10000000000000142,0.13637771231255186
961,53.05,50.74001526815308,0.14999999999999858,0.09543343153117421
962,53.35,50.930882131215434,0.3000000000000007,0.1908668630623507
963,53.75,51.44001526815308,0.3999999999999986,0.5091331369376473
964,53.9,51.53544869968426,0.14999999999999858,0.09543343153117421
965,54.05,51.63088213121542,0.15000000000000213,0.09543343153117646
966,54.3,51.86269327505915,0.25,0.2318111438437261
967,54.3,51.86269327505915,0.0,0.0
968,54.400000000000006,51.92631556274661,0.10000000000000142,0.06362228768745098
969,54.5,51.98993785043406,0.09999999999999787,0.06362228768744872
970,54.6,52.053560138121505,0.10000000000000142,0.06362228768745098
971,54.650000000000006,52.08537128196524,0.05000000000000071,0.03181114384372549
972,54.7,52.153560138121506,0.05000000000000071,0.06818885615627593
973,54.8,52.21718242580896,0.09999999999999787,0.06362228768744872
974,54.95,52.312615857340134,0.15000000000000213,0.09543343153117646
975,55.45,52.776238145027584,0.49999999999999645,0.46362228768744734
976,55.95,53.094349583464826,0.5,0.31811143843725037
977,56.099999999999994,53.18978301499601,0.14999999999999858,0.09543343153117421
978,56.25,53.32159415883973,0.15000000000000213,0.1318111438437269
979,56.25,53.32159415883973,0.0,0.0
980,56.5,53.48064987805836,0.25,0.15905571921862519
981,56.7,53.60789445343326,0.20000000000000284,0.12724457537490197
982,56.800000000000004,53.67151674112071,0.10000000000000142,0.06362228768745098
983,57.550000000000004,54.14868389877658,0.75,0.4771671576558756
984,57.550000000000004,54.14868389877658,0.0,0.0
985,57.95,54.40317304952638,0.3999999999999986,0.25448915074979944
986,58.35,54.657662200276185,0.3999999999999986,0.25448915074979944
987,58.35,54.875928474151486,0.0,0.21826627387529746
988,58.55,55.075928474151475,0.19999999999999574,0.1999999999999983
989,58.65,55.13955076183893,0.10000000000000142,0.06362228768745098
990,58.95,55.47592847415147,0.3000000000000007,0.33637771231254987
991,58.95,55.47592847415147,0.0,0.0
992,59.65,56.066795337213826,0.6999999999999993,0.5908668630623493
993,60.25,56.703173049526384,0.6000000000000014,0.6363777123125518
994,60.5,56.86222876874501,0.25,0.15905571921862519
995,60.7,56.98947334411991,0.20000000000000284,0.12724457537490197
996,60.8,57.05309563180735,0.09999999999999432,0.06362228768744646
997,60.9,57.1167179194948,0.10000000000000142,0.06362228768745098
998,61.1,57.243962494869706,0.20000000000000284,0.12724457537490197
999,61.599999999999994,57.78034020718226,0.49999999999999645,0.5363777123125482
1000,61.95,58.00301821408833,0.3500000000000014,0.22267800690607617
1001,62.150000000000006,58.13026278946323,0.20000000000000284,0.12724457537490197
1002,62.7,58.84396249486971,0.5499999999999972,0.7136997054064729
1003,62.7,58.84396249486971,0.0,0.0
1004,63.05,59.06664050177578,0.3500000000000014,0.22267800690607617
1005,64.25,60.48490677565108,1.1999999999999957,1.4182662738752956
1006,64.5,60.64396249486971,0.25,0.15905571921862519
1007,64.75,60.80301821408834,0.25,0.15905571921862519
1008,64.8,60.87120707024461,0.05000000000000071,0.06818885615627593
1009,64.95,60.966640501775785,0.15000000000000568,0.09543343153117873
1010,65.1,61.06207393330696,0.14999999999999858,0.09543343153117421
1011,65.85,61.903018214088334,0.75,0.8409442807813747
1012,65.95,61.96664050177579,0.10000000000000142,0.06362228768745098
1013,65.95,61.96664050177579,0.0,0.0
1014,66.0,61.962073933306954,0.049999999999993605,-0.004566568468829468
1015,66.0,61.962073933306954,0.0,0.0
1016,66.1,62.025696220994405,0.10000000000000142,0.06362228768745098
1017,66.85,62.866640501775784,0.75,0.8409442807813747
1018,67.05,62.993885077150686,0.20000000000000284,0.12724457537490197
1019,67.15,63.05750736483813,0.10000000000000142,0.06362228768745098
1020,67.15,63.05750736483813,0.0,0.0
1021,67.3,63.152940796369315,0.14999999999999858,0.09543343153117421
1022,67.55,63.31199651558793,0.25,0.15905571921862519
1023,68.85,65.04852906333853,1.2999999999999972,1.7365325477505973
1024,69.35,65.43939592640089,0.5,0.39086686306235124
1025,69.5,65.53482935793207,0.15000000000000568,0.09543343153117873
1026,70.1,66.28034020718226,0.5999999999999943,0.7455108492501961
1027,70.35,66.62128448796364,0.25,0.3409442807813748
1028,70.55,66.74852906333854,0.20000000000000284,0.12724457537490197
1029,72.1,68.78962817955797,1.5500000000000007,2.041099116219424
1030,72.2,68.8532504672454,0.10000000000000142,0.06362228768745098
1031,72.45,69.01230618646403,0.25,0.15905571921862519
1032,73.4,70.30789445343325,0.9500000000000028,1.295588266969228
1033,73.6,70.43513902880815,0.19999999999999574,0.12724457537489745
1034,74.0,70.68962817955796,0.3999999999999986,0.25448915074979944
1035,77.45,75.35828154202838,3.450000000000003,4.668653362470423
1036,78.2,76.38111438437251,0.75,1.0228328423441244
1037,82.4,81.9634674522494,4.199999999999996,5.582353067876894
1038,86.05000000000001,86.90487623934493,3.6500000000000057,4.9414087870955266
1039,87.4,88.74597535556435,1.3499999999999943,1.8410991162194161
1040,88.5,89.91873078018945,1.1000000000000014,1.1727554246251048
1041,88.69999999999999,90.11873078018945,0.19999999999999574,0.19999999999999316
1042,89.05000000000001,90.55967506097082,0.3500000000000085,0.4409442807813833
1043,89.25,90.68691963634573,0.19999999999999574,0.12724457537489745
1044,89.69999999999999,91.3006193417522,0.44999999999999574,0.6136997054064688
1045,92.2,94.45541816337808,2.500000000000007,3.1547988216259073
1046,94.80000000000001,97.67383927269144,2.6000000000000014,3.2184211093133483
1047,95.85,99.10580525197322,1.0499999999999972,1.4319659792817703
1048,96.0,99.34674953275459,0.14999999999999858,0.24094428078137595
1049,97.05,100.23304982734811,1.0499999999999972,0.8863002945935214
1050,95.6,98.21919528650359,-1.4499999999999957,-2.013854540844521
1051,95.75,98.38738414265985,0.14999999999999858,0.1681888561562751
1052,94.4,96.36439646487769,-1.3500000000000014,-2.022987677782176
1053,93.25,94.83243048559592,-1.1499999999999986,-1.5319659792817744
1054,92.55,93.84140878709552,-0.7000000000000028,-0.9910216985004011
1055,92.4,93.56408679400161,-0.14999999999999858,-0.2773219930939238
1056,92.1,93.15495365706394,-0.29999999999999716,-0.4091331369376459
1057,92.5,93.6640867940016,0.3999999999999986,0.5091331369376499
1058,91.65,92.39574310240727,-0.8500000000000014,-1.268343691594325
1059,91.5,92.0820433970008,-0.14999999999999858,-0.31369970540647685
1060,91.30000000000001,91.80928797237569,-0.19999999999999574,-0.27275542462509406
1061,90.8,91.0910216985004,-0.5000000000000071,-0.7182662738753072
1062,91.1,91.46377712312548,0.29999999999999716,0.37275542462509803
1063,91.1,91.46377712312548,0.0,0.0
1064,91.15,91.53196597928178,0.05000000000000426,0.06818885615628077
1065,91.44999999999999,91.86834369159432,0.29999999999999716,0.33637771231254504
1066,91.75,92.16834369159433,0.30000000000000426,0.3000000000000069
1067,91.85,92.19558826696921,0.10000000000000142,0.027244575374897956
1068,92.1,92.4637771231255,0.2499999999999929,0.2681888561562694
1069,92.3,92.7365325477506,0.20000000000000284,0.2727554246251037
1070,92.85,93.37747682853197,0.5500000000000043,0.6409442807813764
1071,93.55,94.00472140390687,0.6999999999999957,0.6272445753748975
1072,93.94999999999999,94.55023225315708,0.3999999999999986,0.5455108492501978
1073,94.1,94.6820433970008,0.15000000000000568,0.13181114384373177
1074,94.2,94.74566568468826,0.10000000000000142,0.06362228768745098
1075,94.2,94.74566568468826,0.0,0.0
1076,94.25,94.77747682853197,0.04999999999999716,0.03181114384372323
1077,95.0,95.25464398618784,0.75,0.4771671576558756
1078,95.5,95.8637771231255,0.5,0.6091331369376488
1079,95.55,95.89558826696921,0.04999999999999716,0.03181114384372323
1080,95.4,95.80015483543805,-0.14999999999999858,-0.09543343153117421
1081,95.65,95.99558826696922,0.25,0.19543343153117304
1082,95.8,96.09102169850038,0.14999999999999858,0.09543343153117421
1083,95.85,96.12283284234411,0.04999999999999716,0.03181114384372323
1084,96.0,96.21826627387529,0.15000000000000568,0.09543343153117873
1085,96.25,96.37732199309391,0.25,0.15905571921862519
1086,96.19999999999999,96.3455108492502,-0.05000000000000426,-0.031811143843727754
1087,96.15,96.31369970540648,-0.04999999999999716,-0.03181114384372323
1088,96.25,96.37732199309391,0.10000000000000142,0.06362228768745098
1089,96.4,96.58188856156276,0.15000000000000568,0.20456656846883264
1090,96.30000000000001,96.4455108492502,-0.10000000000000142,-0.13637771231255186
1091,97.05,97.32283284234411,0.7499999999999929,0.8773219930939181
1092,97.15,97.38645513003156,0.10000000000000142,0.06362228768745098
1093,97.5,97.8637771231255,0.3500000000000014,0.47732199309392664
1094,97.55,97.89558826696921,0.04999999999999716,0.03181114384372323
1095,97.55000000000001,97.85921055465667,7.105427357601002e-15,-0.03637771231254333
1096,97.95,98.40472140390688,0.3999999999999986,0.5455108492501978
1097,98.0,98.4365325477506,0.04999999999999716,0.03181114384372323
1098,98.05000000000001,98.46834369159433,0.05000000000000426,0.031811143843727754
1099,98.1,98.50015483543807,0.04999999999999716,0.03181114384372323
1100,98.1,98.50015483543807,0.0,0.0
1101,98.1,98.50015483543807,0.0,0.0
1102,98.30000000000001,98.62739941081296,0.20000000000000284,0.12724457537490197
1103,98.4,98.69102169850039,0.09999999999999432,0.06362228768744646
1104,98.5,98.82739941081296,0.10000000000000142,0.13637771231255186
1105,98.5,98.82739941081296,0.0,0.0
1106,98.55000000000001,98.85921055465668,0.05000000000000426,0.031811143843727754
1107,98.80000000000001,99.20015483543806,0.25,0.3409442807813748
1108,98.9,99.37291026006315,0.09999999999999432,0.1727554246250952
1109,99.05000000000001,99.46834369159433,0.15000000000000568,0.09543343153117873
1110,99.35,99.84109911621941,0.29999999999999716,0.37275542462509803
1111,99.2,99.67291026006316,-0.14999999999999858,-0.1681888561562751
1112,99.44999999999999,99.94109911621942,0.2499999999999929,0.2681888561562694
1113,99.44999999999999,99.94109911621942,0.0,0.0
1114,99.75,100.35023225315707,0.30000000000000426,0.4091331369376556
1115,99.85,100.45023225315707,0.10000000000000142,0.09999999999999883
1116,99.85,100.45023225315707,0.0,0.0
1117,100.6,101.43668738318866,0.75,0.9864551300315766
1118,100.6,101.43668738318866,0.0,0.0
1119,100.55,101.36849852703239,-0.05000000000000426,-0.06818885615628077
1120,100.65,101.46849852703238,0.10000000000000853,0.10000000000000853
1121,100.7,101.5003096708761,0.04999999999999716,0.03181114384372323
1122,100.65,101.50487623934492,-0.05000000000000426,0.0045665684688201
1123,100.65,101.46849852703238,7.105427357601002e-15,-0.03637771231254333
1124,100.7,101.53668738318865,0.04999999999999716,0.06818885615627109
1125,100.55000000000001,101.40487623934492,-0.14999999999999858,-0.13181114384372208
1126,100.55000000000001,101.40487623934492,0.0,0.0
1127,100.55000000000001,101.40487623934492,0.0,0.0
1128,100.44999999999999,101.30487623934492,-0.10000000000000853,-0.10000000000000853
1129,100.5,101.33668738318865,0.05000000000000426,0.031811143843727754
1130,100.65,101.43212081471982,0.14999999999999858,0.09543343153117421
1131,100.55,101.29574310240726,-0.10000000000000142,-0.13637771231255186
1132,100.55000000000001,101.33212081471981,7.105427357601002e-15,0.03637771231255755
1133,100.69999999999999,101.57306509550119,0.14999999999999147,0.24094428078136626
1134,100.44999999999999,101.23212081471982,-0.25,-0.3409442807813748
1135,100.8,101.63668738318864,0.3500000000000014,0.4045665684688258
1136,100.85,101.66849852703236,0.04999999999999716,0.03181114384372323
1137,100.55,101.18660996546961,-0.29999999999999716,-0.48188856156274673
1138,100.35,100.91385454084453,-0.19999999999999574,-0.27275542462509406
1139,100.4,100.80015483543805,0.04999999999999716,-0.11369970540647852
1140,100.30000000000001,100.70015483543806,-0.09999999999999432,-0.09999999999999432
1141,100.15,100.49558826696922,-0.15000000000000568,-0.20456656846883264
1142,100.1,100.35464398618785,-0.04999999999999716,-0.14094428078137197
1143,99.9,100.08188856156275,-0.19999999999999574,-0.27275542462509406
1144,99.8,99.90913313693765,-0.10000000000000853,-0.1727554246251094
1145,99.8,99.90913313693765,0.0,0.0
1146,99.7,99.7727554246251,-0.09999999999999432,-0.13637771231254217
1147,99.6,99.63637771231255,-0.10000000000000142,-0.13637771231255186
1148,99.55,99.56818885615627,-0.05000000000000426,-0.06818885615628077
1149,99.8,99.7272445753749,0.25,0.15905571921862519
1150,99.85,99.79543343153117,0.05000000000000426,0.06818885615628077
1151,99.80000000000001,99.76362228768745,0.16666666666666666,0.34049598756838545
1152,100.0,100.0,0.19999999999999574,0.2363777123125462
1153,99.9,99.97048409019582,0.09999999999999905,0.03900926430280891
1154,100.0,100.00000000000001,0.10000000000000142,0.0295159098041751
1155,100.0,100.0,0.0,0.0
1156,100.0,100.0,0.0,0.0
1157,99.9,99.9,-0.09999999999999432,-0.09999999999999432
1158,99.9,99.9,0.0,0.0
1159,99.9,99.9,0.0,0.0
1160,99.9,99.9,0.0,0.0
1161,99.9,99.9,0.0,0.0
1162,99.7,99.7,-0.20000000000000284,-0.20000000000000284
1163,100.0,100.0,0.29999999999999716,0.29999999999999716
1164,100.0,100.0,0.0,0.0
1165,99.9,99.9,-0.09999999999999432,-0.09999999999999432
1166,99.9,99.9,0.0,0.0
1167,99.9,99.9,0.0,0.0
1168,99.9,99.9,0.0,0.0
1169,99.9,99.9,0.0,0.0
1170,100.6,100.6,0.6999999999999886,0.6999999999999886
1171,100.6,100.6,0.0,0.0
1172,100.5,100.5,-0.09999999999999432,-0.09999999999999432
1173,100.4,100.39999999999999,-0.09999999999999432,-0.09999999999999432
1174,100.4,100.39999999999999,0.0,0.0
1175,100.8,100.8,0.3999999999999915,0.3999999999999915
1176,100.8,100.8,0.0,0.0
1177,40.166666666666664,39.618074124885695,0.2666666666666657,0.20896387785820142
1178,40.46666666666666,39.91807412488569,0.29999999999999954,0.29999999999999905
1179,40.53333333333334,40.03084488226398,0.06666666666666761,0.112770757378289
1180,40.43333333333333,39.96761587504559,-0.10000000000000142,-0.06322900721839357
1181,40.43333333333334,39.97624222319928,0.0,0.00862634815369437
1182,40.4,39.98477248191966,-0.03333333333333144,0.008530258720380839
1183,40.4,39.9912785807444,0.0,0.00650609882474006
1184,40.46666666666667,40.05865199718739,0.06666666666666761,0.06737341644298572
1185,40.6,40.193398830073356,0.1333333333333305,0.13474683288596664
1186,40.63333333333333,40.19364027034455,0.033333333333333805,0.00024144027119314684
1187,40.766666666666666,40.347905399704736,0.13333333333333286,0.1542651293601893
1188,41.03333333333334,40.602411969336124,0.2666666666666681,0.2545065696313833
1189,41.2,40.7655448871212,0.16666666666666666,0.16313291778507621
1190,41.1,40.68718343292437,-0.09999999999999905,-0.07836145419682508
1191,41.233333333333334,40.832822214130864,0.1333333333333305,0.145638781206492
1192,41.666666666666664,41.2634738991968,0.4333333333333324,0.43065168506593726
1193,41.9,41.5091126804033,0.23333333333333428,0.24563878120649635
1194,42.166666666666664,41.75711315120994,0.2666666666666681,0.2480004708066432
1195,42.46666666666667,42.031234106748855,0.29999999999999954,0.274120955538917
1196,42.73333333333333,42.29224677520498,0.2666666666666657,0.26101266845612103
1197,42.73333333333333,42.29224677520498,0.0,0.0
1198,43.03333333333334,42.59012652587602,0.3000000000000019,0.29787975067104766
1199,43.46666666666666,43.009886262621436,0.43333333333333,0.419759736745409
1200,43.633333333333326,43.166513081581776,0.16666666666666904,0.15662681896033845
1201,44.03333333333333,43.54714013594543,0.40000000000000097,0.380627054363658
1202,44.26666666666667,43.79277891715193,0.23333333333333428,0.24563878120649635
1203,44.43333333333333,43.942899637287525,0.1666666666666643,0.15012072013559424
1204,44.56666666666666,44.07764647017349,0.13333333333333286,0.1347468328859685
1205,44.63333333333333,44.160152333594915,0.06666666666666761,0.08250586342142015
1206,44.833333333333336,44.34289963728752,0.20000000000000048,0.18274730369261225
1207,44.833333333333336,44.32776719030909,0.0,-0.01513244697843443
1208,45.43333333333334,44.92791254114696,0.6000000000000014,0.6001453508378787
1209,45.6,45.09104545893204,0.16666666666666666,0.16313291778507621
1210,46.06666666666666,45.52179323343129,0.4666666666666662,0.4307477744992531
1211,46.63333333333333,46.17345523292015,0.5666666666666652,0.6516619994888483
1212,46.9,46.430082051880476,0.2666666666666657,0.25662681896033573
1213,47.56666666666666,47.065215675875514,0.6666666666666691,0.6351336239950413
1214,47.866666666666674,47.32844468309391,0.29999999999999954,0.26322900721839165
1215,48.366666666666674,47.79832513997492,0.5,0.4698804568810084
1216,48.699999999999996,48.11369902722454,0.333333333333331,0.3153738872496242
1217,49.199999999999996,48.605218029908734,0.5000000000000023,0.4915190026841852
1218,49.26666666666667,48.65745899937328,0.06666666666666761,0.052240969464551285
1219,49.36666666666667,48.75095290054853,0.09999999999999905,0.0934939011752595
1220,49.53333333333334,48.91182021816679,0.16666666666666904,0.16086731761824707
1221,49.633333333333326,48.99668777118835,0.09999999999999669,0.08486755302156282
1222,49.70000000000001,49.05543483947764,0.06666666666666761,0.05874706828929135
1223,50.06666666666666,49.38179676448111,0.36666666666666714,0.3263619250034683
1224,50.333333333333336,49.63630333411249,0.2666666666666681,0.2545065696313833
1225,50.53333333333334,49.79953234133088,0.1999999999999981,0.16322900721838976
1226,50.93333333333334,50.154135000395584,0.3999999999999986,0.3546026590646958
1227,51.36666666666667,50.580400835965726,0.4333333333333324,0.42626583557015146
1228,51.4,50.613027419522744,0.033333333333333805,0.032626583557015705
1229,51.73333333333333,50.97591889703663,0.3333333333333333,0.36289147751388356
1230,52.06666666666666,51.291292784286256,0.3333333333333333,0.31537388724962706
1231,52.26666666666667,51.49129278428626,0.20000000000000284,0.20000000000000284
1232,52.53333333333334,51.75442570207134,0.2666666666666657,0.2631329177850747
1233,52.93333333333334,52.13505275643499,0.3999999999999986,0.3806270543636561
1234,53.13333333333333,52.3264264082813,0.20000000000000048,0.19137365184630617
1235,54.1,53.30045127438691,0.9666666666666686,0.9740248661056039
1236,54.333333333333336,53.52883735928601,0.23333333333333428,0.2283860848991076
1237,54.4,53.5875844275753,0.06666666666666525,0.05874706828928903
1238,54.73333333333333,53.92021101113232,0.3333333333333333,0.3326265835570152
1239,55.1,54.22054854083682,0.36666666666666714,0.3003375297045085
1240,55.133333333333326,54.25968122321857,0.03333333333332907,0.039132682381751126
1241,55.23333333333333,54.364067072714356,0.1000000000000038,0.10438584949578902
1242,55.96666666666667,55.22199373075676,0.7333333333333343,0.8579266580423991
1243,56.166666666666664,55.38522273797515,0.1999999999999981,0.16322900721838976
1244,56.46666666666666,55.65934369351407,0.29999999999999954,0.2741209555389165
1245,56.666666666666664,55.8290787995572,0.20000000000000048,0.1697351060431321
1246,56.76666666666666,55.88156120929294,0.09999999999999669,0.052482409735739664
1247,57.166666666666664,56.24054971785342,0.40000000000000097,0.358988508560484
1248,57.26666666666667,56.32541727087499,0.1000000000000038,0.08486755302156931
1249,57.26666666666667,56.32541727087499,0.0,0.0
1250,57.0,56.070910701243605,-0.2666666666666681,-0.2545065696313833
1251,56.833333333333336,55.91428388228327,-0.16666666666666904,-0.15662681896033845
1252,56.93333333333333,56.130957608614956,0.09999999999999905,0.21667372633168713
1253,56.800000000000004,56.00695737321164,-0.1333333333333305,-0.12400023540331859
1254,56.79999999999999,56.03934251649746,0.0,0.03238514328582318
1255,56.53333333333333,55.76531765039186,-0.2666666666666681,-0.274024866105603
1256,56.166666666666664,55.38040083596573,-0.36666666666666475,-0.384916814426126
1257,56.03333333333334,55.22387010643872,-0.13333333333333286,-0.15653072952702032
1258,55.73333333333333,54.9172186567761,-0.29999999999999954,-0.30665144966261637
1259,56.23333333333333,55.626661963469466,0.5,0.7094433066933702
1260,56.13333333333333,55.61307079584429,-0.09999999999999905,-0.013591167625179342
1261,56.23333333333333,55.71745664534007,0.09999999999999905,0.10438584949578486
1262,56.199999999999996,55.68921591127884,-0.033333333333333805,-0.02824073406122995
1263,56.1,55.59784225943253,-0.09999999999999905,-0.09137365184630519
1264,56.06666666666666,55.57172177470026,-0.033333333333333805,-0.026120484732275642
1265,56.03333333333333,55.54560128996798,-0.033333333333333805,-0.026120484732275642
1266,56.06666666666666,55.56521567587552,0.033333333333333805,0.019614385907535583
1267,56.03333333333333,55.526082993493766,-0.033333333333333805,-0.0391326823817553
1268,55.9,55.415094955739924,-0.13333333333333286,-0.11098803775384078
1269,55.96666666666667,55.46082982637973,0.06666666666666525,0.045734870639809376
1270,55.93333333333333,55.42820324282271,-0.033333333333333805,-0.032626583557015705
1271,55.666666666666664,55.17369667319134,-0.26666666666666333,-0.25450656963137913
1272,55.63333333333333,55.149696437788016,-0.033333333333333805,-0.024000235403321333
1273,55.46666666666667,54.98656352000294,-0.16666666666666666,-0.16313291778507621
1274,55.4,54.921310352888916,-0.06666666666666761,-0.06525316711403141
1275,55.5,54.98665960943625,0.10000000000000142,0.06534925654734727
1276,55.5,54.98665960943625,0.0,0.0
1277,55.5,55.001792056414686,-2.3684757858670005e-15,0.015132446978431502
1278,55.53333333333334,55.02791254114696,0.033333333333333805,0.026120484732275642
1279,55.5,55.001792056414686,-0.033333333333333805,-0.026120484732275642
1280,55.53333333333333,55.04092473879644,0.03333333333333144,0.03913268238175344
1281,55.53333333333333,55.04092473879644,0.0,0.0
1282,55.36666666666667,54.91032231513506,-0.16666666666666666,-0.13060242366137637
1283,55.6,55.13870840003417,0.23333333333333428,0.2283860848991076
1284,55.666666666666664,55.190949369498725,0.06666666666666761,0.052240969464551285
1285,55.76666666666667,55.26931082369555,0.09999999999999905,0.07836145419682508
1286,55.73333333333333,55.24969643778801,-0.033333333333333805,-0.019614385907535583
1287,55.73333333333333,55.269214734262235,0.0,0.019518296474219727
1288,55.6,55.130082051880485,-0.1333333333333305,-0.13913268238175194
1289,55.56666666666666,55.10608181647716,-0.03333333333333618,-0.02400023540332426
1290,55.70000000000001,55.23008205188048,0.13333333333333522,0.12400023540332276
1291,55.56666666666667,55.05856422621291,-0.13333333333333286,-0.17151782566757745
1292,55.63333333333333,55.17345523292014,0.06666666666666525,0.1148910067072404
1293,55.666666666666664,55.199575717652415,0.033333333333333805,0.026120484732275642
1294,55.43333333333334,54.96256328459962,-0.23333333333333428,-0.23701243305280198
1295,55.0,54.54492379718316,-0.4333333333333324,-0.4176394874164571
1296,54.96666666666667,54.5015506161435,-0.033333333333333805,-0.043373181039663776
1297,55.26666666666667,54.801550616143494,0.29999999999999954,0.29999999999999954
1298,55.36666666666667,54.92092356177984,0.09999999999999905,0.11937294563634153
1299,55.166666666666664,54.70367086547245,-0.20000000000000048,-0.21725269630738867
1300,55.133333333333326,54.66241793376174,-0.033333333333333805,-0.041252931710710074
1301,55.23333333333333,54.77104428191543,0.10000000000000142,0.10862634815369579
1302,55.23333333333333,54.77104428191543,0.0,0.0
1303,55.166666666666664,54.71880331245088,-0.06666666666666525,-0.05224096946454943
1304,55.06666666666666,54.62954990993354,-0.09999999999999905,-0.08925340251735044
1305,55.23333333333333,54.792682827718615,0.16666666666666666,0.16313291778507621
1306,55.26666666666667,54.825309411275626,0.033333333333333805,0.032626583557015705
1307,54.93333333333334,54.548826766136564,-0.3333333333333357,-0.2764826451390668
1308,54.96666666666666,54.58795944851832,0.033333333333333805,0.03913268238175576
1309,55.0,54.596827236943206,0.03333333333333618,0.008867788424889835
1310,54.800000000000004,54.42709213090007,-0.20000000000000284,-0.169735106043134
1311,54.76666666666667,54.40747774499254,-0.03333333333333144,-0.01961438590753373
1312,54.800000000000004,54.433598229724815,0.033333333333333805,0.026120484732275642
1313,54.6,54.20983943459269,-0.20000000000000048,-0.22375879513212873
1314,54.53333333333334,54.14458626747865,-0.06666666666666761,-0.06525316711403141
1315,54.43333333333334,54.04670651680761,-0.09999999999999905,-0.0978797506710448
1316,54.29999999999999,53.95735702485694,-0.13333333333333522,-0.08934949195066921
1317,54.46666666666666,54.12048994264202,0.16666666666666666,0.16313291778507621
1318,54.5,54.15311652619903,0.033333333333333805,0.032626583557015705
1319,54.46666666666667,54.11186359448832,-0.03333333333333144,-0.041252931710707146
1320,54.46666666666667,54.09673114750989,0.0,-0.01513244697843443
1321,54.300000000000004,53.95962262502377,-0.16666666666666904,-0.1371085224861183
1322,54.23333333333333,53.86410456395287,-0.06666666666666761,-0.09551806107090026
1323,54.166666666666664,53.81186359448832,-0.06666666666666761,-0.052240969464551285
1324,54.06666666666667,53.726996041466755,-0.09999999999999669,-0.08486755302156282
1325,54.03333333333333,53.70087555673448,-0.033333333333333805,-0.026120484732275642
1326,54.1,53.75962262502377,0.06666666666666525,0.05874706828928903
1327,54.06666666666666,53.70747774499254,-0.033333333333333805,-0.05214488003123543
1328,54.23333333333333,53.83595991932496,0.16666666666666666,0.12848217433242204
1329,54.199999999999996,53.80333333576794,-0.033333333333333805,-0.032626583557015705
1330,54.4,53.97957454063582,0.20000000000000048,0.17624120486787173
1331,54.20000000000001,53.80983943459268,-0.1999999999999981,-0.1697351060431298
1332,54.26666666666667,53.868586502881975,0.06666666666666525,0.05874706828928949
1333,53.800000000000004,53.29104545893204,-0.4666666666666662,-0.5775410439499323
1334,54.06666666666666,53.59518986815663,0.2666666666666657,0.30414440922459224
1335,54.133333333333326,53.65181668711697,0.06666666666666525,0.05662681896033473
1336,54.133333333333326,53.65181668711697,0.0,0.0
1337,54.06666666666666,53.56931082369555,-0.06666666666666525,-0.08250586342141722
1338,54.166666666666664,53.66719057436659,0.10000000000000142,0.09787975067104712
1339,54.199999999999996,53.706323256748355,0.033333333333333805,0.0391326823817553
1340,54.300000000000004,53.7955766592657,0.10000000000000142,0.08925340251735274
1341,54.4,53.89557665926571,0.09999999999999669,0.09999999999999724
1342,54.36666666666667,53.86945617453343,-0.03333333333333144,-0.026120484732273786
1343,54.4,53.89557665926571,0.03333333333333144,0.026120484732273786
1344,54.4,53.89557665926571,0.0,0.0
1345,54.36666666666667,53.85432372755499,-0.033333333333333805,-0.041252931710710074
1346,54.46666666666666,53.92193858426917,0.10000000000000142,0.06761485671417826
1347,54.46666666666667,53.91331223611548,2.3684757858670005e-15,-0.008626348153691442
1348,54.56666666666666,53.99817978913704,0.09999999999999905,0.08486755302156467
1349,54.70000000000001,54.10916782689088,0.13333333333333286,0.11098803775384078
1350,54.666666666666664,54.07654124333387,-0.033333333333333805,-0.032626583557015705
1351,54.70000000000001,54.102661728066145,0.033333333333333805,0.026120484732275642
1352,54.699999999999996,54.08752928108771,0.0,-0.01513244697843443
1353,54.56666666666666,53.95278244820174,-0.13333333333333522,-0.13474683288597145
1354,54.86666666666667,54.28955344098335,0.3000000000000019,0.33677099278161027
1355,54.86666666666667,54.28304734215861,0.0,-0.00650609882474006
1356,54.900000000000006,54.309167826890885,0.033333333333333805,0.026120484732275642
1357,55.0,54.39403537991245,0.09999999999999905,0.08486755302156514
1358,55.1,54.504927328232974,0.10000000000000142,0.11089194832052678
1359,55.199999999999996,54.5832887824298,0.09999999999999905,0.07836145419682508
1360,55.5,54.831385342669755,0.29999999999999954,0.24809656023995671
1361,55.866666666666674,55.192252660288,0.36666666666666714,0.36086731761824514
1362,55.93333333333334,55.23798753092782,0.06666666666666525,0.045734870639809376
1363,56.0,55.29673459921711,0.06666666666666761,0.05874706828929135
1364,56.0,55.24059066079915,-2.3684757858670005e-15,-0.05614393841795321
1365,56.1,55.32545821382072,0.10000000000000142,0.084867553021567
1366,56.06666666666666,55.31447017606688,-0.033333333333333805,-0.010988037753841213
1367,56.699999999999996,55.94497651029494,0.6333333333333352,0.6305063342280629
1368,56.79999999999999,56.051482609119674,0.09999999999999669,0.10650609882473684
1369,56.93333333333334,56.16897674569826,0.13333333333333522,0.1174941365785827
1370,57.26666666666667,56.52536212438741,0.3333333333333333,0.35638537868914355
1371,57.43333333333333,56.671096995027206,0.16666666666666666,0.1457348706398108
1372,58.0,57.18006087288542,0.56666666666667,0.5089638778582052
1373,58.53333333333333,57.639145470879214,0.5333333333333291,0.4590845979937948
1374,59.03333333333333,58.043964939512826,0.5000000000000023,0.40481946863361107
1375,59.23333333333333,58.194181749081736,0.20000000000000048,0.1502168095689124
1376,59.699999999999996,58.572880732983066,0.46666666666666384,0.3786989839013308
1377,60.03333333333334,58.84059167913056,0.3333333333333381,0.26771094614749696
1378,60.333333333333336,59.08868823937052,0.29999999999999716,0.24809656023995533
1379,60.43333333333334,59.160543594742606,0.09999999999999905,0.07185535537208455
1380,60.53333333333334,59.24541114776417,0.1000000000000038,0.08486755302156931
1381,60.73333333333333,59.421652352632044,0.1999999999999981,0.1762412048678699
1382,60.93333333333333,59.59350770800413,0.20000000000000048,0.17185535537208643
1383,61.06666666666667,59.7067613459248,0.1333333333333305,0.11325363792066946
1384,61.63333333333333,60.345411147764175,0.5666666666666677,0.6386498018393715
1385,61.73333333333334,60.436784799610486,0.1000000000000038,0.0913736518463089
1386,61.76666666666666,60.46941138316749,0.03333333333333144,0.03262658355701339
1387,62.03333333333333,60.69789355749992,0.2666666666666657,0.22848217433242116
1388,61.9,60.560881124447114,-0.13333333333333522,-0.13701243305280245
1389,62.16666666666666,60.7828571999548,0.2666666666666657,0.22197607550768156
1390,62.56666666666666,61.11582131321632,0.40000000000000097,0.3329641132615237
1391,62.9,61.474326941234416,0.3333333333333357,0.35850562801810065
1392,63.13333333333333,61.69394132714195,0.23333333333333192,0.21961438590753316
1393,63.666666666666664,62.103242734704665,0.5333333333333338,0.4093014075627108
1394,64.56666666666666,63.01201443369624,0.9000000000000009,0.9087716989915725
1395,64.93333333333332,63.36652100332761,0.36666666666666714,0.35450656963138233
1396,64.96666666666668,63.422906382016755,0.033333333333333805,0.05638537868914343
1397,65.33333333333333,63.76864125265657,0.36666666666666714,0.3457348706398118
1398,65.39999999999999,63.87702616053907,0.06666666666666288,0.10838490788249801
1399,65.86666666666667,64.27736369024359,0.46666666666667095,0.40033752970451225
1400,65.96666666666668,64.39037588789307,0.09999999999999905,0.11301219764947816
1401,66.06666666666668,64.49037588789307,0.09999999999999669,0.09999999999999724
1402,66.06666666666666,64.49900223604676,2.3684757858670005e-15,0.008626348153696688
1403,66.43333333333334,64.8556290550071,0.36666666666666475,0.3566268189603348
1404,66.39999999999999,64.83601466909955,-0.03333333333333144,-0.01961438590753326
1405,66.46666666666665,64.92714688067467,0.06666666666666288,0.09113221157510927
1406,66.56666666666668,65.02714688067468,0.10000000000000615,0.1000000000000056
1407,66.73333333333333,65.18150809946818,0.16666666666665955,0.15436121879349804
1408,66.89999999999999,65.34464101725325,0.16666666666666666,0.16313291778507621
1409,67.03333333333333,65.4924000477887,0.13333333333333522,0.14775903053545156
1410,67.60000000000001,66.06401396288959,0.5666666666666677,0.5716139151008933
1411,67.76666666666667,66.19461638655098,0.16666666666666666,0.13060242366137637
1412,68.0,66.39047197732638,0.23333333333333428,0.19585559077540776
1413,68.36666666666666,66.7601109939362,0.36666666666666475,0.36963901660981496
1414,68.5,66.86247268353635,0.13333333333333286,0.1023616896001464
1415,68.8,67.14295438706212,0.30000000000000426,0.2804817035257841
1416,69.06666666666666,67.3908095070309,0.2666666666666657,0.24785511996876405
1417,69.83333333333333,68.09341263690223,0.7666666666666657,0.7026031298713388
1418,70.16666666666667,68.44541216609558,0.3333333333333333,0.3519995291933572
1419,70.8,69.041267756871,0.6333333333333352,0.5958555907754098
1420,71.03333333333333,69.32353218002122,0.23333333333333192,0.28226442315022415
1421,71.39999999999999,69.68439949763946,0.36666666666666714,0.36086731761824514
1422,71.60000000000001,69.89741169528895,0.20000000000000284,0.21301219764948295
1423,72.10000000000001,70.35427995452048,0.5,0.4568682592315288
1424,72.66666666666667,70.9693163120656,0.5666666666666677,0.61503635754512
1425,72.8,71.08030434981943,0.1333333333333305,0.11098803775383846
1426,73.10000000000001,71.38454484847735,0.3000000000000019,0.3042404986579104
1427,73.3,71.59105094730208,0.19999999999999574,0.2065060988247358
1428,73.43333333333334,71.71717143203435,0.13333333333333286,0.12612048473227475
1429,73.4,71.67591850032365,-0.033333333333333805,-0.041252931710710074
1430,73.93333333333334,72.24093022716649,0.5333333333333385,0.5650117268428431
1431,74.19999999999999,72.48893069797313,0.266666666666661,0.24800047080663717
1432,74.46666666666665,72.69789457583133,0.26666666666667044,0.20896387785820514
1433,74.7,72.93490700888414,0.23333333333333428,0.23701243305280137
1434,74.86666666666666,73.10440067465606,0.1666666666666643,0.16949366577193728
1435,75.26666666666667,73.47625603002815,0.40000000000000097,0.37185535537208636
1436,75.4,73.63278675955517,0.1333333333333305,0.15653072952701844
1437,75.36666666666666,73.60878652415185,-0.033333333333333805,-0.024000235403321333
1438,75.66666666666667,73.88941357851552,0.3000000000000019,0.2806270543636589
1439,75.96666666666667,74.21105212431868,0.29999999999999954,0.321638545803174
1440,76.13333333333333,74.36555869395006,0.1666666666666643,0.15450656963137954
1441,76.13333333333333,74.34604039747585,0.0,-0.019518296474219727
1442,76.63333333333334,74.82878770116845,0.5000000000000023,0.4827473036926142
1443,76.66666666666666,74.86141428472547,0.03333333333333144,0.03262658355701339
1444,77.43333333333334,75.71293093337644,0.766666666666668,0.8515166486509739
1445,77.63333333333334,75.88478628874853,0.20000000000000048,0.17185535537208643
1446,77.56666666666668,75.78714797834868,-0.06666666666666288,-0.09763831039984981
1447,77.6,75.81326846308096,0.03333333333333144,0.026120484732273786
1448,77.89999999999999,76.12189481123464,0.29999999999999954,0.3086263481536939
1449,78.06666666666666,76.29365407717341,0.16666666666666194,0.1717592659387653
1450,77.96666666666667,76.20878652415185,-0.09999999999999905,-0.08486755302156467
1451,78.03333333333333,76.27403969126588,0.06666666666666761,0.06525316711403141
1452,77.96666666666665,76.21302702280975,-0.06666666666666761,-0.061012668456122805
1453,78.10000000000001,76.33490700888413,0.13333333333333522,0.12187998607436906
1454,78.53333333333333,76.83018362968383,0.4333333333333324,0.4952766207997042
1455,78.66666666666667,76.95418386508716,0.13333333333333522,0.12400023540332322
1456,78.96666666666667,77.31683390232985,0.3000000000000019,0.36265003724269396
1457,79.39999999999999,77.79697807615112,0.4333333333333324,0.48014417382127084
1458,79.63333333333333,78.07061615114765,0.23333333333332953,0.2736380749965284
1459,79.76666666666667,78.25288057429789,0.13333333333333522,0.18226442315022906
1460,79.89999999999999,78.41789230114072,0.1333333333333305,0.16501172684283444
1461,80.19999999999999,78.78916868653711,0.3000000000000019,0.37127638539638774
1462,81.16666666666667,79.72415695969427,0.9666666666666733,0.9349882731571683
1463,82.2,80.84516727411717,1.0333333333333268,1.1210103144229053
1464,82.39999999999999,81.04955312361297,0.1999999999999981,0.20438584949578334
1465,83.3,82.14612958349473,0.9000000000000009,1.0965764598817687
1466,84.4,83.43181409505597,1.1000000000000039,1.2856845115612467
1467,85.43333333333332,84.5809690541068,1.0333333333333314,1.1491549590508237
1468,86.16666666666667,85.5057862480498,0.7333333333333343,0.9248171939429987
1469,86.43333333333332,85.81855700542808,0.2666666666666657,0.312770757378286
1470,86.5,85.87079797489262,0.06666666666666761,0.052240969464551285
1471,86.66666666666667,86.06193018646773,0.16666666666666666,0.1911322115751141
1472,87.66666666666667,87.29089178963534,1.0,1.228961603167591
1473,87.89999999999999,87.51489202503866,0.23333333333333428,0.22400023540332123
1474,88.16666666666667,87.84491547872433,0.2666666666666657,0.33002345368567476
1475,88.13333333333333,87.80366254701362,-0.03333333333333144,-0.041252931710707146
1476,88.26666666666665,87.96867427385645,0.1333333333333305,0.16501172684283444
1477,88.13333333333333,87.85542063593577,-0.13333333333333522,-0.1132536379206741
1478,88.23333333333333,87.95330038660684,0.09999999999999905,0.0978797506710448
1479,88.36666666666666,88.11831211344968,0.13333333333333522,0.1650117268428403
1480,88.36666666666666,88.11831211344968,0.0,0.0
1481,88.73333333333333,88.56346801411378,0.3666666666666695,0.4451559006641129
1482,89.06666666666666,88.83117896026128,0.3333333333333333,0.2677109461474923
1483,89.06666666666666,88.83117896026128,0.0,0.0
1484,89.39999999999999,89.2092028847536,0.3333333333333333,0.3780239244923174
1485,89.86666666666667,89.66568435287606,0.46666666666666856,0.4564814681224619
1486,90.5,90.40409271444422,0.6333333333333305,0.7384083615681746
1487,90.73333333333333,90.58693610757015,0.23333333333333428,0.18284339312592765
1488,91.13333333333333,90.95893681378011,0.3999999999999962,0.37200070620995945
1489,91.66666666666667,91.52818903928086,0.5333333333333362,0.5692522255007487
1490,91.56666666666666,91.43454978726773,-0.09999999999999905,-0.09363925201313526
1491,91.89999999999999,91.75416417317525,0.3333333333333286,0.31961438590753044
1492,92.03333333333335,91.88467050740333,0.13333333333333522,0.13050633422806282
1493,92.0,91.85855002267105,-0.03333333333333144,-0.026120484732273786
1494,92.06666666666666,91.92380318978508,0.06666666666666761,0.06525316711403141
1495,92.10000000000001,91.94992367451735,0.03333333333333144,0.026120484732273786
1496,93.96666666666665,94.01796869866213,1.8666666666666696,2.0680450241447863
1497,93.96666666666665,94.01796869866213,0.0,0.0
1498,94.03333333333335,94.10047456208356,0.06666666666666761,0.08250586342142015
1499,94.46666666666665,94.53763234597425,0.4333333333333324,0.43715778389067733
1500,94.5,94.56375283070652,0.03333333333333144,0.026120484732273786
1501,94.93333333333332,94.88818668524765,0.4333333333333324,0.3244338545411423
1502,94.93333333333334,94.93160912769189,0.0,0.04342244244422582
1503,95.03333333333335,95.00997058188871,0.09999999999999905,0.07836145419682508
1504,95.06666666666668,95.0274647184673,0.03333333333333618,0.01749413657858467
1505,95.36666666666667,95.28857347635672,0.29999999999999716,0.26110875788943455
1506,95.43333333333332,95.34081444582127,0.06666666666666761,0.052240969464551285
1507,95.46666666666665,95.36693493055354,0.03333333333333618,0.0261204847322775
1508,95.56666666666668,95.46481468122461,0.1000000000000038,0.09787975067104944
1509,95.60000000000001,95.49093516595688,0.03333333333333144,0.026120484732273786
1510,95.56666666666666,95.40428489331086,-0.03333333333333618,-0.08665027264601521
1511,95.89999999999999,95.71103243240678,0.3333333333333286,0.30674753909592806
1512,96.16666666666667,95.96539365120029,0.2666666666666657,0.25436121879350365
1513,96.23333333333333,96.03064681831431,0.06666666666666761,0.06525316711403141
1514,96.39999999999999,96.19151413593258,0.1666666666666714,0.16086731761824893
1515,97.13333333333333,96.88539482821689,0.7333333333333343,0.6938806922843301
1516,97.33333333333333,97.12640631965643,0.1999999999999981,0.24101149143951622
1517,97.39999999999999,97.17864728912097,0.06666666666666761,0.052240969464551285
1518,97.3,97.07002094096727,-0.1000000000000038,-0.10862634815369764
1519,97.36666666666667,97.12226191043182,0.06666666666666761,0.052240969464551285
1520,97.43333333333334,97.16149068224689,0.06666666666666761,0.039228771815071166
1521,97.43333333333334,97.16149068224689,0.0,0.0
1522,97.39999999999999,97.15912899264676,-0.03333333333333144,-0.002361689600144518
1523,97.33333333333333,97.1068880231822,-0.06666666666666761,-0.052240969464551285
1524,97.36666666666667,97.13300850791448,0.03333333333333618,0.0261204847322775
1525,97.7,97.53040537804313,0.3333333333333286,0.3973968701286557
1526,97.7,97.56717637082474,0.0,0.036770992781608454
1527,97.8,97.65855002267105,0.09999999999999905,0.09137365184630519
1528,97.93333333333332,97.85382664347075,0.13333333333333522,0.19527662079970917
1529,97.96666666666665,97.9102120221599,0.03333333333333144,0.0563853786891405
1530,97.89999999999999,97.85797105269533,-0.06666666666666761,-0.052240969464551285
1531,97.93333333333332,97.89059763625235,0.03333333333333618,0.03262658355701803
1532,97.8,97.78611569732325,-0.1333333333333305,-0.10448193892909886
1533,97.76666666666665,97.7469830149415,-0.03333333333333618,-0.03913268238175762
1534,97.63333333333333,97.62298277953819,-0.1333333333333305,-0.12400023540331859
1535,97.86666666666667,97.85136886443729,0.23333333333332953,0.22838608489910298
1536,97.93333333333332,97.94900717483715,0.06666666666666761,0.09763831039985567
1537,97.86666666666667,97.89676620537259,-0.06666666666666761,-0.052240969464551285
1538,97.8,97.82939278892961,-0.06666666666666761,-0.06737341644298679
1539,97.73333333333333,97.76201937248662,-0.06666666666666288,-0.06737341644298094
1540,97.76666666666667,97.80115205486838,0.03333333333333144,0.03913268238175391
1541,97.86666666666666,97.89903180553942,0.09999999999999905,0.0978797506710448
1542,97.93333333333334,97.96428497265346,0.06666666666666761,0.06525316711403141
1543,97.96666666666665,98.00992375385995,0.03333333333333144,0.04563878120649352
1544,98.06666666666668,98.13156229966312,0.1000000000000038,0.12163854580317776
1545,98.13333333333333,98.20982766442664,0.06666666666666761,0.07826536476351152
1546,98.03333333333335,98.13146621022982,-0.09999999999999905,-0.07836145419682508
1547,98.16666666666667,98.25546644563313,0.1333333333333305,0.12400023540331859
1548,98.10000000000001,98.20322547616858,-0.06666666666666288,-0.05224096946454757
1549,98.10000000000001,98.20322547616858,0.0,0.0
1550,98.06666666666666,98.16197254445787,-0.03333333333333618,-0.04125293171071301
1551,98.10000000000001,98.20110522683963,0.03333333333333144,0.03913268238175391
1552,98.13333333333333,98.25961085485773,0.03333333333333144,0.0585056280180959
1553,98.16666666666667,98.29223743841473,0.03333333333333144,0.03262658355701339
1554,98.33333333333333,98.43585205972559,0.16666666666666666,0.14361462131085648
1555,98.33333333333333,98.43585205972559,0.0,0.0
1556,98.33333333333333,98.46611695368246,4.736951571734001e-15,0.030264893956872572
1557,98.43333333333334,98.55749060552877,0.09999999999999905,0.09137365184630519
1558,98.43333333333334,98.55749060552877,0.0,0.0
1559,98.46666666666665,98.59011718908577,0.03333333333333144,0.03262658355701339
1560,98.39999999999999,98.52924987146754,-0.06666666666666288,-0.0608673176182404
1561,98.66666666666667,98.79026253992366,0.2666666666666657,0.26101266845612103
1562,98.86666666666667,98.98163619176997,0.1999999999999981,0.19137365184630326
1563,98.96666666666668,99.06650374479153,0.1000000000000038,0.08486755302156931
1564,98.89999999999999,98.97537153321643,-0.06666666666666761,-0.09113221157511392
1565,99.0,99.05599858758008,0.09999999999999905,0.08062705436365607
1566,99.10000000000001,99.16462493573377,0.09999999999999905,0.10862634815369393
1567,99.39999999999999,99.44525199009742,0.3000000000000019,0.2806270543636589
1568,99.63333333333333,99.66062587734706,0.23333333333333428,0.2153738872496275
1569,100.0,100.00000000000001,0.36666666666666475,0.3393741226529461
1570,68.9,69.09999480102933,0.3999999999999986,0.36009486421491693
1571,33.8,33.9330171192836,0.05000000000000426,0.06182773554439915
1572,34.2,34.32636626331942,0.40000000000000036,0.3933491440358203
1573,34.45,34.55973912340897,0.25,0.23337286008954936
1574,34.7,34.79311198349852,0.25,0.23337286008954936
1575,35.3,35.4330171192836,0.5999999999999979,0.6399051357850791
1576,35.5,35.626366263319426,0.20000000000000284,0.1933491440358225
1577,35.75,35.859739123408964,0.25,0.23337286008954936
1578,35.900000000000006,36.01971540735524,0.15000000000000213,0.1599762839462726
1579,35.95,36.06638997937315,0.05000000000000071,0.04667457201791054
1580,35.95,36.06638997937315,0.0,0.0
1581,35.95,36.06638997937315,0.0,0.0
1582,35.95,36.06638997937315,0.0,0.0
1583,36.05,36.17304083533733,0.09999999999999787,0.10665085596417798
1584,36.2,36.3330171192836,0.15000000000000213,0.1599762839462726
1585,36.05,36.17304083533733,-0.15000000000000213,-0.1599762839462726
1586,35.900000000000006,36.01306455139106,-0.14999999999999858,-0.15997628394626884
1587,35.4,35.47315941560598,-0.5000000000000036,-0.5399051357850848
1588,35.3,35.366508559641794,-0.10000000000000142,-0.10665085596418175
1589,35.2,35.25985770367762,-0.09999999999999787,-0.10665085596417798
1590,35.0,35.04655599174926,-0.1999999999999993,-0.2133017119283597
1591,34.95,34.99323056376716,-0.05000000000000071,-0.053325427982090876
1592,34.75,34.79988141973135,-0.1999999999999993,-0.19334914403581915
1593,34.3,34.31995256789254,-0.4499999999999993,-0.47992885183881034
1594,34.25,34.26662713991045,-0.05000000000000071,-0.053325427982090876
1595,34.35,34.37327799587463,0.10000000000000142,0.10665085596418175
1596,33.95,33.946674572017905,-0.40000000000000213,-0.42660342385672323
1597,34.0,33.99334914403582,0.05000000000000071,0.04667457201791054
1598,33.8,33.79999999999999,-0.20000000000000284,-0.1933491440358225
1599,33.8,33.77339657614328,3.552713678800501e-15,-0.02660342385671756
1600,33.95,33.913420292197,0.14999999999999858,0.1400237160537283
1601,34.099999999999994,34.053444008250736,0.14999999999999858,0.1400237160537283
1602,33.95,33.88681686834028,-0.14999999999999858,-0.16662713991044917
1603,34.0,33.93349144035819,0.05000000000000071,0.04667457201791054
1604,33.849999999999994,33.78681686834028,-0.15000000000000213,-0.14667457201791195
1605,34.0,33.953444008250734,0.15000000000000213,0.1666271399104525
1606,34.0,33.953444008250734,0.0,0.0
1607,33.849999999999994,33.78681686834028,-0.15000000000000213,-0.1666271399104525
1608,34.2,34.1002371605373,0.350000000000005,0.31342029219701356
1609,34.25,34.14026087659102,0.04999999999999716,0.04002371605372687
1610,34.35,34.23361002062684,0.10000000000000142,0.09334914403582108
1611,34.0,33.86033202475221,-0.3500000000000014,-0.37327799587463234
1612,33.85,33.70035574080594,-0.14999999999999858,-0.15997628394626884
1613,33.75,33.57375231694922,-0.10000000000000142,-0.1266034238567223
1614,33.7,33.52042688896713,-0.05000000000000071,-0.053325427982090876
1615,33.7,33.52042688896713,0.0,0.0
1616,33.7,33.52042688896713,0.0,0.0
1617,33.15,32.92719632519996,-0.5499999999999989,-0.5932305637671705
1618,33.15,32.92719632519996,0.0,0.0
1619,33.2,32.98052175318205,0.049999999999998934,0.05332542798208899
1620,32.85,32.60724375730742,-0.34999999999999964,-0.37327799587463045
1621,32.85,32.60059290134324,1.7763568394002505e-15,-0.00665085596417845
1622,32.85,32.60059290134324,0.0,0.0
1623,33.05,32.793942045379055,0.1999999999999975,0.1933491440358173
1624,33.25,32.980640333450694,0.1999999999999993,0.18669828807163885
1625,33.4,33.12731490546861,0.15000000000000213,0.14667457201791195
1626,33.75,33.4806403334507,0.34999999999999787,0.35332542798208805
1627,33.95,33.6806403334507,0.20000000000000107,0.20000000000000093
1628,34.25,33.967338621522345,0.3000000000000007,0.2866982880716403
1629,34.45,34.16068776555816,0.1999999999999993,0.19334914403581915
1630,34.45,34.16068776555816,0.0,0.0
1631,35.45,35.15403690959398,1.0,0.9933491440358196
1632,35.95,35.65403690959397,0.5,0.5
1633,36.25,35.94073519766562,0.3000000000000007,0.2866982880716403
1634,36.35,36.03408434170144,0.10000000000000142,0.09334914403582108
1635,36.45,36.12743348573726,0.09999999999999787,0.09334914403581775
1636,36.6,36.274108057755164,0.15000000000000036,0.14667457201791007
1637,37.25,36.88087749398799,0.6499999999999986,0.606769436232827
1638,37.65,37.26757578205964,0.40000000000000036,0.38669828807163975
1639,37.9,37.50094864214918,0.25,0.23337286008954936
1640,38.05,37.640972358202916,0.15000000000000213,0.14002371605373162
1641,39.0,38.54109093847156,0.9499999999999993,0.9001185802686476
1642,39.2,38.734440082507376,0.20000000000000284,0.1933491440358225
1643,39.45,38.967812942596936,0.25,0.23337286008954936
1644,40.0,39.50783665865066,0.5499999999999972,0.5400237160537268
1645,40.35,39.841209518740214,0.3500000000000014,0.3333728600895508
1646,40.8,40.26128066690139,0.4499999999999993,0.4200711481611882
1647,41.349999999999994,40.781351815062585,0.5499999999999972,0.5200711481611858
1648,41.4,40.83467724304467,0.05000000000000071,0.053325427982090876
1649,41.6,41.028026387080494,0.20000000000000284,0.1933491440358225
1650,41.95,41.374700959098405,0.34999999999999787,0.3466745720179077
1651,42.05,41.48135181506259,0.10000000000000142,0.10665085596418175
1652,42.1,41.534677243044676,0.05000000000000071,0.053325427982090876
1653,42.2,41.63467724304468,0.10000000000000142,0.10000000000000141
1654,42.25,41.688002671026766,0.04999999999999716,0.05332542798208709
1655,42.5,41.934677243044675,0.25,0.24667457201791004
1656,42.5,41.934677243044675,0.0,0.0
1657,42.75,42.188002671026766,0.25,0.2533254279820899
1658,43.4,42.79477210725959,0.6499999999999986,0.606769436232827
1659,43.95,43.31484325542078,0.5500000000000007,0.5200711481611896
1660,44.35,43.69489068752824,0.40000000000000213,0.3800474321074613
1661,44.1,43.474819539367054,-0.25,-0.2200711481611887
1662,44.6,43.96816868340287,0.5,0.4933491440358196
1663,44.7,44.06151782743869,0.09999999999999787,0.09334914403581775
1664,44.85,44.20154154349242,0.15000000000000213,0.14002371605373162
1665,45.3,44.65486697147452,0.4499999999999993,0.45332542798208947
1666,45.45,44.81484325542078,0.14999999999999858,0.15997628394626884
1667,45.7,45.048216115510336,0.25,0.23337286008954936
1668,46.5,45.834914403581976,0.8000000000000007,0.7866982880716402
1669,46.8,46.12161269165361,0.3000000000000007,0.2866982880716403
1670,47.35,46.6416838398148,0.5500000000000007,0.5200711481611896
1671,47.95,47.241683839814804,0.5999999999999979,0.5999999999999975
1672,48.0,47.29500926779689,0.05000000000000071,0.053325427982090876
1673,48.2,47.49500926779689,0.1999999999999993,0.1999999999999995
1674,48.45,47.74833469577898,0.25,0.2533254279820899
1675,48.8,48.08835841183271,0.3500000000000014,0.3400237160537311
1676,49.3,48.58835841183271,0.5,0.5
1677,49.6,48.89500926779689,0.3000000000000007,0.3066508559641808
1678,50.099999999999994,49.42161269165361,0.49999999999999645,0.5266034238567175
1679,50.900000000000006,50.21496183568944,0.8000000000000043,0.7933491440358238
1680,51.95,51.31484325542078,1.0499999999999972,1.099881419731349
1681,52.55,51.95474839120586,0.6000000000000014,0.639905135785083
1682,52.7,52.10142296322378,0.15000000000000213,0.14667457201791195
1683,52.8,52.20142296322377,0.09999999999999432,0.0999999999999943
1684,52.849999999999994,52.248097535241676,0.05000000000000071,0.04667457201791054
1685,52.9,52.30142296322378,0.05000000000000071,0.053325427982090876
1686,53.05,52.45474839120587,0.15000000000000213,0.1533254279820923
1687,53.1,52.508073819187956,0.05000000000000071,0.053325427982090876
1688,53.2,52.60807381918796,0.09999999999999787,0.09999999999999762
1689,53.349999999999994,52.75474839120586,0.14999999999999858,0.14667457201790862
1690,53.4,52.801422963223764,0.05000000000000071,0.04667457201791054
1691,53.1,52.53467724304467,-0.29999999999999716,-0.2667457201790959
1692,52.95,52.36805010313423,-0.14999999999999858,-0.16662713991044917
1693,53.099999999999994,52.52137553111631,0.14999999999999503,0.1533254279820852
1694,52.9,52.32802638708049,-0.1999999999999993,-0.19334914403581915
1695,53.25,52.654748391205864,0.3500000000000014,0.32672200412537045
1696,53.5,52.908073819187955,0.25,0.25332542798209035
1697,53.5,52.908073819187955,0.0,0.0
1698,53.75,53.14809753524168,0.25,0.2400237160537297
1699,53.75,53.14809753524168,0.0,0.0
1700,53.8,53.20142296322377,0.04999999999999716,0.05332542798208709
1701,53.5,52.9280263870805,-0.29999999999999716,-0.2733965761432762
1702,53.55,52.981351815062574,0.05000000000000071,0.053325427982090876
1703,53.25,52.64809753524169,-0.3000000000000007,-0.33325427982090167
1704,53.25,52.64809753524169,0.0,0.0
1705,53.65,53.061399247170044,0.3999999999999986,0.4133017119283588
1706,53.6,53.008073819187956,-0.04999999999999716,-0.05332542798208709
1707,53.8,53.221375531116315,0.1999999999999993,0.2133017119283597
1708,53.75,53.1747009590984,-0.05000000000000071,-0.04667457201791054
1709,53.7,53.128026387080496,-0.05000000000000071,-0.04667457201791054
1710,53.8,53.23467724304467,0.09999999999999787,0.10665085596417798
1711,53.8,53.23467724304467,0.0,0.0
1712,53.9,53.341328099008855,0.10000000000000142,0.10665085596418175
1713,53.849999999999994,53.28800267102675,-0.05000000000000071,-0.053325427982090876
1714,53.75,53.19465352699093,-0.09999999999999787,-0.09334914403581775
1715,53.75,53.19465352699093,0.0,0.0
1716,54.1,53.57458237882976,0.3500000000000014,0.3799288518388127
1717,54.5,53.9945349467223,0.3999999999999986,0.4199525678925391
1718,54.599999999999994,54.087884090758116,0.09999999999999787,0.09334914403581775
1719,54.65,54.13455866277602,0.05000000000000071,0.04667457201791054
1720,54.5,53.98123323479393,-0.14999999999999858,-0.1533254279820885
1721,54.5,53.98123323479393,0.0,0.0
1722,54.55,54.02125695084767,0.05000000000000071,0.040023716053730195
1723,54.55,54.02125695084767,0.0,0.0
1724,54.55,54.03455866277602,-3.552713678800501e-15,0.0133017119283569
1725,54.55,54.03455866277602,0.0,0.0
1726,54.65,54.127907806811855,0.10000000000000142,0.09334914403582108
1727,54.9,54.394534946722295,0.25,0.2666271399104506
1728,54.8,54.301185802686476,-0.10000000000000142,-0.09334914403582108
1729,54.9,54.394534946722295,0.10000000000000142,0.09334914403582108
1730,54.85,54.341209518740214,-0.04999999999999716,-0.05332542798208709
1731,54.7,54.18788409075811,-0.15000000000000213,-0.1533254279820923
1732,54.7,54.18788409075811,0.0,0.0
1733,54.8,54.27458237882975,0.10000000000000142,0.08669828807164075
1734,54.7,54.18123323479393,-0.10000000000000142,-0.09334914403582108
1735,54.7,54.18123323479393,0.0,0.0
1736,54.65,54.141209518740204,-0.05000000000000071,-0.040023716053730195
1737,54.6,54.07458237882975,-0.04999999999999716,-0.06662713991044776
1738,54.65,54.127907806811855,0.04999999999999716,0.05332542798208709
1739,54.7,54.17458237882976,0.05000000000000071,0.04667457201791054
1740,53.5,52.994534946722304,-1.1999999999999993,-1.1800474321074585
1741,53.85,53.36781294259693,0.3500000000000014,0.37327799587463234
1742,53.650000000000006,53.18111465452529,-0.1999999999999993,-0.18669828807163885
1743,53.650000000000006,53.18111465452529,0.0,0.0
1744,53.349999999999994,52.88776551048947,-0.30000000000000426,-0.2933491440358239
1745,53.5,53.0277892265432,0.15000000000000213,0.14002371605373162
1746,53.45,52.97446379856111,-0.05000000000000071,-0.053325427982090876
1747,53.45,52.98111465452529,0.0,0.00665085596418034
1748,53.5,53.0277892265432,0.05000000000000071,0.04667457201791054
1749,52.95,52.49441636645365,-0.5500000000000007,-0.5333728600895498
1750,53.2,52.727789226543194,0.25,0.23337286008954936
1751,53.25,52.7811146545253,0.05000000000000071,0.053325427982090876
1752,53.05,52.58776551048947,-0.1999999999999993,-0.19334914403581915
1753,53.1,52.641090938471564,0.05000000000000071,0.053325427982090876
1754,53.1,52.641090938471564,0.0,0.0
1755,52.95,52.481114654525285,-0.15000000000000213,-0.1599762839462726
1756,52.95,52.481114654525285,0.0,0.0
1757,53.099999999999994,52.62113837057901,0.14999999999999858,0.1400237160537283
1758,53.05,52.56781294259692,-0.05000000000000071,-0.053325427982090876
1759,53.15,52.67446379856111,0.10000000000000142,0.10665085596418175
1760,53.15,52.67446379856111,0.0,0.0
1761,53.0,52.53444008250739,-0.14999999999999858,-0.1400237160537283
1762,53.05,52.58776551048947,0.05000000000000071,0.053325427982090876
1763,53.349999999999994,52.881114654525284,0.29999999999999716,0.2933491440358168
1764,53.6,53.1277892265432,0.25000000000000355,0.24667457201791335
1765,53.6,53.1277892265432,0.0,0.0
1766,53.55,53.08776551048947,-0.05000000000000071,-0.040023716053730195
1767,53.75,53.28111465452529,0.1999999999999993,0.19334914403581915
1768,53.75,53.28111465452529,0.0,0.0
1769,53.8,53.33444008250738,0.04999999999999716,0.05332542798208709
1770,53.8,53.34109093847156,3.552713678800501e-15,0.006650855964183656
1771,53.9,53.44109093847156,0.09999999999999787,0.0999999999999981
1772,54.05,53.601067222417825,0.14999999999999858,0.15997628394626884
1773,54.05,53.601067222417825,0.0,0.0
1774,54.099999999999994,53.65439265039992,0.05000000000000071,0.053325427982090876
1775,54.3,53.86769436232828,0.1999999999999993,0.2133017119283597
1776,54.2,53.77434521829246,-0.09999999999999787,-0.09334914403581775
1777,54.5,54.074345218292464,0.3000000000000007,0.3000000000000009
1778,54.55,54.127670646274545,0.05000000000000071,0.053325427982090876
1779,54.65,54.23432150223873,0.09999999999999787,0.10665085596417798
1780,54.7,54.28764693022082,0.05000000000000071,0.053325427982090876
1781,54.75,54.340972358202905,0.05000000000000071,0.053325427982090876
1782,54.75,54.340972358202905,0.0,0.0
1783,54.8,54.39429778618501,0.05000000000000071,0.053325427982090876
1784,55.0,54.580996074256646,0.1999999999999993,0.18669828807163885
1785,55.15,54.7409723582029,0.14999999999999858,0.15997628394626884
1786,55.15,54.7409723582029,0.0,0.0
1787,55.15,54.7409723582029,0.0,0.0
1788,55.25,54.83432150223873,0.10000000000000142,0.09334914403582108
1789,55.3,54.88764693022082,0.05000000000000071,0.053325427982090876
1790,55.1,54.694297786185004,-0.1999999999999993,-0.19334914403581915
1791,55.2,54.794297786185005,0.09999999999999787,0.0999999999999981
1792,55.2,54.794297786185005,0.0,0.0
1793,55.3,54.90094864214918,0.09999999999999787,0.10665085596417798
1794,55.6,55.20759949811336,0.30000000000000426,0.3066508559641846
1795,55.7,55.30759949811336,0.09999999999999787,0.09999999999999762
1796,55.8,55.400948642149174,0.09999999999999787,0.09334914403581775
1797,55.95,55.55427407013128,0.15000000000000213,0.1533254279820923
1798,56.0,55.600948642149184,0.05000000000000071,0.04667457201791054
1799,56.05,55.654274070131265,0.05000000000000071,0.053325427982090876
1800,56.5,56.07434521829246,0.4499999999999993,0.4200711481611882
1801,56.5,56.08099607425664,0.0,0.00665085596418034
1802,56.55,56.127670646274545,0.05000000000000071,0.04667457201791054
1803,56.8,56.38099607425664,0.25,0.2533254279820899
1804,56.95,56.52767064627455,0.14999999999999858,0.14667457201790862
1805,57.0,56.574345218292464,0.05000000000000071,0.04667457201791054
1806,57.099999999999994,56.68099607425663,0.09999999999999787,0.10665085596417798
1807,57.2,56.754392650399915,0.10000000000000142,0.07339657614328053
1808,57.15,56.70771807838201,-0.05000000000000071,-0.04667457201791054
1809,57.15,56.70771807838201,0.0,0.0
1810,57.15,56.70771807838201,0.0,0.0
1811,57.15,56.70771807838201,0.0,0.0
1812,57.3,56.85439265039993,0.15000000000000213,0.14667457201791195
1813,57.400000000000006,56.94774179443574,0.10000000000000142,0.09334914403582108
1814,57.8,57.33444008250738,0.399999999999995,0.3866982880716346
1815,57.849999999999994,57.38776551048946,0.05000000000000071,0.053325427982090876
1816,58.0,57.54109093847157,0.15000000000000568,0.1533254279820956
1817,58.150000000000006,57.70106722241783,0.14999999999999858,0.15997628394626884
1818,58.2,57.75439265039993,0.05000000000000071,0.053325427982090876
1819,58.349999999999994,57.90106722241783,0.14999999999999503,0.14667457201790532
1820,58.400000000000006,57.947741794435736,0.05000000000000426,0.04667457201791385
1821,58.75,58.29441636645365,0.3499999999999943,0.3466745720179043
1822,58.75,58.30106722241782,3.552713678800501e-15,0.006650855964183656
1823,59.3,58.83444008250738,0.5499999999999972,0.5333728600895465
1824,59.7,59.261043506364096,0.40000000000000213,0.42660342385672323
1825,59.849999999999994,59.43432150223874,0.14999999999999858,0.17327799587462953
1826,60.150000000000006,59.73432150223872,0.30000000000000426,0.30000000000000376
1827,60.5,60.114250354077534,0.34999999999999787,0.37992885183880937
1828,60.849999999999994,60.46757578205963,0.34999999999999787,0.35332542798208805
1829,60.95,60.58087749398799,0.10000000000000142,0.11330171192836162
1830,61.099999999999994,60.73420292197008,0.14999999999999858,0.15332542798208898
1831,61.35,60.98087749398799,0.25000000000000355,0.2466745720179129
1832,61.8,61.40759949811336,0.4499999999999993,0.42672200412536854
1833,61.9,61.55415548986262,0.09999999999999787,0.14655599174925998
1834,62.099999999999994,61.754155489862626,0.1999999999999993,0.199999999999999
1835,62.5,62.14085377793427,0.4000000000000057,0.386698288071645
1836,62.95,62.58752834995217,0.4499999999999993,0.44667457201790906
1837,63.35,62.96092492609546,0.3999999999999986,0.3733965761432777
1838,63.6,63.194297786185004,0.25,0.23337286008954936
1839,63.75,63.34097235820292,0.15000000000000213,0.14667457201791195
1840,63.800000000000004,63.394297786185,0.05000000000000071,0.053325427982090876
1841,63.85,63.440972358202906,0.04999999999999716,0.04667457201790722
1842,63.85,63.440972358202906,0.0,0.0
1843,64.4,64.02090121004171,0.5499999999999972,0.5799288518388084
1844,64.65,64.28752834995218,0.25,0.2666271399104506
1845,65.1,64.72090121004172,0.4499999999999993,0.43337286008954845
1846,65.45,65.04762321416709,0.3500000000000014,0.32672200412537045
1847,65.4,65.00759949811335,-0.05000000000000071,-0.040023716053730195
1848,66.0,65.56104350636409,0.5999999999999979,0.5534440082507361
1849,66.15,65.707718078382,0.15000000000000213,0.14667457201791195
1850,66.3,65.86769436232828,0.14999999999999858,0.15997628394626884
1851,66.45,66.02767064627456,0.15000000000000213,0.1599762839462726
1852,66.8,66.38099607425664,0.34999999999999787,0.35332542798208805
1853,66.95,66.52767064627454,0.15000000000000213,0.14667457201791195
1854,67.05000000000001,66.62767064627455,0.10000000000000497,0.10000000000000472
1855,67.3,66.88764693022082,0.24999999999999645,0.25997628394626693
1856,67.6,67.194297786185,0.3000000000000007,0.3066508559641808
1857,67.9,67.50759949811335,0.29999999999999716,0.3133017119283578
1858,68.2,67.78764693022083,0.30000000000000426,0.28004743210746325
1859,68.5,68.07434521829246,0.3000000000000007,0.2866982880716403
1860,68.75,68.3409723582029,0.25,0.2666271399104506
1861,69.05,68.63432150223872,0.2999999999999936,0.29334914403581347
1862,69.65,69.20106722241783,0.600000000000005,0.5667457201791034
1863,70.1,69.6277892265432,0.4499999999999993,0.42672200412536854
1864,70.65,70.21436893434618,0.5499999999999972,0.5865797078029883
1865,70.8,70.38099607425663,0.14999999999999858,0.16662713991044967
1866,71.0,70.594297786185,0.20000000000000284,0.2133017119283635
1867,71.5,71.12090121004172,0.5,0.5266034238567203
1868,71.9,71.54085377793427,0.3999999999999986,0.4199525678925396
1869,72.35,72.00083006188052,0.44999999999999574,0.459976283946266
1870,73.0,72.6608063458268,0.6500000000000057,0.6599762839462764
1871,74.35,74.03408434170143,1.3499999999999943,1.3732779958746246
1872,75.0,74.69406062564771,0.6500000000000057,0.6599762839462764
1873,75.7,75.43396576143279,0.7000000000000028,0.7399051357850839
1874,77.35,77.16045060502087,1.6499999999999986,1.7264848435880713
1875,79.0,78.96009486421491,1.6499999999999986,1.7996442591940547
1876,80.8,80.88646112753433,1.7999999999999972,1.9263662633194212
1877,81.9,82.01971540735524,1.1000000000000014,1.1332542798209029
1878,85.4,85.6660342385672,3.500000000000007,3.6463188312119716
1879,87.1,87.41924108628065,1.6999999999999957,1.753206847713438
1880,88.1,88.48574964592244,1.0,1.0665085596418025
1881,88.75,89.22553620143889,0.6499999999999986,0.7397865555164319
1882,89.1,89.5655599174926,0.3499999999999943,0.34002371605372356
1883,90.0,90.50546505327769,0.9000000000000057,0.9399051357850866
1884,91.25,91.8519024647583,1.25,1.3464374114806137
1885,91.25,91.8519024647583,0.0,0.0
1886,93.5,94.24489586798818,2.25,2.3929934032298754
1887,95.2,96.01140442762998,1.7000000000000028,1.766508559641805
1888,95.94999999999999,96.77138071157624,0.7499999999999929,0.7599762839462632
1889,100.0,101.05748609830464,4.050000000000004,4.286105386728403
1890,100.15,101.22411323821511,0.14999999999999858,0.16662713991044872
1891,100.44999999999999,101.50416067032256,0.29999999999999716,0.2800474321074566
1892,100.55000000000001,101.6241132382151,0.10000000000000853,0.11995256789254906
1893,100.7,101.76413695426884,0.14999999999999858,0.1400237160537283
1894,100.7,101.76413695426884,0.0,0.0
1895,100.7,101.73088267444794,0.0,-0.03325427982090123
1896,100.15,101.14430296664494,-0.5500000000000043,-0.5865797078029958
1897,99.65,100.59109611893149,-0.5,-0.5532068477134418
1898,99.55,100.45119098314642,-0.10000000000000142,-0.139905135785083
1899,98.6,99.41805528359416,-0.9499999999999957,-1.0331356995522483
1900,98.5,99.26484843588072,-0.10000000000000142,-0.1532068477134436
1901,98.4,99.15819757991655,-0.10000000000000142,-0.10665085596418175
1902,98.35,99.10487215193444,-0.04999999999999716,-0.05332542798208709
1903,98.3,99.05154672395237,-0.05000000000000426,-0.053325427982094664
1904,97.4,98.09168902027473,-0.8999999999999986,-0.9598577036776207
1905,97.25,97.93171273632846,-0.14999999999999858,-0.15997628394626884
1906,97.05,97.71841102440011,-0.20000000000000284,-0.2133017119283635
1907,95.55,96.11864818493741,-1.5,-1.5997628394627035
1908,94.35,94.79228192161797,-1.1999999999999957,-1.3263662633194202
1909,93.75,94.1523767858329,-0.6000000000000014,-0.639905135785083
1910,93.30000000000001,93.67244793399409,-0.44999999999999574,-0.4799288518388065
1911,92.85,93.19251908215527,-0.45000000000000284,-0.47992885183881406
1912,92.45,92.76591565829855,-0.3999999999999986,-0.4266034238567194
1913,92.65,92.97921737022692,0.19999999999999574,0.21330171192835595
1914,92.45,92.76591565829855,-0.19999999999999574,-0.21330171192835595
1915,92.45,92.76591565829855,0.0,0.0
1916,92.30000000000001,92.60593937435229,-0.14999999999999858,-0.15997628394626884
1917,92.55,92.84596309040602,0.2499999999999929,0.24002371605372258
1918,92.6,92.89928851838809,0.04999999999999716,0.05332542798208709
1919,92.75,93.05926480233437,0.15000000000000568,0.15997628394627642
1920,93.75,94.01270881058511,1.0,0.953444008250738
1921,94.35,94.5528511069075,0.6000000000000014,0.5401422963223793
1922,94.6,94.81947824681794,0.25,0.2666271399104506
1923,94.55000000000001,94.77280367480003,-0.04999999999999716,-0.04667457201790722
1924,94.45,94.66615281883585,-0.10000000000000142,-0.10665085596418175
1925,93.65,93.91935966654928,-0.8000000000000043,-0.746793152286562
1926,93.69999999999999,93.97268509453139,0.04999999999999716,0.05332542798208709
1927,93.75,94.01935966654929,0.05000000000000426,0.04667457201791385
1928,93.65,93.92601052251348,-0.10000000000000142,-0.09334914403582108
1929,93.85,94.11935966654929,0.20000000000000284,0.19334914403582296
1930,93.75,94.01270881058511,-0.10000000000000142,-0.10665085596418175
1931,93.75,94.01270881058511,0.0,0.0
1932,94.3,94.59928851838811,0.5499999999999972,0.5865797078029883
1933,94.19999999999999,94.49263766242393,-0.10000000000000142,-0.10665085596418175
1934,94.05,94.33266137847764,-0.14999999999999858,-0.15997628394626884
1935,94.35,94.63266137847765,0.29999999999999716,0.29999999999999716
1936,94.69999999999999,94.97268509453137,0.3500000000000014,0.3400237160537311
1937,94.8,95.0660342385672,0.10000000000000142,0.09334914403582108
1938,94.69999999999999,94.95938338260302,-0.10000000000000142,-0.10665085596418175
1939,94.6,94.85273252663883,-0.09999999999999432,-0.10665085596417417
1940,94.85,95.1193596665493,0.25,0.2666271399104506
1941,95.0,95.2660342385672,0.14999999999999858,0.14667457201790815
1942,95.0,95.2660342385672,0.0,0.0
1943,95.0,95.2660342385672,0.0,0.0
1944,94.95,95.21270881058511,-0.04999999999999716,-0.05332542798208709
1945,95.15,95.42601052251348,0.19999999999999574,0.21330171192835595
1946,95.55000000000001,95.82601052251347,0.4000000000000057,0.40000000000000563
1947,95.5,95.7726850945314,-0.05000000000000426,-0.053325427982094664
1948,95.55000000000001,95.82601052251347,0.05000000000000426,0.053325427982094664
1949,95.5,95.7726850945314,-0.05000000000000426,-0.053325427982094664
1950,95.7,95.95273252663884,0.20000000000000284,0.18004743210746227
1951,95.80000000000001,96.05938338260303,0.10000000000000142,0.10665085596418175
1952,95.80000000000001,96.05938338260303,0.0,0.0
1953,96.15,96.39275624269257,0.3499999999999943,0.3333728600895437
1954,96.25,96.49940709865675,0.10000000000000142,0.10665085596418175
1955,96.2,96.44608167067464,-0.04999999999999716,-0.05332542798208709
1956,96.35,96.58610538672838,0.14999999999999858,0.1400237160537283
1957,96.35,96.58610538672838,0.0,0.0
1958,96.44999999999999,96.69275624269258,0.09999999999999432,0.10665085596417417
1959,96.35,96.58610538672838,-0.09999999999999432,-0.10665085596417417
1960,96.7,96.9327799587463,0.3500000000000014,0.346674572017911
1961,96.65,96.8794545307642,-0.05000000000000426,-0.053325427982094664
1962,96.75,96.9861053867284,0.10000000000000142,0.10665085596418175
1963,96.7,96.91282739085376,-0.04999999999999716,-0.07327799587462765
1964,96.9,97.0995256789254,0.20000000000000284,0.18669828807164215
1965,96.94999999999999,97.13954939497911,0.04999999999999005,0.04002371605371977
1966,96.85,97.04620025094331,-0.09999999999999432,-0.09334914403581444
1967,96.80000000000001,96.99287482296121,-0.04999999999999716,-0.05332542798208709
1968,97.05,97.23289853901495,0.2499999999999929,0.24002371605372258
1969,97.05,97.23289853901495,0.0,0.0
1970,96.94999999999999,97.12624768305078,-0.10000000000000142,-0.10665085596418175
1971,97.2,97.37957311103285,0.2500000000000071,0.25332542798209745
1972,97.4,97.57292225506868,0.19999999999999574,0.1933491440358154
1973,97.55,97.71294597112241,0.14999999999999858,0.1400237160537283
1974,97.7,97.86627139910449,0.15000000000000568,0.1533254279820956
1975,98.1,98.25962054314031,0.3999999999999986,0.3933491440358182
1976,98.1,98.25962054314031,0.0,0.0
1977,98.2,98.35296968717614,0.10000000000000142,0.09334914403582108
1978,98.5,98.6330171192836,0.29999999999999716,0.2800474321074566
1979,98.55,98.66638997937314,0.04999999999999716,0.03337286008954654
1980,98.5,98.6330171192836,-0.04999999999999716,-0.03337286008954654
1981,98.4,98.5330171192836,-0.09999999999999432,-0.0999999999999943
1982,98.30000000000001,98.43966797524779,-0.10000000000000142,-0.09334914403582108
1983,98.35,98.49299340322986,0.04999999999999716,0.05332542798208709
1984,98.30000000000001,98.43966797524779,-0.04999999999999716,-0.05332542798208709
1985,98.45,98.57969169130152,0.14999999999999858,0.1400237160537283
1986,98.5,98.62636626331943,0.04999999999999716,0.04667457201790722
1987,98.6,98.71971540735524,0.10000000000000142,0.09334914403582108
1988,98.8,98.9330171192836,0.19999999999999574,0.21330171192835595
1989,98.80000000000001,98.92636626331941,7.105427357601002e-15,-0.006650855964173234
1990,98.80000000000001,98.92636626331941,0.0,0.0
1991,98.94999999999999,99.05973912340896,0.14999999999999147,0.13337286008954083
1992,99.1,99.1997628394627,0.14999999999999858,0.1400237160537283
1993,99.5,99.57315941560597,0.4000000000000057,0.3733965761432843
1994,99.44999999999999,99.52648484358805,-0.05000000000000426,-0.04667457201791385
1995,99.44999999999999,99.52648484358805,0.0,0.0
1996,99.25,99.3131831316597,-0.19999999999999574,-0.21330171192835595
1997,99.25,99.31983398762388,0.0,0.006650855964179865
1998,99.4,99.45320684771342,0.14999999999999858,0.1333728600895484
1999,99.35,99.38657970780298,-0.04999999999999716,-0.06662713991044776
2000,99.35,99.38657970780298,0.0,0.0
2001,99.94999999999999,99.94002371605372,0.36666666666666475,0.3389812903305655
2002,100.0,100.00000000000001,0.05000000000000426,0.05997628394627453
2003,99.7,99.83878374861864,-0.16666666666666194,-0.16404168524958634
2004,100.0,100.0,0.29999999999999716,0.16121625138135864
2005,100.0,100.0,0.0,0.0
2006,100.1,100.1,0.09999999999999432,0.0999999999999943
2007,100.1,100.1,0.0,0.0
2008,100.1,100.1,0.0,0.0
2009,100.7,100.70000000000002,0.6000000000000085,0.6000000000000085
2010,100.7,100.70000000000002,0.0,0.0
2011,101.6,101.6,0.0,0.0
2012,102.5,102.5,0.0,0.0
2013,103.4,103.40000000000002,0.29999999999999716,0.29999999999999716
2014,103.4,103.40000000000002,0.0,0.0
2015,103.4,103.40000000000002,0.0,0.0
2016,103.4,103.40000000000002,0.0,0.0
2017,103.4,103.40000000000002,0.0,0.0
2018,103.4,103.40000000000002,0.0,0.0
2019,103.4,103.40000000000002,0.0,0.0
2020,103.4,103.40000000000002,0.0,0.0
2021,103.6,103.6,0.19999999999998863,0.1999999999999886
2022,103.6,103.6,0.0,0.0
2023,103.6,103.6,0.0,0.0
2024,103.7,103.7,0.0,0.0
2025,103.5,103.5,0.0,0.0
2026,103.5,103.5,0.0,0.0
2027,68.9,69.09999480102933,0.0,0.0
2028,32.6,32.6,0.05000000000000426,0.06182773554439915
2029,32.6,32.6,0.0,0.0
2030,33.6,33.6,1.0,1.0
2031,33.7,33.7,0.10000000000000142,0.10000000000000142
2032,34.3,34.3,0.5999999999999943,0.5999999999999943
2033,34.8,34.8,0.5,0.5
2034,34.9,34.9,0.10000000000000142,0.10000000000000142
2035,35.2,35.2,0.30000000000000426,0.30000000000000426
2036,35.2,35.2,0.0,0.0
2037,35.2,35.2,0.0,0.0
2038,36.3,36.3,1.0999999999999943,1.0999999999999943
2039,36.3,36.3,0.0,0.0
2040,36.9,36.9,0.6000000000000014,0.6000000000000014
2041,37.0,37.0,0.10000000000000142,0.10000000000000142
2042,37.2,37.2,0.20000000000000284,0.20000000000000284
2043,37.3,37.3,0.09999999999999432,0.09999999999999432
2044,37.3,37.3,0.0,0.0
2045,37.3,37.3,0.0,0.0
2046,37.3,37.3,0.0,0.0
2047,37.4,37.4,0.10000000000000142,0.10000000000000142
2048,37.4,37.4,0.0,0.0
2049,37.9,37.9,0.5,0.5
2050,38.1,38.1,0.20000000000000284,0.20000000000000284
2051,38.2,38.2,0.10000000000000142,0.10000000000000142
2052,38.3,38.3,0.09999999999999432,0.09999999999999432
2053,38.9,38.9,0.6000000000000014,0.6000000000000014
2054,39.3,39.3,0.3999999999999986,0.3999999999999986
2055,39.9,39.9,0.6000000000000014,0.6000000000000014
2056,40.1,40.1,0.20000000000000284,0.20000000000000284
2057,40.1,40.1,0.0,0.0
2058,40.1,40.1,0.0,0.0
2059,41.0,41.0,0.8999999999999986,0.8999999999999986
2060,41.1,41.1,0.10000000000000142,0.10000000000000142
2061,41.9,41.9,0.7999999999999972,0.7999999999999972
2062,42.5,42.5,0.6000000000000014,0.6000000000000014
2063,42.6,42.6,0.10000000000000142,0.10000000000000142
2064,42.7,42.7,0.10000000000000142,0.10000000000000142
2065,43.5,43.5,0.7999999999999972,0.7999999999999972
2066,43.6,43.6,0.10000000000000142,0.10000000000000142
2067,44.4,44.4,0.3500000000000014,0.32298760931639464
2068,45.8,45.866030288337704,0.30000000000000426,0.30000000000000426
2069,45.6,45.6660302883377,-0.1999999999999993,-0.19999999999999907
2070,45.45,45.531037172050816,-0.15000000000000213,-0.13499311628688734
2071,45.45,45.531037172050816,0.0,0.0
2072,45.2,45.29604405576393,-0.25,-0.23499311628688496
2073,45.85,45.99106470690327,0.6500000000000021,0.6950206511393473
2074,45.95,46.091064706903275,0.09999999999999787,0.09999999999999765
2075,46.099999999999994,46.23806333016065,0.14999999999999858,0.14699862325737573
2076,46.599999999999994,46.76207434410164,0.5,0.5240110139409839
2077,46.65,46.82107847432951,0.05000000000000071,0.05900413022786983
2078,46.7,46.868077097586884,0.05000000000000071,0.046998623257377664
2079,46.9,47.08008260455737,0.1999999999999993,0.21200550697049123
2080,46.75,46.93908673478525,-0.14999999999999858,-0.14099586977212966
2081,46.75,46.94508948827049,0.0,0.006002753485246086
2082,46.7,46.89809086501311,-0.05000000000000071,-0.046998623257377664
2083,46.7,46.89809086501311,0.0,0.0
2084,46.900000000000006,47.09809086501312,0.20000000000000284,0.20000000000000281
2085,47.099999999999994,47.29208811152787,0.19999999999999574,0.19399724651474964
2086,47.4,47.6100963719836,0.3000000000000007,0.3180082604557387
2087,47.4,47.6100963719836,0.0,0.0
2088,47.400000000000006,47.59809086501312,3.552713678800501e-15,-0.0120055069704884
2089,47.5,47.692088111527866,0.09999999999999787,0.09399724651475198
2090,47.55,47.739086734785246,0.05000000000000071,0.046998623257377664
2091,47.900000000000006,48.092088111527865,0.3500000000000014,0.3530013767426242
2092,47.75,47.933083981299994,-0.15000000000000213,-0.15900413022787124
2093,47.849999999999994,48.027081227814755,0.09999999999999787,0.09399724651475198
2094,47.95,48.12107847432951,0.10000000000000142,0.09399724651475533
2095,48.0,48.17407985107213,0.05000000000000071,0.05300137674262375
2096,48.2,48.37407985107213,0.1999999999999993,0.19999999999999948
2097,48.3,48.47407985107213,0.10000000000000142,0.10000000000000141
2098,48.55,48.72708122781475,0.25,0.2530013767426228
2099,48.55,48.72708122781475,0.0,0.0
2100,48.75,48.915075720844264,0.1999999999999993,0.18799449302950733
2101,48.95,49.12107847432951,0.1999999999999993,0.20600275348524513
2102,49.05,49.215075720844254,0.09999999999999787,0.09399724651475198
2103,49.25,49.40307021387377,0.20000000000000284,0.18799449302951066
2104,49.95,50.10907296735901,0.6999999999999993,0.7060027534852457
2105,50.25,50.409072967359016,0.3000000000000007,0.30000000000000043
2106,50.4,50.55006883713114,0.14999999999999858,0.14099586977212966
2107,50.55,50.70307021387377,0.15000000000000213,0.15300137674262518
2108,50.75,50.90307021387377,0.1999999999999993,0.19999999999999907
2109,50.849999999999994,50.99706746038852,0.09999999999999787,0.09399724651475198
2110,51.2,51.350068837131154,0.350000000000005,0.353001376742628
2111,51.3,51.4440660836459,0.09999999999999787,0.09399724651475198
2112,51.35,51.49106470690327,0.05000000000000071,0.046998623257377664
2113,51.85,51.99106470690328,0.5,0.5
2114,51.95,52.09106470690328,0.09999999999999787,0.09999999999999765
2115,52.2,52.32605782319016,0.25,0.23499311628688496
2116,52.599999999999994,52.708049562734416,0.3999999999999986,0.38199173954426074
2117,52.75,52.86105093947705,0.15000000000000213,0.15300137674262518
2118,52.75,52.86105093947705,0.0,0.0
2119,52.8,52.908049562734426,0.05000000000000071,0.046998623257377664
2120,53.3,53.420055069704915,0.49999999999999645,0.5120055069704883
2121,53.4,53.51405231621967,0.10000000000000142,0.09399724651475533
2122,53.55,53.66705369296229,0.15000000000000213,0.15300137674262518
2123,53.7,53.80804956273442,0.14999999999999858,0.14099586977212966
2124,53.85,53.95504818599181,0.15000000000000213,0.14699862325737906
2125,54.150000000000006,54.24304267902131,0.3000000000000007,0.28799449302950875
2126,54.150000000000006,54.24304267902131,0.0,0.0
2127,54.2,54.29004130227869,0.05000000000000071,0.046998623257377664
2128,54.35,54.431037172050814,0.14999999999999858,0.14099586977212966
2129,54.8,54.85402478136721,0.4499999999999993,0.4229876093163923
2130,54.75,54.80702615810983,-0.05000000000000071,-0.046998623257377664
2131,54.7,54.760027534852455,-0.04999999999999716,-0.046998623257374327
2132,54.75,54.80702615810983,0.04999999999999716,0.046998623257374327
2133,55.0,55.042019274396715,0.25,0.23499311628688496
2134,55.150000000000006,55.183015144168856,0.15000000000000213,0.140995869772133
2135,55.35,55.371009637198355,0.1999999999999993,0.18799449302950733
2136,55.5,55.51200550697049,0.14999999999999858,0.14099586977212966
2137,55.849999999999994,55.85300137674262,0.34999999999999787,0.3409958697721287
2138,55.95,55.94699862325737,0.10000000000000142,0.09399724651475533
2139,55.95,55.94699862325737,0.0,0.0
2140,55.9,55.89999999999999,-0.05000000000000071,-0.046998623257377664
2141,55.849999999999994,55.85300137674262,-0.05000000000000071,-0.046998623257377664
2142,55.599999999999994,55.61800826045573,-0.25,-0.23499311628688496
2143,55.55,55.57100963719836,-0.04999999999999716,-0.046998623257374327
2144,55.5,55.524011013940985,-0.05000000000000071,-0.046998623257377664
2145,55.599999999999994,55.61800826045573,0.09999999999999787,0.09399724651475198
2146,55.7,55.7,0.10000000000000497,0.08199173954426693
2147,55.900000000000006,55.88799449302951,0.1999999999999993,0.18799449302950733
2148,56.0,55.98199173954426,0.09999999999999787,0.09399724651475198
2149,55.85,55.83499311628688,-0.14999999999999858,-0.14699862325737573
2150,55.6,55.6,-0.25,-0.23499311628688496
2151,55.55,55.55300137674262,-0.05000000000000071,-0.046998623257377664
2152,55.5,55.51200550697049,-0.05000000000000071,-0.04099586977213158
2153,55.45,55.465006883713116,-0.04999999999999716,-0.046998623257374327
2154,55.400000000000006,55.41800826045574,-0.05000000000000071,-0.046998623257377664
2155,55.35,55.371009637198355,-0.05000000000000071,-0.046998623257377664
2156,55.45,55.465006883713116,0.10000000000000142,0.09399724651475533
2157,55.599999999999994,55.61800826045573,0.14999999999999503,0.15300137674261804
2158,55.4,55.42401101394098,-0.1999999999999993,-0.19399724651475342
2159,55.599999999999994,55.61800826045573,0.1999999999999993,0.19399724651475342
2160,55.599999999999994,55.61800826045573,0.0,0.0
2161,55.55,55.57100963719836,-0.04999999999999716,-0.046998623257374327
2162,55.6,55.62401101394097,0.05000000000000071,0.05300137674262375
2163,55.6,55.62401101394097,0.0,0.0
2164,55.85,55.889017897654085,0.25,0.265006883713115
2165,56.1,56.12401101394097,0.25,0.23499311628688496
2166,56.1,56.12401101394097,0.0,0.0
2167,56.0,56.024011013940985,-0.10000000000000142,-0.10000000000000141
2168,56.2,56.23001376742623,0.20000000000000284,0.2060027534852489
2169,56.1,56.13001376742623,-0.10000000000000142,-0.10000000000000141
2170,56.05,56.083015144168854,-0.05000000000000071,-0.046998623257377664
2171,56.05,56.083015144168854,0.0,0.0
2172,55.8,55.84802202788197,-0.25,-0.23499311628688496
2173,55.8,55.84802202788197,0.0,0.0
2174,56.55,56.63103717205082,0.75,0.7830151441688528
2175,56.75,56.82503441856557,0.1999999999999993,0.19399724651475342
2176,56.8,56.89004130227868,0.04999999999999716,0.06500688371311214
2177,56.65,56.749045432506556,-0.14999999999999858,-0.14099586977212966
2178,56.65,56.749045432506556,0.0,0.0
2179,56.65,56.749045432506556,0.0,0.0
2180,56.7,56.79604405576393,0.05000000000000071,0.046998623257377664
2181,56.8,56.89604405576393,0.10000000000000142,0.10000000000000141
2182,56.900000000000006,57.00804956273443,0.10000000000000142,0.11200550697049358
2183,56.95,57.05504818599181,0.05000000000000071,0.046998623257377664
2184,56.95,57.05504818599181,0.0,0.0
2185,56.900000000000006,57.00804956273443,-0.05000000000000071,-0.046998623257377664
2186,56.85,56.961050939477055,-0.05000000000000071,-0.046998623257377664
2187,57.0,57.10204680924918,0.14999999999999858,0.14099586977212966
2188,57.3,57.40804956273442,0.3000000000000007,0.3060027534852465
2189,57.2,57.314052316219666,-0.10000000000000142,-0.09399724651475533
2190,57.3,57.42005506970491,0.09999999999999787,0.10600275348524373
2191,57.95,58.10307021387376,0.6500000000000021,0.6830151441688551
2192,57.95,58.10307021387376,0.0,0.0
2193,57.95,58.11507572084427,3.552713678800501e-15,0.01200550697049551
2194,58.05,58.22107847432951,0.09999999999999787,0.10600275348524373
2195,58.05,58.22107847432951,0.0,0.0
2196,58.1,58.27407985107212,0.05000000000000071,0.05300137674262375
2197,57.85,58.03908673478525,-0.25,-0.23499311628688496
2198,57.900000000000006,58.09809086501312,0.05000000000000071,0.05900413022786983
2199,57.95,58.14508948827049,0.05000000000000071,0.046998623257377664
2200,57.8,58.0100963719836,-0.15000000000000568,-0.13499311628689067
2201,57.7,57.91609912546885,-0.09999999999999787,-0.09399724651475198
2202,57.75,57.96309774872622,0.05000000000000071,0.046998623257377664
2203,57.900000000000006,58.128104632439346,0.15000000000000213,0.16500688371311734
2204,57.900000000000006,58.128104632439346,0.0,0.0
2205,57.900000000000006,58.128104632439346,0.0,0.0
2206,57.7,57.94611289289507,-0.20000000000000284,-0.18199173954426498
2207,57.7,57.94611289289507,0.0,0.0
2208,57.7,57.94611289289507,0.0,0.0
2209,57.7,57.94611289289507,0.0,0.0
2210,57.6,57.83410738592459,-0.09999999999999787,-0.11200550697048982
2211,57.5,57.752115646380325,-0.10000000000000142,-0.08199173954426316
2212,57.65,57.8991142696377,0.14999999999999858,0.1469986232573753
2213,57.599999999999994,57.85811839986558,-0.05000000000000071,-0.04099586977213158
2214,57.6,57.870123906836064,3.552713678800501e-15,0.01200550697049551
2215,57.5,57.770123906836055,-0.10000000000000142,-0.10000000000000141
2216,57.55,57.81712253009344,0.05000000000000071,0.046998623257377664
2217,57.65,57.905117023122955,0.09999999999999787,0.0879944930295059
2218,57.849999999999994,58.093111516152454,0.1999999999999993,0.18799449302950733
2219,57.849999999999994,58.093111516152454,0.0,0.0
2220,57.85,58.07510325569672,3.552713678800501e-15,-0.018008260455734473
2221,57.75,57.99311151615245,-0.10000000000000142,-0.08199173954426359
2222,57.8,58.040110139409826,0.04999999999999716,0.046998623257374327
2223,57.05,57.24508948827048,-0.75,-0.795020651139345
2224,56.65,56.821078474329504,-0.3999999999999986,-0.42401101394098245
2225,56.7,56.874079851072125,0.05000000000000071,0.05300137674262375
2226,56.7,56.874079851072125,0.0,0.0
2227,57.0,57.192088111527866,0.3000000000000007,0.3180082604557387
2228,57.0,57.192088111527866,0.0,0.0
2229,56.900000000000006,57.092088111527865,-0.09999999999999787,-0.09999999999999808
2230,56.95,57.14508948827049,0.05000000000000071,0.05300137674262375
2231,57.0,57.192088111527866,0.04999999999999716,0.046998623257374327
2232,56.95,57.14508948827049,-0.04999999999999716,-0.046998623257374327
2233,57.0,57.192088111527866,0.04999999999999716,0.046998623257374327
2234,57.0,57.192088111527866,0.0,0.0
2235,57.5,57.72210187895409,0.5,0.53001376742623
2236,57.7,57.9221018789541,0.1999999999999993,0.19999999999999907
2237,57.7,57.9221018789541,0.0,0.0
2238,57.45,57.64508948827049,-0.24999999999999645,-0.2770123906836034
2239,57.75,57.94508948827049,0.29999999999999716,0.2999999999999971
2240,57.75,57.94508948827049,0.0,0.0
2241,57.85,58.04508948827049,0.10000000000000142,0.10000000000000141
2242,57.900000000000006,58.092088111527865,0.05000000000000071,0.046998623257377664
2243,57.8,57.998090865013104,-0.10000000000000142,-0.09399724651475533
2244,58.3,58.52810463243933,0.5,0.53001376742623
2245,58.35,58.57510325569672,0.05000000000000071,0.046998623257377664
2246,58.400000000000006,58.6221018789541,0.05000000000000071,0.046998623257377664
2247,58.5,58.716099125468844,0.09999999999999787,0.09399724651475198
2248,58.45,58.675103255696726,-0.04999999999999716,-0.04099586977212824
2249,58.8,59.028104632439344,0.34999999999999787,0.3530013767426209
2250,59.35,59.56910050221147,0.5500000000000007,0.5409958697721315
2251,59.75,59.96309774872623,0.3999999999999986,0.39399724651475243
2252,59.9,60.104093618498354,0.14999999999999858,0.14099586977212966
2253,60.150000000000006,60.363097748726226,0.25000000000000355,0.25900413022787266
2254,60.349999999999994,60.563097748726236,0.19999999999999574,0.1999999999999957
2255,60.45,60.65709499524098,0.10000000000000142,0.09399724651475533
2256,60.349999999999994,60.563097748726236,-0.10000000000000142,-0.09399724651475533
2257,60.699999999999996,60.90409361849835,0.34999999999999787,0.3409958697721287
2258,60.699999999999996,60.90409361849835,0.0,0.0
2259,61.25,61.475103255696716,0.5500000000000043,0.5710096371983653
2260,61.35,61.56910050221148,0.10000000000000142,0.09399724651475533
2261,61.55,61.757094995240976,0.1999999999999993,0.18799449302950733
2262,62.15,62.32708122781475,0.5999999999999979,0.5699862325737676
2263,62.699999999999996,62.84406608364589,0.5499999999999972,0.5169848558311443
2264,63.2,63.29604405576393,0.5000000000000036,0.4519779721180354
2265,63.699999999999996,63.78403854879343,0.49999999999999645,0.48799449302950443
2266,64.65,64.71903166508032,0.9500000000000028,0.9349931162868879
2267,65.1,65.14201927439672,0.45000000000000284,0.4229876093163956
2268,65.69999999999999,65.73601652091146,0.5999999999999943,0.5939972465147486
2269,65.9,65.92401101394097,0.20000000000000284,0.18799449302951066
2270,66.0,66.01800826045573,0.10000000000000142,0.09399724651475533
2271,66.15,66.15900413022787,0.14999999999999858,0.14099586977212966
2272,66.45,66.44699862325737,0.30000000000000426,0.28799449302951247
2273,66.45,66.44699862325737,0.0,0.0
2274,66.6,66.5879944930295,0.14999999999999858,0.14099586977212966
2275,66.9,66.89999999999999,0.30000000000000426,0.312005506970496
2276,66.9,66.89999999999999,0.0,0.0
2277,67.30000000000001,67.29399724651475,0.3999999999999986,0.39399724651475243
2278,67.55,67.55300137674261,0.2499999999999929,0.2590041302278618
2279,67.85,67.83499311628688,0.29999999999999716,0.2819917395442593
2280,68.65,68.62899036280162,0.8000000000000043,0.793997246514758
2281,68.8,68.76998623257376,0.14999999999999858,0.14099586977212966
2282,69.0,68.95798072560326,0.20000000000000284,0.18799449302951066
2283,70.15,70.08096833491966,1.1499999999999986,1.1229876093163917
2284,70.44999999999999,70.36896282794916,0.29999999999999716,0.28799449302950497
2285,70.55,70.46296007446392,0.10000000000000142,0.09399724651475533
2286,70.6,70.5219642046918,0.05000000000000426,0.05900413022787317
2287,70.95,70.85695732097868,0.3500000000000014,0.3349931162868868
2288,70.95,70.85695732097868,0.0,0.0
2289,71.45,71.32694355355245,0.5,0.4699862325737699
2290,71.7,71.59795319075081,0.25,0.2710096371983606
2291,71.75,71.6449518140082,0.04999999999999716,0.046998623257374327
2292,72.1,72.01596145120655,0.3500000000000014,0.3710096371983625
2293,72.25,72.15695732097869,0.14999999999999858,0.14099586977212966
2294,72.19999999999999,72.11596145120654,-0.05000000000000426,-0.040995869772135346
2295,72.85,72.80497934886064,0.6499999999999986,0.6890178976540974
2296,73.0,72.95798072560328,0.15000000000000568,0.1530013767426285
2297,73.19999999999999,73.14597521863277,0.19999999999999574,0.18799449302950397
2298,73.19999999999999,73.14597521863277,0.0,0.0
2299,73.19999999999999,73.14597521863277,0.0,0.0
2300,73.6,73.5219642046918,0.4000000000000057,0.3759889860590213
2301,73.85,73.75695732097869,0.25,0.23499311628688496
2302,74.1,73.99195043726557,0.25,0.23499311628688496
2303,74.6,74.51596145120655,0.5,0.5240110139409843
2304,74.75,74.65695732097868,0.14999999999999858,0.14099586977212966
2305,75.05000000000001,74.93894906052294,0.30000000000000426,0.281991739544266
2306,75.35,75.22094080006721,0.29999999999999716,0.2819917395442593
2307,75.85,75.69092703264099,0.5,0.4699862325737699
2308,76.25,76.09092703264096,0.3999999999999986,0.39999999999999813
2309,76.69999999999999,76.51391464195737,0.44999999999999574,0.4229876093163889
2310,76.75,76.56091326521474,0.05000000000000426,0.046998623257381
2311,77.0,76.79590638150162,0.25,0.23499311628688496
2312,77.0,76.79590638150162,0.0,0.0
2313,77.25,77.03089949778851,0.25,0.23499311628688496
2314,77.25,77.03089949778851,0.0,0.0
2315,77.4,77.17189536756064,0.14999999999999858,0.14099586977212966
2316,77.65,77.40688848384752,0.25,0.23499311628688496
2317,77.69999999999999,77.4538871071049,0.04999999999999716,0.046998623257374327
2318,77.8,77.54788435361966,0.10000000000000142,0.09399724651475533
2319,77.8,77.54788435361966,0.0,0.0
2320,78.0,77.73587884664916,0.20000000000000284,0.18799449302951066
2321,78.1,77.8298760931639,0.09999999999999432,0.09399724651474865
2322,78.7,78.41787058619343,0.6000000000000085,0.5879944930295162
2323,80.30000000000001,80.11391464195736,1.6000000000000014,1.6960440557639374
2324,81.05000000000001,80.89092703264097,0.75,0.7770123906836072
2325,81.4,81.21991739544262,0.3500000000000014,0.3289903628016403
2326,81.2,81.0319229024131,-0.20000000000000284,-0.18799449302951066
2327,81.2,81.0319229024131,0.0,0.0
2328,81.30000000000001,81.12592014892786,0.10000000000000142,0.09399724651475533
2329,81.35,81.17291877218524,0.04999999999999716,0.046998623257374327
2330,81.35,81.17291877218524,0.0,0.0
2331,81.5,81.31391464195738,0.14999999999999858,0.14099586977212966
2332,81.85,81.65491051172948,0.3499999999999943,0.3409958697721249
2333,81.9,81.70791188847211,0.05000000000000426,0.05300137674262751
2334,82.4,82.19590638150163,0.5,0.4879944930295077
2335,82.65,82.43089949778852,0.25,0.23499311628688496
2336,82.7,82.4778981210459,0.05000000000000426,0.046998623257381
2337,82.75,82.52489674430326,0.04999999999999716,0.046998623257374327
2338,83.1,82.8778981210459,0.3500000000000014,0.3530013767426246
2339,83.1,82.8778981210459,0.0,0.0
2340,83.0,82.78390087453114,-0.10000000000000142,-0.09399724651475533
2341,83.0,82.78390087453114,0.0,0.0
2342,83.1,82.8778981210459,0.10000000000000142,0.09399724651475533
2343,83.6,83.40791188847213,0.5,0.53001376742623
2344,85.55000000000001,85.46896282794917,1.9500000000000028,2.0610509394770533
2345,85.6,85.51596145120655,0.04999999999999716,0.046998623257374327
2346,85.65,85.56896282794918,0.04999999999999716,0.05300137674261998
2347,85.80000000000001,85.71596145120655,0.15000000000000568,0.14699862325738283
2348,86.0,85.92196420469179,0.19999999999999574,0.2060027534852418
2349,86.0,85.92196420469179,0.0,0.0
2350,87.44999999999999,87.45900413022785,1.4499999999999957,1.5370399255360623
2351,87.44999999999999,87.45900413022785,0.0,0.0
2352,88.4,88.39999999999999,0.95000000000001,0.9409958697721409
2353,88.95,88.91698485583115,0.5499999999999972,0.5169848558311443
2354,89.5,89.49999999999999,0.5499999999999972,0.5830151441688499
2355,89.5,89.49999999999999,0.0,0.0
2356,89.95,89.94699862325736,0.45000000000000284,0.44699862325737993
2357,90.55,90.53499311628687,0.5999999999999943,0.587994493029502
2358,90.65,90.64099586977211,0.10000000000000142,0.1060027534852475
2359,90.65,90.64099586977211,0.0,0.0
2360,90.8,90.7879944930295,0.14999999999999858,0.1469986232573753
2361,90.9,90.8879944930295,0.10000000000000142,0.10000000000000185
2362,90.9,90.8879944930295,0.0,0.0
2363,91.05,91.03499311628687,0.14999999999999858,0.1469986232573753
2364,91.05,91.03499311628687,0.0,0.0
2365,91.1,91.0879944930295,0.05000000000000426,0.05300137674262751
2366,91.1,91.0879944930295,0.0,0.0
2367,91.1,91.0879944930295,0.0,0.0
2368,91.1,91.0879944930295,0.0,0.0
2369,91.1,91.0879944930295,0.0,0.0
2370,91.1,91.0879944930295,0.0,0.0
2371,91.1,91.0879944930295,0.0,0.0
2372,91.65,91.61698485583115,0.5499999999999972,0.5289903628016356
2373,91.65,91.61698485583115,0.0,0.0
2374,91.75,91.72298760931639,0.10000000000000142,0.1060027534852475
2375,92.15,92.0989765953754,0.3999999999999986,0.37598898605901465
2376,92.35,92.29297384189016,0.20000000000000284,0.19399724651475717
2377,92.7,92.6219642046918,0.3500000000000014,0.3289903628016403
2378,92.9,92.81596145120655,0.19999999999999574,0.19399724651474964
2379,93.2,93.0979531907508,0.30000000000000426,0.281991739544266
2380,93.35,93.24495181400818,0.14999999999999147,0.14699862325736865
2381,93.65,93.53294630703769,0.30000000000000426,0.28799449302951247
2382,93.65,93.53294630703769,0.0,0.0
2383,93.6,93.48594768378032,-0.04999999999999716,-0.046998623257374327
2384,93.6,93.48594768378032,0.0,0.0
2385,93.65,93.53294630703769,0.04999999999999716,0.046998623257374327
2386,95.0,94.86793942332457,1.3500000000000014,1.3349931162868858
2387,95.15,95.02694355355244,0.14999999999999858,0.15900413022786747
2388,95.15,95.02694355355244,0.0,0.0
2389,95.05,94.9329463070377,-0.10000000000000142,-0.09399724651475533
2390,95.1,94.97994493029508,0.04999999999999716,0.046998623257374327
2391,95.8,95.63792565589834,0.7000000000000028,0.6579807256032806
2392,95.4,95.26193666983933,-0.3999999999999986,-0.37598898605901465
2393,95.55,95.40293253961146,0.14999999999999858,0.14099586977212966
2394,95.65,95.50293253961146,0.10000000000000142,0.10000000000000185
2395,95.9,95.73792565589835,0.25,0.23499311628688496
2396,96.35,96.20293253961147,0.45000000000000284,0.4650068837131178
2397,96.4,96.24993116286885,0.05000000000000426,0.046998623257381
2398,96.4,96.24993116286885,0.0,0.0
2399,96.45,96.29692978612621,0.04999999999999716,0.046998623257374327
2400,96.6,96.43792565589834,0.14999999999999858,0.14099586977212966
2401,97.3,97.16193666983932,0.6999999999999957,0.7240110139409797
2402,97.55,97.39692978612621,0.25,0.23499311628688496
2403,97.55,97.39692978612621,0.0,0.0
2404,97.80000000000001,97.6439284093836,0.2500000000000071,0.24699862325738384
2405,97.95,97.77291877218524,0.14999999999999858,0.12899036280163745
2406,98.25,98.08492427915573,0.29999999999999716,0.31200550697048934
2407,98.55000000000001,98.39092703264097,0.30000000000000426,0.30600275348525036
2408,98.44999999999999,98.29092703264098,-0.10000000000000853,-0.10000000000000853
2409,98.55,98.38492427915573,0.10000000000000142,0.09399724651475533
2410,99.0,98.83792565589833,0.45000000000000284,0.4530013767426256
2411,99.1,98.94392840938359,0.10000000000000142,0.1060027534852475
2412,99.05,98.90293253961146,-0.05000000000000426,-0.040995869772135346
2413,99.44999999999999,99.33894906052294,0.3999999999999986,0.43601652091147464
2414,99.5,99.38594768378033,0.05000000000000426,0.046998623257381
2415,99.55,99.4329463070377,0.04999999999999716,0.046998623257374327
2416,99.55000000000001,99.45095456749344,7.105427357601002e-15,0.018008260455745356
2417,99.55,99.44495181400818,-7.105427357601002e-15,-0.00600275348525319
2418,99.65,99.56296007446392,0.10000000000000142,0.11800826045573966
2419,99.55,99.46296007446392,-0.10000000000000142,-0.10000000000000185
2420,99.5,99.42196420469179,-0.04999999999999716,-0.04099586977212781
2421,99.5,99.42196420469179,0.0,0.0
2422,99.30000000000001,99.2339697116623,-0.19999999999999574,-0.18799449302950397
2423,99.3,99.22796695817705,-7.105427357601002e-15,-0.00600275348525319
2424,99.25,99.18096833491967,-0.04999999999999716,-0.046998623257374327
2425,99.2,99.12796695817704,-0.04999999999999716,-0.05300137674261998
2426,99.19999999999999,99.13396971166227,-7.105427357601002e-15,0.006002753485238981
2427,99.1,99.03997246514751,-0.10000000000000142,-0.09399724651475533
2428,99.05,98.99297384189015,-0.04999999999999716,-0.046998623257374327
2429,98.95,98.89297384189015,-0.09999999999999432,-0.0999999999999943
2430,98.9,98.84597521863277,-0.05000000000000426,-0.046998623257381
2431,98.9,98.84597521863277,0.0,0.0
2432,99.05,99.00497934886064,0.14999999999999858,0.15900413022786747
2433,99.0,98.9639834790885,-0.04999999999999716,-0.04099586977212781
2434,98.95,98.91698485583115,-0.04999999999999716,-0.046998623257374327
2435,98.85,98.82298760931639,-0.10000000000000142,-0.09399724651475533
2436,98.7,98.68199173954426,-0.14999999999999858,-0.14099586977212966
2437,98.94999999999999,98.94099586977212,0.2499999999999929,0.2590041302278618
2438,98.9,98.89999999999999,-0.04999999999999005,-0.040995869772121135
2439,98.9,98.89999999999999,0.0,0.0
2440,98.95,98.95300137674262,0.04999999999999716,0.05300137674261998
2441,98.94999999999999,98.95900413022785,-7.105427357601002e-15,0.006002753485238981
2442,98.9,98.90600275348524,-0.04999999999999716,-0.05300137674261998
2443,98.9,98.90600275348524,0.0,0.0
2444,99.05,99.04699862325737,0.14999999999999858,0.14099586977212966
2445,99.1,99.1,0.04999999999999716,0.05300137674261998
2446,98.80000000000001,98.79399724651475,-0.29999999999999005,-0.3060027534852361
2447,98.95,98.94699862325737,0.14999999999999858,0.15300137674262182
2448,98.95,98.94699862325737,0.0,0.0
2449,98.95,98.94699862325737,0.0,0.0
2450,98.85,98.85300137674263,-0.10000000000000142,-0.09399724651475533
2451,98.85,98.85300137674263,0.0,0.0
2452,99.0,99.0,0.14999999999999858,0.1469986232573753
2453,99.1,99.09399724651475,0.10000000000000142,0.09399724651475533
2454,99.25,99.2530013767426,0.14999999999999858,0.15900413022786747
2455,99.25,99.2530013767426,0.0,0.0
2456,99.3,99.29999999999998,0.04999999999999716,0.046998623257374327
2457,99.65,99.65900413022786,0.3500000000000014,0.3590041302278703
2458,99.85,99.85900413022786,0.0,-0.05335157922968879
2459,100.0,99.99999999999997,0.14999999999999858,0.14099586977212966
2460,68.9,69.09999480102933,0.0,0.047310942177576205
2461,33.05,32.39947454505833,0.05000000000000426,0.06182773554439915
2462,33.25,32.57581907396955,0.20000000000000107,0.17634452891121255
2463,33.4,32.76130228060273,0.15000000000000036,0.18548320663318207
2464,33.55,32.94678548723591,0.15000000000000036,0.18548320663318207
2465,34.95,34.39409642941348,1.3999999999999986,1.4473109421775747
2466,35.05,34.49409642941349,0.10000000000000142,0.10000000000000142
2467,35.05,34.49409642941349,0.0,0.0
2468,35.2,34.608613222780306,0.15000000000000213,0.11451679336681997
2469,35.2,34.608613222780306,0.0,0.0
2470,35.2,34.608613222780306,0.0,0.0
2471,35.2,34.608613222780306,0.0,0.0
2472,35.2,34.608613222780306,0.0,0.0
2473,35.3,34.68495775169151,0.09999999999999787,0.0763445289112106
2474,35.650000000000006,35.04678548723591,0.3500000000000014,0.36182773554439457
2475,35.5,34.93226869386909,-0.15000000000000213,-0.11451679336681997
2476,35.35,34.81775190050227,-0.14999999999999858,-0.11451679336681726
2477,34.8,34.397856991490606,-0.5500000000000007,-0.41989490901166776
2478,35.25,35.001617553567726,0.4499999999999993,0.6037605620771203
2479,35.150000000000006,34.92527302465651,-0.09999999999999787,-0.0763445289112106
2480,34.95,34.77258396683409,-0.1999999999999993,-0.15268905782242392
2481,35.25,35.167205851189244,0.29999999999999716,0.3946218843551479
2482,35.3,35.25268905782242,0.05000000000000071,0.08548320663318287
2483,34.900000000000006,34.97096641326636,-0.3999999999999986,-0.2817226445560597
2484,34.9,34.99462188435515,-3.552713678800501e-15,0.02365547108878371
2485,35.0,35.07096641326636,0.10000000000000142,0.07634452891121331
2486,34.599999999999994,34.76558829762151,-0.40000000000000213,-0.3053781156448505
2487,34.599999999999994,34.76558829762151,0.0,0.0
2488,34.599999999999994,34.7892437687103,0.0,0.023655471088788103
2489,34.4,34.63655471088787,-0.1999999999999993,-0.15268905782242392
2490,34.4,34.63655471088787,0.0,0.0
2491,34.4,34.63655471088787,0.0,0.0
2492,34.25,34.54569338860985,-0.14999999999999858,-0.09086132227802916
2493,34.4,34.73117659524303,0.14999999999999858,0.18548320663317985
2494,34.4,34.75483206633181,0.0,0.023655471088788103
2495,34.599999999999994,34.907521124154236,0.1999999999999993,0.15268905782242392
2496,34.65,34.96934885969863,0.05000000000000071,0.06182773554439476
2497,34.95,35.43493715732015,0.3000000000000007,0.4655882976215148
2498,34.85,35.358592628408935,-0.09999999999999787,-0.0763445289112106
2499,34.900000000000006,35.44407583504212,0.05000000000000071,0.08548320663318287
2500,34.900000000000006,35.44407583504212,0.0,0.0
2501,34.55,35.176869983852875,-0.3500000000000014,-0.2672058511892439
2502,34.400000000000006,35.062353190486064,-0.14999999999999858,-0.11451679336681726
2503,34.150000000000006,34.871491868208025,-0.25,-0.19086132227803057
2504,34.15,34.895147339296805,-3.552713678800501e-15,0.02365547108878371
2505,34.2,34.95697507484121,0.05000000000000071,0.06182773554439476
2506,34.3,35.08063054592999,0.10000000000000142,0.12365547108878952
2507,33.85,34.8080465790959,-0.45000000000000107,-0.27258396683409325
2508,33.9,34.8698743146403,0.05000000000000071,0.06182773554439476
2509,33.95,34.908046579095895,0.049999999999998934,0.0381722644556053
2510,33.6,34.64084072790666,-0.34999999999999964,-0.2672058511892425
2511,33.75,34.84997940562862,0.15000000000000036,0.20913867772196934
2512,33.8,34.91180714117302,0.05000000000000071,0.06182773554439476
2513,33.85,34.949979405628625,0.049999999999998934,0.0381722644556053
2514,34.2,35.38277355443939,0.3500000000000014,0.4327941488107589
2515,34.35,35.54460128998378,0.14999999999999858,0.16182773554439175
2516,34.85,36.06825676107256,0.5,0.5236554710887881
2517,35.05,36.268256761072564,0.20000000000000107,0.20000000000000148
2518,35.1,36.306429025528175,0.05000000000000071,0.038172264455606654
2519,35.400000000000006,36.65373996770575,0.3000000000000007,0.347310942177576
2520,35.6,36.901050909883324,0.1999999999999993,0.24731094217757463
2521,36.05,37.24460128998378,0.4499999999999993,0.34355038010045447
2522,36.55,37.74460128998378,0.5,0.5
2523,36.85,38.091912232161356,0.3000000000000007,0.347310942177576
2524,37.1,38.401050909883324,0.25,0.3091386777219694
2525,37.1,38.401050909883324,0.0,0.0
2526,37.15,38.439223174338935,0.049999999999998934,0.0381722644556053
2527,37.4,38.7483618520609,0.25,0.3091386777219694
2528,37.55,38.8865341165165,0.15000000000000036,0.13817226445560674
2529,37.8,39.195672794238476,0.25,0.3091386777219694
2530,38.0,39.442983736416046,0.1999999999999993,0.24731094217757463
2531,39.55,41.31233259611468,1.5500000000000007,1.8693488596986347
2532,39.6,41.35050486057029,0.05000000000000071,0.038172264455606654
2533,39.650000000000006,41.41233259611469,0.05000000000000071,0.06182773554439476
2534,39.900000000000006,41.6268493894815,0.25,0.21451679336681867
2535,40.85,42.7779208937362,0.9499999999999993,1.1510715042546946
2536,40.85,42.7779208937362,0.0,0.0
2537,41.0,42.939748629280594,0.14999999999999858,0.16182773554439348
2538,41.45,43.47254277809135,0.4499999999999993,0.5327941488107559
2539,41.6,43.634370513635744,0.15000000000000213,0.16182773554439617
2540,42.4,44.552647869079685,0.7999999999999972,0.9182773554439358
2541,43.4,45.74189163778998,1.0,1.1892437687103015
2542,43.45,45.780063902245594,0.05000000000000071,0.038172264455606654
2543,43.95,46.37468578660074,0.5000000000000036,0.5946218843551552
2544,44.099999999999994,46.536513522145135,0.14999999999999503,0.16182773554438906
2545,44.2,46.61285805105634,0.10000000000000142,0.07634452891121331
2546,44.45,46.92199672877832,0.25,0.3091386777219694
2547,44.849999999999994,47.345652199867104,0.3999999999999986,0.42365547108878665
2548,45.0,47.53113540650029,0.15000000000000213,0.18548320663318427
2549,45.3,47.87844634867786,0.3000000000000007,0.347310942177576
2550,45.35,47.916618613133465,0.05000000000000071,0.038172264455606654
2551,45.45,47.99296314204469,0.10000000000000142,0.07634452891121331
2552,46.400000000000006,49.07306823303301,0.9499999999999993,1.080105090988332
2553,46.400000000000006,49.07306823303301,0.0,0.0
2554,46.45,49.1348959685774,0.04999999999999716,0.06182773554439037
2555,46.8,49.449412761944224,0.3500000000000014,0.31451679336682004
2556,47.15,49.81124049748862,0.34999999999999787,0.3618277355443919
2557,47.3,49.9967237041218,0.15000000000000213,0.18548320663318427
2558,47.75,50.41124049748862,0.4499999999999993,0.4145167933668171
2559,48.55,51.376828795110136,0.8000000000000007,0.9655882976215148
2560,48.55,51.35317332402134,0.0,-0.023655471088788103
2561,49.3,52.13865653065452,0.7499999999999964,0.7854832066331785
2562,49.349999999999994,52.176828795110126,0.05000000000000071,0.038172264455606654
2563,49.6,52.43865653065453,0.25000000000000355,0.2618277355443976
2564,49.8,52.615001059565735,0.1999999999999993,0.17634452891121202
2565,50.0,52.81500105956574,0.1999999999999993,0.19999999999999843
2566,50.5,53.31500105956574,0.5,0.5
2567,51.15,54.024139737287705,0.6499999999999986,0.709138677721968
2568,51.75,54.553173324021344,0.6000000000000014,0.5290335867336388
2569,52.2,54.94403464629937,0.4499999999999993,0.39086132227802894
2570,53.099999999999994,55.63113540650028,0.8999999999999986,0.6871007602009089
2571,53.75,56.15103031551195,0.6500000000000021,0.5198949090116691
2572,53.8,56.189202579967564,0.05000000000000071,0.038172264455606654
2573,53.9,56.28920257996756,0.09999999999999787,0.0999999999999987
2574,53.25,55.485442017890435,-0.6499999999999986,-0.8037605620771185
2575,53.349999999999994,55.585442017890436,0.09999999999999787,0.09999999999999701
2576,53.25,55.41447560462407,-0.09999999999999787,-0.17096641326636133
2577,53.05,55.14350919135771,-0.1999999999999993,-0.2709664132663627
2578,52.849999999999994,54.87254277809134,-0.20000000000000284,-0.27096641326636545
2579,52.599999999999994,54.53974862928059,-0.25,-0.3327941488107575
2580,52.65,54.60157636482498,0.05000000000000071,0.06182773554439476
2581,52.2,53.99781580274786,-0.4499999999999993,-0.6037605620771203
2582,52.05,53.906954480469835,-0.14999999999999858,-0.09086132227802916
2583,52.15,53.98329900938104,0.09999999999999787,0.0763445289112106
2584,51.849999999999994,53.63598806720347,-0.3000000000000007,-0.347310942177576
2585,51.849999999999994,53.63598806720347,0.0,0.0
2586,51.900000000000006,53.6268493894815,0.05000000000000426,-0.00913867772196514
2587,51.85,53.5650216539371,-0.05000000000000071,-0.06182773554439476
2588,51.75,53.41771071175954,-0.10000000000000142,-0.14731094217757762
2589,51.5,53.108572034037564,-0.25,-0.3091386777219694
2590,51.45,53.02308882740438,-0.05000000000000071,-0.08548320663318117
2591,51.599999999999994,53.18491656294877,0.14999999999999858,0.16182773554439175
2592,51.5,53.0376056207712,-0.09999999999999787,-0.1473109421775732
2593,51.2,52.855882976215135,-0.29999999999999716,-0.18172264455605833
2594,51.0,52.608572034037564,-0.20000000000000284,-0.24731094217757904
2595,51.25,52.77577788522681,0.25,0.16720585118924414
2596,51.1,52.61395014968242,-0.14999999999999858,-0.16182773554439348
2597,50.85,52.21018958760529,-0.25,-0.4037605620771201
2598,50.900000000000006,52.27201732314969,0.05000000000000071,0.06182773554439476
2599,50.95,52.33384505869408,0.04999999999999716,0.06182773554439037
2600,51.0,52.3483618520609,0.05000000000000071,0.01451679336682023
2601,50.9,52.22470638097211,-0.10000000000000142,-0.12365547108878952
2602,50.8,52.053739967705745,-0.09999999999999787,-0.17096641326636133
2603,50.599999999999994,51.83008449661695,-0.20000000000000284,-0.2236554710887909
2604,50.7,51.953739967705744,0.10000000000000142,0.12365547108878952
2605,50.5,51.706429025528166,-0.1999999999999993,-0.24731094217757463
2606,50.6,51.64084072790666,0.10000000000000142,-0.06558829762151361
2607,51.15,52.155357521273466,0.5499999999999972,0.5145167933668158
2608,51.15,52.155357521273466,0.0,0.0
2609,51.099999999999994,52.093529785729075,-0.05000000000000071,-0.06182773554439476
2610,50.95,51.955357521273484,-0.14999999999999503,-0.13817226445560096
2611,51.0,52.017185256817875,0.04999999999999716,0.06182773554439037
2612,51.0,52.040840727906655,0.0,0.023655471088788103
2613,51.2,52.288151670084225,0.1999999999999993,0.24731094217757463
2614,51.2,52.24084072790666,0.0,-0.04731094217757452
2615,51.099999999999994,52.11718525681786,-0.10000000000000142,-0.12365547108878952
2616,50.95,51.93170205018468,-0.14999999999999858,-0.18548320663317985
2617,51.2,52.12256337246272,0.25,0.19086132227803057
2618,51.099999999999994,51.99890790137393,-0.10000000000000142,-0.12365547108878952
2619,51.25,52.18439110800711,0.15000000000000213,0.18548320663318427
2620,51.05,51.96073563691832,-0.1999999999999993,-0.22365547108878822
2621,50.95,51.88439110800711,-0.10000000000000142,-0.07634452891121331
2622,51.1,52.069874314640295,0.15000000000000213,0.18548320663318427
2623,51.099999999999994,52.093529785729075,-3.552713678800501e-15,0.02365547108878371
2624,51.15,52.155357521273466,0.05000000000000071,0.06182773554439476
2625,51.099999999999994,52.093529785729075,-0.05000000000000071,-0.06182773554439476
2626,51.15,52.131702050184686,0.05000000000000071,0.038172264455606654
2627,51.05,52.079012992362266,-0.09999999999999787,-0.052689057822422496
2628,51.099999999999994,52.11718525681786,0.04999999999999716,0.03817226445560395
2629,51.099999999999994,52.11718525681786,0.0,0.0
2630,50.55,51.64997940562863,-0.5499999999999972,-0.46720585118923963
2631,50.7,51.66987431464029,0.14999999999999858,0.019894909011664828
2632,50.650000000000006,51.6080465790959,-0.04999999999999716,-0.06182773554439037
2633,50.45,51.36073563691832,-0.20000000000000284,-0.24731094217757904
2634,50.3,51.222563372462716,-0.14999999999999858,-0.13817226445560368
2635,50.25,51.160735636918325,-0.05000000000000071,-0.06182773554439476
2636,50.4,51.36987431464029,0.14999999999999858,0.20913867772196798
2637,50.4,51.346218843551505,0.0,-0.023655471088788103
2638,50.5,51.46987431464029,0.10000000000000142,0.12365547108878952
2639,50.1,51.04621884355151,-0.3999999999999986,-0.42365547108878665
2640,50.2,51.16987431464029,0.09999999999999787,0.12365547108878511
2641,50.25,51.2080465790959,0.05000000000000071,0.038172264455606654
2642,49.95,50.86073563691832,-0.3000000000000007,-0.347310942177576
2643,50.1,51.02256337246272,0.15000000000000213,0.16182773554439617
2644,50.150000000000006,51.08439110800712,0.05000000000000071,0.06182773554439476
2645,49.849999999999994,50.78439110800711,-0.30000000000000426,-0.30000000000000426
2646,49.849999999999994,50.78439110800711,0.0,0.0
2647,49.8,50.72256337246272,-0.04999999999999716,-0.06182773554439037
2648,50.099999999999994,51.11718525681786,0.29999999999999716,0.3946218843551479
2649,50.15,51.131702050184686,0.05000000000000071,0.014516793366818551
2650,50.15,51.131702050184686,0.0,0.0
2651,50.3,51.31718525681787,0.15000000000000213,0.18548320663318427
2652,50.3,51.293529785729085,0.0,-0.023655471088788103
2653,50.4,51.36987431464029,0.09999999999999787,0.0763445289112106
2654,50.95,52.002668463451045,0.5500000000000007,0.6327941488107574
2655,51.2,52.31180714117302,0.25,0.3091386777219694
2656,51.25,52.34997940562863,0.05000000000000071,0.038172264455606654
2657,51.25,52.32632393453983,0.0,-0.023655471088788103
2658,51.400000000000006,52.51180714117302,0.15000000000000213,0.18548320663318427
2659,51.55,52.673634876717415,0.14999999999999503,0.16182773554438906
2660,51.9,53.082773554439385,0.3500000000000014,0.40913867772197077
2661,52.05,53.24460128998378,0.15000000000000213,0.16182773554439617
2662,52.15,53.2972903478062,0.09999999999999787,0.052689057822422496
2663,52.2,53.359118083350594,0.05000000000000071,0.06182773554439476
2664,52.25,53.3972903478062,0.05000000000000071,0.038172264455606654
2665,52.599999999999994,53.735462612261806,0.34999999999999787,0.33817226445560383
2666,52.75,53.92094581889499,0.15000000000000213,0.18548320663318427
2667,53.0,54.15911808335059,0.25,0.23817226445560508
2668,53.150000000000006,54.32094581889499,0.15000000000000213,0.16182773554439617
2669,53.099999999999994,54.21180714117302,-0.05000000000000426,-0.10913867772197366
2670,53.2,54.31180714117301,0.10000000000000142,0.10000000000000142
2671,53.25,54.34997940562862,0.05000000000000071,0.038172264455606654
2672,53.35,54.47363487671742,0.10000000000000142,0.12365547108878952
2673,53.55,54.6972903478062,0.1999999999999993,0.2236554710887865
2674,53.55,54.6972903478062,0.0,0.0
2675,53.7,54.81180714117302,0.14999999999999858,0.11451679336681726
2676,53.75,54.87363487671741,0.05000000000000071,0.06182773554439476
2677,53.6,54.68815167008423,-0.14999999999999858,-0.18548320663317985
2678,53.65,54.74997940562862,0.04999999999999716,0.06182773554439037
2679,53.7,54.78815167008423,0.05000000000000071,0.038172264455606654
2680,53.6,54.68815167008423,-0.09999999999999787,-0.09999999999999701
2681,53.7,54.78815167008423,0.09999999999999787,0.09999999999999701
2682,53.75,54.84997940562862,0.05000000000000071,0.06182773554439476
2683,53.8,54.86449619899543,0.04999999999999716,0.014516793366815836
2684,54.3,55.388151670084234,0.5000000000000036,0.5236554710887907
2685,54.4,55.488151670084235,0.09999999999999787,0.0999999999999987
2686,54.45,55.549979405628626,0.05000000000000071,0.06182773554439476
2687,54.6,55.68815167008423,0.15000000000000213,0.13817226445560807
2688,54.75,55.87363487671741,0.14999999999999858,0.18548320663317985
2689,54.8,55.911807141173014,0.05000000000000071,0.038172264455606654
2690,54.95,56.0972903478062,0.14999999999999858,0.18548320663317985
2691,55.05,56.1972903478062,0.10000000000000142,0.10000000000000142
2692,55.2,56.38277355443939,0.15000000000000213,0.18548320663318427
2693,55.2,56.31180714117302,-3.552713678800501e-15,-0.070966413266367
2694,55.45,56.597290347806194,0.25,0.2854832066331813
2695,55.3,56.41180714117302,-0.14999999999999858,-0.18548320663317985
2696,55.5,56.61180714117302,0.1999999999999993,0.20000000000000012
2697,55.45,56.62094581889499,-0.05000000000000071,0.009138677721967855
2698,55.4,56.55911808335058,-0.05000000000000071,-0.06182773554439476
2699,55.45,56.62094581889499,0.05000000000000071,0.06182773554439476
2700,55.45,56.62094581889499,0.0,0.0
2701,55.45,56.62094581889499,0.0,0.0
2702,55.6,56.78277355443938,0.15000000000000213,0.16182773554439617
2703,55.6,56.78277355443938,0.0,0.0
2704,55.849999999999994,57.044601289983774,0.24999999999999645,0.2618277355443904
2705,56.0,57.206429025528166,0.15000000000000213,0.16182773554439617
2706,56.2,57.40642902552817,0.1999999999999993,0.19999999999999843
2707,56.5,57.706429025528166,0.3000000000000007,0.3000000000000015
2708,56.55,57.74460128998378,0.05000000000000071,0.038172264455606654
2709,56.75,57.96825676107256,0.1999999999999993,0.2236554710887865
2710,56.900000000000006,58.153739967705754,0.15000000000000213,0.18548320663318427
2711,56.849999999999994,58.02094581889498,-0.05000000000000426,-0.13279414881076176
2712,56.95,58.12094581889498,0.10000000000000142,0.10000000000000142
2713,57.15,58.2972903478062,0.1999999999999993,0.17634452891121202
2714,57.8,58.911807141173014,0.6500000000000021,0.6145167933668199
2715,57.95,58.979012992362264,0.14999999999999858,0.06720585118924105
2716,58.3,59.34084072790665,0.3500000000000014,0.3618277355443963
2717,58.95,59.95535752127348,0.6500000000000021,0.6145167933668199
2718,59.400000000000006,60.41718525681787,0.4499999999999993,0.4618277355443933
2719,59.599999999999994,60.593529785729075,0.19999999999999574,0.1763445289112076
2720,60.05,61.102668463451046,0.45000000000000284,0.5091386777219722
2721,60.3,61.36449619899544,0.24999999999999645,0.2618277355443904
2722,60.8,61.95911808335059,0.5000000000000036,0.5946218843551552
2723,61.45,62.57363487671741,0.6500000000000021,0.6145167933668199
2724,61.7,62.83546261226181,0.24999999999999645,0.2618277355443904
2725,61.8,62.91180714117302,0.10000000000000142,0.07634452891121331
2726,62.0,63.06449619899544,0.1999999999999993,0.15268905782242392
2727,62.25,63.37363487671742,0.25,0.3091386777219694
2728,62.4,63.55911808335059,0.14999999999999858,0.18548320663317985
2729,62.650000000000006,63.844601289983785,0.25000000000000355,0.2854832066331857
2730,62.65,63.820945818894984,-3.552713678800501e-15,-0.0236554710887925
2731,63.0,64.25373996770574,0.3500000000000014,0.4327941488107589
2732,63.300000000000004,64.62470638097211,0.30000000000000426,0.37096641326636853
2733,63.7,64.88277355443938,0.3999999999999986,0.25806717346727165
2734,64.1,65.2591180833506,0.3999999999999986,0.3763445289112104
2735,64.35,65.52094581889499,0.24999999999999645,0.2618277355443904
2736,64.3,65.4591180833506,-0.04999999999999716,-0.06182773554439037
2737,64.45,65.620945818895,0.15000000000000213,0.16182773554439617
2738,64.7,65.95373996770573,0.24999999999999645,0.3327941488107531
2739,64.55,65.74460128998378,-0.15000000000000213,-0.2091386777219724
2740,65.0,66.23008449661695,0.45000000000000284,0.4854832066331857
2741,65.7,67.02470638097212,0.6999999999999993,0.7946218843551491
2742,66.15,67.48653411651651,0.4499999999999993,0.4618277355443933
2743,66.35,67.71018958760529,0.1999999999999993,0.2236554710887865
2744,66.4,67.7483618520609,0.05000000000000071,0.038172264455606654
2745,66.85,68.21018958760529,0.4499999999999993,0.4618277355443933
2746,67.25,68.61018958760529,0.40000000000000213,0.40000000000000296
2747,67.95,69.35750052978287,0.7000000000000028,0.747310942177579
2748,67.9,69.29567279423847,-0.05000000000000426,-0.06182773554439915
2749,68.05,69.45750052978286,0.15000000000000213,0.16182773554439617
2750,68.45,69.83384505869408,0.3999999999999986,0.3763445289112104
2751,68.69999999999999,70.09567279423847,0.24999999999999645,0.2618277355443904
2752,69.05,70.50481147196045,0.350000000000005,0.4091386777219752
2753,69.45,70.9757778852268,0.40000000000000213,0.4709664132663655
2754,69.9,71.27201732314968,0.44999999999999574,0.2962394379228755
2755,70.3,71.67201732314967,0.3999999999999986,0.39999999999999686
2756,70.5,71.8247063809721,0.20000000000000284,0.15268905782242662
2757,71.0,72.23008449661695,0.5,0.40537811564485093
2758,71.6,72.80642902552816,0.6000000000000014,0.5763445289112132
2759,71.8,72.91180714117301,0.19999999999999574,0.10537811564484499
2760,72.55000000000001,73.64997940562863,0.7500000000000071,0.7381722644556121
2761,73.69999999999999,74.66987431464028,1.1499999999999915,1.0198949090116591
2762,74.2,75.09890790137393,0.5000000000000071,0.4290335867336428
2763,75.05000000000001,75.84245828147438,0.8500000000000014,0.7435503801004574
2764,76.65,77.15859262840893,1.5999999999999943,1.3161343469345401
2765,78.6,78.64731094217757,1.9500000000000028,1.4887183137686406
2766,80.8,80.49247887584576,2.1999999999999957,1.8451679336681805
2767,82.2,81.84516793366818,1.4000000000000057,1.3526890578224293
2768,85.25,84.2682979498153,3.049999999999997,2.42313001614712
2769,86.45,85.16077682566105,1.2000000000000028,0.8924788758457626
2770,87.6,86.10970532140637,1.1499999999999986,0.9489284957453021
2771,88.75,87.05863381715166,1.1499999999999986,0.9489284957453021
2772,88.9,87.19680608160728,0.14999999999999858,0.13817226445560704
2773,89.75,87.89304551953016,0.8500000000000014,0.6962394379228812
2774,91.4,89.29466307309788,1.6499999999999986,1.4016175535677258
2775,91.55,89.48014627973106,0.14999999999999858,0.18548320663317985
2776,94.0,91.46886459349969,2.450000000000003,1.9887183137686404
2777,95.55000000000001,92.74682667597865,1.5500000000000043,1.277962082478945
2778,96.15,93.27586026271227,0.5999999999999943,0.5290335867336317
2779,100.05000000000001,96.30060783242713,3.9000000000000057,3.024747569714857
2780,99.9,96.02050274143879,-0.15000000000000568,-0.2801050909883377
2781,100.0,96.14415821252759,0.10000000000000142,0.12365547108878952
2782,100.30000000000001,96.42050274143881,0.30000000000000426,0.27634452891121614
2783,100.35,96.48233047698321,0.04999999999999716,0.06182773554439037
2784,100.35,96.48233047698321,0.0,0.0
2785,100.5,96.78609103906032,0.14999999999999858,0.3037605620771187
2786,100.3,96.79899027885939,-0.20000000000000284,0.012899239799088358
2787,99.94999999999999,96.67371725420288,-0.3500000000000014,-0.12527302465651868
2788,99.55,96.34468366746924,-0.3999999999999986,-0.3290335867336342
2789,98.55000000000001,95.62854932053472,-0.9999999999999929,-0.7161343469345406
2790,97.85,94.97586026271227,-0.7000000000000028,-0.6526890578224266
2791,97.8,94.96134346934545,-0.05000000000000426,-0.014516793366822945
2792,97.80000000000001,94.98499894043425,7.105427357601002e-15,0.023655471088795208
2793,97.85,95.07048214706742,0.04999999999999005,0.08548320663317135
2794,96.9,94.32155365132212,-0.9499999999999957,-0.7489284957452993
2795,96.6,94.02155365132212,-0.29999999999999716,-0.2999999999999971
2796,96.4,93.8688645934997,-0.20000000000000284,-0.15268905782242662
2797,94.9,92.72369665983152,-1.5,-1.1451679336681835
2798,93.3,91.47852872616333,-1.6000000000000014,-1.2451679336681865
2799,92.6,90.89680608160727,-0.6999999999999957,-0.5817226445560553
2800,91.85,90.18228928824045,-0.75,-0.7145167933668203
2801,90.95,89.28228928824045,-0.8999999999999986,-0.8999999999999968
2802,90.6,89.03873890814,-0.3500000000000014,-0.2435503801004575
2803,91.25,89.74787758586196,0.6499999999999986,0.7091386777219697
2804,90.85,89.34787758586197,-0.3999999999999986,-0.40000000000000024
2805,90.9,89.40970532140635,0.04999999999999716,0.06182773554439037
2806,91.0,89.6043272057615,0.10000000000000142,0.1946218843551521
2807,90.95,89.51884399912834,-0.04999999999999716,-0.08548320663317678
2808,91.0,89.55701626358395,0.04999999999999716,0.03817226445560395
2809,91.25,89.79518852803953,0.25,0.2381722644556034
2810,91.80000000000001,90.40432720576152,0.5500000000000043,0.6091386777219754
2811,91.55000000000001,90.1661549413059,-0.25,-0.23817226445560677
2812,91.75,90.29518852803955,0.19999999999999574,0.1290335867336314
2813,92.0,90.60432720576152,0.25,0.3091386777219694
2814,91.95,90.5898104123947,-0.04999999999999716,-0.014516793366814157
2815,91.85,90.4661549413059,-0.10000000000000142,-0.12365547108878952
2816,92.25,90.93712135457226,0.3999999999999986,0.4709664132663628
2817,92.19999999999999,90.87529361902787,-0.05000000000000426,-0.06182773554439915
2818,92.19999999999999,90.87529361902787,0.0,0.0
2819,92.45,91.16077682566107,0.2500000000000071,0.28548320663318844
2820,92.25,90.96077682566106,-0.20000000000000284,-0.20000000000000284
2821,92.15,90.83712135457226,-0.10000000000000142,-0.12365547108878952
2822,92.8,91.38067173467272,0.6499999999999986,0.5435503801004546
2823,92.69999999999999,91.30432720576151,-0.10000000000000142,-0.07634452891121331
2824,92.69999999999999,91.37529361902787,0.0,0.0709664132663626
2825,92.8,91.4279826768503,0.10000000000000142,0.052689057822426895
2826,92.94999999999999,91.56615494130591,0.14999999999999858,0.13817226445560368
2827,92.85,91.44249947021713,-0.09999999999999432,-0.12365547108878074
2828,92.75,91.36615494130591,-0.10000000000000142,-0.07634452891121331
2829,92.7,91.35163814793908,-0.04999999999999716,-0.014516793366817528
2830,93.0,91.60432720576152,0.29999999999999716,0.2526890578224209
2831,93.05,91.64249947021712,0.04999999999999716,0.03817226445560395
2832,92.95,91.51884399912834,-0.09999999999999432,-0.12365547108878074
2833,93.15,91.7661549413059,0.19999999999999574,0.24731094217757021
2834,93.1,91.7279826768503,-0.04999999999999716,-0.03817226445560395
2835,93.44999999999999,92.0661549413059,0.3499999999999943,0.33817226445560106
2836,93.80000000000001,92.40432720576152,0.3500000000000085,0.33817226445561527
2837,93.85,92.4898104123947,0.04999999999999005,0.08548320663317135
2838,94.0,92.6516381479391,0.15000000000000568,0.1618277355443989
2839,94.0,92.67529361902787,0.0,0.023655471088789782
2840,93.95,92.63712135457227,-0.04999999999999716,-0.03817226445560395
2841,94.05000000000001,92.71346588348348,0.10000000000000142,0.07634452891121331
2842,94.4,93.14626003229424,0.3499999999999943,0.4327941488107501
2843,94.6,93.36991550338304,0.20000000000000284,0.2236554710887926
2844,94.6,93.32260456120545,0.0,-0.047310942177576205
2845,94.6,93.34626003229425,0.0,0.02365547108878642
2846,94.65,93.40808776783864,0.05000000000000426,0.06182773554439915
2847,94.7,93.46991550338304,0.04999999999999716,0.06182773554439037
2848,95.19999999999999,94.04088191664938,0.4999999999999929,0.5709664132663571
2849,95.2,94.08819285882699,7.105427357601002e-15,0.047310942177581625
2850,95.30000000000001,94.14088191664939,0.10000000000000142,0.052689057822426895
2851,95.3,94.16453738773816,-7.105427357601002e-15,0.023655471088780997
2852,95.44999999999999,94.30270965219378,0.14999999999999858,0.13817226445560368
2853,95.25,94.15002059437136,-0.19999999999999574,-0.1526890578224212
2854,95.55000000000001,94.52098700763773,0.30000000000000426,0.37096641326636853
2855,95.69999999999999,94.73012568535968,0.14999999999999147,0.20913867772196085
2856,95.69999999999999,94.73012568535968,0.0,0.0
2857,95.6,94.6301256853597,-0.09999999999999432,-0.09999999999999432
2858,95.8,94.85378115644846,0.19999999999999574,0.2236554710887838
2859,95.85,94.91560889199287,0.05000000000000426,0.06182773554439915
2860,95.8,94.90109209862605,-0.05000000000000426,-0.014516793366822945
2861,96.1,95.20109209862606,0.30000000000000426,0.30000000000000254
2862,96.45,95.61023077634802,0.3500000000000014,0.40913867772197243
2863,96.55,95.7338862474368,0.09999999999999432,0.12365547108878074
2864,96.75,95.9338862474368,0.20000000000000284,0.20000000000000284
2865,97.0,96.17205851189242,0.25,0.23817226445560677
2866,97.15,96.35754171852558,0.14999999999999858,0.18548320663317985
2867,97.4,96.66668039624757,0.25,0.3091386777219694
2868,97.55,96.85216360288075,0.14999999999999858,0.18548320663317985
2869,97.55,96.89947454505833,0.0,0.047310942177576205
2870,97.6,96.91399133842513,0.05000000000000426,0.014516793366822945
2871,97.6,96.93764680951394,0.0,0.02365547108878642
2872,97.6,96.93764680951394,0.0,0.0
2873,97.8,97.16130228060271,0.19999999999999574,0.2236554710887838
2874,97.95,97.37044095832469,0.15000000000000568,0.20913867772197509
2875,98.25,97.74140737159104,0.29999999999999716,0.3709664132663597
2876,98.6,98.17420152040181,0.3500000000000014,0.4327941488107589
2877,98.65,98.2360292559462,0.05000000000000426,0.06182773554439915
2878,99.05,98.63602925594621,0.3999999999999915,0.3999999999999914
2879,99.0,98.5978569914906,-0.04999999999999716,-0.03817226445560395
2880,99.0,98.5978569914906,0.0,0.0
2881,99.0,98.62151246257937,0.0,0.023655471088789782
2882,99.25,98.93065114030135,0.25,0.3091386777219694
2883,99.25,98.93065114030135,0.0,0.0
2884,99.25,98.93065114030135,0.0,0.0
2885,99.35,99.05430661139013,0.09999999999999432,0.12365547108878074
2886,99.15,98.90161755356772,-0.19999999999999574,-0.1526890578224212
2887,99.55,99.37258396683409,0.3999999999999986,0.4709664132663628
2888,99.6,99.45806717346726,0.05000000000000426,0.08548320663318558
2889,99.45,99.34355038010044,-0.14999999999999858,-0.11451679336681726
2890,99.45,99.34355038010044,0.0,0.0
2891,99.75,99.7381722644556,0.16666666666666666,0.16167868640323985
2892,100.0,100.0,0.25,0.2618277355443932
2893,68.9,69.09999480102933,-0.10000000000000142,-0.13468650948550873
2894,43.85,40.08651372082251,0.05000000000000426,0.06182773554439915
2895,44.2,40.31511093762323,0.34999999999999787,0.22859721680072476
2896,44.4,40.58448395659424,0.1999999999999993,0.2693730189710127
2897,45.75,41.88245419236599,1.3500000000000014,1.2979702357717415
2898,45.849999999999994,42.017140701851496,0.09999999999999787,0.13468650948550395
2899,46.05,42.2171407018515,0.20000000000000284,0.20000000000000281
2900,46.5,42.82322999453628,0.4499999999999993,0.6060892926847797
2901,46.55,42.855886739793526,0.05000000000000071,0.03265674525724706
2902,46.55,42.855886739793526,0.0,0.0
2903,46.55,42.855886739793526,0.0,0.0
2904,47.05,43.182454192365995,0.5,0.32656745257246594
2905,47.1,43.24979744710875,0.05000000000000071,0.06734325474275436
2906,46.75,42.77839466390947,-0.3500000000000014,-0.47140278319927575
2907,46.85,42.80902164493846,0.10000000000000142,0.030626981028989263
2908,46.900000000000006,42.8069918807102,0.05000000000000071,-0.0020297642282602483
2909,46.7,42.71105140916672,-0.1999999999999993,-0.0959404715434786
2910,46.8,42.776364899681205,0.09999999999999787,0.06531349051449178
2911,46.8,42.776364899681205,0.0,0.0
2912,46.7,42.6416783901957,-0.10000000000000142,-0.13468650948550873
2913,46.5,42.51105140916671,-0.1999999999999993,-0.1306269810289859
2914,46.8,42.63761886173918,0.29999999999999716,0.12656745257246307
2915,46.8,42.63761886173918,0.0,0.0
2916,46.8,42.63761886173918,0.0,0.0
2917,46.8,42.63761886173918,0.0,0.0
2918,46.75,42.570275606996425,-0.04999999999999716,-0.06734325474274959
2919,46.7,42.50293235225367,-0.05000000000000071,-0.06734325474275436
2920,46.650000000000006,42.47027560699643,-0.04999999999999716,-0.03265674525724473
2921,47.0,42.941678390195705,0.34999999999999787,0.471402783199271
2922,47.45,43.20090258802542,0.45000000000000284,0.25922419782971634
2923,47.45,43.20090258802542,0.0,0.0
2924,47.05,42.662156550083395,-0.40000000000000213,-0.5387460379420301
2925,47.2,42.76012678585513,0.14999999999999858,0.09797023577173884
2926,47.2,42.76012678585513,0.0,0.0
2927,47.35,42.89278353111238,0.15000000000000213,0.1326567452572485
2928,47.35,42.89278353111238,0.0,0.0
2929,47.75,43.15403749317034,0.3999999999999986,0.2612539620579718
2930,48.05,43.34997796471382,0.3000000000000007,0.19594047154348
2931,48.95,43.83373985088775,0.9000000000000021,0.48376188617392063
2932,48.25,43.376545417286295,-0.7000000000000028,-0.4571944336014542
2933,48.150000000000006,43.311231926771804,-0.09999999999999787,-0.06531349051449178
2934,48.35,43.58060494574282,0.1999999999999993,0.2693730189710127
2935,48.35,43.58060494574282,0.0,0.0
2936,48.400000000000006,43.64794820048556,0.05000000000000071,0.06734325474275436
2937,48.400000000000006,43.64794820048556,0.0,0.0
2938,48.400000000000006,43.64794820048556,0.0,0.0
2939,48.45,43.71529145522832,0.04999999999999716,0.06734325474274959
2940,48.5,43.74794820048557,0.05000000000000071,0.03265674525724706
2941,48.75,43.9112319267718,0.25,0.16328372628623297
2942,48.8,43.97857518151456,0.05000000000000071,0.06734325474275436
2943,48.45,43.74997796471383,-0.3500000000000014,-0.2285972168007271
2944,48.45,43.74997796471383,0.0,0.0
2945,48.8,43.94388867202905,0.34999999999999787,0.19391070731521742
2946,48.849999999999994,44.01123192677179,0.05000000000000071,0.06734325474275436
2947,48.849999999999994,44.01123192677179,0.0,0.0
2948,49.2,44.48263470997107,0.3500000000000014,0.47140278319927575
2949,49.099999999999994,44.34794820048556,-0.10000000000000142,-0.13468650948550873
2950,49.3,44.61732121945658,0.1999999999999993,0.2693730189710127
2951,49.349999999999994,44.68466447419933,0.05000000000000071,0.06734325474275436
2952,49.4,44.75200772894209,0.05000000000000071,0.06734325474275436
2953,49.4,44.75200772894209,0.0,0.0
2954,49.4,44.75200772894209,0.0,0.0
2955,49.45,44.81935098368484,0.05000000000000071,0.06734325474275436
2956,49.599999999999994,45.0213807479131,0.14999999999999858,0.2020297642282583
2957,49.65,45.08872400265586,0.05000000000000071,0.06734325474275436
2958,49.95,45.49278353111237,0.3000000000000007,0.40405952845652143
2959,49.95,45.49278353111237,0.0,0.0
2960,49.95,45.49278353111237,0.0,0.0
2961,50.0,45.56012678585513,0.05000000000000071,0.06734325474275436
2962,50.05,45.62747004059787,0.04999999999999716,0.06734325474274959
2963,50.099999999999994,45.69481329534064,0.05000000000000071,0.06734325474275436
2964,50.15,45.76215655008339,0.05000000000000071,0.06734325474275436
2965,50.349999999999994,46.031529569054406,0.1999999999999993,0.2693730189710127
2966,50.349999999999994,46.031529569054406,0.0,0.0
2967,50.4,46.09887282379715,0.05000000000000071,0.06734325474275436
2968,50.5,46.23355933328267,0.10000000000000142,0.13468650948550873
2969,50.55,46.30090258802541,0.04999999999999716,0.06734325474274959
2970,50.599999999999994,46.36824584276817,0.05000000000000071,0.06734325474275436
2971,53.900000000000006,48.52359102974645,3.3000000000000043,2.155345186978278
2972,54.2,48.78890452026093,0.29999999999999716,0.26531349051449227
2973,54.349999999999994,48.886874756032675,0.14999999999999858,0.09797023577173884
2974,54.5,49.08890452026093,0.14999999999999858,0.2020297642282583
2975,54.5,49.08890452026093,0.0,0.0
2976,55.099999999999994,49.4807854633479,0.6000000000000014,0.39188094308696
2977,55.15,49.548128718090645,0.05000000000000071,0.06734325474275436
2978,55.15,49.548128718090645,0.0,0.0
2979,55.25,49.54406918963413,0.10000000000000142,-0.0040595284565204965
2980,55.45,49.744069189634125,0.20000000000000284,0.20000000000000281
2981,55.8,49.97266640643485,0.3499999999999943,0.22859721680072242
2982,56.25,50.266577113750074,0.45000000000000284,0.2939107073152212
2983,57.05,50.927831075808044,0.8000000000000007,0.6612539620579727
2984,57.150000000000006,50.99314456632254,0.10000000000000142,0.06531349051449412
2985,57.150000000000006,50.99314456632254,0.0,0.0
2986,57.05,50.927831075808044,-0.10000000000000142,-0.06531349051449412
2987,57.1,50.995174330550796,0.05000000000000071,0.06734325474275436
2988,58.45,51.87690645249646,1.3500000000000014,0.8817321219456589
2989,58.7,52.040190178782694,0.25,0.16328372628623297
2990,58.650000000000006,51.972846924039935,-0.05000000000000071,-0.06734325474275436
2991,59.0,52.201444140840664,0.3499999999999943,0.22859721680072242
2992,59.0,52.201444140840664,0.0,0.0
2993,59.349999999999994,52.430041357641386,0.3500000000000014,0.2285972168007271
2994,59.099999999999994,52.26675763135515,-0.25,-0.16328372628623297
2995,59.099999999999994,52.26675763135515,0.0,0.0
2996,59.099999999999994,52.26675763135515,0.0,0.0
2997,59.099999999999994,52.26675763135515,0.0,0.0
2998,59.3,52.536130650326164,0.1999999999999993,0.2693730189710127
2999,60.05,53.025981829184865,0.75,0.4898511788586989
3000,59.95,52.92598182918487,-0.09999999999999432,-0.09999999999999433
3001,59.95,52.89129531969936,-3.552713678800501e-15,-0.03468650948550962
3002,60.05,52.95660881021386,0.10000000000000142,0.06531349051449412
3003,61.4,53.90771395113052,1.3499999999999979,0.9511051409166688
3004,62.05,54.332251639474734,0.6499999999999986,0.4245376883442048
3005,62.05,54.332251639474734,0.0,0.0
3006,62.25,54.46287862050371,0.20000000000000284,0.13062698102898823
3007,62.1,54.364908384731976,-0.14999999999999858,-0.09797023577173884
3008,62.1,54.364908384731976,0.0,0.0
3009,61.0,53.64645998907256,-1.1000000000000014,-0.718448395659426
3010,61.699999999999996,54.103654422674005,0.6999999999999957,0.4571944336014495
3011,61.699999999999996,54.103654422674005,0.0,0.0
3012,61.699999999999996,54.103654422674005,0.0,0.0
3013,61.699999999999996,54.103654422674005,0.0,0.0
3014,61.25,53.77505720587328,-0.44999999999999574,-0.3285972168007214
3015,61.4,53.87302744164503,0.14999999999999858,0.09797023577173884
3016,62.0,54.16084885627545,0.5999999999999979,0.28782141463043576
3017,61.849999999999994,54.06287862050372,-0.14999999999999858,-0.09797023577173884
3018,61.900000000000006,54.095535365760966,0.05000000000000426,0.032656745257249375
3019,61.849999999999994,54.06287862050372,-0.05000000000000426,-0.032656745257249375
3020,61.900000000000006,54.095535365760966,0.05000000000000426,0.032656745257249375
3021,61.900000000000006,54.095535365760966,0.0,0.0
3022,61.5,53.83428140370299,-0.4000000000000057,-0.26125396205797646
3023,61.25,53.670997677416764,-0.25,-0.16328372628623297
3024,61.400000000000006,53.7689679131885,0.15000000000000568,0.09797023577174349
3025,61.400000000000006,53.7689679131885,0.0,0.0
3026,61.55,53.86693814896024,0.14999999999999858,0.09797023577173884
3027,61.55,53.86693814896024,0.0,0.0
3028,61.6,53.934281403703,0.05000000000000071,0.06734325474275436
3029,61.150000000000006,53.67505720587328,-0.4499999999999993,-0.25922419782971157
3030,61.25,53.74037069638778,0.10000000000000142,0.06531349051449412
3031,61.599999999999994,53.9689679131885,0.3499999999999943,0.22859721680072242
3032,61.599999999999994,53.9689679131885,0.0,0.0
3033,61.599999999999994,53.9689679131885,0.0,0.0
3034,61.65,54.03631116793125,0.05000000000000071,0.06734325474275436
3035,61.550000000000004,53.97099767741677,-0.09999999999999432,-0.06531349051448947
3036,61.550000000000004,53.97099767741677,0.0,0.0
3037,61.7,54.17302744164502,0.14999999999999858,0.2020297642282583
3038,61.9,54.303654422674,0.19999999999999574,0.13062698102898357
3039,62.1,54.43428140370299,0.20000000000000284,0.13062698102898823
3040,62.5,55.07708697010154,0.40000000000000213,0.6428055663985496
3041,62.849999999999994,55.30568418690226,0.3499999999999943,0.22859721680072242
3042,63.0,55.40365442267401,0.15000000000000568,0.09797023577174349
3043,63.0,55.40365442267401,0.0,0.0
3044,63.0,55.40365442267401,0.0,0.0
3045,63.5,55.73022187524647,0.5,0.32656745257246594
3046,63.5,55.73022187524647,0.0,0.0
3047,63.5,55.73022187524647,0.0,0.0
3048,63.5,55.73022187524647,0.0,0.0
3049,63.75,56.06693814896024,0.25,0.33671627371376706
3050,63.5,55.90365442267401,-0.25,-0.16328372628623297
3051,63.599999999999994,55.96896791318849,0.09999999999999432,0.06531349051448947
3052,63.599999999999994,55.96896791318849,0.0,0.0
3053,63.8,56.09959489421748,0.20000000000000284,0.13062698102898823
3054,64.05,56.26287862050373,0.25,0.16328372628623297
3055,64.0,56.19553536576097,-0.05000000000000071,-0.06734325474275436
3056,64.0,56.19553536576097,0.0,0.0
3057,64.0,56.19553536576097,0.0,0.0
3058,64.05,56.26287862050373,0.05000000000000071,0.06734325474275436
3059,64.05,56.26287862050373,0.0,0.0
3060,64.05,56.26287862050373,0.0,0.0
3061,63.95,56.128192111018215,-0.10000000000000142,-0.13468650948550873
3062,63.95,56.128192111018215,0.0,0.0
3063,63.95,56.128192111018215,0.0,0.0
3064,64.1,56.33022187524648,0.15000000000000213,0.2020297642282631
3065,64.25,56.53225163947474,0.14999999999999858,0.2020297642282583
3066,64.25,56.53225163947474,0.0,0.0
3067,64.3,56.599594894217496,0.05000000000000071,0.06734325474275436
3068,64.25,56.56693814896024,-0.04999999999999716,-0.03265674525724473
3069,64.25,56.56693814896024,0.0,0.0
3070,64.25,56.56693814896024,0.0,0.0
3071,64.30000000000001,56.634281403703,0.05000000000000071,0.06734325474275436
3072,64.30000000000001,56.634281403703,0.0,0.0
3073,64.30000000000001,56.634281403703,0.0,0.0
3074,64.25,56.60162465844575,-0.05000000000000426,-0.032656745257249375
3075,64.25,56.60162465844575,0.0,0.0
3076,64.4,56.80365442267401,0.14999999999999858,0.2020297642282583
3077,64.4,56.80365442267401,0.0,0.0
3078,64.35,56.770997677416766,-0.04999999999999716,-0.03265674525724473
3079,64.5,56.97302744164502,0.14999999999999858,0.2020297642282583
3080,64.5,56.97302744164502,0.0,0.0
3081,64.5,56.97302744164502,0.0,0.0
3082,64.65,57.17505720587329,0.15000000000000213,0.2020297642282631
3083,64.65,57.17505720587329,0.0,0.0
3084,64.7,57.20771395113053,0.04999999999999716,0.03265674525724473
3085,64.7,57.20771395113053,0.0,0.0
3086,64.55,57.10974371535879,-0.14999999999999858,-0.09797023577173884
3087,64.75,57.24037069638778,0.20000000000000284,0.13062698102898823
3088,64.85,57.37505720587328,0.09999999999999787,0.13468650948550395
3089,64.85,57.37505720587328,0.0,0.0
3090,64.75,57.30974371535879,-0.10000000000000142,-0.06531349051449412
3091,65.0,57.646459989072554,0.25,0.33671627371376706
3092,65.0,57.646459989072554,0.0,0.0
3093,64.8,57.515833008043565,-0.20000000000000284,-0.13062698102898823
3094,64.44999999999999,57.28723579124284,-0.3500000000000014,-0.2285972168007271
3095,64.44999999999999,57.28723579124284,0.0,0.0
3096,64.25,57.15660881021386,-0.19999999999999574,-0.13062698102898357
3097,64.3,57.223952064956606,0.05000000000000071,0.06734325474275436
3098,64.3,57.29332508392762,0.0,0.06937301897101461
3099,64.1,57.16269810289863,-0.20000000000000284,-0.13062698102898823
3100,64.35,57.39535484815588,0.25000000000000355,0.23265674525724742
3101,64.2,57.40144414084066,-0.15000000000000213,0.006089292684780769
3102,64.15,57.36878739558342,-0.04999999999999716,-0.03265674525724473
3103,64.15,57.36878739558342,0.0,0.0
3104,64.1,57.336130650326176,-0.05000000000000426,-0.032656745257249375
3105,64.15,57.36878739558342,0.05000000000000426,0.032656745257249375
3106,64.15,57.40347390506893,-3.552713678800501e-15,0.03468650948550499
3107,64.15,57.40347390506893,0.0,0.0
3108,64.15,57.40347390506893,0.0,0.0
3109,64.15,57.40347390506893,0.0,0.0
3110,64.05000000000001,57.33816041455443,-0.09999999999999432,-0.06531349051448947
3111,64.05000000000001,57.33816041455443,0.0,0.0
3112,64.05,57.37284692403993,-7.105427357601002e-15,0.03468650948550021
3113,64.3,57.7095631977537,0.25,0.33671627371376706
3114,64.25,57.67690645249646,-0.04999999999999716,-0.03265674525724473
3115,64.19999999999999,57.644249707239204,-0.05000000000000426,-0.032656745257249375
3116,64.1,57.57893621672472,-0.09999999999999432,-0.06531349051448947
3117,64.1,57.57893621672472,0.0,0.0
3118,64.15,57.64627947146747,0.05000000000000071,0.06734325474275436
3119,63.900000000000006,57.48299574518124,-0.25,-0.16328372628623297
3120,63.900000000000006,57.48299574518124,0.0,0.0
3121,63.900000000000006,57.48299574518124,0.0,0.0
3122,63.900000000000006,57.48299574518124,0.0,0.0
3123,63.849999999999994,57.450338999923986,-0.05000000000000426,-0.032656745257249375
3124,64.1,57.787055273637755,0.25,0.33671627371376706
3125,64.15,57.81971201889501,0.05000000000000426,0.032656745257249375
3126,64.1,57.787055273637755,-0.05000000000000426,-0.032656745257249375
3127,64.1,57.856428292608776,0.0,0.06937301897101461
3128,64.15,57.889085037866025,0.05000000000000426,0.032656745257249375
3129,63.95,57.758458056837036,-0.20000000000000284,-0.13062698102898823
3130,63.8,57.799233859007316,-0.15000000000000213,0.0407758021702856
3131,64.05,57.962517585293554,0.25,0.16328372628623297
3132,63.9,57.864547349521814,-0.14999999999999858,-0.09797023577173884
3133,63.85,57.901263623235586,-0.04999999999999716,0.03671627371376988
3134,63.9,57.93392036849282,0.04999999999999716,0.03265674525724473
3135,63.800000000000004,57.86860687797834,-0.09999999999999432,-0.06531349051448947
3136,64.2,58.37266640643486,0.399999999999995,0.5040595284565157
3137,64.15,58.34000966117761,-0.04999999999999716,-0.03265674525724473
3138,64.15,58.34000966117761,0.0,0.0
3139,64.3,58.507352915920364,0.14999999999999858,0.16734325474275347
3140,64.3,58.507352915920364,0.0,0.0
3141,64.35,58.540009661177606,0.04999999999999716,0.03265674525724473
3142,64.5,58.63797989694935,0.15000000000000568,0.09797023577174349
3143,64.5,58.63797989694935,0.0,0.0
3144,64.45,58.605323151692104,-0.05000000000000426,-0.032656745257249375
3145,64.7,58.803293387463846,0.25000000000000355,0.1979702357717426
3146,64.6,58.73797989694935,-0.10000000000000142,-0.06531349051449412
3147,64.6,58.73797989694935,0.0,0.0
3148,64.55,58.84406918963413,-0.05000000000000071,0.1060892926847797
3149,64.75,58.97469617066312,0.20000000000000284,0.13062698102898823
3150,65.2,59.268606877978335,0.44999999999999574,0.29391070731521657
3151,64.95,59.140009661177615,-0.24999999999999645,-0.12859721680072334
3152,65.05000000000001,59.205323151692106,0.10000000000000142,0.06531349051449412
3153,65.15,59.27063664220659,0.09999999999999432,0.06531349051448947
3154,65.35,59.40126362323558,0.20000000000000284,0.13062698102898823
3155,65.30000000000001,59.36860687797834,-0.04999999999999716,-0.03265674525724473
3156,65.30000000000001,59.36860687797834,0.0,0.0
3157,65.4,59.43392036849283,0.09999999999999432,0.06531349051448947
3158,65.4,59.43392036849283,0.0,0.0
3159,65.55000000000001,59.531890604264575,0.15000000000000568,0.09797023577174349
3160,65.65,59.80532315169209,0.09999999999999432,0.27343254742752837
3161,65.8,59.97266640643485,0.14999999999999858,0.16734325474275347
3162,65.8,59.97266640643485,0.0,0.0
3163,66.0,60.242039425405856,0.1999999999999993,0.2693730189710127
3164,65.9,60.17672593489137,-0.09999999999999432,-0.06531349051448947
3165,66.19999999999999,60.51141244437688,0.2999999999999936,0.33468650948550216
3166,66.6,61.01547197283341,0.4000000000000057,0.5040595284565251
3167,66.7,61.080785463347894,0.10000000000000142,0.06531349051449412
3168,66.7,61.080785463347894,0.0,0.0
3169,66.7,61.080785463347894,0.0,0.0
3170,66.7,61.080785463347894,0.0,0.0
3171,67.3,61.472666406434854,0.5999999999999943,0.39188094308695537
3172,67.6,61.876725934891375,0.3000000000000007,0.40405952845652143
3173,67.4,61.746098953862386,-0.19999999999999574,-0.13062698102898357
3174,67.75,61.97469617066311,0.3500000000000014,0.2285972168007271
3175,68.15,62.58281522757616,0.3999999999999986,0.6081190569130399
3176,68.25,62.648128718090646,0.10000000000000142,0.06531349051449412
3177,68.35,62.713442208605144,0.09999999999999432,0.06531349051448947
3178,69.35,63.99093428448919,1.0,1.2774920758840536
3179,69.3,63.95827753923195,-0.04999999999999716,-0.03265674525724473
3180,69.4,64.02359102974644,0.10000000000000142,0.06531349051449412
3181,69.45,64.09093428448921,0.05000000000000071,0.06734325474275436
3182,69.45,64.09093428448921,0.0,0.0
3183,69.5,64.12359102974645,0.04999999999999716,0.03265674525724473
3184,69.9,64.73171008665949,0.3999999999999986,0.6081190569130399
3185,69.85,64.69905334140223,-0.04999999999999716,-0.03265674525724473
3186,70.4,65.05827753923195,0.5499999999999972,0.35922419782971066
3187,70.3,64.95827753923196,-0.09999999999999787,-0.0999999999999991
3188,70.55,65.12156126551818,0.25,0.16328372628623297
3189,70.5,65.08890452026093,-0.05000000000000426,-0.032656745257249375
3190,71.15,65.8603073034602,0.6500000000000057,0.7714027831992777
3191,71.15,65.8603073034602,0.0,0.0
3192,71.3,65.95827753923194,0.14999999999999858,0.09797023577173884
3193,71.15,65.8603073034602,-0.14999999999999858,-0.09797023577173884
3194,71.1,65.82765055820295,-0.05000000000000426,-0.032656745257249375
3195,71.3,65.95827753923194,0.20000000000000284,0.13062698102898823
3196,72.55,67.64185890780078,1.25,1.683581368568835
3197,72.85,67.90717239831528,0.29999999999999716,0.26531349051449227
3198,72.8,67.87451565305803,-0.04999999999999716,-0.03265674525724473
3199,73.15,68.44997796471382,0.3500000000000014,0.5754623116557952
3200,73.5,68.8520077289421,0.3500000000000014,0.4020297642282612
3201,73.8,69.04794820048558,0.29999999999999716,0.19594047154347768
3202,75.25,71.00090258802541,1.4499999999999993,1.9529543875398478
3203,75.45,71.1315295690544,0.20000000000000284,0.13062698102898823
3204,75.6,71.22949980482613,0.14999999999999858,0.09797023577173884
3205,76.5,72.47636489968122,0.8999999999999986,1.246865094855069
3206,76.30000000000001,72.34573791865222,-0.19999999999999574,-0.13062698102898357
3207,77.0,72.80293235225368,0.6999999999999957,0.4571944336014495
3208,80.5,77.44758716527541,3.5,4.644654813021724
3209,81.7,78.75164669373193,1.2000000000000028,1.3040595284565224
3210,86.15,84.43301778046741,4.449999999999996,5.681371086735489
3211,89.80000000000001,89.31438886720291,3.6500000000000057,4.881371086735497
3212,90.94999999999999,91.00202976422825,1.1499999999999915,1.6876408970253463
3213,91.80000000000001,92.00811905691305,0.8500000000000085,1.0060892926847902
3214,92.3,92.40405952845651,0.4999999999999929,0.39594047154347095
3215,92.80000000000001,92.93874603794204,0.5000000000000071,0.5346865094855144
3216,93.2,93.2,0.3999999999999986,0.2612539620579718
3217,93.69999999999999,93.83874603794202,0.4999999999999929,0.6387460379420197
3218,96.0,96.83247622765217,2.3000000000000043,2.9937301897101434
3219,98.75,100.12011712467752,2.75,3.2876408970253546
3220,99.9,101.59963896478983,1.1499999999999986,1.479521840112312
3221,100.1,101.86901198376084,0.20000000000000284,0.26937301897101745
3222,101.3,102.8608929268478,1.1999999999999957,0.9918809430869543
3223,99.75,100.80793853930795,-1.5499999999999972,-2.052954387539847
3224,99.8,100.90996830353622,0.04999999999999716,0.10202976422825934
3225,98.19999999999999,98.75498415176811,-1.6000000000000014,-2.154984151768111
3226,97.1,97.27343254742753,-1.1000000000000014,-1.481551604340577
3227,96.3,96.23062698102899,-0.7999999999999972,-1.0428055663985458
3228,96.1,95.92656745257246,-0.20000000000000284,-0.3040595284565223
3229,95.8,95.52250792411594,-0.29999999999999716,-0.4040595284565166
3230,96.15,95.99391070731521,0.3500000000000014,0.47140278319927575
3231,95.15,94.64704561246015,-1.0,-1.3468650948550682
3232,94.85,94.24298608400363,-0.30000000000000426,-0.4040595284565262
3233,94.65,93.97361306503262,-0.19999999999999574,-0.2693730189710079
3234,94.1,93.23283726286232,-0.5500000000000043,-0.7407758021702933
3235,94.35,93.5695535365761,0.25,0.33671627371376706
3236,94.35,93.5695535365761,0.0,0.0
3237,94.4,93.63689679131885,0.05000000000000426,0.06734325474275915
3238,94.35,93.74298608400362,-0.05000000000000426,0.10608929268477493
3239,94.80000000000001,94.14095631977537,0.45000000000000995,0.3979702357717502
3240,94.65,94.00829957451812,-0.15000000000000568,-0.13265674525725327
3241,94.85,94.24298608400363,0.19999999999999574,0.23468650948550304
3242,95.2,94.6103293387464,0.3500000000000085,0.3673432547427609
3243,95.69999999999999,95.2143888672029,0.4999999999999929,0.6040595284565148
3244,95.94999999999999,95.55110514091668,0.25,0.33671627371376706
3245,96.25,96.02453768834421,0.30000000000000426,0.4734325474275359
3246,96.30000000000001,96.09188094308696,0.05000000000000426,0.06734325474275915
3247,96.30000000000001,96.09188094308696,0.0,0.0
3248,95.35,95.47140278319928,-0.9500000000000028,-0.6204781598876871
3249,95.35,95.47140278319928,0.0,0.0
3250,95.35,95.47140278319928,0.0,0.0
3251,96.0,96.17343254742754,0.6499999999999986,0.7020297642282584
3252,96.0,96.17343254742754,0.0,0.0
3253,96.0,96.17343254742754,0.0,0.0
3254,96.19999999999999,96.33874603794203,0.19999999999999574,0.16531349051448843
3255,96.19999999999999,96.33874603794203,0.0,0.0
3256,96.25,96.37140278319929,0.05000000000000426,0.032656745257249375
3257,96.25,96.37140278319929,0.0,0.0
3258,96.25,96.37140278319929,0.0,0.0
3259,96.25,96.37140278319929,0.0,0.0
3260,96.25,96.37140278319929,0.0,0.0
3261,96.69999999999999,96.66531349051449,0.44999999999999574,0.29391070731521657
3262,96.80000000000001,96.83468650948551,0.10000000000000853,0.16937301897102316
3263,96.7,96.7,-0.10000000000000142,-0.13468650948550873
3264,97.1,97.34280556639855,0.3999999999999986,0.6428055663985448
3265,97.1,97.34280556639855,0.0,0.0
3266,97.5,97.84686509485508,0.3999999999999986,0.5040595284565205
3267,97.5,97.84686509485508,0.0,0.0
3268,97.5,97.81217858536957,0.0,-0.03468650948550485
3269,97.9,98.3509246233116,0.3999999999999986,0.5387460379420254
3270,98.65,98.84077580217028,0.75,0.4898511788586989
3271,98.5,98.74280556639854,-0.14999999999999858,-0.09797023577173884
3272,98.5,98.74280556639854,0.0,0.0
3273,98.5,98.74280556639854,0.0,0.0
3274,98.5,98.74280556639854,0.0,0.0
3275,98.45,98.71014882114132,-0.04999999999999716,-0.03265674525724473
3276,98.55000000000001,98.7754623116558,0.10000000000000142,0.06531349051449412
3277,98.65,98.9101488211413,0.10000000000000142,0.13468650948550873
3278,98.65,98.9101488211413,0.0,0.0
3279,98.7,98.94280556639855,0.04999999999999716,0.03265674525724473
3280,98.95,99.27952184011232,0.25,0.33671627371376706
3281,99.1,99.48155160434057,0.14999999999999858,0.2020297642282583
3282,99.4,99.67749207588406,0.29999999999999716,0.19594047154347768
3283,99.65,100.01420834959781,0.25,0.33671627371376706
3284,99.45,99.81420834959782,-0.19999999999999574,-0.1999999999999982
3285,99.6,100.01623811382609,0.14999999999999858,0.2020297642282583
3286,99.6,100.01623811382609,0.0,0.0
3287,99.9,100.4202976422826,0.30000000000000426,0.4040595284565262
3288,99.95,100.48764089702536,0.04999999999999716,0.06734325474274959
3289,99.95,100.48764089702536,0.0,0.0
3290,100.65,101.4304464634239,0.7000000000000028,0.9428055663985515
3291,100.65,101.4304464634239,0.0,0.0
3292,100.6,101.36310320868114,-0.05000000000000426,-0.06734325474275915
3293,100.65,101.4304464634239,0.05000000000000426,0.06734325474275915
3294,100.9,101.59373018971014,0.25,0.16328372628623297
3295,100.95,101.6610734444529,0.04999999999999716,0.06734325474274959
3296,100.9,101.59373018971014,-0.04999999999999716,-0.06734325474274959
3297,100.95,101.6610734444529,0.04999999999999716,0.06734325474274959
3298,100.9,101.59373018971014,-0.04999999999999716,-0.06734325474274959
3299,100.9,101.59373018971014,0.0,0.0
3300,100.9,101.59373018971014,0.0,0.0
3301,100.85,101.52638693496739,-0.05000000000000426,-0.06734325474275915
3302,100.85,101.52638693496739,0.0,0.0
3303,100.8,101.49373018971013,-0.05000000000000426,-0.032656745257249375
3304,100.69999999999999,101.35904368022462,-0.10000000000000142,-0.13468650948550873
3305,100.75,101.4263869349674,0.05000000000000426,0.06734325474275915
3306,101.05,101.76107344445289,0.29999999999999716,0.334686509485502
3307,100.85,101.45701391599636,-0.20000000000000284,-0.3040595284565223
3308,101.1,101.79373018971013,0.25,0.33671627371376706
3309,101.1,101.79373018971013,0.0,0.0
3310,100.69999999999999,101.2549841517681,-0.3999999999999986,-0.5387460379420254
3311,100.5,100.98561113279709,-0.19999999999999574,-0.2693730189710079
3312,100.3,100.71623811382607,-0.20000000000000284,-0.26937301897101745
3313,100.2,100.61623811382609,-0.09999999999999432,-0.09999999999999433
3314,100.05,100.41420834959783,-0.15000000000000568,-0.20202976422826788
3315,99.9,100.21217858536956,-0.14999999999999858,-0.2020297642282583
3316,99.7,99.94280556639856,-0.19999999999999574,-0.2693730189710079
3317,99.55,99.74077580217029,-0.15000000000000568,-0.20202976422826788
3318,99.44999999999999,99.67546231165579,-0.10000000000000142,-0.06531349051449412
3319,99.45,99.60608929268479,7.105427357601002e-15,-0.06937301897100505
3320,99.35,99.47140278319928,-0.10000000000000142,-0.13468650948550873
3321,99.5,99.53468650948551,0.14999999999999858,0.06328372628622908
3322,99.69999999999999,99.66531349051448,0.19999999999999574,0.13062698102898357
3323,99.85,99.79797023577173,0.15000000000000568,0.13265674525725327
3324,99.85,99.79797023577173,0.1999999999999981,0.34388063014597925
3325,100.0,100.0,0.14999999999999858,0.2020297642282583
3326,99.89999999999999,99.91692400962154,-0.03333333333333144,-0.10443414067732149
3327,100.0,100.0,0.09999999999999905,0.08307599037845287
3328,100.0,100.0,0.0,0.0
3329,100.1,100.1,0.09999999999999432,0.0999999999999943
3330,100.1,100.1,0.0,0.0
3331,100.1,100.1,0.0,0.0
3332,100.7,100.70000000000002,0.6000000000000085,0.6000000000000085
3333,100.7,100.70000000000002,0.0,0.0
3334,101.6,101.6,0.0,0.0
3335,102.5,102.5,0.0,0.0
3336,103.4,103.40000000000002,0.29999999999999716,0.29999999999999716
3337,103.4,103.40000000000002,0.0,0.0
3338,103.4,103.40000000000002,0.0,0.0
3339,103.4,103.40000000000002,0.0,0.0
3340,103.4,103.40000000000002,0.0,0.0
3341,103.4,103.40000000000002,0.0,0.0
3342,103.4,103.40000000000002,0.0,0.0
3343,103.4,103.40000000000002,0.0,0.0
3344,103.6,103.6,0.19999999999998863,0.1999999999999886
3345,103.6,103.6,0.0,0.0
3346,103.6,103.6,0.0,0.0
3347,103.7,103.7,0.0,0.0
3348,103.5,103.5,0.0,0.0
3349,103.5,103.5,0.0,0.0
3350,68.9,69.09999480102933,0.9000000000000057,0.9000000000000056
3351,36.1,36.1,0.05000000000000426,0.06182773554439915
3352,36.2,36.2,0.10000000000000142,0.10000000000000142
3353,36.2,36.2,0.0,0.0
3354,36.2,36.2,0.0,0.0
3355,36.4,36.4,0.19999999999999574,0.19999999999999574
3356,36.4,36.4,0.0,0.0
3357,36.4,36.4,0.0,0.0
3358,36.4,36.4,0.0,0.0
3359,36.4,36.4,0.0,0.0
3360,36.4,36.4,0.0,0.0
3361,37.1,37.1,0.7000000000000028,0.7000000000000027
3362,37.1,37.1,0.0,0.0
3363,36.6,36.6,-0.5,-0.5
3364,36.6,36.6,0.0,0.0
3365,36.6,36.6,0.0,0.0
3366,36.1,36.1,-0.5,-0.5
3367,36.1,36.1,0.0,0.0
3368,36.1,36.1,0.0,0.0
3369,36.1,36.1,0.0,0.0
3370,36.1,36.1,0.0,0.0
3371,36.1,36.1,0.0,0.0
3372,36.1,36.1,0.0,0.0
3373,36.1,36.1,0.0,0.0
3374,36.1,36.1,0.0,0.0
3375,36.1,36.1,0.0,0.0
3376,36.1,36.1,0.0,0.0
3377,36.1,36.1,0.0,0.0
3378,36.1,36.1,0.0,0.0
3379,36.1,36.1,0.0,0.0
3380,35.9,35.9,-0.20000000000000284,-0.20000000000000284
3381,35.8,35.8,-0.10000000000000142,-0.10000000000000142
3382,36.7,36.7,0.9000000000000057,0.9000000000000056
3383,36.7,36.7,0.0,0.0
3384,36.8,36.8,0.09999999999999432,0.09999999999999432
3385,36.8,36.8,0.0,0.0
3386,36.6,36.6,-0.19999999999999574,-0.19999999999999574
3387,36.6,36.6,0.0,0.0
3388,36.8,36.8,0.19999999999999574,0.19999999999999574
3389,37.0,37.0,0.20000000000000284,0.20000000000000284
3390,37.0,37.0,-0.04999999999999716,-0.04932033479334106
3391,42.099999999999994,42.03475214016101,0.29999999999999716,0.29999999999999716
3392,42.2,42.138830131400944,0.10000000000000497,0.10407799123994178
3393,42.3,42.238830131400945,0.09999999999999432,0.09999999999999432
3394,42.349999999999994,42.2895097966076,0.05000000000000071,0.05067966520665685
3395,42.4,42.340189461814255,0.05000000000000071,0.05067966520665685
3396,43.1,43.03067414892107,0.7000000000000028,0.6904846871068169
3397,43.2,43.130674148921074,0.09999999999999787,0.09999999999999791
3398,43.349999999999994,43.281353814127726,0.14999999999999858,0.15067966520665466
3399,43.65,43.57319783164785,0.3000000000000007,0.2918440175201271
3400,43.85,43.77319783164785,0.20000000000000284,0.20000000000000284
3401,43.85,43.77319783164785,0.0,0.0
3402,44.05,43.97047917082123,0.1999999999999993,0.19728133917337476
3403,44.05,43.97047917082123,0.0,0.0
3404,44.15,44.07047917082123,0.09999999999999787,0.09999999999999783
3405,44.15,44.07047917082123,0.0,0.0
3406,44.25,44.17183850123454,0.10000000000000142,0.1013593304133137
3407,44.35,44.27047917082123,0.10000000000000142,0.09864066958668913
3408,44.4,44.31979950561457,0.04999999999999716,0.04932033479334106
3409,44.7,44.615721514374634,0.3000000000000007,0.29592200876006386
3410,44.7,44.615721514374634,0.0,0.0
3411,44.7,44.618440175201265,3.552713678800501e-15,0.0027186608266280866
3412,44.75,44.669119840407916,0.04999999999999716,0.05067966520665325
3413,44.75,44.669119840407916,0.0,0.0
3414,45.0,44.91708084478795,0.25,0.24796100438003163
3415,44.95,44.87047917082123,-0.05000000000000071,-0.04660167396671999
3416,44.95,44.87047917082123,0.0,0.0
3417,45.05,44.97183850123454,0.09999999999999787,0.10135933041331009
3418,45.2,45.122518166441196,0.15000000000000213,0.15067966520665826
3419,45.3,45.22115883602788,0.10000000000000142,0.09864066958668913
3420,45.3,45.219799505614574,0.0,-0.0013593304133122865
3421,45.6,45.51979950561457,0.3000000000000007,0.3000000000000007
3422,45.6,45.51979950561457,0.0,0.0
3423,45.6,45.51979950561457,0.0,0.0
3424,46.349999999999994,46.27591649247447,0.7499999999999964,0.7561169868599016
3425,46.4,46.32659615768114,0.05000000000000071,0.05067966520665685
3426,46.45,46.377275822887796,0.05000000000000071,0.05067966520665685
3427,46.900000000000006,46.8225181664412,0.45000000000000284,0.4452423435534098
3428,47.05,46.97047917082123,0.14999999999999858,0.14796100438003018
3429,47.099999999999994,47.02115883602788,0.04999999999999716,0.05067966520665325
3430,47.25,47.17047917082123,0.15000000000000213,0.14932033479334597
3431,47.349999999999994,47.26911984040792,0.09999999999999787,0.09864066958668562
3432,47.4,47.31979950561457,0.05000000000000071,0.05067966520665685
3433,47.7,47.61844017520126,0.30000000000000426,0.29864066958669194
3434,47.7,47.61844017520126,0.0,0.0
3435,47.7,47.61844017520126,0.0,0.0
3436,47.95,47.86504184916798,0.25,0.2466016739667193
3437,48.0,47.91436218396132,0.04999999999999716,0.04932033479334106
3438,48.0,47.91436218396132,0.0,0.0
3439,48.099999999999994,48.014362183961325,0.09999999999999787,0.09999999999999783
3440,48.25,48.163682518754676,0.15000000000000213,0.14932033479334597
3441,48.25,48.163682518754676,0.0,0.0
3442,48.5,48.41708084478795,0.25,0.25339832603328066
3443,48.9,48.813002853548014,0.3999999999999986,0.3959220087600618
3444,49.0,48.91436218396132,0.10000000000000142,0.1013593304133137
3445,49.15,49.06368251875467,0.14999999999999858,0.14932033479334236
3446,49.2,49.114362183961326,0.05000000000000071,0.05067966520665685
3447,49.3,49.21436218396132,0.10000000000000142,0.10000000000000142
3448,49.7,49.618440175201265,0.40000000000000213,0.40407799123993887
3449,49.7,49.618440175201265,0.0,0.0
3450,49.7,49.618440175201265,0.0,0.0
3451,49.85,49.770479170821226,0.14999999999999858,0.15203899561996695
3452,49.85,49.770479170821226,0.0,0.0
3453,49.85,49.770479170821226,0.0,0.0
3454,49.85,49.770479170821226,0.0,0.0
3455,50.7,50.63203347933439,0.8500000000000014,0.8615543085131557
3456,50.7,50.63203347933439,0.0,0.0
3457,50.7,50.63203347933439,0.0,0.0
3458,50.7,50.63203347933439,0.0,0.0
3459,50.55,50.47999448371441,-0.15000000000000213,-0.15203899561997056
3460,50.65,50.57863515330109,0.09999999999999787,0.09864066958668562
3461,50.65,50.57863515330109,0.0,0.0
3462,50.65,50.57863515330109,0.0,0.0
3463,50.65,50.57863515330109,0.0,0.0
3464,50.65,50.57863515330109,0.0,0.0
3465,51.15,51.08543180536767,0.5,0.5067966520665613
3466,51.15,51.08543180536767,0.0,0.0
3467,51.3,51.23747080098763,0.15000000000000213,0.15203899561997056
3468,51.3,51.23747080098763,0.0,0.0
3469,51.2,51.138830131400944,-0.09999999999999787,-0.09864066958668562
3470,51.2,51.138830131400944,0.0,0.0
3471,51.2,51.138830131400944,0.0,0.0
3472,52.35,52.30582176156735,1.1499999999999986,1.1669916301664018
3473,52.650000000000006,52.60989975280729,0.3000000000000007,0.3040779912399375
3474,52.650000000000006,52.60989975280729,0.0,0.0
3475,52.650000000000006,52.608540422393965,0.0,-0.0013593304133122865
3476,52.650000000000006,52.608540422393965,0.0,0.0
3477,52.650000000000006,52.608540422393965,0.0,0.0
3478,52.650000000000006,52.608540422393965,0.0,0.0
3479,52.650000000000006,52.608540422393965,0.0,0.0
3480,52.75,52.70718109198065,0.09999999999999787,0.09864066958668562
3481,52.7,52.65786075718732,-0.05000000000000071,-0.049320334793344564
3482,52.75,52.70718109198065,0.05000000000000071,0.049320334793344564
3483,52.75,52.70718109198065,0.0,0.0
3484,52.75,52.70718109198065,0.0,0.0
3485,52.85,52.80718109198066,0.10000000000000142,0.10000000000000142
3486,52.85,52.80718109198066,0.0,0.0
3487,53.1,53.05378276594738,0.25,0.2466016739667193
3488,53.1,53.05378276594738,0.0,0.0
3489,53.1,53.05378276594738,0.0,0.0
3490,53.099999999999994,53.05514209636068,-3.552713678800501e-15,0.0013593304133086848
3491,53.25,53.20310310074072,0.15000000000000213,0.1479610043800337
3492,53.2,53.15378276594737,-0.05000000000000071,-0.049320334793344564
3493,53.2,53.15378276594737,0.0,0.0
3494,53.2,53.15378276594737,0.0,0.0
3495,53.2,53.15378276594737,0.0,0.0
3496,53.2,53.15378276594737,0.0,0.0
3497,53.849999999999994,53.79494711826085,0.6499999999999986,0.6411643523134688
3498,53.9,53.84426745305418,0.05000000000000071,0.049320334793344564
3499,54.05,53.99222845743422,0.14999999999999858,0.14796100438003018
3500,54.05,53.99222845743422,0.0,0.0
3501,54.0,53.941548792227564,-0.04999999999999716,-0.05067966520665325
3502,54.05,53.99222845743422,0.04999999999999716,0.05067966520665325
3503,54.05,53.99222845743422,0.0,0.0
3504,53.9,53.83883013140094,-0.14999999999999858,-0.15339832603327924
3505,54.3,54.24018946181427,0.40000000000000213,0.40135933041331434
3506,54.3,54.24018946181427,0.0,0.0
3507,54.25,54.1895097966076,-0.05000000000000071,-0.05067966520665685
3508,54.25,54.1895097966076,0.0,0.0
3509,54.150000000000006,54.088150466194286,-0.09999999999999787,-0.10135933041331009
3510,54.3,54.24018946181427,0.14999999999999858,0.15203899561996695
3511,54.7,54.64018946181425,0.3999999999999986,0.3999999999999985
3512,54.5,54.43747080098763,-0.1999999999999993,-0.2027186608266238
3513,54.55,54.48543180536766,0.04999999999999716,0.04796100438002877
3514,55.25,55.1786351533011,0.7000000000000028,0.6932033479334414
3515,55.25,55.1786351533011,0.0,0.0
3516,55.35,55.27727582288779,0.10000000000000142,0.09864066958668913
3517,55.5,55.426596157681125,0.14999999999999858,0.14932033479334247
3518,55.5,55.426596157681125,0.0,0.0
3519,55.55,55.47591649247448,0.05000000000000071,0.049320334793344564
3520,55.65,55.57727582288779,0.09999999999999787,0.10135933041331009
3521,55.75,55.67591649247448,0.10000000000000142,0.09864066958668913
3522,55.650000000000006,55.57455716206116,-0.09999999999999787,-0.10135933041331009
3523,55.7,55.623877496854504,0.04999999999999716,0.04932033479334106
3524,55.7,55.623877496854504,0.0,0.0
3525,55.7,55.623877496854504,0.0,0.0
3526,55.7,55.618440175201265,3.552713678800501e-15,-0.005437321653245535
3527,55.7,55.618440175201265,0.0,0.0
3528,55.7,55.618440175201265,0.0,0.0
3529,55.8,55.71844017520125,0.09999999999999432,0.09999999999999432
3530,55.8,55.71844017520125,0.0,0.0
3531,55.8,55.71844017520125,0.0,0.0
3532,55.75,55.6677605099946,-0.04999999999999716,-0.05067966520665325
3533,55.55,55.46911984040791,-0.1999999999999993,-0.19864066958668702
3534,55.650000000000006,55.56776050999461,0.10000000000000142,0.09864066958668913
3535,55.599999999999994,55.51572151437463,-0.05000000000000426,-0.05203899561997264
3536,55.65,55.56504184916798,0.05000000000000071,0.049320334793344564
3537,55.75,55.66368251875467,0.10000000000000142,0.09864066958668913
3538,55.7,55.61436218396132,-0.05000000000000071,-0.049320334793344564
3539,55.7,55.61436218396132,0.0,0.0
3540,55.65,55.56504184916798,-0.05000000000000071,-0.049320334793344564
3541,55.599999999999994,55.51436218396132,-0.05000000000000071,-0.05067966520665685
3542,55.599999999999994,55.51436218396132,0.0,0.0
3543,55.45,55.366401179581295,-0.14999999999999858,-0.14796100438003018
3544,55.55,55.465041849167974,0.09999999999999787,0.09864066958668562
3545,55.55,55.465041849167974,0.0,0.0
3546,54.099999999999994,54.01572151437464,-1.4499999999999993,-1.4493203347933432
3547,53.95,53.874557162061166,-0.14999999999999858,-0.14116435231346888
3548,53.95,53.87319783164785,0.0,-0.0013593304133122865
3549,53.95,53.87319783164785,0.0,0.0
3550,54.150000000000006,54.067760509994606,0.20000000000000284,0.19456267834675375
3551,54.150000000000006,54.067760509994606,0.0,0.0
3552,54.1,54.01844017520126,-0.05000000000000071,-0.049320334793344564
3553,54.1,54.01708084478794,0.0,-0.0013593304133122865
3554,54.150000000000006,54.067760509994606,0.05000000000000071,0.05067966520665685
3555,54.150000000000006,54.067760509994606,0.0,0.0
3556,54.150000000000006,54.067760509994606,0.0,0.0
3557,54.150000000000006,54.067760509994606,0.0,0.0
3558,54.6,54.510284192721386,0.4499999999999993,0.4425236827267817
3559,54.599999999999994,54.50756553189476,-3.552713678800501e-15,-0.0027186608266280866
3560,54.55,54.456885866688104,-0.04999999999999716,-0.05067966520665325
3561,54.2,54.111643523134695,-0.34999999999999787,-0.34524234355340494
3562,54.35,54.25960452751474,0.14999999999999858,0.14796100438003018
3563,54.35,54.25960452751474,0.0,0.0
3564,54.400000000000006,54.308924862308075,0.05000000000000071,0.049320334793344564
3565,54.35,54.258245197101424,-0.05000000000000071,-0.05067966520665685
3566,54.25,54.1568858666881,-0.10000000000000142,-0.1013593304133137
3567,55.0,54.90348754065482,0.75,0.7466016739667193
3568,55.0,54.90348754065482,0.0,0.0
3569,55.0,54.90348754065482,0.0,0.0
3570,55.0,54.90348754065482,0.0,0.0
3571,55.05,54.95280787544817,0.05000000000000071,0.049320334793344564
3572,55.25,55.150089214621545,0.1999999999999993,0.19728133917337476
3573,55.45,55.34737055379492,0.1999999999999993,0.19728133917337476
3574,55.8,55.69805021900157,0.34999999999999787,0.350679665206654
3575,55.8,55.69805021900157,0.0,0.0
3576,56.0,55.89533155817495,0.20000000000000284,0.19728133917337826
3577,55.849999999999994,55.74057390172836,-0.15000000000000213,-0.15475765644659503
3578,55.849999999999994,55.74057390172836,0.0,0.0
3579,55.9,55.79125356693501,0.05000000000000071,0.05067966520665685
3580,56.25,56.14329256255498,0.34999999999999787,0.35203899561996627
3581,56.3,56.19397222776164,0.05000000000000071,0.05067966520665685
3582,56.75,56.637855240901736,0.45000000000000284,0.4438830131400976
3583,57.0,56.891253566935006,0.25,0.25339832603328066
3584,57.05,56.94193323214167,0.05000000000000071,0.05067966520665685
3585,57.25,57.14329256255498,0.19999999999999574,0.201359330413308
3586,57.3,57.193972227761634,0.05000000000000071,0.05067966520665685
3587,57.15,57.0460112233816,-0.14999999999999858,-0.14796100438003018
3588,57.3,57.193972227761634,0.14999999999999858,0.14796100438003018
3589,57.65,57.53921457131504,0.3500000000000014,0.34524234355340844
3590,57.65,57.53921457131504,0.0,0.0
3591,57.9,57.785816245281765,0.25,0.2466016739667193
3592,57.9,57.785816245281765,0.0,0.0
3593,57.9,57.785816245281765,0.0,0.0
3594,57.9,57.785816245281765,0.0,0.0
3595,58.0,57.885816245281774,0.10000000000000497,0.10000000000000493
3596,57.900000000000006,57.784456914868464,-0.10000000000000142,-0.1013593304133137
3597,58.5,58.39261289734832,0.6000000000000014,0.608155982479875
3598,58.75,58.639214571315044,0.25,0.2466016739667193
3599,58.75,58.639214571315044,0.0,0.0
3600,58.900000000000006,58.78717557569509,0.14999999999999858,0.14796100438003018
3601,59.099999999999994,58.98445691486845,0.19999999999999574,0.19728133917337123
3602,59.099999999999994,58.98445691486845,0.0,0.0
3603,59.45,59.32969925842186,0.3500000000000014,0.34524234355340844
3604,59.75,59.63377724966179,0.3000000000000007,0.3040779912399375
3605,59.849999999999994,59.7351365800751,0.09999999999999787,0.10135933041331009
3606,60.15,60.02969925842185,0.3000000000000007,0.2945626783467516
3607,60.55,60.433777249661794,0.3999999999999986,0.4040779912399354
3608,60.599999999999994,60.484456914868446,0.05000000000000071,0.05067966520665685
3609,60.8,60.68445691486844,0.1999999999999993,0.19999999999999923
3610,61.0,60.88581624528176,0.2000000000000064,0.20135933041331863
3611,61.25,61.139214571315044,0.25,0.25339832603328066
3612,61.300000000000004,61.18989423652171,0.05000000000000071,0.05067966520665685
3613,61.65,61.53649591048842,0.3499999999999943,0.3466016739667136
3614,61.7,61.58717557569508,0.05000000000000071,0.05067966520665685
3615,62.1,61.98309758445514,0.40000000000000213,0.3959220087600653
3616,62.2,62.08445691486845,0.10000000000000142,0.1013593304133137
3617,62.25,62.1337772496618,0.04999999999999716,0.04932033479334106
3618,63.05,62.926980597595225,0.7999999999999972,0.7932033479334358
3619,63.2,63.07630093238858,0.15000000000000213,0.14932033479334597
3620,63.3,63.177660262801886,0.09999999999999787,0.10135933041331009
3621,63.3,63.177660262801886,0.0,0.0
3622,63.4,63.27901959321521,0.10000000000000142,0.1013593304133137
3623,63.8,63.68445691486845,0.3999999999999986,0.4054373216532476
3624,63.8,63.68445691486845,0.0,0.0
3625,63.8,63.68445691486845,0.0,0.0
3626,64.35,64.22969925842186,0.5500000000000043,0.5452423435534113
3627,64.3,64.1790195932152,-0.05000000000000071,-0.05067966520665685
3628,64.45,64.33105858883518,0.15000000000000213,0.15203899561997056
3629,64.6,64.48309758445515,0.14999999999999858,0.15203899561996695
3630,64.7,64.58445691486845,0.10000000000000142,0.1013593304133137
3631,65.19999999999999,65.08581624528176,0.4999999999999929,0.501359330413305
3632,65.4,65.28853490610838,0.20000000000000284,0.2027186608266274
3633,65.75,65.64329256255499,0.34999999999999787,0.3547576564465908
3634,65.94999999999999,65.84601122338161,0.1999999999999993,0.2027186608266238
3635,66.05,65.94737055379491,0.10000000000000142,0.1013593304133137
3636,66.05,65.94737055379491,0.0,0.0
3637,66.4,66.3021282102415,0.3500000000000014,0.3547576564465943
3638,66.4,66.3021282102415,0.0,0.0
3639,66.65,66.5555265362748,0.25,0.25339832603328066
3640,66.75,66.65688586668811,0.09999999999999787,0.10135933041331009
3641,66.8,66.70756553189476,0.05000000000000071,0.05067966520665685
3642,66.75,66.65688586668811,-0.05000000000000071,-0.05067966520665685
3643,67.15,67.06232318834135,0.40000000000000213,0.4054373216532512
3644,67.15,67.06232318834135,0.0,0.0
3645,67.35,67.25960452751472,0.20000000000000284,0.19728133917337826
3646,69.0,68.88853490610839,1.6499999999999986,1.6289303785936584
3647,69.75,69.63241791924848,0.7500000000000036,0.7438830131400983
3648,69.9,69.78445691486846,0.14999999999999858,0.15203899561996695
3649,69.9,69.78445691486846,0.0,0.0
3650,69.95,69.8351365800751,0.05000000000000071,0.05067966520665685
3651,69.95,69.8351365800751,0.0,0.0
3652,70.15,70.03785524090173,0.1999999999999993,0.2027186608266238
3653,70.1,69.98717557569508,-0.05000000000000071,-0.05067966520665685
3654,70.1,69.98717557569508,0.0,0.0
3655,70.35,70.23785524090172,0.24999999999999645,0.2506796652066527
3656,70.4,70.28717557569507,0.05000000000000426,0.04932033479334807
3657,71.4,71.29669088858826,0.9999999999999964,1.0095153128931822
3658,71.45,71.34737055379492,0.05000000000000071,0.05067966520665685
3659,71.3,71.19533155817494,-0.14999999999999858,-0.15203899561996695
3660,71.3,71.19533155817494,0.0,0.0
3661,71.7,71.59533155817495,0.40000000000000213,0.4000000000000021
3662,71.75,71.6460112233816,0.04999999999999716,0.05067966520665325
3663,71.75,71.6460112233816,0.0,0.0
3664,71.75,71.6460112233816,0.0,0.0
3665,71.85,71.74737055379491,0.10000000000000142,0.1013593304133137
3666,72.30000000000001,72.18989423652171,0.45000000000000284,0.44252368272678533
3667,74.65,74.52018394552867,2.3499999999999943,2.330289709006966
3668,74.65,74.52018394552867,0.0,0.0
3669,75.1,74.97494160197526,0.45000000000000284,0.4547576564465959
3670,75.55000000000001,75.42969925842186,0.45000000000000284,0.4547576564465956
3671,76.0,75.88173825404182,0.44999999999999574,0.45203899561996413
3672,76.30000000000001,76.18581624528177,0.30000000000000426,0.3040779912399411
3673,77.94999999999999,77.81882461511536,1.6499999999999915,1.6330083698335882
3674,78.4,78.27494160197526,0.45000000000000284,0.45611698685990804
3675,79.15,79.02426193676862,0.7500000000000071,0.7493203347933508
3676,80.2,80.08853490610839,1.0499999999999972,1.0642729693397759
3677,80.8,80.68173825404183,0.5999999999999943,0.593203347933433
3678,82.05,81.94872988420823,1.25,1.2669916301664033
3679,83.65,83.56504184916798,1.6000000000000085,1.6163119649597555
3680,84.94999999999999,84.87727582288778,1.29999999999999,1.3122339737198003
3681,86.25,86.19222845743423,1.3000000000000043,1.314952634546439
3682,86.55,86.49630644867416,0.29999999999999716,0.3040779912399339
3683,86.6,86.5456267834675,0.04999999999999716,0.04932033479334106
3684,86.85,86.79766577908747,0.2500000000000071,0.2520389956199755
3685,88.30000000000001,88.26737607008052,1.4500000000000028,1.4697102909930306
3686,88.4,88.3673760700805,0.09999999999999432,0.09999999999999432
3687,88.8,88.77281339173373,0.3999999999999986,0.4054373216532476
3688,88.80000000000001,88.77145406132044,7.105427357601002e-15,-0.0013593304133051813
3689,89.0,88.97417272214706,0.19999999999999574,0.20271866082662018
3690,89.1,89.07553205256036,0.10000000000000142,0.1013593304133137
3691,89.1,89.07553205256036,0.0,0.0
3692,89.30000000000001,89.27825071338701,0.20000000000000284,0.2027186608266274
3693,89.30000000000001,89.27825071338701,0.0,0.0
3694,89.80000000000001,89.78504736545356,0.5,0.5067966520665613
3695,89.9,89.88368803504025,0.09999999999999432,0.09864066958668212
3696,89.9,89.88368803504025,0.0,0.0
3697,90.3,90.28640669586686,0.3999999999999986,0.402718660826623
3698,90.6,90.59048468710681,0.30000000000000426,0.3040779912399411
3699,91.45,91.45067966520665,0.8500000000000014,0.8601949780998432
3700,91.45,91.45067966520665,0.0,0.0
3701,91.5,91.5,0.04999999999999716,0.04932033479334106
3702,92.0,92.00679665206655,0.5,0.5067966520665613
3703,92.15,92.15747631727321,0.14999999999999858,0.15067966520665477
3704,92.35,92.35883564768652,0.20000000000000284,0.20135933041331502
3705,92.35,92.35883564768652,0.0,0.0
3706,92.35,92.35883564768652,0.0,0.0
3707,92.35,92.35883564768652,0.0,0.0
3708,92.35,92.35883564768652,0.0,0.0
3709,94.9,94.92854593867953,2.549999999999997,2.569710290993025
3710,95.05,95.07650694305957,0.14999999999999858,0.14796100438003018
3711,95.15,95.17786627347289,0.10000000000000142,0.1013593304133137
3712,95.15,95.17786627347289,0.0,0.0
3713,95.15,95.17786627347289,0.0,0.0
3714,95.1,95.12718660826623,-0.05000000000000426,-0.05067966520666045
3715,95.05,95.07650694305957,-0.04999999999999716,-0.05067966520665325
3716,95.05,95.07650694305957,0.0,0.0
3717,95.05000000000001,95.07514761264628,7.105427357601002e-15,-0.0013593304133051813
3718,95.05000000000001,95.07514761264628,0.0,0.0
3719,95.4,95.42038995619967,0.3500000000000014,0.34524234355340844
3720,95.4,95.42038995619967,0.0,0.0
3721,95.4,95.42038995619967,0.0,0.0
3722,95.4,95.42038995619967,0.0,0.0
3723,95.2,95.21767129537305,-0.20000000000000284,-0.2027186608266274
3724,95.75,95.76019497809983,0.5499999999999972,0.5425236827267796
3725,95.9,95.91223397371982,0.14999999999999858,0.15203899561996695
3726,95.9,95.91223397371982,0.0,0.0
3727,96.1,96.1122339737198,0.20000000000000284,0.20000000000000284
3728,96.05,96.06427296933977,-0.05000000000000426,-0.04796100438003588
3729,96.6,96.61495263454644,0.5500000000000043,0.5506796652066605
3730,96.80000000000001,96.8122339737198,0.20000000000000284,0.19728133917337826
3731,96.65,96.66155430851316,-0.15000000000000568,-0.1506796652066618
3732,96.65,96.66155430851316,0.0,0.0
3733,96.9,96.90815598247987,0.25,0.2466016739667193
3734,97.0,97.00679665206657,0.10000000000000142,0.09864066958668913
3735,97.15,97.15747631727321,0.14999999999999858,0.15067966520665477
3736,97.65,97.65067966520665,0.5,0.4932033479334386
3737,97.65,97.65067966520665,0.0,0.0
3738,98.1,98.10679665206654,0.44999999999999574,0.4561169868599009
3739,98.35,98.3561169868599,0.2500000000000071,0.24932033479335092
3740,98.3,98.30679665206655,-0.05000000000000426,-0.04932033479334807
3741,98.80000000000001,98.80815598247987,0.5000000000000071,0.5013593304133194
3742,98.85,98.86019497809983,0.04999999999999005,0.05203899561995843
3743,98.9,98.90951531289316,0.05000000000000426,0.04932033479334807
3744,98.9,98.90951531289316,0.0,0.0
3745,98.9,98.90951531289316,0.0,0.0
3746,98.85,98.86019497809983,-0.05000000000000426,-0.04932033479334807
3747,98.85,98.86019497809983,0.0,0.0
3748,98.8,98.81087464330649,-0.04999999999999716,-0.04932033479334106
3749,99.0,99.01223397371982,0.20000000000000284,0.20135933041331522
3750,99.0,99.01223397371982,0.0,0.0
3751,98.94999999999999,98.96155430851314,-0.05000000000000426,-0.05067966520666045
3752,98.85,98.86155430851315,-0.09999999999999432,-0.09999999999999432
3753,98.85,98.86155430851315,0.0,0.0
3754,98.85,98.86155430851315,0.0,0.0
3755,99.0,99.00951531289317,0.14999999999999858,0.14796100438003018
3756,99.05000000000001,99.05883564768654,0.05000000000000426,0.04932033479334807
3757,99.15,99.16019497809985,0.10000000000000142,0.1013593304133137
3758,99.15,99.16019497809985,0.0,0.0
3759,99.15,99.16019497809985,0.0,0.0
3760,99.35,99.35747631727322,0.19999999999999574,0.19728133917337123
3761,99.4,99.40679665206655,0.05000000000000426,0.04932033479334807
3762,99.4,99.40679665206655,0.0,0.0
3763,99.4,99.40543732165325,-7.105427357601002e-15,-0.001359330413319392
3764,99.44999999999999,99.45475765644657,0.04999999999999716,0.04932033479334106
3765,99.55,99.5574763172732,0.10000000000000142,0.1027186608266259
3766,99.55,99.5574763172732,0.0,0.0
3767,99.55,99.5574763172732,0.0,0.0
3768,99.6,99.60679665206655,0.04999999999999716,0.04932033479334106
3769,99.5,99.5108746433065,-0.09999999999999432,-0.09592200876005753
3770,99.6,99.60951531289317,0.10000000000000142,0.09864066958668913
3771,99.6,99.60951531289317,0.0,0.0
3772,99.6,99.60951531289317,0.0,0.0
3773,99.55000000000001,99.55883564768654,-0.04999999999999716,-0.05067966520665325
3774,99.55000000000001,99.55883564768654,0.0,0.0
3775,99.65,99.6588356476865,0.09999999999999432,0.09999999999999432
3776,99.65,99.6588356476865,0.0,0.0
3777,99.65,99.65475765644659,0.0,-0.004077991239936762
3778,99.55,99.55339832603329,-0.10000000000000142,-0.1013593304133137
3779,99.65,99.65475765644659,0.10000000000000142,0.1013593304133137
3780,99.9,99.9013593304133,0.25,0.2466016739667193
3781,100.0,100.0,0.13333333333333522,0.12833470823015364
3782,100.0,100.0,0.0,0.0
3783,99.94999999999999,99.97830080064072,0.5999999999999943,0.6786517511273944
3784,100.0,100.0,0.05000000000000426,0.02169919935928781
3785,100.0,100.0,0.0,0.0
3786,100.1,100.1,0.09999999999999432,0.0999999999999943
3787,100.1,100.1,0.0,0.0
3788,100.1,100.1,0.0,0.0
3789,100.7,100.70000000000002,0.6000000000000085,0.6000000000000085
3790,100.7,100.70000000000002,0.0,0.0
3791,101.6,101.6,0.8999999999999915,0.8999999999999915
3792,102.5,102.5,0.9000000000000057,0.9000000000000057
3793,103.4,103.40000000000002,0.9000000000000057,0.9000000000000057
3794,103.4,103.40000000000002,0.0,0.0
3795,103.4,103.40000000000002,0.0,0.0
3796,103.4,103.40000000000002,0.0,0.0
3797,103.4,103.40000000000002,0.0,0.0
3798,103.4,103.40000000000002,0.0,0.0
3799,103.4,103.40000000000002,0.0,0.0
3800,103.4,103.40000000000002,0.0,0.0
3801,103.6,103.6,0.19999999999998863,0.1999999999999886
3802,103.6,103.6,0.0,0.0
3803,103.6,103.6,0.0,0.0
3804,103.7,103.7,0.10000000000000853,0.10000000000000853
3805,103.5,103.5,-0.20000000000000284,-0.20000000000000284
3806,103.5,103.5,0.0,0.0
3807,68.9,69.09999480102933,0.7000000000000028,0.7000000000000028
3808,26.6,26.6,0.05000000000000426,0.06182773554439915
3809,26.9,26.9,0.29999999999999716,0.29999999999999716
3810,27.3,27.3,0.40000000000000213,0.40000000000000213
3811,27.4,27.4,0.09999999999999787,0.09999999999999787
3812,27.9,27.9,0.5,0.5
3813,28.4,28.4,0.5,0.5
3814,28.5,28.5,0.10000000000000142,0.10000000000000141
3815,29.0,29.0,0.5,0.5
3816,29.0,29.0,0.0,0.0
3817,29.0,29.0,0.0,0.0
3818,29.0,29.0,0.0,0.0
3819,29.4,29.4,0.3999999999999986,0.3999999999999986
3820,29.4,29.4,0.0,0.0
3821,29.4,29.4,0.0,0.0
3822,29.9,29.9,0.5,0.5
3823,30.2,30.199999999999996,0.3000000000000007,0.3000000000000007
3824,30.2,30.199999999999996,0.0,0.0
3825,30.2,30.199999999999996,0.0,0.0
3826,30.2,30.199999999999996,0.0,0.0
3827,30.4,30.400000000000002,0.1999999999999993,0.1999999999999993
3828,30.4,30.400000000000002,0.0,0.0
3829,30.3,30.3,-0.09999999999999787,-0.09999999999999787
3830,30.3,30.3,0.0,0.0
3831,30.0,30.0,-0.3000000000000007,-0.3000000000000007
3832,30.0,30.0,0.0,0.0
3833,30.0,30.0,0.0,0.0
3834,30.0,30.0,0.0,0.0
3835,30.4,30.400000000000002,0.3999999999999986,0.3999999999999986
3836,30.5,30.5,0.10000000000000142,0.10000000000000141
3837,30.5,30.5,0.0,0.0
3838,31.2,31.2,0.6999999999999993,0.6999999999999993
3839,31.2,31.2,0.0,0.0
3840,31.4,31.4,0.1999999999999993,0.1999999999999993
3841,31.4,31.4,0.0,0.0
3842,31.4,31.4,0.0,0.0
3843,31.4,31.4,0.0,0.0
3844,31.4,31.4,0.0,0.0
3845,31.6,31.6,0.20000000000000284,0.20000000000000281
3846,31.9,31.900000000000002,0.29999999999999716,0.29999999999999716
3847,31.9,31.900000000000002,0.0,0.0
3848,32.0,32.0,0.10000000000000142,0.10000000000000141
3849,32.0,32.0,0.0,0.0
3850,32.0,32.0,0.0,0.0
3851,32.1,32.1,0.10000000000000142,0.10000000000000141
3852,32.1,32.1,0.0,0.0
3853,32.1,32.1,0.0,0.0
3854,32.1,32.1,0.0,0.0
3855,32.1,32.1,0.0,0.0
3856,32.9,32.9,0.7999999999999972,0.7999999999999972
3857,33.0,33.0,0.10000000000000142,0.10000000000000141
3858,33.2,33.2,0.20000000000000284,0.20000000000000281
3859,33.2,33.2,0.0,0.0
3860,33.3,33.3,0.09999999999999432,0.09999999999999432
3861,33.5,33.5,0.20000000000000284,0.20000000000000281
3862,33.5,33.5,0.0,0.0
3863,33.6,33.6,0.10000000000000142,0.10000000000000141
3864,34.2,34.2,0.6000000000000014,0.6000000000000014
3865,34.2,34.2,0.0,0.0
3866,34.2,34.2,0.0,0.0
3867,34.4,34.4,0.19999999999999574,0.19999999999999574
3868,34.7,34.7,0.30000000000000426,0.30000000000000426
3869,34.8,34.8,0.09999999999999432,0.09999999999999432
3870,35.0,35.0,0.20000000000000284,0.20000000000000281
3871,35.4,35.4,0.3999999999999986,0.3999999999999986
3872,35.4,35.4,0.0,0.0
3873,35.7,35.7,0.30000000000000426,0.30000000000000426
3874,35.9,35.9,0.19999999999999574,0.19999999999999574
3875,36.1,36.1,0.20000000000000284,0.20000000000000281
3876,36.4,36.4,0.29999999999999716,0.29999999999999716
3877,36.4,36.4,0.0,0.0
3878,36.6,36.6,0.20000000000000284,0.20000000000000281
3879,36.7,36.7,0.10000000000000142,0.10000000000000141
3880,36.9,36.9,0.19999999999999574,0.19999999999999574
3881,37.2,37.2,0.30000000000000426,0.30000000000000426
3882,37.8,37.8,0.5999999999999943,0.5999999999999943
3883,37.9,37.9,0.10000000000000142,0.10000000000000141
3884,37.8,37.8,-0.10000000000000142,-0.10000000000000141
3885,37.8,37.8,0.0,0.0
3886,38.0,38.0,0.20000000000000284,0.20000000000000281
3887,37.9,37.9,-0.10000000000000142,-0.10000000000000141
3888,38.3,38.3,0.3999999999999986,0.3999999999999986
3889,38.3,38.3,0.0,0.0
3890,38.3,38.3,0.0,0.0
3891,38.3,38.3,0.0,0.0
3892,38.2,38.2,-0.09999999999999432,-0.09999999999999432
3893,38.4,38.4,0.19999999999999574,0.19999999999999574
3894,38.3,38.3,-0.10000000000000142,-0.10000000000000141
3895,38.4,38.4,0.10000000000000142,0.10000000000000141
3896,38.3,38.3,-0.10000000000000142,-0.10000000000000141
3897,38.3,38.3,0.0,0.0
3898,38.3,38.3,0.0,0.0
3899,38.3,38.3,0.0,0.0
3900,38.4,38.4,0.10000000000000142,0.10000000000000141
3901,38.4,38.4,0.0,0.0
3902,38.3,38.3,-0.10000000000000142,-0.10000000000000141
3903,38.2,38.2,-0.09999999999999432,-0.09999999999999432
3904,38.1,38.1,-0.10000000000000142,-0.10000000000000141
3905,38.1,38.1,0.0,0.0
3906,38.1,38.1,0.0,0.0
3907,38.1,38.1,0.0,0.0
3908,38.0,38.0,-0.10000000000000142,-0.10000000000000141
3909,38.0,38.0,0.0,0.0
3910,38.0,38.0,0.0,0.0
3911,38.1,38.1,0.10000000000000142,0.10000000000000141
3912,38.2,38.2,0.10000000000000142,0.10000000000000141
3913,38.3,38.3,0.09999999999999432,0.09999999999999432
3914,38.3,38.3,0.0,0.0
3915,38.3,38.3,0.0,0.0
3916,38.3,38.3,0.0,0.0
3917,38.4,38.4,0.10000000000000142,0.10000000000000141
3918,38.8,38.8,0.3999999999999986,0.3999999999999986
3919,38.8,38.8,0.0,0.0
3920,38.9,38.9,0.10000000000000142,0.10000000000000141
3921,39.0,39.0,0.10000000000000142,0.10000000000000141
3922,39.0,39.0,0.0,0.0
3923,39.0,39.0,0.0,0.0
3924,39.0,39.0,0.0,0.0
3925,39.0,39.0,0.0,0.0
3926,39.0,39.0,0.0,0.0
3927,39.0,39.0,0.0,0.0
3928,38.8,38.8,-0.20000000000000284,-0.20000000000000281
3929,38.9,38.9,0.10000000000000142,0.10000000000000141
3930,39.0,39.0,0.10000000000000142,0.10000000000000141
3931,38.7,38.7,-0.29999999999999716,-0.29999999999999716
3932,38.8,38.8,0.09999999999999432,0.09999999999999432
3933,38.9,38.9,0.10000000000000142,0.10000000000000141
3934,38.9,38.9,0.0,0.0
3935,38.8,38.8,-0.10000000000000142,-0.10000000000000141
3936,38.6,38.6,-0.19999999999999574,-0.19999999999999574
3937,38.6,38.6,0.0,0.0
3938,38.8,38.8,0.19999999999999574,0.19999999999999574
3939,38.8,38.8,0.0,0.0
3940,38.3,38.3,-0.5,-0.5
3941,38.5,38.5,0.20000000000000284,0.20000000000000281
3942,38.6,38.6,0.10000000000000142,0.10000000000000141
3943,38.7,38.7,0.10000000000000142,0.10000000000000141
3944,38.8,38.8,0.09999999999999432,0.09999999999999432
3945,38.9,38.9,0.10000000000000142,0.10000000000000141
3946,38.9,38.9,0.0,0.0
3947,38.9,38.9,0.0,0.0
3948,38.9,38.9,0.0,0.0
3949,38.9,38.9,0.0,0.0
3950,38.9,38.9,0.0,0.0
3951,38.9,38.9,0.0,0.0
3952,39.2,39.2,0.30000000000000426,0.30000000000000426
3953,39.6,39.6,0.3999999999999986,0.3999999999999986
3954,40.4,40.4,0.7999999999999972,0.7999999999999972
3955,40.4,40.4,0.0,0.0
3956,40.3,40.3,-0.10000000000000142,-0.10000000000000141
3957,40.3,40.3,0.0,0.0
3958,40.3,40.3,0.0,0.0
3959,40.3,40.3,0.0,0.0
3960,40.3,40.3,0.0,0.0
3961,40.0,40.0,-0.29999999999999716,-0.29999999999999716
3962,40.3,40.3,0.29999999999999716,0.29999999999999716
3963,40.4,40.4,0.10000000000000142,0.10000000000000141
3964,40.7,40.7,0.30000000000000426,0.30000000000000426
3965,40.9,40.9,0.19999999999999574,0.19999999999999574
3966,41.5,41.5,0.6000000000000014,0.6000000000000014
3967,41.6,41.599999999999994,0.10000000000000142,0.10000000000000141
3968,41.6,41.599999999999994,0.0,0.0
3969,41.6,41.599999999999994,0.0,0.0
3970,41.7,41.7,0.10000000000000142,0.10000000000000141
3971,41.7,41.7,0.0,0.0
3972,41.7,41.7,0.0,0.0
3973,41.7,41.7,0.0,0.0
3974,41.8,41.8,0.09999999999999432,0.09999999999999432
3975,41.8,41.8,0.0,0.0
3976,62.7,61.0643334194579,0.10000000000000142,0.10000000000000141
3977,62.7,61.0643334194579,0.0,0.0
3978,62.8,61.17219720109513,0.10000000000000142,0.10786378163722316
3979,62.599999999999994,60.987924764369566,-0.20000000000000284,-0.18427243672555937
3980,62.599999999999994,60.987924764369566,0.0,0.0
3981,62.6,60.99578854600679,3.552713678800501e-15,0.007863781637225002
3982,62.300000000000004,60.71937989091846,-0.29999999999999716,-0.2764086550883325
3983,62.4,60.811516109281236,0.09999999999999432,0.09213621836277314
3984,62.5,60.90365232764401,0.10000000000000142,0.09213621836277969
3985,62.55,60.95758421846261,0.04999999999999716,0.05393189081860775
3986,62.55,60.95758421846261,0.0,0.0
3987,62.4,60.81937989091844,-0.14999999999999858,-0.13820432754416626
3988,62.1,60.5351074541929,-0.29999999999999716,-0.2842724367255537
3989,62.15,60.5890393450115,0.04999999999999716,0.05393189081860775
3990,62.65,61.049720436825396,0.5,0.4606810918138919
3991,62.55,60.96544800009985,-0.09999999999999787,-0.08427243672555466
3992,62.6,61.01937989091845,0.05000000000000071,0.05393189081861158
3993,62.900000000000006,61.30365232764401,0.3000000000000007,0.2842724367255575
3994,62.650000000000006,61.07331178173707,-0.25,-0.23034054590694594
3995,62.849999999999994,61.25758421846262,0.19999999999999574,0.18427243672555282
3996,62.7,61.11937989091845,-0.14999999999999858,-0.13820432754416626
3997,63.1,61.49578854600679,0.40000000000000213,0.37640865508833715
3998,62.65,61.08117556337429,-0.45000000000000284,-0.4146129826325053
3999,62.75,61.196903126648735,0.10000000000000142,0.11572756327444433
4000,62.75,61.196903126648735,0.0,0.0
4001,62.95,61.381175563374285,0.20000000000000284,0.18427243672555937
4002,62.95,61.381175563374285,0.0,0.0
4003,62.95,61.381175563374285,0.0,0.0
4004,62.95,61.381175563374285,0.0,0.0
4005,63.2,61.61937989091845,0.24999999999999645,0.2382043275441644
4006,63.3,61.711516109281234,0.10000000000000142,0.09213621836277969
4007,63.45,61.8497204368254,0.14999999999999858,0.13820432754416626
4008,63.15,61.5890393450115,-0.3000000000000007,-0.2606810918138928
4009,62.6,61.08229014401623,-0.5499999999999972,-0.5067492009952784
4010,62.15,60.66767716138372,-0.45000000000000284,-0.4146129826325053
4011,62.15,60.66767716138372,0.0,0.0
4012,61.75,60.29913228793261,-0.3999999999999986,-0.36854487345111214
4013,62.349999999999994,60.85981337974649,0.5999999999999979,0.56068109181389
4014,62.349999999999994,60.85981337974649,0.0,0.0
4015,62.3,60.813745270565114,-0.04999999999999716,-0.04606810918138657
4016,62.3,60.813745270565114,0.0,0.0
4017,62.25,60.77554094302094,-0.05000000000000071,-0.03820432754416811
4018,62.35,60.86767716138373,0.10000000000000142,0.09213621836277969
4019,62.3,60.821609052202334,-0.05000000000000426,-0.04606810918139312
4020,63.1,61.55869879910457,0.8000000000000043,0.737089746902231
4021,63.5,61.927243672555676,0.3999999999999986,0.36854487345111214
4022,63.849999999999994,62.25758421846262,0.34999999999999787,0.33034054590694406
4023,63.7,62.11937989091845,-0.14999999999999858,-0.13820432754416626
4024,63.25,61.70476690828596,-0.44999999999999574,-0.4146129826324988
4025,63.25,61.70476690828596,0.0,0.0
4026,63.25,61.70476690828596,0.0,0.0
4027,63.099999999999994,61.56656258074178,-0.15000000000000568,-0.1382043275441728
4028,63.099999999999994,61.56656258074178,0.0,0.0
4029,63.25,61.72835825319762,0.14999999999999858,0.1617956724558309
4030,63.7,62.150835017467344,0.4500000000000064,0.42247676426973035
4031,63.900000000000006,62.366562580741785,0.1999999999999993,0.2157275632744425
4032,64.15,62.636222034834844,0.25,0.2696594540930541
4033,64.5,62.95869879910456,0.3499999999999943,0.32247676426971905
4034,64.55,63.00476690828595,0.05000000000000426,0.04606810918139312
4035,64.6,63.05869879910456,0.05000000000000071,0.05393189081861158
4036,64.6,63.05869879910456,0.0,0.0
4037,64.6,63.05869879910456,0.0,0.0
4038,64.6,63.05869879910456,0.0,0.0
4039,64.6,63.05869879910456,0.0,0.0
4040,64.6,63.05869879910456,0.0,0.0
4041,64.95,63.436222034834834,0.3500000000000014,0.3775232357302772
4042,64.95,63.436222034834834,0.0,0.0
4043,65.6,64.0351074541929,0.6499999999999986,0.5988854193580581
4044,65.6,64.0351074541929,0.0,0.0
4045,65.7,64.12724367255568,0.10000000000000142,0.09213621836277969
4046,65.65,64.08903934501151,-0.05000000000000426,-0.03820432754417194
4047,65.6,64.04297123583012,-0.04999999999999716,-0.04606810918138657
4048,65.75,64.18117556337428,0.14999999999999858,0.13820432754416626
4049,65.75,64.18117556337428,0.0,0.0
4050,66.0,64.44297123583013,0.25,0.26179567245583285
4051,66.0,64.44297123583013,0.0,0.0
4052,66.0,64.44297123583013,0.0,0.0
4053,66.0,64.44297123583013,0.0,0.0
4054,66.0,64.44297123583013,0.0,0.0
4055,65.9,64.35083501746735,-0.10000000000000142,-0.09213621836277969
4056,66.05,64.49690312664872,0.14999999999999858,0.14606810918138743
4057,66.05,64.49690312664872,0.0,0.0
4058,66.25,64.70476690828596,0.2000000000000064,0.20786378163722785
4059,66.30000000000001,64.75869879910458,0.05000000000000071,0.05393189081861158
4060,66.30000000000001,64.75869879910458,0.0,0.0
4061,66.5,64.95083501746733,0.19999999999999574,0.192136218362774
4062,66.6,65.05869879910456,0.10000000000000142,0.10786378163722316
4063,66.65,65.11263068992318,0.05000000000000071,0.05393189081861158
4064,66.65,65.11263068992318,0.0,0.0
4065,66.8,65.274426362379,0.14999999999999858,0.1617956724558309
4066,66.85,65.32835825319762,0.05000000000000071,0.05393189081861158
4067,67.05,65.51263068992317,0.19999999999999574,0.18427243672555282
4068,67.3,65.78229014401623,0.25,0.2696594540930541
4069,67.3,65.78229014401623,0.0,0.0
4070,67.35,65.83622203483483,0.05000000000000071,0.05393189081861158
4071,67.35,65.83622203483483,0.0,0.0
4072,67.55000000000001,66.02835825319762,0.2000000000000064,0.19213621836278438
4073,67.7,66.19015392565346,0.14999999999999858,0.1617956724558309
4074,67.9,66.4058814889279,0.1999999999999993,0.2157275632744425
4075,67.95,66.4598133797465,0.05000000000000071,0.05393189081861158
4076,67.95,66.4598133797465,0.0,0.0
4077,68.05000000000001,66.56767716138373,0.10000000000000142,0.10786378163722316
4078,68.05000000000001,66.56767716138373,0.0,0.0
4079,68.05000000000001,66.56767716138373,0.0,0.0
4080,68.4,66.9137452705651,0.3499999999999943,0.34606810918138375
4081,68.55,67.05194959810927,0.14999999999999858,0.13820432754416626
4082,69.1,67.58229014401623,0.5500000000000043,0.5303405459069497
4083,69.4,67.89015392565344,0.29999999999999716,0.30786378163721945
4084,69.55000000000001,68.02835825319762,0.15000000000000568,0.1382043275441728
4085,69.85,68.30476690828596,0.29999999999999716,0.2764086550883325
4086,70.35,68.8204944715604,0.49999999999999645,0.5157275632744396
4087,70.45,68.92835825319763,0.10000000000000142,0.10786378163722316
4088,70.8,69.274426362379,0.3500000000000014,0.34606810918139025
4089,71.8,70.35306417875123,1.0,1.0786378163722163
4090,71.8,70.35306417875123,0.0,0.0
4091,72.0,70.53733661547678,0.19999999999999574,0.18427243672555282
4092,72.19999999999999,70.75306417875122,0.1999999999999993,0.2157275632744425
4093,72.55,71.07554094302095,0.3500000000000014,0.3224767642697256
4094,72.75,71.2598133797465,0.20000000000000284,0.18427243672555937
4095,72.95,71.47554094302095,0.20000000000000284,0.2157275632744463
4096,73.35,71.90699606956983,0.3999999999999986,0.431455126548885
4097,73.85,72.36767716138372,0.5,0.4606810918138919
4098,74.05,72.58340472465817,0.1999999999999993,0.2157275632744425
4099,74.3,72.81374527056512,0.25,0.23034054590694594
4100,74.75,73.23622203483484,0.4499999999999993,0.42247676426972375
4101,75.75,74.28340472465818,1.0000000000000036,1.0471826898233332
4102,75.75,74.28340472465818,0.0,0.0
4103,76.25,74.76767716138373,0.4999999999999929,0.48427243672555
4104,77.0,75.52947283383956,0.7500000000000036,0.7617956724558355
4105,77.0,75.54520039711399,0.0,0.01572756327444346
4106,77.05,75.5991322879326,0.05000000000000071,0.05393189081861158
4107,77.35,75.95417875939317,0.29999999999999716,0.3550464714605487
4108,77.0,75.6552933400351,-0.3500000000000014,-0.29888541935806096
4109,77.0,75.67888468494677,3.552713678800501e-15,0.023591344911668484
4110,78.30000000000001,76.9552933400351,1.3000000000000043,1.2764086550883391
4111,78.35,77.00922523085372,0.04999999999999716,0.05393189081860775
4112,79.3,77.93956577676066,0.9499999999999957,0.9303405459069423
4113,79.44999999999999,78.1013614492165,0.14999999999999858,0.1617956724558309
4114,79.9,78.54742955839788,0.45000000000000284,0.4460681091813923
4115,80.0,78.64742955839787,0.10000000000000142,0.10000000000000087
4116,80.1,78.77102090330955,0.10000000000000142,0.12359134491166661
4117,80.25,78.9406803574026,0.15000000000000213,0.16965945409305594
4118,80.75,79.43281657576539,0.49999999999999645,0.492136218362775
4119,80.9,79.59461224822122,0.14999999999999858,0.1617956724558309
4120,80.94999999999999,79.66427170231425,0.04999999999999716,0.06965945409305123
4121,81.15,79.87999926558871,0.20000000000000284,0.2157275632744463
4122,81.35,80.09572682886315,0.20000000000000284,0.2157275632744463
4123,81.15,79.91931817377481,-0.20000000000000284,-0.17640865508833822
4124,81.65,80.41931817377481,0.5,0.5
4125,83.4,82.30693435242618,1.75,1.8876161786513785
4126,84.9,83.92489107698451,1.5,1.6179567245583246
4127,85.05,84.08668674944033,0.14999999999999858,0.1617956724558309
4128,85.55,84.60241431271479,0.5,0.5157275632744435
4129,85.55,84.60241431271479,0.0,0.0
4130,86.1,85.13275485862175,0.5500000000000043,0.5303405459069497
4131,86.15,85.18668674944036,0.05000000000000426,0.053931890818615415
4132,87.05000000000001,86.05523162289147,0.8999999999999986,0.8685448734511121
4133,87.05000000000001,86.05523162289147,0.0,0.0
4134,86.9,85.97993754844506,-0.15000000000000568,-0.07529407444639999
4135,86.9,85.97993754844506,0.0,0.0
4136,87.6,86.73498401990561,0.6999999999999957,0.7550464714605468
4137,88.15,87.30464347399868,0.5500000000000114,0.5696594540930654
4138,88.25,87.4125072556359,0.09999999999999432,0.1078637816372155
4139,88.1,87.28216670972894,-0.14999999999999858,-0.13034054590694397
4140,88.25,87.44396238218478,0.14999999999999858,0.1617956724558309
4141,88.4,87.5978942730034,0.14999999999999858,0.15393189081860972
4142,88.4,87.5978942730034,0.0,0.0
4143,88.4,87.5978942730034,0.0,0.0
4144,88.5,87.69003049136619,0.10000000000000142,0.09213621836277969
4145,89.05000000000001,88.19677969236146,0.5500000000000043,0.506749200995285
4146,88.85,88.0125072556359,-0.20000000000000284,-0.18427243672555937
4147,88.85,88.0125072556359,0.0,0.0
4148,89.25,88.40464347399868,0.3999999999999986,0.39213621836277684
4149,89.4,88.5664391464545,0.14999999999999858,0.1617956724558309
4150,89.45,88.62037103727312,0.05000000000000426,0.053931890818615415
4151,89.55,88.72037103727311,0.09999999999999432,0.09999999999999433
4152,89.55,88.72037103727311,0.0,0.0
4153,89.25,88.44396238218478,-0.29999999999999716,-0.2764086550883325
4154,89.3,88.4978942730034,0.04999999999999716,0.05393189081860775
4155,89.45,88.65968994545922,0.15000000000000568,0.16179567245583856
4156,89.6,88.83721318118951,0.14999999999999858,0.17752323573027434
4157,90.1,89.41585099756172,0.5,0.5786378163722163
4158,90.1,89.44730612411063,0.0,0.031455126548885826
4159,90.05,89.41696557820364,-0.05000000000000426,-0.030340545906949644
4160,90.30000000000001,89.66303368738505,0.2500000000000071,0.24606810918139593
4161,90.35,89.74055692311532,0.04999999999999005,0.07752323573026586
4162,90.35,89.75628448638976,7.105427357601002e-15,0.015727563274450004
4163,90.5,89.9180801588456,0.14999999999999858,0.1617956724558309
4164,90.55000000000001,89.97201204966422,0.05000000000000426,0.053931890818615415
4165,90.55000000000001,89.97201204966422,0.0,0.0
4166,90.35,89.78773961293867,-0.20000000000000284,-0.18427243672555937
4167,90.8,90.27312663030617,0.44999999999999574,0.48538701736749273
4168,91.05,90.5427860843992,0.25,0.2696594540930541
4169,92.05000000000001,91.51133095785033,1.000000000000007,0.9685448734511207
4170,92.2,91.67312663030616,0.14999999999999858,0.1617956724558309
4171,92.35,91.81919473948753,0.14999999999999147,0.14606810918138088
4172,92.65,92.10346717621309,0.30000000000000426,0.28427243672556135
4173,92.9,92.37312663030615,0.25,0.2696594540930541
4174,93.6,93.03380772212006,0.7000000000000028,0.6606810918138947
4175,93.65,93.08773961293865,0.04999999999999716,0.05393189081860775
4176,94.2,93.6888541935806,0.5500000000000043,0.6011145806419447
4177,94.35,93.83492230276198,0.14999999999999858,0.14606810918138743
4178,94.45,93.94278608439922,0.10000000000000142,0.10786378163722316
4179,94.45,93.94278608439922,0.0,0.0
4180,94.4,93.90458175685504,-0.05000000000000426,-0.03820432754417194
4181,94.30000000000001,93.83603688340392,-0.09999999999999432,-0.06854487345110737
4182,94.6,94.1596282283156,0.29999999999999716,0.3235913449116618
4183,94.8,94.36749200995281,0.19999999999999574,0.2078637816372175
4184,94.65,94.23715146404587,-0.14999999999999147,-0.13034054590693742
4185,95.0,94.6068109181389,0.3499999999999943,0.3696594540930484
4186,95.2,94.80681091813892,0.20000000000000284,0.20000000000000284
4187,95.25,94.86860659059477,0.04999999999999716,0.061795672455830036
4188,95.55000000000001,95.1843341538692,0.30000000000000426,0.3157275632744472
4189,95.6,95.25399360796226,0.04999999999999716,0.06965945409305123
4190,95.8,95.46972117123667,0.19999999999999574,0.21572756327443865
4191,95.80000000000001,95.53263142433447,7.105427357601002e-15,0.06291025309778042
4192,96.65,96.37869953351586,0.8499999999999943,0.8460681091813838
4193,96.69999999999999,96.43263142433445,0.04999999999999716,0.05393189081860775
4194,96.85,96.5944270967903,0.14999999999999858,0.1617956724558309
4195,97.35,97.10229087842752,0.5000000000000071,0.5078637816372289
4196,97.6,97.36408655088336,0.2499999999999929,0.26179567245582525
4197,97.8,97.56408655088336,0.20000000000000284,0.20000000000000284
4198,97.9,97.66408655088337,0.10000000000000853,0.10000000000000853
4199,97.95,97.71801844170196,0.04999999999999716,0.05393189081860775
4200,97.95,97.71801844170196,0.0,0.0
4201,97.9,97.67195033252057,-0.05000000000000426,-0.04606810918139312
4202,97.9,97.67195033252057,0.0,0.0
4203,97.94999999999999,97.72588222333917,0.04999999999999716,0.05393189081860775
4204,98.05,97.85733734988808,0.10000000000000142,0.1314551265488878
4205,97.95,97.77306491316253,-0.09999999999999432,-0.08427243672555083
4206,97.75,97.59665625807416,-0.20000000000000284,-0.17640865508833822
4207,97.85,97.7045200397114,0.10000000000000142,0.10786378163722316
4208,97.85,97.71238382134862,-7.105427357601002e-15,0.007863781637214629
4209,97.85,97.72811138462308,7.105427357601002e-15,0.015727563274450004
4210,97.8,97.68204327544169,-0.05000000000000426,-0.04606810918139312
4211,97.8,97.68204327544169,0.0,0.0
4212,97.5,97.37417949380445,-0.29999999999999716,-0.30786378163721834
4213,97.6,97.48204327544168,0.09999999999999432,0.1078637816372155
4214,97.44999999999999,97.34383894789751,-0.14999999999999858,-0.13820432754416626
4215,97.65,97.52024760298583,0.20000000000000284,0.17640865508833822
4216,97.75,97.62811138462307,0.10000000000000142,0.10786378163722316
4217,97.8,97.68204327544169,0.04999999999999716,0.05393189081860775
4218,98.05,97.93597516626026,0.25,0.2539318908186106
4219,98.6,98.45058814889279,0.5500000000000043,0.5146129826325073
4220,98.6,98.45845193053002,0.0,0.007863781637221174
4221,98.65,98.53597516626029,0.04999999999999716,0.0775232357302735
4222,98.69999999999999,98.58990705707889,0.04999999999999716,0.05393189081860775
4223,98.65,98.5438389478975,-0.04999999999999716,-0.04606810918138657
4224,98.25,98.19102163772082,-0.3999999999999986,-0.35281731017666873
4225,98.3,98.24495352853944,0.04999999999999716,0.05393189081860775
4226,98.4,98.34495352853945,0.10000000000000142,0.10000000000000199
4227,98.4,98.34495352853945,0.0,0.0
4228,98.5,98.45281731017667,0.10000000000000142,0.10786378163722316
4229,99.1,99.00563462035333,0.6000000000000014,0.5528173101766716
4230,99.19999999999999,99.11349840199057,0.09999999999999432,0.1078637816372155
4231,99.35,99.26743029280918,0.15000000000000568,0.15393189081861627
4232,99.25,99.19102163772082,-0.10000000000000142,-0.07640865508833622
4233,99.35,99.29888541935806,0.10000000000000142,0.10786378163722316
4234,99.45,99.40674920099529,0.10000000000000142,0.10786378163722316
4235,99.5,99.46068109181388,0.04999999999999716,0.05393189081860775
4236,99.7,99.67640865508832,0.20000000000000284,0.2157275632744463
4237,99.95,99.9460681091814,0.25,0.2696594540930541
4238,100.0,100.0,-0.1000000000000038,-0.055381507998772644
4239,100.0,100.0,0.0,0.0
4240,68.9,69.09999480102933,0.15000000000000568,0.13024176430588866
4241,47.6,46.52515197824003,0.05000000000000426,0.06182773554439915
4242,47.650000000000006,46.579103625378856,0.05000000000000071,0.05395164713882417
4243,47.45,46.4028135082118,-0.1999999999999993,-0.17629011716705878
4244,47.6,46.57257174390592,0.14999999999999858,0.1697582356941156
4245,47.6,46.57257174390592,0.0,0.0
4246,47.75,46.73442668532239,0.14999999999999858,0.1618549414164687
4247,47.75,46.73442668532239,0.0,0.0
4248,47.75,46.73442668532239,0.0,0.0
4249,46.65,45.72926621665415,-1.1000000000000014,-1.0051604686682396
4250,46.75,45.837169510931794,0.10000000000000142,0.10790329427764835
4251,46.849999999999994,45.94507280520944,0.09999999999999787,0.1079032942776445
4252,46.849999999999994,45.94507280520944,0.0,0.0
4253,46.849999999999994,45.94507280520944,0.0,0.0
4254,46.849999999999994,45.94507280520944,0.0,0.0
4255,46.849999999999994,45.94507280520944,0.0,0.0
4256,46.849999999999994,45.94507280520944,0.0,0.0
4257,46.5,45.66225080656944,-0.34999999999999787,-0.2828219986400002
4258,46.45,45.63991233654121,-0.04999999999999716,-0.022338470028233186
4259,46.45,45.63991233654121,0.0,0.0
4260,46.45,45.63991233654121,0.0,0.0
4261,46.45,45.63991233654121,0.0,0.0
4262,46.05,45.31104198504003,-0.40000000000000213,-0.3288703515011806
4263,45.75,45.03475186787296,-0.3000000000000007,-0.2762901171670602
4264,45.65,44.950558456428254,-0.10000000000000142,-0.08419341144470814
4265,45.8,45.112413397844726,0.15000000000000213,0.16185494141647253
4266,45.8,45.112413397844726,0.0,0.0
4267,46.0,45.32821998640002,0.1999999999999993,0.21580658855529283
4268,46.25,45.58217163353884,0.25,0.2539516471388232
4269,46.599999999999994,45.90451010356708,0.34999999999999787,0.3223384700282342
4270,46.599999999999994,45.90451010356708,0.0,0.0
4271,46.75,46.06636504498355,0.15000000000000213,0.16185494141647253
4272,46.849999999999994,46.1742683392612,0.09999999999999787,0.1079032942776445
4273,47.3,46.58870351501179,0.4499999999999993,0.4144351757505887
4274,47.3,46.58870351501179,0.0,0.0
4275,48.2,47.43338045506825,0.9000000000000021,0.8446769400564745
4276,48.2,47.43338045506825,0.0,0.0
4277,48.55,47.755718925096495,0.3500000000000014,0.3223384700282375
4278,48.900000000000006,48.125477160790616,0.3500000000000014,0.3697582356941184
4279,48.900000000000006,48.125477160790616,0.0,0.0
4280,49.2,48.40176727795767,0.29999999999999716,0.276290117167057
4281,49.2,48.425477160790614,0.0,0.023709882832940208
4282,49.349999999999994,48.56362221937414,0.14999999999999858,0.1381450585835285
4283,49.349999999999994,48.56362221937414,0.0,0.0
4284,49.3,48.509670572235315,-0.05000000000000071,-0.05395164713882417
4285,49.35,48.57942880792943,0.05000000000000426,0.0697582356941213
4286,49.2,48.44918704362356,-0.14999999999999858,-0.13024176430588155
4287,49.3,48.54128374934591,0.09999999999999787,0.09209670572235122
4288,49.3,48.54128374934591,0.0,0.0
4289,49.45,48.70313869076237,0.14999999999999858,0.1618549414164687
4290,49.599999999999994,48.864993632178845,0.14999999999999858,0.1618549414164687
4291,50.75,49.97942880792943,1.1500000000000021,1.1144351757505915
4292,51.0,50.24918704362355,0.25,0.26975823569411705
4293,51.8,50.985960689402376,0.8000000000000007,0.7367736457788262
4294,52.099999999999994,51.293863983680026,0.29999999999999716,0.30790329427764407
4295,52.8,52.049187043623554,0.6999999999999993,0.7553230599435269
4296,53.25,52.50313869076238,0.45000000000000284,0.4539516471388261
4297,53.75,53.01104198504002,0.5,0.5079032942776469
4298,54.15,53.426848573595315,0.3999999999999986,0.41580658855529246
4299,55.1,54.36499363217884,0.9500000000000028,0.938145058583532
4300,55.25,54.503138690762384,0.14999999999999858,0.1381450585835285
4301,55.9,55.1412837493459,0.6499999999999986,0.6381450585835284
4302,57.35,56.55571892509649,1.4500000000000028,1.414435175750592
4303,57.550000000000004,56.77152551365179,0.20000000000000284,0.2158065885552967
4304,58.15,57.38733210220709,0.5999999999999943,0.6158065885552881
4305,58.85,58.07152551365179,0.7000000000000028,0.684193411444709
4306,59.0,58.233380455068264,0.14999999999999858,0.1618549414164687
4307,59.05,58.279428807929435,0.04999999999999716,0.04604835286117397
4308,59.1,58.325477160790626,0.05000000000000426,0.046048352861180517
4309,59.25,58.49523539648473,0.14999999999999858,0.16975823569411616
4310,59.25,58.49523539648473,0.0,0.0
4311,60.15,59.426848573595315,0.8999999999999986,0.9316131771105856
4312,60.3,59.60451010356709,0.14999999999999858,0.17766152997176254
4313,61.05,60.3742683392612,0.75,0.769758235694117
4314,62.2,61.464993632178846,1.1500000000000021,1.0907252929176507
4315,62.599999999999994,61.8728969264565,0.3999999999999986,0.40790329427764555
4316,63.849999999999994,63.142655162150604,1.25,1.269758235694117
4317,64.1,63.38870351501179,0.25,0.24604835286117682
4318,65.0,64.31241339784474,0.9000000000000021,0.9237098828329421
4319,65.3,64.63612328067767,0.3000000000000007,0.3237098828329412
4320,65.95,65.33749469348238,0.6500000000000021,0.7013714128047066
4321,65.95,65.33749469348238,0.0,0.0
4322,65.85,65.24539798776001,-0.10000000000000142,-0.0920967057223545
4323,65.85,65.24539798776001,0.0,0.0
4324,65.9,65.29934963489885,0.04999999999999716,0.05395164713882034
4325,66.05,65.44539798776002,0.15000000000000213,0.14604835286117865
4326,67.8,67.10451010356707,1.7499999999999964,1.6591121158070585
4327,68.30000000000001,67.62031669212239,0.5000000000000071,0.5158065885553004
4328,68.25,67.58217163353885,-0.05000000000000426,-0.038145058583534154
4329,68.65,67.98217163353884,0.3999999999999986,0.3999999999999991
4330,69.19999999999999,68.5756397520659,0.5499999999999972,0.5934681185270544
4331,69.25,68.62959139920471,0.05000000000000071,0.05395164713882417
4332,69.44999999999999,68.84539798776002,0.1999999999999993,0.21580658855529283
4333,69.75,69.16910787059295,0.3000000000000007,0.3237098828329412
4334,69.85,69.2770111648706,0.10000000000000142,0.10790329427764835
4335,70.15,69.60072104770356,0.3000000000000007,0.3237098828329412
4336,70.55,70.03233422481414,0.3999999999999986,0.43161317711058567
4337,70.9,70.37838257767531,0.3500000000000014,0.3460483528611777
4338,73.8,73.18354304634354,2.8999999999999986,2.805160468668237
4339,74.6,73.9756397520659,0.8000000000000043,0.7920967057223574
4340,75.5,74.81241339784472,0.8999999999999986,0.8367736457788237
4341,75.7,75.02821998640002,0.20000000000000284,0.2158065885552967
4342,76.0,75.32031669212238,0.29999999999999716,0.2920967057223508
4343,76.1,75.42821998640001,0.09999999999999432,0.10790329427764069
4344,76.3,75.64402657495532,0.20000000000000284,0.2158065885552967
4345,76.5,75.85983316351061,0.20000000000000284,0.2158065885552967
4346,76.55,75.91378481064942,0.04999999999999716,0.05395164713882034
4347,76.85,76.23749469348236,0.29999999999999716,0.3237098828329374
4348,76.94999999999999,76.34539798776002,0.10000000000000142,0.10790329427764835
4349,77.1,76.50725292917649,0.14999999999999858,0.1618549414164687
4350,77.44999999999999,76.88491445914825,0.3500000000000014,0.3776615299717654
4351,78.25,77.62959139920473,0.8000000000000043,0.7446769400564769
4352,79.0,78.32031669212238,0.75,0.690725292917649
4353,78.65,77.9426551621506,-0.3500000000000014,-0.3776615299717654
4354,78.6,77.86499363217885,-0.04999999999999716,-0.07766152997176166
4355,78.5,77.7570903379012,-0.10000000000000142,-0.10790329427764835
4356,78.35,77.59523539648472,-0.14999999999999858,-0.1618549414164687
4357,78.25,77.48733210220708,-0.10000000000000142,-0.10790329427764835
4358,77.75,76.94781563081884,-0.5,-0.5395164713882341
4359,77.0,76.1385409237365,-0.75,-0.8092747070823512
4360,76.6,75.70692774662592,-0.3999999999999986,-0.43161317711058567
4361,76.2,75.2516046866824,-0.3999999999999986,-0.45532305994352584
4362,75.85,74.87394315671062,-0.3500000000000014,-0.3776615299717654
4363,75.2,74.24370139240473,-0.6500000000000021,-0.6302417643058849
4364,75.45,74.5055563338212,0.25000000000000355,0.26185494141647336
4365,75.25,74.33716951093179,-0.20000000000000284,-0.16838682288941514
4366,75.15,74.22926621665414,-0.10000000000000142,-0.10790329427764835
4367,75.15,74.22926621665414,0.0,0.0
4368,75.15,74.22926621665414,0.0,0.0
4369,75.1,74.17531456951532,-0.05000000000000071,-0.05395164713882417
4370,75.0,74.06741127523767,-0.09999999999999787,-0.1079032942776445
4371,75.1,74.15160468668239,0.09999999999999787,0.08419341144470431
4372,75.05,74.09765303954356,-0.05000000000000071,-0.05395164713882417
4373,75.3,74.31999150957179,0.25000000000000355,0.2223384700282393
4374,74.95,73.94232997960003,-0.34999999999999787,-0.37766152997176156
4375,74.85,73.83442668532238,-0.10000000000000142,-0.10790329427764835
4376,74.25,73.24232997960003,-0.6000000000000014,-0.5920967057223545
4377,74.15,73.13442668532237,-0.10000000000000142,-0.10790329427764835
4378,73.95,72.93442668532239,-0.1999999999999993,-0.19999999999999898
4379,73.95,72.93442668532239,0.0,0.0
4380,73.95,72.93442668532239,0.0,0.0
4381,74.25,73.21071680248946,0.30000000000000426,0.2762901171670635
4382,74.2,73.16466844962825,-0.05000000000000426,-0.046048352861180517
4383,74.3,73.27257174390591,0.09999999999999787,0.1079032942776445
4384,73.8,72.81208821529414,-0.5,-0.46048352861176595
4385,73.8,72.81208821529414,0.0,0.0
4386,74.15,73.18974974526591,0.3500000000000014,0.3776615299717654
4387,74.5,73.51208821529414,0.3500000000000014,0.3223384700282375
4388,74.5,73.51208821529414,0.0,0.0
4389,74.55,73.56603986243297,0.05000000000000071,0.05395164713882417
4390,74.7,73.72789480384944,0.14999999999999858,0.1618549414164687
4391,74.55,73.56603986243297,-0.14999999999999858,-0.1618549414164687
4392,74.35,73.36603986243297,-0.20000000000000284,-0.20000000000000284
4393,74.5,73.52789480384943,0.15000000000000213,0.16185494141647253
4394,74.2,73.24370139240473,-0.3000000000000007,-0.28419341144470717
4395,74.1,73.1357980981271,-0.10000000000000142,-0.10790329427764835
4396,74.1,73.1357980981271,0.0,0.0
4397,73.8,72.81208821529414,-0.3000000000000007,-0.3237098828329412
4398,73.2,72.16466844962827,-0.5999999999999979,-0.6474197656658786
4399,73.3,72.27257174390591,0.09999999999999787,0.1079032942776445
4400,73.7,72.66466844962827,0.40000000000000213,0.3920967057223555
4401,73.55,72.50281350821179,-0.15000000000000213,-0.16185494141647253
4402,73.55,72.50281350821179,0.0,0.0
4403,73.55,72.50281350821179,0.0,0.0
4404,73.55,72.50281350821179,0.0,0.0
4405,73.55,72.50281350821179,0.0,0.0
4406,73.55,72.50281350821179,0.0,0.0
4407,73.7,72.60934538968475,0.15000000000000213,0.10653188147294464
4408,73.95,72.87910362537886,0.25,0.26975823569411705
4409,74.25,73.16329703682356,0.3000000000000007,0.28419341144470717
4410,73.9,72.7856355068518,-0.3500000000000014,-0.3776615299717654
4411,74.0,72.89353880112945,0.10000000000000142,0.10790329427764835
4412,74.1,73.00144209540709,0.10000000000000142,0.10790329427764835
4413,73.85,72.75539374254592,-0.25,-0.24604835286117682
4414,73.9,72.80934538968474,0.05000000000000071,0.05395164713882417
4415,73.9,72.80934538968474,0.0,0.0
4416,73.85,72.75539374254592,-0.05000000000000071,-0.05395164713882417
4417,73.75,72.64749044826827,-0.10000000000000142,-0.10790329427764835
4418,73.6,72.48563550685179,-0.14999999999999858,-0.1618549414164687
4419,73.6,72.48563550685179,0.0,0.0
4420,73.85,72.75539374254592,0.25,0.26975823569411705
4421,73.9,72.80934538968474,0.05000000000000071,0.05395164713882417
4422,73.9,72.80934538968474,0.0,0.0
4423,73.9,72.80934538968474,0.0,0.0
4424,73.85,72.75539374254592,-0.05000000000000071,-0.05395164713882417
4425,73.75,72.64749044826827,-0.10000000000000142,-0.10790329427764835
4426,73.75,72.64749044826827,0.0,0.0
4427,73.7,72.59353880112945,-0.04999999999999716,-0.05395164713882034
4428,73.7,72.59353880112945,0.0,0.0
4429,73.75,72.64749044826827,0.04999999999999716,0.05395164713882034
4430,73.55,72.43168385971298,-0.1999999999999993,-0.21580658855529283
4431,74.95,73.73684432838122,1.3999999999999986,1.3051604686682372
4432,74.9,73.6828926812424,-0.05000000000000071,-0.05395164713882417
4433,75.15,73.93684432838121,0.25,0.2539516471388232
4434,75.35,74.10523115127063,0.1999999999999993,0.16838682288941245
4435,75.4,74.15918279840945,0.05000000000000071,0.05395164713882417
4436,75.35,74.11313444554828,-0.04999999999999716,-0.04604835286117397
4437,75.5,74.27498938696473,0.14999999999999858,0.1618549414164687
4438,75.75,74.52894103410357,0.25,0.2539516471388232
4439,75.75,74.52894103410357,0.0,0.0
4440,75.94999999999999,74.71313444554828,0.19999999999999574,0.18419341144470244
4441,76.15,74.92103773982592,0.2000000000000064,0.20790329427765303
4442,76.3,75.07498938696475,0.14999999999999503,0.15395164713881845
4443,76.5,75.29079597552004,0.20000000000000284,0.2158065885552967
4444,76.55,75.34474762265886,0.04999999999999716,0.05395164713882034
4445,76.55,75.34474762265886,0.0,0.0
4446,76.55,75.34474762265886,0.0,0.0
4447,76.55,75.34474762265886,0.0,0.0
4448,76.55,75.34474762265886,0.0,0.0
4449,76.7,75.50660256407532,0.15000000000000213,0.16185494141647253
4450,76.75,75.56055421121415,0.05000000000000071,0.05395164713882417
4451,76.8,75.61450585835297,0.04999999999999716,0.05395164713882034
4452,76.8,75.62240915263062,3.552713678800501e-15,0.007903294277650198
4453,76.5,75.33821574118592,-0.3000000000000007,-0.28419341144470717
4454,76.5,75.33821574118592,0.0,0.0
4455,76.5,75.33821574118592,0.0,0.0
4456,76.5,75.33821574118592,0.0,0.0
4457,77.2,76.01450585835299,0.7000000000000028,0.6762901171670627
4458,76.9,75.73031244690829,-0.3000000000000007,-0.28419341144470717
4459,76.9,75.73031244690829,0.0,0.0
4460,77.2,76.01450585835299,0.3000000000000007,0.28419341144470717
4461,77.4,76.23821574118591,0.19999999999999574,0.2237098828329365
4462,77.25,76.1000706826024,-0.14999999999999858,-0.1381450585835285
4463,77.45,76.30007068260238,0.1999999999999993,0.19999999999999898
4464,77.55,76.40797397688004,0.10000000000000142,0.10790329427764835
4465,77.7,76.53821574118592,0.15000000000000213,0.1302417643058848
4466,77.75,76.59216738832474,0.05000000000000071,0.05395164713882417
4467,77.9,76.7540223297412,0.14999999999999858,0.1618549414164687
4468,77.95,76.80797397688004,0.05000000000000071,0.05395164713882417
4469,77.95,76.80797397688004,0.0,0.0
4470,78.7,77.56982891829651,0.75,0.7618549414164707
4471,78.69999999999999,77.5856355068518,-7.105427357601002e-15,0.01580658855528619
4472,78.8,77.69353880112945,0.10000000000000142,0.10790329427764835
4473,78.94999999999999,77.85539374254591,0.14999999999999858,0.1618549414164687
4474,78.94999999999999,77.85539374254591,0.0,0.0
4475,79.1,78.01724868396239,0.15000000000000568,0.16185494141647636
4476,79.3,78.23305527251769,0.19999999999999574,0.215806588555289
4477,79.4,78.34095856679532,0.10000000000000142,0.10790329427764835
4478,79.35,78.2870069196565,-0.04999999999999716,-0.05395164713882034
4479,79.44999999999999,78.39491021393415,0.09999999999999432,0.10790329427764069
4480,79.5,78.44886186107298,0.05000000000000426,0.053951647138828
4481,79.6,78.55676515535062,0.10000000000000142,0.10790329427764835
4482,79.5,78.45676515535061,-0.10000000000000142,-0.10000000000000196
4483,79.5,78.46466844962828,0.0,0.007903294277647485
4484,79.7,78.67257174390592,0.20000000000000284,0.2079032942776492
4485,79.7,78.67257174390592,0.0,0.0
4486,80.05,79.04232997960003,0.3499999999999943,0.36975823569411137
4487,80.1,79.10418492101651,0.05000000000000426,0.06185494141647437
4488,80.2,79.21208821529416,0.10000000000000142,0.10790329427764835
4489,80.25,79.26603986243298,0.04999999999999716,0.05395164713882034
4490,80.4,79.42789480384944,0.14999999999999858,0.1618549414164687
4491,80.15,79.15813656815533,-0.25,-0.26975823569411705
4492,80.25,79.26603986243298,0.10000000000000142,0.10790329427764835
4493,80.4,79.42789480384944,0.14999999999999858,0.1618549414164687
4494,80.7,79.71208821529416,0.30000000000000426,0.28419341144471094
4495,80.75,79.76603986243296,0.04999999999999716,0.05395164713882034
4496,80.80000000000001,79.81999150957179,0.05000000000000426,0.053951647138828
4497,81.5,80.58321786379297,0.6999999999999957,0.7632263542211707
4498,81.9,81.01483104090356,0.3999999999999986,0.43161317711058567
4499,81.9,81.01483104090356,0.0,0.0
4500,82.05000000000001,81.16878268804238,0.15000000000000568,0.15395164713882886
4501,81.9,81.0069277466259,-0.15000000000000568,-0.16185494141647636
4502,82.05000000000001,81.16878268804238,0.15000000000000568,0.16185494141647636
4503,82.2,81.33063762945885,0.14999999999999858,0.1618549414164687
4504,82.25,81.38458927659768,0.04999999999999716,0.05395164713882034
4505,82.2,81.33063762945885,-0.04999999999999716,-0.05395164713882034
4506,82.5,81.65434751229179,0.29999999999999716,0.3237098828329374
4507,82.55000000000001,81.70829915943062,0.05000000000000426,0.053951647138828
4508,82.5,81.65434751229179,-0.05000000000000426,-0.053951647138828
4509,82.55000000000001,81.70829915943062,0.05000000000000426,0.053951647138828
4510,82.5,81.65434751229179,-0.05000000000000426,-0.053951647138828
4511,82.75,81.9241057479859,0.25,0.26975823569411705
4512,82.85,82.03200904226355,0.10000000000000142,0.10790329427764835
4513,82.9,82.08596068940238,0.04999999999999716,0.05395164713882034
4514,82.9,82.08596068940238,0.0,0.0
4515,83.0,82.19386398368003,0.10000000000000142,0.10790329427764835
4516,83.4,82.62547716079061,0.3999999999999986,0.43161317711058567
4517,83.5,82.73338045506827,0.10000000000000142,0.10790329427764835
4518,83.5,82.73338045506827,0.0,0.0
4519,83.45,82.67942880792944,-0.04999999999999716,-0.05395164713882034
4520,84.0,83.2728969264565,0.5499999999999972,0.5934681185270544
4521,84.0,83.2728969264565,0.0,0.0
4522,84.30000000000001,83.59660680928944,0.30000000000000426,0.32370988283294505
4523,84.3,83.58870351501179,-7.105427357601002e-15,-0.00790329427765403
4524,84.7,83.97289692645649,0.4000000000000057,0.38419341144471186
4525,84.95,84.23475186787296,0.25,0.2618549414164707
4526,85.45,84.7742683392612,0.5,0.5395164713882341
4527,85.95,85.31378481064944,0.5,0.5395164713882341
4528,86.0,85.36773645778825,0.04999999999999716,0.05395164713882034
4529,86.65,85.95846175070591,0.6500000000000057,0.5907252929176546
4530,87.2,86.48870351501178,0.5499999999999972,0.5302417643058801
4531,87.1,86.40451010356708,-0.10000000000000142,-0.08419341144470814
4532,87.1,86.40451010356708,0.0,0.0
4533,87.6,86.89660680928944,0.5,0.49209670572235364
4534,87.94999999999999,87.26636504498354,0.3499999999999943,0.36975823569411137
4535,87.94999999999999,87.26636504498354,0.0,0.0
4536,88.25,87.59007492781649,0.30000000000000426,0.32370988283294505
4537,88.19999999999999,87.53612328067766,-0.05000000000000426,-0.053951647138828
4538,88.25,87.59797822209413,0.05000000000000426,0.06185494141647437
4539,88.65,88.02959139920472,0.3999999999999986,0.43161317711058567
4540,88.44999999999999,87.82959139920472,-0.20000000000000284,-0.20000000000000284
4541,89.05,88.43749469348238,0.6000000000000014,0.6079032942776483
4542,89.25,88.65330128203767,0.20000000000000284,0.2158065885552967
4543,89.55,88.97701116487062,0.29999999999999716,0.3237098828329374
4544,88.7,88.17047928339767,-0.8499999999999943,-0.8065318814729371
4545,89.2,88.68628587195296,0.5,0.5158065885552939
4546,89.5,88.97047928339765,0.29999999999999716,0.28419341144470334
4547,89.75,89.1928177534259,0.25,0.22233847002823662
4548,89.75,89.1928177534259,0.0,0.0
4549,89.75,89.1928177534259,0.0,0.0
4550,89.45,88.91652763625885,-0.29999999999999716,-0.276290117167057
4551,89.1,88.6099957547859,-0.3500000000000014,-0.30653188147294363
4552,89.25,88.77975399048002,0.14999999999999858,0.16975823569411502
4553,89.15,88.67975399048002,-0.10000000000000142,-0.10000000000000087
4554,88.85,88.41927046186825,-0.29999999999999716,-0.2604835286117631
4555,88.9,88.41789904906355,0.04999999999999716,-0.0013714128047075688
4556,89.15,88.68765728475765,0.25,0.26975823569411705
4557,89.15,88.7113671675906,0.0,0.023709882832940208
4558,88.95,88.55088363897883,-0.19999999999999574,-0.16048352861176113
4559,88.7,88.3285451689506,-0.25,-0.22233847002823662
4560,89.15,88.76669022753413,0.44999999999999574,0.43814505858352565
4561,89.0,88.6285451689506,-0.14999999999999858,-0.1381450585835285
4562,88.9,88.52064187467295,-0.10000000000000142,-0.10790329427764835
4563,88.9,88.52064187467295,0.0,0.0
4564,89.15,88.75088363897883,0.25,0.23024176430588297
4565,89.75,89.39040011036707,0.6000000000000014,0.639516471388236
4566,89.85,89.47459352181177,0.09999999999999432,0.08419341144470048
4567,90.0,89.65225505178354,0.15000000000000568,0.1776615299717691
4568,90.3,89.94435175750588,0.29999999999999716,0.2920967057223508
4569,90.15,89.80620669892237,-0.14999999999999858,-0.1381450585835285
4570,90.35,89.99830340464472,0.20000000000000284,0.1920967057223565
4571,90.25,89.89040011036707,-0.10000000000000142,-0.10790329427764835
4572,90.30000000000001,89.95225505178355,0.05000000000000426,0.06185494141647437
4573,90.25,89.90620669892236,-0.05000000000000426,-0.046048352861180517
4574,90.15,89.81410999320002,-0.09999999999999432,-0.09209670572234795
4575,90.3,89.96015834606118,0.14999999999999147,0.1460483528611683
4576,90.55000000000001,90.22201328747765,0.2500000000000071,0.2618549414164772
4577,90.55000000000001,90.22201328747765,0.0,0.0
4578,90.55000000000001,90.22201328747765,0.0,0.0
4579,90.55000000000001,90.22201328747765,0.0,0.0
4580,90.25,89.89830340464472,-0.30000000000000426,-0.32370988283294505
4581,90.4,90.06015834606119,0.14999999999999858,0.1618549414164687
4582,90.4,90.06015834606119,0.0,0.0
4583,90.6,90.24435175750588,0.19999999999999574,0.18419341144470244
4584,90.45,90.11410999320002,-0.14999999999999147,-0.13024176430587445
4585,90.19999999999999,89.89177152317176,-0.2500000000000071,-0.22233847002824317
4586,90.3,89.98386822889412,0.10000000000000142,0.0920967057223545
4587,90.85,90.52201328747766,0.5500000000000043,0.5381450585835341
4588,90.85,90.52201328747766,0.0,0.0
4589,90.85,90.52201328747766,0.0,0.0
4590,90.85,90.52201328747766,0.0,0.0
4591,91.3,91.00757811172706,0.44999999999999574,0.48556482424940606
4592,91.3,91.00757811172706,0.0,0.0
4593,90.85,90.53781987603296,-0.44999999999999574,-0.4697582356941122
4594,90.9,90.59967481744943,0.04999999999999716,0.061854941416466705
4595,90.35,90.12475611308707,-0.5499999999999972,-0.4749187043623522
4596,90.55,90.30894952453177,0.19999999999999574,0.18419341144470244
4597,90.65,90.41685281880942,0.10000000000000142,0.10790329427764835
4598,90.65,90.41685281880942,0.0,0.0
4599,89.85,89.6800791730306,-0.7999999999999972,-0.7367736457788229
4600,89.6,89.4498374087247,-0.25,-0.23024176430588297
4601,89.6,89.4498374087247,0.0,0.0
4602,90.2,90.12096705722354,0.6000000000000014,0.6711296484988226
4603,89.9,89.84467694005647,-0.30000000000000426,-0.2762901171670635
4604,89.9,89.84467694005647,0.0,0.0
4605,90.35,90.33024176430588,0.44999999999999574,0.48556482424940606
4606,90.4,90.37629011716704,0.05000000000000426,0.046048352861180517
4607,90.5,90.47629011716705,0.10000000000000142,0.10000000000000196
4608,90.55,90.55395164713882,0.04999999999999716,0.07766152997176053
4609,90.5,90.50790329427765,-0.04999999999999716,-0.04604835286117397
4610,90.55,90.55395164713882,0.04999999999999716,0.04604835286117397
4611,91.65,91.59072529291765,1.1000000000000085,1.0367736457788341
4612,91.75,91.68282199864,0.09999999999999432,0.09209670572234795
4613,91.65,91.59072529291765,-0.09999999999999432,-0.09209670572234795
4614,92.3,92.24467694005646,0.6499999999999915,0.6539516471388147
4615,92.3,92.24467694005646,0.0,0.0
4616,92.35,92.30653188147294,0.05000000000000426,0.06185494141647437
4617,92.44999999999999,92.39862858719529,0.09999999999999432,0.09209670572234795
4618,93.25,93.26185494141647,0.8000000000000043,0.8632263542211791
4619,93.05,93.06975823569412,-0.20000000000000284,-0.1920967057223565
4620,93.05,93.06975823569412,0.0,0.0
4621,93.05,93.06975823569412,0.0,0.0
4622,93.05,93.06975823569412,0.0,0.0
4623,93.0,93.00790329427765,-0.04999999999999716,-0.06185494141646782
4624,93.0,93.00790329427765,0.0,0.0
4625,92.95,92.95395164713884,-0.04999999999999716,-0.05395164713882034
4626,92.95,92.95395164713884,0.0,0.0
4627,93.2,93.18419341144471,0.25,0.23024176430588297
4628,93.2,93.18419341144471,0.0,0.0
4629,93.25,93.23814505858353,0.04999999999999716,0.05395164713882034
4630,93.25,93.25395164713882,0.0,0.015806588555293852
4631,93.4,93.39209670572235,0.14999999999999858,0.1381450585835285
4632,93.85,93.80653188147295,0.45000000000000284,0.414435175750592
4633,93.69999999999999,93.6683868228894,-0.15000000000000568,-0.138145058583535
4634,94.1,94.04467694005646,0.4000000000000057,0.3762901171670655
4635,94.1,94.04467694005646,0.0,0.0
4636,93.9,93.84467694005647,-0.20000000000000284,-0.20000000000000284
4637,93.80000000000001,93.72887035150119,-0.09999999999999432,-0.11580658855528818
4638,94.44999999999999,94.38282199864,0.6499999999999915,0.6539516471388147
4639,94.44999999999999,94.38282199864,0.0,0.0
4640,94.44999999999999,94.38282199864,0.0,0.0
4641,94.5,94.42887035150119,0.05000000000000426,0.046048352861180517
4642,94.5,94.42887035150119,0.0,0.0
4643,94.6,94.53677364577882,0.10000000000000142,0.10790329427764835
4644,94.75,94.69862858719529,0.14999999999999858,0.1618549414164687
4645,94.85,94.80653188147295,0.10000000000000142,0.10790329427764835
4646,94.94999999999999,94.92233847002822,0.09999999999999432,0.11580658855528818
4647,95.05,95.03024176430587,0.10000000000000142,0.10790329427764835
4648,95.25,95.24604835286118,0.20000000000000284,0.2158065885552967
4649,95.25,95.24604835286118,0.0,0.0
4650,95.4,95.40790329427765,0.14999999999999858,0.1618549414164687
4651,95.4,95.40790329427765,0.0,0.0
4652,95.4,95.40790329427765,0.0,0.0
4653,95.5,95.5,0.10000000000000142,0.0920967057223545
4654,95.6,95.60790329427766,0.10000000000000142,0.10790329427764835
4655,95.5,95.5,-0.10000000000000142,-0.10790329427764835
4656,95.6,95.6,0.09999999999999432,0.09999999999999433
4657,95.65,95.66185494141648,0.05000000000000426,0.06185494141647437
4658,95.65,95.66185494141648,0.0,0.0
4659,95.55,95.56975823569411,-0.10000000000000142,-0.0920967057223545
4660,95.65,95.67766152997177,0.10000000000000142,0.10790329427764835
4661,95.65,95.67766152997177,0.0,0.0
4662,95.69999999999999,95.73161317711059,0.04999999999999716,0.05395164713882034
4663,95.95,95.96975823569412,0.2500000000000071,0.23814505858353702
4664,96.2,96.26322635422117,0.25,0.2934681185270572
4665,96.75,96.79346811852706,0.5499999999999972,0.5302417643058801
4666,97.25,97.26185494141647,0.5,0.4683868228894134
4667,97.2,97.22370988283294,-0.04999999999999716,-0.03814505858352761
4668,97.4,97.44741976566587,0.19999999999999574,0.2237098828329365
4669,98.0,98.0,0.6000000000000014,0.5525802343341204
4670,99.1,99.06838682288941,1.1000000000000014,1.0683868228894144
4671,99.5,99.47629011716705,0.0,-0.005988625161678307
4672,100.0,100.0,0.5,0.5237098828329402
4673,68.9,69.09999480102933,0.45000000000000284,0.4412906244563644
4674,41.6,41.853539599159255,0.05000000000000426,0.06182773554439915
4675,42.1,42.3574104327342,0.4999999999999982,0.5038708335749486
4676,42.2,42.455475015946725,0.09999999999999964,0.09806458321252447
4677,43.1,43.36708751667158,0.9000000000000004,0.9116125007248514
4678,43.3,43.56321668309663,0.1999999999999993,0.19612916642504893
4679,43.55,43.81224897470288,0.2500000000000018,0.24903229160626422
4680,43.65,43.91031355791541,0.09999999999999964,0.09806458321252447
4681,43.75,44.01031355791541,0.10000000000000142,0.10000000000000143
4682,43.95,44.20644272434047,0.1999999999999993,0.19612916642504893
4683,44.1,44.353539599159255,0.15000000000000036,0.14709687481878755
4684,44.7,44.96128126630915,0.5999999999999996,0.6077416671499004
4685,44.85,45.10837814112794,0.15000000000000036,0.14709687481878755
4686,45.1,45.35353959915925,0.25,0.245161458031312
4687,45.25,45.50644272434047,0.14999999999999858,0.15290312518121132
4688,45.400000000000006,45.6574104327342,0.15000000000000213,0.15096770839373974
4689,45.150000000000006,45.402571890765515,-0.25,-0.254838541968688
4690,45.25,45.504507307552984,0.09999999999999787,0.10193541678747302
4691,45.25,45.504507307552984,0.0,0.0
4692,45.349999999999994,45.60257189076551,0.09999999999999787,0.09806458321252272
4693,45.15,45.398701057190564,-0.1999999999999993,-0.20387083357494967
4694,45.599999999999994,45.85547501594672,0.4499999999999993,0.4567739587561625
4695,45.8,46.051604182371776,0.1999999999999993,0.19612916642504893
4696,45.65,45.90450730755299,-0.14999999999999858,-0.1470968748187858
4697,45.599999999999994,45.85547501594672,-0.05000000000000071,-0.0490322916062631
4698,45.75,46.002571890765516,0.15000000000000213,0.1470968748187893
4699,45.55,45.80644272434046,-0.20000000000000284,-0.1961291664250524
4700,45.55,45.80450730755299,3.552713678800501e-15,-0.001935416787471597
4701,45.55,45.80450730755299,0.0,0.0
4702,46.400000000000006,46.6574104327342,0.8500000000000014,0.8529031251812143
4703,46.6,46.85353959915925,0.1999999999999993,0.19612916642504893
4704,46.7,46.95160418237178,0.10000000000000142,0.0980645832125262
4705,47.1,47.349668765584305,0.3999999999999986,0.3980645832125233
4706,47.25,47.49676564040309,0.14999999999999858,0.1470968748187858
4707,47.400000000000006,47.64773334879683,0.15000000000000213,0.15096770839373974
4708,47.55,47.79483022361561,0.14999999999999858,0.1470968748187858
4709,48.05,48.300636473978045,0.5,0.5058062503624255
4710,48.35,48.606442724340454,0.3000000000000007,0.3058062503624263
4711,49.6,49.872893767034,1.25,1.2664510426935394
4712,48.9,49.15934584952167,-0.7000000000000028,-0.7135479175123292
4713,48.85,49.10644272434047,-0.04999999999999716,-0.052903125181209924
4714,48.900000000000006,49.15547501594673,0.05000000000000071,0.0490322916062631
4715,48.900000000000006,49.15547501594673,0.0,0.0
4716,48.900000000000006,49.15547501594673,0.0,0.0
4717,48.95,49.20450730755299,0.04999999999999716,0.04903229160625962
4718,49.0,49.253539599159254,0.05000000000000071,0.0490322916062631
4719,49.0,49.253539599159254,0.0,0.0
4720,49.1,49.353539599159255,0.10000000000000142,0.10000000000000143
4721,49.45,49.70644272434047,0.3500000000000014,0.3529031251812142
4722,49.45,49.70644272434047,0.0,0.0
4723,49.15,49.398701057190564,-0.30000000000000426,-0.307741667149905
4724,49.25,49.49676564040309,0.10000000000000142,0.0980645832125262
4725,49.65,49.90450730755298,0.3999999999999986,0.40774166714989935
4726,49.7,49.95353959915925,0.05000000000000071,0.0490322916062631
4727,49.849999999999994,50.100636473978035,0.14999999999999858,0.1470968748187858
4728,49.849999999999994,50.100636473978035,0.0,0.0
4729,50.0,50.24773334879683,0.15000000000000213,0.1470968748187893
4730,50.0,50.24773334879683,0.0,0.0
4731,50.2,50.44386251522187,0.1999999999999993,0.19612916642504893
4732,50.2,50.44386251522187,0.0,0.0
4733,50.349999999999994,50.59095939004066,0.14999999999999858,0.1470968748187858
4734,50.45,50.68902397325319,0.10000000000000142,0.0980645832125262
4735,50.599999999999994,50.83612084807198,0.14999999999999858,0.1470968748187858
4736,50.7,50.9341854312845,0.10000000000000142,0.0980645832125262
4737,50.849999999999994,51.08128230610328,0.14999999999999858,0.1470968748187858
4738,50.9,51.13031459770954,0.05000000000000071,0.0490322916062631
4739,50.95,51.17934688931581,0.05000000000000071,0.0490322916062631
4740,51.099999999999994,51.326443764134595,0.14999999999999858,0.1470968748187858
4741,51.3,51.52257293055965,0.1999999999999993,0.19612916642504893
4742,51.599999999999994,51.81676668019722,0.3000000000000007,0.2941937496375751
4743,51.849999999999994,52.06192813822854,0.25,0.245161458031312
4744,52.15,52.3561218878661,0.3000000000000007,0.2941937496375751
4745,52.349999999999994,52.552251054291155,0.1999999999999993,0.19612916642504893
4746,52.65,52.84644480392873,0.3000000000000007,0.2941937496375751
4747,52.9,53.091606261960045,0.25,0.245161458031312
4748,53.4,53.58192917802266,0.5,0.490322916062624
4749,53.7,53.87612292766024,0.3000000000000007,0.2941937496375751
4750,54.0,54.170316677297826,0.3000000000000007,0.2941937496375751
4751,57.45,57.68128230610329,3.450000000000003,3.5109656288054714
4752,57.75,57.98321772289077,0.29999999999999716,0.3019354167874722
4753,58.349999999999994,58.57741147252834,0.5999999999999979,0.5941937496375723
4754,58.65,58.87160522216591,0.3000000000000007,0.2941937496375751
4755,58.8,59.0187020969847,0.14999999999999858,0.1470968748187858
4756,59.55,59.77741147252833,0.75,0.7587093755436384
4757,59.7,59.92450834734712,0.15000000000000213,0.1470968748187893
4758,59.95,60.16966980537844,0.25,0.245161458031312
4759,60.3,60.52063751377217,0.3500000000000014,0.35096770839373914
4760,60.650000000000006,60.86773438859096,0.3500000000000014,0.34709687481878865
4761,61.099999999999994,61.32257293055965,0.44999999999999574,0.45483854196868356
4762,61.75,61.97741147252833,0.6500000000000021,0.6548385419686903
4763,62.35,62.589023973253184,0.6000000000000014,0.6116125007248526
4764,62.5,62.73999168164692,0.15000000000000213,0.15096770839373974
4765,62.6,62.838056264859446,0.09999999999999787,0.09806458321252272
4766,62.6,62.8341854312845,0.0,-0.003870833574950443
4767,62.7,62.93225001449703,0.10000000000000142,0.0980645832125262
4768,64.1,64.3574104327342,1.3999999999999986,1.425160418237176
4769,64.4,64.66128126630916,0.3000000000000007,0.3038708335749511
4770,64.4,64.66128126630916,0.0,0.0
4771,64.75,65.01805522506531,0.3499999999999943,0.35677395875615736
4772,64.85,65.11611980827783,0.10000000000000142,0.0980645832125262
4773,65.3,65.57095835024653,0.4499999999999993,0.4548385419686873
4774,65.25,65.51224897470289,-0.04999999999999716,-0.05870937554363557
4775,65.25,65.51224897470289,0.0,0.0
4776,65.25,65.51224897470289,0.0,0.0
4777,65.35,65.6103135579154,0.09999999999999787,0.09806458321252272
4778,65.4,65.65934584952167,0.05000000000000071,0.0490322916062631
4779,66.2,66.472893767034,0.8000000000000007,0.8135479175123269
4780,66.25,66.51999064185279,0.05000000000000071,0.04709687481878802
4781,66.35,66.61999064185278,0.09999999999999787,0.09999999999999781
4782,66.5,66.77095835024653,0.15000000000000213,0.15096770839373974
4783,67.85,68.1432156433025,1.3500000000000014,1.372257293055966
4784,68.55,68.85482814402734,0.6999999999999957,0.7116125007248469
4785,68.6,68.9038604356336,0.05000000000000071,0.0490322916062631
4786,68.85,69.15676356081482,0.25000000000000355,0.2529031251812164
4787,68.75,69.05289272723988,-0.09999999999999787,-0.10387083357494824
4788,68.75,69.05289272723988,0.0,0.0
4789,67.7,67.98063543418391,-1.0500000000000007,-1.0722572930559655
4790,68.5,68.79224793490876,0.7999999999999936,0.8116125007248447
4791,68.5,68.79224793490876,0.0,0.0
4792,68.5,68.79224793490876,0.0,0.0
4793,68.5,68.79224793490876,0.0,0.0
4794,67.95,68.23740939294007,-0.5499999999999972,-0.5548385419686852
4795,68.15,68.43934480972753,0.1999999999999993,0.20193541678747443
4796,69.19999999999999,69.49805418527117,1.0499999999999972,1.0587093755436356
4797,68.8,69.09998960205866,-0.3999999999999986,-0.3980645832125233
4798,68.9,69.19998960205865,0.10000000000000497,0.10000000000000504
4799,68.85,69.14902189366492,-0.05000000000000426,-0.05096770839374194
4800,68.9,69.19998960205865,0.05000000000000426,0.05096770839374194
4801,68.85,69.1509573104524,-0.05000000000000071,-0.0490322916062631
4802,68.55,68.84128022651502,-0.30000000000000426,-0.3096770839373804
4803,68.35,68.63547397615258,-0.1999999999999993,-0.2058062503624249
4804,68.45,68.73934480972754,0.10000000000000497,0.10387083357495548
4805,68.45,68.73934480972754,0.0,0.0
4806,68.55,68.84321564330249,0.09999999999999787,0.10387083357494824
4807,68.55,68.84321564330249,0.0,0.0
4808,68.6,68.89224793490875,0.05000000000000071,0.0490322916062631
4809,68.1,68.38257085097138,-0.5,-0.509677083937376
4810,68.2,68.48450626775886,0.10000000000000142,0.10193541678747665
4811,68.55,68.84128022651502,0.3499999999999943,0.35677395875615736
4812,68.5,68.79224793490876,-0.05000000000000071,-0.0490322916062631
4813,68.5,68.79224793490876,0.0,0.0
4814,68.55,68.84128022651502,0.05000000000000071,0.0490322916062631
4815,68.45,68.73934480972754,-0.09999999999999432,-0.1019354167874694
4816,68.45,68.73934480972754,0.0,0.0
4817,68.45,68.73934480972754,0.0,0.0
4818,68.65,68.94321564330248,0.19999999999999574,0.20387083357494604
4819,68.85,69.14708647687743,0.20000000000000284,0.2038708335749533
4820,68.7,68.99418335169624,-0.14999999999999858,-0.15290312518121132
4821,69.25,69.54708647687742,0.5499999999999936,0.5529031251812062
4822,69.4,69.69998960205865,0.15000000000000568,0.15290312518121857
4823,69.4,69.69998960205865,0.0,0.0
4824,69.4,69.69998960205865,0.0,0.0
4825,69.9,70.20966668599603,0.5,0.509677083937376
4826,69.95,70.2586989776023,0.05000000000000071,0.0490322916062631
4827,70.0,70.30773126920856,0.05000000000000071,0.0490322916062631
4828,70.05000000000001,70.35676356081483,0.05000000000000071,0.0490322916062631
4829,70.05000000000001,70.35676356081483,0.0,0.0
4830,69.7,70.00386043563361,-0.3500000000000014,-0.3529031251812142
4831,69.8,70.10579585242108,0.09999999999999432,0.1019354167874694
4832,69.9,70.2038604356336,0.10000000000000142,0.0980645832125262
4833,70.0,70.30966668599604,0.10000000000000142,0.10580625036242709
4834,70.35,70.66256981117725,0.3500000000000014,0.3529031251812142
4835,70.25,70.56450522796473,-0.10000000000000142,-0.0980645832125262
4836,70.25,70.56450522796473,0.0,0.0
4837,70.3,70.61353751957098,0.05000000000000071,0.0490322916062631
4838,70.4,70.7116021027835,0.09999999999999787,0.09806458321252272
4839,70.4,70.7116021027835,0.0,0.0
4840,70.5,70.80966668599604,0.10000000000000142,0.0980645832125262
4841,70.5,70.80966668599604,0.0,0.0
4842,70.5,70.80966668599604,0.0,0.0
4843,70.6,70.90773126920855,0.10000000000000142,0.0980645832125262
4844,70.6,70.90773126920855,0.0,0.0
4845,70.6,70.90773126920855,0.0,0.0
4846,70.55,70.85869897760229,-0.05000000000000071,-0.0490322916062631
4847,70.6,70.90773126920855,0.05000000000000071,0.0490322916062631
4848,70.55000000000001,70.85676356081483,-0.04999999999999716,-0.0509677083937347
4849,70.55000000000001,70.85676356081483,0.0,0.0
4850,70.55000000000001,70.85676356081483,0.0,0.0
4851,70.45,70.7586989776023,-0.10000000000000142,-0.0980645832125262
4852,70.4,70.70966668599603,-0.05000000000000071,-0.0490322916062631
4853,70.4,70.70966668599603,0.0,0.0
4854,70.35,70.65869897760228,-0.05000000000000426,-0.05096770839374194
4855,70.25,70.56063439438977,-0.09999999999999787,-0.09806458321252272
4856,70.3,70.60966668599603,0.04999999999999716,0.04903229160625962
4857,70.25,70.56063439438977,-0.04999999999999716,-0.04903229160625962
4858,70.3,70.60773126920856,0.05000000000000071,0.04709687481878802
4859,70.4,70.70579585242108,0.10000000000000142,0.0980645832125262
4860,70.45,70.75482814402734,0.05000000000000071,0.0490322916062631
4861,70.45,70.75482814402734,0.0,0.0
4862,70.45,70.75482814402734,0.0,0.0
4863,70.4,70.70579585242108,-0.05000000000000071,-0.0490322916062631
4864,70.45,70.7567635608148,0.04999999999999716,0.0509677083937347
4865,70.55,70.85482814402734,0.09999999999999787,0.09806458321252272
4866,70.35,70.65289272723987,-0.19999999999999574,-0.20193541678747093
4867,70.55000000000001,70.85676356081483,0.20000000000000284,0.2038708335749533
4868,70.55000000000001,70.85676356081483,0.0,0.0
4869,70.45,70.7586989776023,-0.10000000000000142,-0.0980645832125262
4870,70.2,70.50966668599602,-0.25,-0.24903229160626245
4871,70.25,70.55869897760229,0.04999999999999716,0.04903229160625962
4872,70.25,70.55869897760229,0.0,0.0
4873,70.15,70.45289272723987,-0.10000000000000142,-0.10580625036242709
4874,69.8,70.0961187684837,-0.3500000000000014,-0.3567739587561646
4875,69.8,70.0961187684837,0.0,0.0
4876,69.6,69.89224793490875,-0.19999999999999574,-0.20387083357494604
4877,69.6,69.89224793490875,0.0,0.0
4878,69.55,69.83934480972755,-0.05000000000000071,-0.052903125181213546
4879,69.44999999999999,69.7335385593651,-0.10000000000000497,-0.10580625036243058
4880,69.6,69.88644168454634,0.15000000000000568,0.15290312518121857
4881,69.3,69.5806354341839,-0.30000000000000426,-0.3058062503624299
4882,69.2,69.48063543418391,-0.09999999999999432,-0.09999999999999433
4883,69.2,69.48063543418391,0.0,0.0
4884,69.15,69.42966772579017,-0.05000000000000426,-0.05096770839374194
4885,69.2,69.48063543418391,0.05000000000000426,0.05096770839374194
4886,69.15,69.42966772579017,-0.05000000000000426,-0.05096770839374194
4887,69.19999999999999,69.47870001739642,0.04999999999999716,0.04903229160625962
4888,69.19999999999999,69.47870001739642,0.0,0.0
4889,69.19999999999999,69.47870001739642,0.0,0.0
4890,69.15,69.42579689221522,-0.049999999999993605,-0.052903125181206295
4891,69.30000000000001,69.572893767034,0.15000000000000213,0.1470968748187893
4892,69.4,69.66902293345905,0.09999999999999432,0.09612916642504386
4893,69.4,69.66902293345905,0.0,0.0
4894,69.4,69.66708751667159,3.552713678800501e-15,-0.001935416787471597
4895,69.44999999999999,69.71418439149036,0.049999999999993605,0.047096874818780776
4896,69.35,69.6122489747029,-0.09999999999999432,-0.1019354167874694
4897,69.5,69.75934584952168,0.15000000000000213,0.1470968748187893
4898,69.55000000000001,69.80837814112795,0.05000000000000071,0.0490322916062631
4899,69.45,69.70063647397804,-0.10000000000000142,-0.10774166714990217
4900,69.55000000000001,69.79870105719057,0.10000000000000142,0.0980645832125262
4901,69.55000000000001,69.79870105719057,0.0,0.0
4902,69.6,69.84773334879682,0.04999999999999716,0.04903229160625962
4903,69.6,69.84579793200935,-3.552713678800501e-15,-0.0019354167874788373
4904,69.7,69.94386251522188,0.10000000000000142,0.0980645832125262
4905,69.9,70.1419270984344,0.20000000000000284,0.19806458321252776
4906,70.0,70.23805626485945,0.09999999999999787,0.09612916642504735
4907,69.85,70.08708855646572,-0.15000000000000213,-0.15096770839373974
4908,69.9,70.13805626485946,0.05000000000000426,0.05096770839374194
4909,70.1,70.3264437641346,0.19999999999999574,0.18838749927514456
4910,69.94999999999999,70.16579897180348,-0.15000000000000213,-0.16064479233111567
4911,70.25,70.46966980537843,0.3000000000000007,0.3038708335749511
4912,70.2,70.41483126340975,-0.04999999999999716,-0.05483854196868512
4913,70.05,70.26192813822853,-0.14999999999999858,-0.15290312518121132
4914,70.25,70.45999272144105,0.19999999999999574,0.19806458321252052
4915,70.45,70.65225105429117,0.2000000000000064,0.1922583328501057
4916,70.55,70.75225105429116,0.09999999999999787,0.09999999999999781
4917,70.65,70.84838022071621,0.10000000000000142,0.09612916642505111
4918,70.80000000000001,70.99547709553501,0.15000000000000213,0.1470968748187893
4919,71.0,71.19354167874752,0.19999999999999574,0.19806458321252052
4920,71.0,71.19354167874752,0.0,0.0
4921,71.15,71.34257397035378,0.14999999999999858,0.1490322916062609
4922,71.4,71.59354167874753,0.25000000000000355,0.25096770839374133
4923,71.5,71.69160626196005,0.10000000000000142,0.0980645832125262
4924,71.5,71.68967084517257,-3.552713678800501e-15,-0.0019354167874788373
4925,71.7,71.89354167874752,0.20000000000000284,0.2038708335749533
4926,71.7,71.88967084517257,-3.552713678800501e-15,-0.0038708335749539306
4927,71.85,72.03676771999136,0.15000000000000213,0.1470968748187893
4928,71.9,72.07612292766024,0.04999999999999716,0.039355207668883646
4929,72.6,72.77031667729781,0.7000000000000028,0.6941937496375773
4930,73.19999999999999,73.37612292766025,0.5999999999999943,0.6058062503624199
4931,73.0,73.16838126051034,-0.19999999999999574,-0.20774166714989648
4932,73.1,73.27031667729781,0.10000000000000142,0.10193541678747665
4933,73.44999999999999,73.6174135521166,0.3499999999999943,0.3470968748187814
4934,73.85,74.01741355211661,0.4000000000000057,0.40000000000000574
4935,73.9,74.0645104269354,0.05000000000000426,0.047096874818791504
4936,74.65,74.79999480102933,0.75,0.7354843740939361
4937,74.75,74.9019302178168,0.09999999999999432,0.1019354167874694
4938,75.15,75.2941885506669,0.3999999999999986,0.39225833285009787
4939,75.7,75.83935000869822,0.5500000000000043,0.5451614580313164
4940,75.2,75.3412854254857,-0.5,-0.4980645832125249
4941,75.35,75.49031771709194,0.14999999999999147,0.14903229160625392
4942,75.44999999999999,75.58838230030447,0.10000000000000142,0.0980645832125262
4943,75.55,75.686446883517,0.10000000000000142,0.0980645832125262
4944,75.45,75.58451146672954,-0.09999999999999432,-0.1019354167874694
4945,76.05,76.17676979957962,0.5999999999999943,0.5922583328500934
4946,76.35,76.47289896600468,0.30000000000000426,0.29612916642505394
4947,76.7,76.81999584082347,0.3500000000000014,0.34709687481878865
4948,76.9,77.01612500724852,0.20000000000000284,0.1961291664250524
4949,77.0,77.11418959046104,0.09999999999999432,0.09806458321251924
4950,77.1,77.21225417367357,0.10000000000000142,0.0980645832125262
4951,77.9,78.01999584082346,0.7999999999999972,0.8077416671498977
4952,78.1,78.2161250072485,0.19999999999999574,0.19612916642504544
4953,78.25,78.3554802149174,0.15000000000000568,0.13935520766889217
4954,78.80000000000001,78.90838334009861,0.5500000000000043,0.5529031251812171
4955,78.75,78.85548021491739,-0.05000000000000426,-0.05290312518121704
4956,78.85,78.95741563170488,0.10000000000000142,0.10193541678747665
4957,79.3,79.40257708973617,0.44999999999999574,0.44516145803130763
4958,79.69999999999999,79.79870625616122,0.3999999999999986,0.39612916642504825
4959,79.9,79.9929000057988,0.20000000000000284,0.19419374963757732
4960,80.25,80.33999688061759,0.3500000000000014,0.34709687481878865
4961,80.25,80.33999688061759,0.0,0.0
4962,80.4,80.48709375543638,0.15000000000000568,0.1470968748187928
4963,80.6,80.68515833864892,0.19999999999999574,0.19806458321252052
4964,80.75,80.82838437989274,0.14999999999999858,0.14322604124383537
4965,80.80000000000001,80.87548125471153,0.05000000000000426,0.047096874818791504
4966,81.35,81.43612604704266,0.5499999999999972,0.5606447923311106
4967,81.4,81.48322292186144,0.04999999999999716,0.04709687481878453
4968,81.65,81.73806146383012,0.25,0.254838541968688
4969,81.69999999999999,81.78515833864891,0.04999999999999716,0.047096874818784266
4970,82.1,82.18322292186143,0.4000000000000057,0.3980645832125306
4971,82.30000000000001,82.37935208828648,0.20000000000000284,0.1961291664250524
4972,82.55000000000001,82.63031979668021,0.25,0.25096770839373755
4973,82.4,82.47741667149901,-0.14999999999999858,-0.15290312518121132
4974,82.5,82.57354583792406,0.09999999999999432,0.09612916642504386
4975,82.95,83.02257812953033,0.45000000000000284,0.44903229160626534
4976,83.0,83.07161042113658,0.04999999999999716,0.04903229160625962
4977,83.6,83.66773958756163,0.5999999999999943,0.5961291664250439
4978,83.7,83.76386875398669,0.10000000000000853,0.09612916642505809
4979,83.65,83.70903021201799,-0.05000000000000426,-0.0548385419686921
4980,83.75,83.81096562880548,0.10000000000000142,0.10193541678747665
4981,84.25,84.31290104559295,0.5,0.5019354167874751
4982,84.35,84.41096562880549,0.10000000000000142,0.0980645832125262
4983,84.65,84.71290104559293,0.30000000000000426,0.3019354167874795
4984,85.05000000000001,85.11096562880547,0.3999999999999986,0.3980645832125233
4985,85.0,85.05999792041175,-0.05000000000000426,-0.05096770839374194
4986,85.0,85.05225625326182,0.0,-0.007741667149900613
4987,86.1,86.15806250362425,1.0999999999999943,1.1058062503624198
4988,86.25,86.30903021201799,0.15000000000000568,0.15096770839374324
4989,86.7,86.76773958756164,0.45000000000000284,0.4587093755436413
4990,87.35,87.42257812953032,0.6499999999999915,0.6548385419686794
4991,87.45,87.52257812953032,0.10000000000000853,0.10000000000000851
4992,87.25,87.31870729595536,-0.20000000000000284,-0.2038708335749533
4993,87.9,87.96386875398667,0.6499999999999986,0.6451614580313106
4994,88.4,88.46967500434911,0.5,0.5058062503624255
4995,88.65,88.72257812953032,0.2500000000000071,0.2529031251812199
4996,89.25,89.32644896310526,0.5999999999999943,0.6038708335749448
4997,89.3,89.37741667149899,0.04999999999999716,0.0509677083937347
4998,89.8,89.87354583792406,0.5,0.49612916642504956
4999,90.85,90.92644896310529,1.0500000000000043,1.0529031251812169
5000,90.95,91.02838437989274,0.10000000000000142,0.10193541678747665
5001,90.9,90.97935208828649,-0.05000000000000426,-0.049032291606266584
5002,92.55,92.63225521346772,1.6499999999999986,1.6529031251812112
5003,92.55000000000001,92.63031979668023,7.105427357601002e-15,-0.001935416787468118
5004,92.55,92.62838437989274,-7.105427357601002e-15,-0.001935416787482325
5005,92.8,92.87354583792404,0.25,0.245161458031312
5006,92.75,92.82451354631779,-0.04999999999999716,-0.04903229160625962
5007,92.75,92.82257812953031,0.0,-0.0019354167874750846
5008,92.9,92.97161042113657,0.14999999999999858,0.1490322916062609
5009,92.9,92.97161042113657,0.0,0.0
5010,92.94999999999999,93.02064271274283,0.04999999999999716,0.04903229160625962
5011,93.1,93.16773958756161,0.14999999999999858,0.1470968748187858
5012,93.25,93.31483646238041,0.15000000000000568,0.1470968748187928
5013,93.25,93.31483646238041,0.0,0.0
5014,93.3,93.36386875398668,0.04999999999999716,0.04903229160625962
5015,93.35,93.41290104559293,0.04999999999999716,0.04903229160625962
5016,93.35,93.41290104559293,0.0,0.0
5017,93.35,93.41290104559293,0.0,0.0
5018,93.19999999999999,93.25612708683677,-0.14999999999999858,-0.1567739587561618
5019,93.65,93.70903021201799,0.45000000000000284,0.4529031251812157
5020,93.7,93.75419167004931,0.05000000000000426,0.04516145803131614
5021,93.85,93.90322396165557,0.14999999999999147,0.14903229160625392
5022,94.0,94.05612708683678,0.15000000000000568,0.15290312518121857
5023,94.25,94.30515937844305,0.25,0.24903229160626217
5024,94.69999999999999,94.74645000289941,0.44999999999999574,0.4412906244563574
5025,94.6,94.64451458611194,-0.09999999999999432,-0.1019354167874694
5026,94.7,94.74257916932447,0.10000000000000142,0.0980645832125262
5027,94.80000000000001,94.84064375253699,0.10000000000000142,0.0980645832125262
5028,93.85,93.87225729305597,-0.9500000000000028,-0.9683864594810172
5029,93.9,93.92128958466222,0.04999999999999716,0.04903229160625962
5030,94.65,94.65677395875615,0.75,0.7354843740939361
5031,95.0,95.00967708393738,0.3500000000000014,0.3529031251812142
5032,95.05,95.05870937554363,0.04999999999999716,0.04903229160625962
5033,94.9,94.91161250072484,-0.14999999999999858,-0.1470968748187858
5034,95.25,95.2606447923311,0.3500000000000014,0.34903229160626376
5035,95.4,95.40774166714989,0.14999999999999858,0.1470968748187858
5036,95.5,95.5077416671499,0.10000000000000142,0.10000000000000156
5037,95.65,95.65483854196869,0.15000000000000568,0.1470968748187928
5038,95.9,95.9,0.25,0.245161458031312
5039,95.85,95.85096770839374,-0.05000000000000426,-0.049032291606266584
5040,95.80000000000001,95.80193541678747,-0.04999999999999716,-0.04903229160625962
5041,96.35,96.35870937554363,0.5499999999999972,0.5567739587561602
5042,96.30000000000001,96.3077416671499,-0.04999999999999716,-0.0509677083937347
5043,96.30000000000001,96.3077416671499,0.0,0.0
5044,96.35,96.35096770839375,0.04999999999999716,0.043226041243834105
5045,96.45,96.44903229160627,0.10000000000000142,0.0980645832125262
5046,96.5,96.5,0.04999999999999716,0.0509677083937347
5047,96.55,96.54903229160627,0.04999999999999716,0.04903229160625962
5048,96.65,96.64903229160626,0.10000000000000142,0.10000000000000128
5049,96.65,96.64903229160626,0.0,0.0
5050,97.44999999999999,97.46258020911858,0.7999999999999972,0.8135479175123235
5051,97.35,97.35870937554365,-0.09999999999999432,-0.10387083357494475
5052,97.4,97.4077416671499,0.04999999999999716,0.04903229160625962
5053,97.4,97.4077416671499,0.0,0.0
5054,97.4,97.4077416671499,0.0,0.0
5055,97.55000000000001,97.55290312518122,0.15000000000000568,0.14516145803131772
5056,97.75,97.75290312518122,0.19999999999999574,0.1999999999999959
5057,97.75,97.75290312518122,0.0,0.0
5058,97.75,97.75290312518122,0.0,0.0
5059,97.85,97.85290312518121,0.10000000000000142,0.10000000000000128
5060,97.85,97.85290312518121,0.0,0.0
5061,97.8,97.80387083357495,-0.05000000000000426,-0.049032291606266584
5062,98.25,98.25677395875617,0.45000000000000284,0.45290312518121545
5063,98.3,98.30580625036242,0.04999999999999716,0.04903229160625962
5064,98.15,98.1548385419687,-0.14999999999999147,-0.150967708393729
5065,98.25,98.25290312518122,0.09999999999999432,0.09806458321251924
5066,98.25,98.25290312518122,0.0,0.0
5067,98.25,98.25290312518122,0.0,0.0
5068,98.30000000000001,98.30193541678749,0.05000000000000426,0.049032291606266584
5069,98.30000000000001,98.30193541678749,0.0,0.0
5070,98.35,98.35096770839374,0.04999999999999716,0.04903229160625962
5071,98.35,98.35096770839374,0.0,0.0
5072,98.35,98.35096770839374,0.0,0.0
5073,98.4,98.4,0.05000000000000426,0.049032291606266584
5074,98.7,98.70387083357495,0.29999999999999716,0.3038708335749476
5075,98.6,98.60580625036242,-0.10000000000000142,-0.0980645832125262
5076,98.65,98.65483854196869,0.05000000000000426,0.049032291606266584
5077,98.65,98.65483854196869,0.0,0.0
5078,98.55000000000001,98.55677395875617,-0.10000000000000142,-0.0980645832125262
5079,98.55000000000001,98.55677395875617,0.0,0.0
5080,98.55000000000001,98.55677395875617,0.0,0.0
5081,98.5,98.50774166714989,-0.05000000000000426,-0.049032291606266584
5082,98.55000000000001,98.55677395875617,0.05000000000000426,0.049032291606266584
5083,98.65,98.6529031251812,0.09999999999999432,0.09612916642504386
5084,98.65,98.6529031251812,0.0,0.0
5085,98.6,98.60387083357493,-0.04999999999999716,-0.04903229160625962
5086,98.65,98.65677395875618,0.04999999999999716,0.05290312518121007
5087,98.69999999999999,98.7077416671499,0.04999999999999716,0.0509677083937347
5088,98.8,98.80580625036244,0.10000000000000142,0.0980645832125262
5089,98.85,98.85483854196869,0.04999999999999716,0.04903229160625962
5090,98.94999999999999,98.95290312518122,0.10000000000000142,0.0980645832125262
5091,98.94999999999999,98.95290312518122,0.0,0.0
5092,99.19999999999999,99.19806458321253,0.25,0.245161458031312
5093,99.1,99.09806458321253,-0.09999999999999432,-0.09999999999999433
5094,99.1,99.09806458321253,0.0,0.0
5095,99.2,99.19612916642505,0.10000000000000142,0.0980645832125262
5096,99.2,99.19612916642505,0.0,0.0
5097,99.25,99.24516145803132,0.04999999999999716,0.04903229160625962
5098,99.15,99.14322604124384,-0.10000000000000142,-0.10193541678747665
5099,99.25,99.24516145803132,0.10000000000000142,0.10193541678747665
5100,99.25,99.24516145803132,0.0,0.0
5101,99.45,99.44903229160627,0.20000000000000284,0.2038708335749533
5102,99.9,99.89806458321253,0.44999999999999574,0.44903229160625807
5103,100.0,99.99999999999999,0.10000000000000142,0.10193541678747665
5104,99.95,99.95096770839373,0.16666666666666666,0.33657512755921876
5105,100.0,100.0,0.04999999999999716,0.04903229160625962
5106,99.75,99.75204259037312,0.06666666666666761,0.0938627939665779
5107,100.0,100.0,0.25,0.2479574096268804
5108,100.4,100.4,0.4000000000000057,0.4000000000000057
5109,101.8,101.8,1.3999999999999915,1.3999999999999915
5110,102.7,102.7,0.9000000000000057,0.9000000000000058
5111,102.7,102.7,0.0,0.0
5112,104.4,104.39999999999999,1.7000000000000028,1.700000000000003
5113,104.4,104.39999999999999,0.0,0.0
5114,104.4,104.39999999999999,0.0,0.0
5115,104.4,104.39999999999999,0.0,0.0
5116,104.4,104.39999999999999,0.0,0.0
5117,104.4,104.39999999999999,0.0,0.0
5118,104.5,104.5,0.09999999999999432,0.09999999999999432
5119,104.6,104.6,0.09999999999999432,0.09999999999999432
5120,104.6,104.6,0.0,0.0
5121,104.6,104.6,0.0,0.0
5122,104.7,104.7,0.10000000000000853,0.10000000000000853
5123,104.7,104.7,0.0,0.0
5124,105.0,105.0,0.29999999999999716,0.29999999999999716
5125,105.0,105.0,0.0,0.0
5126,105.0,105.0,0.0,0.0
5127,105.0,105.0,0.0,0.0
5128,105.0,105.0,0.0,0.0
5129,105.1,105.1,0.09999999999999432,0.09999999999999432
5130,68.9,69.09999480102933,0.05000000000000426,0.06182773554439915
5131,68.9,69.09999480102933,0.05000000000000426,0.06182773554439915
5132,68.9,69.09999480102933,0.05000000000000426,0.06182773554439915
5133,68.9,69.09999480102933,0.05000000000000426,0.06182773554439915
5134,68.9,69.09999480102933,0.05000000000000426,0.06182773554439915
5135,68.9,69.09999480102933,0.05000000000000426,0.06182773554439915
5136,68.9,69.09999480102933,0.05000000000000426,0.06182773554439915
5137,68.9,69.09999480102933,0.05000000000000426,0.06182773554439915
5138,68.9,69.09999480102933,0.05000000000000426,0.06182773554439915
5139,68.9,69.09999480102933,0.05000000000000426,0.06182773554439915
5140,68.9,69.09999480102933,0.05000000000000426,0.06182773554439915
5141,68.9,69.09999480102933,0.05000000000000426,0.06182773554439915
5142,68.9,69.09999480102933,0.05000000000000426,0.06182773554439915
5143,68.9,69.09999480102933,0.05000000000000426,0.06182773554439915
5144,68.9,69.09999480102933,0.05000000000000426,0.06182773554439915
5145,68.9,69.09999480102933,0.05000000000000426,0.06182773554439915
5146,68.9,69.09999480102933,0.05000000000000426,0.06182773554439915
5147,68.9,69.09999480102933,0.05000000000000426,0.06182773554439915
5148,68.9,69.09999480102933,0.05000000000000426,0.06182773554439915
5149,68.9,69.09999480102933,0.05000000000000426,0.06182773554439915
5150,68.9,69.09999480102933,0.05000000000000426,0.06182773554439915
5151,68.9,69.09999480102933,0.05000000000000426,0.06182773554439915
5152,68.9,69.09999480102933,0.05000000000000426,0.06182773554439915
5153,68.9,69.09999480102933,0.05000000000000426,0.06182773554439915
5154,68.9,69.09999480102933,0.05000000000000426,0.06182773554439915
5155,68.9,69.09999480102933,0.05000000000000426,0.06182773554439915
5156,68.9,69.09999480102933,0.05000000000000426,0.06182773554439915
5157,68.9,69.09999480102933,0.05000000000000426,0.06182773554439915
5158,68.9,69.09999480102933,0.05000000000000426,0.06182773554439915
5159,68.9,69.09999480102933,0.05000000000000426,0.06182773554439915
5160,68.9,69.09999480102933,0.05000000000000426,0.06182773554439915
5161,68.9,69.09999480102933,0.05000000000000426,0.06182773554439915
5162,68.9,69.09999480102933,0.05000000000000426,0.06182773554439915
5163,68.9,69.09999480102933,0.05000000000000426,0.06182773554439915
5164,68.9,69.09999480102933,0.05000000000000426,0.06182773554439915
5165,68.9,69.09999480102933,0.05000000000000426,0.06182773554439915
5166,68.9,69.09999480102933,0.05000000000000426,0.06182773554439915
5167,68.9,69.09999480102933,0.05000000000000426,0.06182773554439915
5168,68.9,69.09999480102933,0.05000000000000426,0.06182773554439915
5169,68.9,69.09999480102933,0.05000000000000426,0.06182773554439915
5170,68.9,69.09999480102933,0.45000000000000284,0.6307442211181123
5171,59.5,47.04873143408585,0.05000000000000426,0.06182773554439915
5172,60.5,47.76757375679103,1.0000000000000018,0.718842322705166
5173,60.6,47.907739139261714,0.09999999999999964,0.14016538247069027
5174,60.55,47.99831797790914,-0.05000000000000249,0.09057883864741649
5175,60.75,48.278648742850514,0.1999999999999993,0.28033076494138054
5176,60.95,48.51881412532121,0.20000000000000462,0.2401653824706938
5177,61.0,48.62906219902724,0.04999999999999538,0.11024807370603311
5178,58.8,47.35286599585313,-2.1999999999999993,-1.2761962031741112
5179,57.550000000000004,46.76559480661952,-1.2499999999999964,-0.5872711892336007
5180,56.7,46.37749670503248,-0.8499999999999996,-0.3880981015870556
5181,54.7,45.26113511938767,-2.0000000000000018,-1.1163615856448044
5182,54.65,45.35171395803508,-0.05000000000000249,0.09057883864741649
5183,54.75,45.612375487917845,0.10000000000000142,0.2606615298827639
5184,54.4,45.40295432656526,-0.3500000000000014,-0.20942116135258315
5185,53.2,44.72510429868425,-1.1999999999999993,-0.677850027881019
5186,52.599999999999994,44.366096593508395,-0.6000000000000014,-0.3590077051758562
5187,51.349999999999994,43.618163874392025,-1.25,-0.7479327191163654
5188,50.099999999999994,42.87023115527567,-1.25,-0.7479327191163654
5189,49.15,42.3821330536886,-0.9499999999999993,-0.4880981015870573
5190,48.9,42.23254650986532,-0.25,-0.14958654382327308
5191,48.7,42.15304265727741,-0.1999999999999993,-0.0795038525879267
5192,49.0,42.49320803974809,0.3000000000000007,0.3401653824706906
5193,48.65,42.163290730983434,-0.3500000000000014,-0.3299173087646543
5194,48.5,42.03337342221879,-0.15000000000000213,-0.12991730876465646
5195,48.9,42.393208039748096,0.40000000000000213,0.3598346175293122
5196,49.1,42.352215744923946,0.20000000000000284,-0.040992294824145195
5197,49.45,42.60180228874722,0.34999999999999787,0.24958654382327233
5198,49.5,42.63171959751188,0.04999999999999716,0.029917308764652914
5199,49.900000000000006,43.15221574492395,0.4000000000000057,0.5204961474120768
5200,50.1,43.43254650986533,0.1999999999999993,0.28033076494138054
5201,50.25,43.602629201100676,0.14999999999999858,0.17008269123534564
5202,50.5,43.95304265727741,0.25,0.3504134561767269
5203,50.65,44.16329073098344,0.14999999999999858,0.21024807370603413
5204,50.8,44.293208039748095,0.15000000000000213,0.12991730876465646
5205,50.95,44.50345611345413,0.14999999999999858,0.21024807370603413
5206,51.05,44.64362149592481,0.10000000000000142,0.14016538247069274
5207,51.099999999999994,44.67353880468947,0.04999999999999716,0.029917308764652914
5208,51.3,44.953869569630854,0.1999999999999993,0.28033076494138054
5209,51.4,45.013704187160165,0.10000000000000142,0.059834617529310075
5210,51.5,45.11370418716017,0.10000000000000497,0.10000000000000354
5211,51.550000000000004,45.183786878395516,0.05000000000000071,0.07008269123534637
5212,51.550000000000004,45.183786878395516,0.0,0.0
5213,51.550000000000004,45.183786878395516,0.0,0.0
5214,51.449999999999996,45.164117643336894,-0.10000000000000853,-0.019669235058625837
5215,51.05,44.964944555690344,-0.399999999999995,-0.1991730876465426
5216,50.75,44.78544070310241,-0.30000000000000426,-0.17950385258793025
5217,50.6,44.73585415927914,-0.14999999999999503,-0.049586543823269526
5218,50.7,44.87601954174984,0.10000000000000142,0.14016538247069274
5219,50.7,44.87601954174984,0.0,0.0
5220,50.75,44.946102232985176,0.04999999999999716,0.0700826912353414
5221,50.6,44.9366810716326,-0.14999999999999858,-0.009421161352580316
5222,50.6,44.9366810716326,0.0,0.0
5223,50.150000000000006,44.707590675221404,-0.4499999999999993,-0.22909039641119977
5224,50.3,44.91783874892743,0.14999999999999858,0.21024807370603413
5225,50.349999999999994,44.94775605769208,0.04999999999999716,0.029917308764652914
5226,50.5,45.15800413139813,0.15000000000000213,0.21024807370603912
5227,50.5,45.15800413139813,0.0,0.0
5228,50.7,45.438334896339505,0.1999999999999993,0.28033076494138054
5229,50.8,45.49816951386882,0.10000000000000142,0.059834617529310075
5230,51.0,45.7383348963395,0.19999999999999574,0.24016538247068706
5231,50.95,45.78874835251624,-0.04999999999999716,0.05041345617672976
5232,51.15,46.02891373498692,0.1999999999999993,0.24016538247068916
5233,51.25,46.16907911745761,0.10000000000000142,0.14016538247069274
5234,51.650000000000006,46.52891373498692,0.40000000000000213,0.3598346175293093
5235,51.8,46.658831043751576,0.14999999999999503,0.12991730876465218
5236,51.8,46.69899642622227,3.552713678800501e-15,0.04016538247069346
5237,51.95,46.909244499928306,0.14999999999999858,0.21024807370603413
5238,52.15,47.18957526486968,0.1999999999999993,0.28033076494138054
5239,52.75,47.78957526486968,0.5999999999999979,0.5999999999999992
5240,53.05,48.169906029811074,0.30000000000000426,0.38033076494138407
5241,53.35,48.59040217722314,0.3000000000000007,0.42049614741207325
5242,53.55,48.87073294216452,0.1999999999999993,0.28033076494138054
5243,53.85,49.2912290895766,0.3000000000000007,0.42049614741207325
5244,54.55,49.91089832463521,0.6999999999999957,0.6196692350586158
5245,55.45,50.8510637071059,0.9000000000000057,0.940165382470694
5246,55.900000000000006,51.36131178081194,0.4499999999999993,0.5102480737060362
5247,56.2,51.78180792822401,0.3000000000000007,0.42049614741207325
5248,56.35,51.992056001930045,0.14999999999999858,0.21024807370603413
5249,56.5,52.16213869316539,0.14999999999999858,0.17008269123534564
5250,57.099999999999994,52.88263484057747,0.5999999999999979,0.7204961474120705
5251,57.9,53.602304075636084,0.8000000000000007,0.7196692350586193
5252,58.05,53.81255214934212,0.14999999999999858,0.21024807370603413
5253,58.25,54.05271753181281,0.20000000000000284,0.24016538247069133
5254,58.400000000000006,54.26296560551886,0.15000000000000213,0.21024807370603912
5255,58.650000000000006,54.613379061695575,0.25,0.3504134561767269
5256,59.150000000000006,55.033048296754195,0.5,0.41966923505861725
5257,59.400000000000006,55.38346175293093,0.25,0.3504134561767269
5258,59.75,55.67321367922488,0.3500000000000014,0.28975192629396584
5259,59.85,55.89370982663696,0.09999999999999787,0.2204961474120705
5260,60.4,56.222800223048154,0.5499999999999972,0.329090396411199
5261,60.45,56.2928829142835,0.05000000000000071,0.07008269123534637
5262,60.8,56.58263484057746,0.34999999999999787,0.28975192629396085
5263,61.25,56.932221384400734,0.45000000000000284,0.34958654382327586
5264,61.550000000000004,57.19205600193005,0.30000000000000426,0.2598346175293129
5265,62.05,57.53139447204728,0.4999999999999929,0.33933847011723034
5266,62.25,57.69122908957659,0.1999999999999993,0.15983461752930936
5267,62.75,57.99040217722314,0.5,0.29917308764654615
5268,64.75,59.18709452780933,2.0,1.1966923505861846
5269,65.2,59.5366810716326,0.45000000000000284,0.34958654382327586
5270,66.25,60.24527532063172,1.0500000000000007,0.708594248999127
5271,66.25,60.405936850514486,0.0,0.16066152988276536
5272,66.65,60.64527532063173,0.3999999999999986,0.23933847011723602
5273,67.55000000000001,61.183786878395516,0.9000000000000057,0.5385115577637865
5274,67.0,60.935027246925685,-0.5500000000000078,-0.24875963146982563
5275,67.9,61.513704187160165,0.9000000000000021,0.5786769402344757
5276,68.1,61.67353880468947,0.1999999999999993,0.15983461752930936
5277,69.3,62.47188497998256,1.1999999999999993,0.7983461752930902
5278,70.4,63.17023115527566,1.100000000000005,0.6983461752930957
5279,71.85,64.07799849192132,1.4499999999999993,0.9077673366456747
5280,72.0,64.24808118315669,0.14999999999999858,0.17008269123534564
5281,72.05,64.31816387439203,0.04999999999999716,0.0700826912353414
5282,71.9,64.26857733056875,-0.14999999999999503,-0.049586543823269526
5283,71.35,63.97965231662825,-0.5500000000000007,-0.28892501394050984
5284,70.65,63.60097537639376,-0.6999999999999993,-0.3786769402344728
5285,70.65,63.60097537639376,0.0,0.0
5286,69.25,62.803456113454125,-1.4000000000000021,-0.7975192629396392
5287,68.05,62.1657714680438,-1.1999999999999993,-0.6376846454103304
5288,67.45,61.80676376286793,-0.6000000000000014,-0.3590077051758562
5289,66.85,61.44775605769208,-0.6000000000000014,-0.3590077051758562
5290,66.65,61.32808682263346,-0.19999999999999574,-0.1196692350586159
5291,66.3,60.99816951386881,-0.3500000000000014,-0.3299173087646543
5292,65.25,60.41007141228175,-1.0500000000000007,-0.588098101587056
5293,66.35,61.309244499928305,1.1000000000000014,0.8991730876465447
5294,66.19999999999999,61.018665661280885,-0.15000000000000568,-0.29057883864742107
5295,66.7,61.35800413139812,0.5000000000000036,0.33933847011723955
5296,66.75,61.38792144016277,0.04999999999999716,0.029917308764652914
5297,67.4,61.77684645410328,0.6500000000000057,0.3889250139405134
5298,67.35,61.70676376286794,-0.05000000000000071,-0.07008269123534637
5299,67.45,61.846929145338635,0.10000000000000142,0.14016538247069274
5300,67.85,62.126432997926564,0.399999999999995,0.27950385258792526
5301,67.95,62.146102232985186,0.10000000000000497,0.019669235058620862
5302,67.95,62.146102232985186,0.0,0.0
5303,68.05,62.1657714680438,0.09999999999999787,0.019669235058616615
5304,68.9,62.674365717042924,0.8500000000000014,0.5085942489991293
5305,69.15,62.86411764333688,0.24999999999999645,0.1897519262939623
5306,69.7,63.19320803974809,0.5500000000000043,0.3290903964112033
5307,70.05,63.40262920110067,0.3499999999999943,0.2094211613525789
5308,70.4,63.61205036245325,0.3500000000000014,0.20942116135258315
5309,71.1,63.99072730268772,0.6999999999999993,0.3786769402344728
5310,71.3,64.11039653774634,0.20000000000000284,0.11966923505862015
5311,71.5,64.27023115527565,0.1999999999999993,0.15983461752930936
5312,71.9,64.5095696253929,0.3999999999999986,0.23933847011723602
5313,72.2,64.68907347798081,0.30000000000000426,0.17950385258793025
5314,72.0,64.5694042429222,-0.20000000000000284,-0.11966923505862015
5315,71.9,64.5095696253929,-0.10000000000000142,-0.059834617529310075
5316,72.65,64.95832925686271,0.75,0.4487596314698192
5317,73.0,65.16775041821529,0.3500000000000014,0.20942116135258315
5318,74.2,66.04642735844978,1.1999999999999993,0.8786769402344728
5319,73.8,65.80708888833253,-0.3999999999999986,-0.23933847011723602
5320,74.05,65.9566754321558,0.25,0.14958654382327308
5321,74.85,66.43535237239027,0.7999999999999972,0.47867694023447205
5322,74.95,66.49518698991959,0.10000000000000142,0.059834617529310075
5323,74.95,66.53535237239028,3.552713678800501e-15,0.04016538247069346
5324,75.05,66.63535237239029,0.09999999999999787,0.09999999999999928
5325,74.95,66.61568313733167,-0.09999999999999787,-0.019669235058616615
5326,74.7,66.4660965935084,-0.25,-0.14958654382327308
5327,74.5,66.26609659350838,-0.20000000000000284,-0.20000000000000281
5328,74.45,66.23617928474374,-0.04999999999999716,-0.029917308764652914
5329,74.35,66.2566754321558,-0.10000000000000142,0.020496147412072598
5330,74.25,66.11651004968512,-0.10000000000000142,-0.14016538247069274
5331,74.15,66.1370061970972,-0.10000000000000142,0.020496147412072598
5332,74.0,65.96692350586184,-0.14999999999999858,-0.17008269123534564
5333,73.8,65.84725427080322,-0.20000000000000284,-0.11966923505862015
5334,73.85,65.91733696203858,0.05000000000000071,0.07008269123534637
5335,73.8,65.9677504182153,-0.05000000000000071,0.05041345617672478
5336,73.6,65.84808118315668,-0.19999999999999574,-0.1196692350586159
5337,73.5,65.86857733056875,-0.10000000000000142,0.020496147412072598
5338,73.3,65.74890809551013,-0.20000000000000284,-0.11966923505862015
5339,73.15,65.65915616921616,-0.14999999999999858,-0.08975192629396299
5340,72.95,65.61981769909893,-0.19999999999999574,-0.03933847011723323
5341,72.5,65.35056192021705,-0.45000000000000284,-0.2692557788818932
5342,72.30000000000001,65.23089268515842,-0.19999999999999574,-0.1196692350586159
5343,72.2,65.13089268515841,-0.10000000000000497,-0.10000000000000354
5344,71.95,65.02147152380584,-0.24999999999999645,-0.10942116135257961
5345,71.65,64.8419676712179,-0.30000000000000426,-0.17950385258793025
5346,71.6,64.81205036245326,-0.04999999999999716,-0.029917308764652914
5347,71.45,64.72229843615929,-0.14999999999999858,-0.08975192629396299
5348,70.7,64.19320803974809,-0.75,-0.5290903964112018
5349,70.4,63.973538804689476,-0.3000000000000007,-0.21966923505861943
5350,70.3,63.913704187160164,-0.10000000000000142,-0.059834617529310075
5351,70.1,63.794034952101555,-0.20000000000000284,-0.11966923505862015
5352,69.85,63.5641176433369,-0.24999999999999645,-0.22991730876465077
5353,69.5,63.394861864454995,-0.3500000000000014,-0.16925577888189464
5354,68.9,62.99568877680846,-0.6000000000000014,-0.39917308764654463
5355,68.95,63.10593685051449,0.05000000000000071,0.11024807370603486
5356,68.95,63.18626761545586,0.0,0.08033076494138268
5357,68.95,63.226432997926565,3.552713678800501e-15,0.04016538247069346
5358,68.80000000000001,63.136681071632594,-0.14999999999999858,-0.08975192629396299
5359,68.75,63.10676376286794,-0.05000000000000426,-0.029917308764657164
5360,68.45,62.88709452780932,-0.3000000000000007,-0.21966923505861943
5361,68.5,62.917011836573984,0.05000000000000426,0.029917308764657164
5362,68.4,62.93750798398604,-0.10000000000000497,0.020496147412067622
5363,68.30000000000001,62.83750798398605,-0.09999999999999432,-0.09999999999999432
5364,68.35,62.8674252927507,0.04999999999999716,0.029917308764652914
5365,68.2,62.777673366456746,-0.14999999999999858,-0.08975192629396299
5366,68.2,62.69734260151535,0.0,-0.08033076494138268
5367,68.05000000000001,62.48709452780933,-0.14999999999999858,-0.21024807370603413
5368,67.85,62.4075906752214,-0.20000000000000284,-0.07950385258793166
5369,67.6,62.25800413139813,-0.25,-0.14958654382327308
5370,67.5,62.27850027881019,-0.10000000000000142,0.020496147412072598
5371,67.35,62.18874835251623,-0.14999999999999858,-0.08975192629396299
5372,66.95,61.94940988239899,-0.3999999999999986,-0.23933847011723602
5373,66.8,61.859657956105025,-0.15000000000000568,-0.08975192629396724
5374,66.85,61.889575264869684,0.05000000000000426,0.029917308764657164
5375,66.55,61.750236794752446,-0.3000000000000007,-0.1393384701172368
5376,66.6,61.860484868458485,0.05000000000000071,0.11024807370603486
5377,66.44999999999999,61.77073294216452,-0.15000000000000568,-0.08975192629396724
5378,66.0,61.50147716328262,-0.44999999999999574,-0.26925577888188895
5379,65.95,61.43139447204729,-0.04999999999999716,-0.0700826912353414
5380,65.80000000000001,61.341642545753324,-0.14999999999999858,-0.08975192629396299
5381,65.75,61.311725236988664,-0.05000000000000426,-0.029917308764657164
5382,65.6,61.2219733106947,-0.14999999999999858,-0.08975192629396299
5383,65.25,61.01255214934212,-0.3500000000000014,-0.20942116135258315
5384,65.1,60.96296560551884,-0.14999999999999858,-0.0495865438232745
5385,65.0,60.903130987989535,-0.10000000000000142,-0.059834617529310075
5386,64.9,60.84329637046023,-0.10000000000000142,-0.059834617529310075
5387,64.6,60.70395790034299,-0.3000000000000007,-0.1393384701172368
5388,64.65,60.85437135651972,0.05000000000000071,0.15041345617672905
5389,64.75,61.03470212146111,0.10000000000000142,0.18033076494138123
5390,64.75,61.03470212146111,0.0,0.0
5391,64.65,61.01503288640247,-0.09999999999999787,-0.019669235058616615
5392,64.69999999999999,61.12528096010852,0.049999999999993605,0.11024807370603061
5393,64.75,61.15519826887317,0.05000000000000426,0.029917308764657164
5394,64.85,61.33552903381455,0.09999999999999787,0.18033076494138195
5395,64.75,61.31585979875594,-0.09999999999999787,-0.019669235058616615
5396,64.85,61.496190563697326,0.10000000000000142,0.18033076494138123
5397,64.95,61.63635594616802,0.10000000000000142,0.14016538247069274
5398,65.05000000000001,61.69619056369732,0.10000000000000142,0.059834617529310075
5399,65.0,61.70643863740336,-0.05000000000000426,0.010248073706031325
5400,65.15,61.83635594616802,0.15000000000000213,0.12991730876465646
5401,65.05,61.85685209358007,-0.10000000000000142,0.020496147412072598
5402,65.25,62.097017476050766,0.19999999999999574,0.24016538247068706
5403,65.35,62.27734824099216,0.10000000000000497,0.18033076494138622
5404,65.25,62.17734824099215,-0.09999999999999787,-0.09999999999999928
5405,65.25,62.17734824099215,0.0,0.0
5406,65.65,62.73800977087492,0.3999999999999986,0.5606615298827611
5407,65.85,63.01834053581629,0.1999999999999993,0.28033076494138054
5408,65.9,63.08842322705165,0.05000000000000071,0.07008269123534637
5409,66.0,63.22858860952234,0.10000000000000142,0.14016538247069274
5410,65.85,63.13883668322837,-0.15000000000000568,-0.08975192629396724
5411,66.05,63.379002065699055,0.20000000000000284,0.24016538247069133
5412,66.4,63.82941552187578,0.34999999999999787,0.4504134561767262
5413,66.5,63.92941552187579,0.10000000000000497,0.10000000000000354
5414,66.65,64.13966359558182,0.14999999999999858,0.21024807370603413
5415,66.9,64.40974628681717,0.24999999999999645,0.27008269123534495
5416,67.1,64.64991166928786,0.20000000000000284,0.24016538247069133
5417,67.3,64.76958090434647,0.19999999999999574,0.1196692350586159
5418,67.45,64.93966359558183,0.15000000000000568,0.17008269123534991
5419,67.7,65.16958090434647,0.24999999999999645,0.22991730876465077
5420,67.95,65.39949821311113,0.25,0.22991730876465574
5421,68.1,65.52941552187579,0.15000000000000213,0.12991730876465646
5422,68.05000000000001,65.49949821311114,-0.04999999999999716,-0.029917308764652914
5423,68.25,65.69949821311114,0.19999999999999218,0.1999999999999936
5424,68.5,65.96958090434647,0.25000000000000355,0.2700826912353492
5425,68.9,66.44991166928786,0.3999999999999986,0.48033076494137833
5426,69.55,67.24049050793528,0.6499999999999986,0.7905788386474167
5427,69.69999999999999,67.4507385816413,0.14999999999999858,0.21024807370603413
5428,69.8,67.590903964112,0.10000000000000142,0.14016538247069274
5429,69.8,67.590903964112,0.0,0.0
5430,70.05,67.94131742028874,0.25,0.3504134561767269
5431,70.35,68.28148280275943,0.30000000000000426,0.3401653824706956
5432,70.6,68.51140011152408,0.25,0.22991730876465574
5433,71.4,69.59255778881891,0.8000000000000043,1.081157677294838
5434,71.4,69.59255778881891,0.0,0.0
5435,71.95,70.24297124499564,0.5499999999999972,0.6504134561767241
5436,72.65,70.98313662746632,0.6999999999999957,0.740165382470687
5437,72.5,70.65239240634823,-0.14999999999999858,-0.3307442211181053
5438,72.69999999999999,70.85239240634822,0.19999999999999574,0.19999999999999288
5439,73.15,71.2019789501715,0.45000000000000284,0.34958654382327586
5440,73.25,71.34214433264218,0.10000000000000142,0.14016538247069274
5441,73.3,71.37206164140683,0.04999999999999716,0.029917308764652914
5442,73.75,72.04297124499564,0.45000000000000284,0.6709096035888008
5443,74.05,72.42330200993702,0.29999999999999716,0.3803307649413798
5444,74.5,72.89338470117235,0.45000000000000284,0.470082691235347
5445,74.85,73.2634673924077,0.3500000000000014,0.3700826912353485
5446,75.0,73.43355008364307,0.14999999999999858,0.17008269123533995
5447,75.69999999999999,73.9327231712896,0.6999999999999957,0.49917308764654467
5448,75.95,74.24297124499563,0.2500000000000071,0.3102480737060427
5449,76.35,74.64297124499564,0.3999999999999915,0.3999999999999914
5450,76.85,75.22330200993702,0.5000000000000071,0.5803307649413869
5451,77.4,75.71305393623099,0.5499999999999972,0.4897519262939644
5452,77.5,75.81305393623099,0.10000000000000142,0.09999999999999858
5453,77.55,75.84297124499564,0.04999999999999716,0.029917308764652914
5454,78.15,76.48313662746632,0.6000000000000014,0.6401653824706928
5455,78.5,76.93355008364306,0.3500000000000014,0.4504134561767254
5456,78.75,77.2839635398198,0.25,0.3504134561767269
5457,79.19999999999999,77.75404623105513,0.44999999999999574,0.4700826912353428
5458,79.3,77.81388084858443,0.10000000000000142,0.059834617529310075
5459,79.45,78.02412892229047,0.15000000000000568,0.21024807370604412
5460,79.65,78.26429430476117,0.19999999999999574,0.24016538247068706
5461,79.9,78.61470776093789,0.25,0.3504134561767269
5462,80.65,79.14379815734911,0.7500000000000071,0.5290903964112061
5463,81.25,79.50280586252495,0.5999999999999943,0.35900770517585195
5464,81.35,79.64297124499564,0.09999999999999432,0.1401653824706828
5465,81.55,79.76264048005426,0.20000000000000284,0.11966923505862015
5466,81.65,79.90280586252496,0.10000000000000142,0.14016538247069274
5467,82.05,80.34297124499564,0.3999999999999986,0.44016538247068987
5468,82.25,80.62330200993702,0.20000000000000284,0.2803307649413855
5469,82.45,80.82330200993702,0.20000000000000284,0.20000000000000281
5470,82.6,80.91305393623098,0.14999999999999858,0.08975192629396299
5471,83.25,81.42247509758356,0.6499999999999986,0.5094211613525802
5472,83.85,81.98230971511286,0.6000000000000014,0.5598346175293101
5473,84.05,82.14214433264218,0.19999999999999574,0.1598346175293044
5474,84.85,82.94214433264217,0.7999999999999972,0.7999999999999972
5475,85.15,83.2421443326422,0.30000000000001137,0.30000000000001137
5476,85.35,83.44214433264217,0.19999999999998863,0.19999999999998863
5477,85.55,83.5618135677008,0.20000000000000284,0.11966923505862015
5478,86.9,84.53024243422924,1.3500000000000014,0.9684288665284407
5479,87.25,84.81999436052321,0.3500000000000014,0.28975192629396584
5480,87.6,85.10974628681717,0.3500000000000014,0.28975192629396584
5481,87.9,85.49007705175855,0.30000000000000426,0.38033076494138407
5482,87.9,85.49007705175855,0.0,0.0
5483,88.1,85.77040781669993,0.19999999999999574,0.28033076494137554
5484,88.5,86.3310693465827,0.3999999999999986,0.5606615298827611
5485,89.05000000000001,86.7003251254646,0.5500000000000043,0.3692557788818975
5486,89.4,86.90974628681717,0.3499999999999943,0.2094211613525789
5487,90.69999999999999,87.84825784458094,1.2999999999999972,0.938511557763778
5488,91.2,88.1875963146982,0.5000000000000071,0.33933847011724455
5489,91.30000000000001,88.2474309322275,0.10000000000000142,0.059834617529310075
5490,91.8,88.90809246211025,0.4999999999999929,0.6606615298827554
5491,91.9,89.04825784458095,0.10000000000000142,0.14016538247069274
5492,92.25,89.29784438840423,0.3500000000000014,0.24958654382327733
5493,92.55,89.63800977087492,0.29999999999999716,0.3401653824706856
5494,92.55,89.63800977087492,0.0,0.0
5495,92.95,90.15850591828698,0.4000000000000057,0.5204961474120768
5496,93.45,90.81916744816975,0.5,0.6606615298827653
5497,93.80000000000001,91.02858860952233,0.3500000000000014,0.20942116135258315
5498,93.8,90.98842322705164,-7.105427357601002e-15,-0.040165382470698445
5499,94.4,91.94991166928786,0.6000000000000014,0.9614884422362178
5500,94.4,91.99007705175855,7.105427357601002e-15,0.040165382470698445
5501,94.5,92.09007705175854,0.09999999999999432,0.09999999999999432
5502,94.7,92.41057319917063,0.20000000000000284,0.320496147412074
5503,94.6,92.31057319917063,-0.10000000000000142,-0.09999999999999858
5504,94.1,92.05156549399476,-0.5,-0.25900770517585764
5505,93.35,91.68313662746633,-0.75,-0.36842886652843654
5506,93.35,91.68313662746633,0.0,0.0
5507,93.0,91.51388084858444,-0.3500000000000014,-0.16925577888189464
5508,91.8,90.9163615856448,-1.2000000000000028,-0.5975192629396412
5509,91.4,90.79751926293964,-0.3999999999999915,-0.11884232270515492
5510,90.80000000000001,90.43851155776377,-0.6000000000000014,-0.3590077051758562
5511,91.05,90.62826348405774,0.2499999999999929,0.1897519262939573
5512,90.69999999999999,90.45900770517585,-0.3500000000000014,-0.16925577888189464
5513,91.25,90.78809810158704,0.5500000000000043,0.3290903964112033
5514,91.3,90.81801541035169,0.04999999999999716,0.029917308764652914
5515,92.05,91.34710580676291,0.75,0.5290903964112018
5516,92.55,91.76677504182152,0.5,0.41966923505861725
5517,92.85,92.06677504182153,0.30000000000000426,0.30000000000000715
5518,93.25,92.38644427688014,0.3999999999999986,0.31966923505861305
5519,93.44999999999999,92.50611351193875,0.19999999999999574,0.1196692350586159
5520,93.85,92.86594812946808,0.4000000000000057,0.35983461752931717
5521,94.6,93.6761962031741,0.75,0.8102480737060326
5522,94.75,93.76594812946807,0.14999999999999858,0.08975192629396299
5523,95.0,93.99586543823273,0.25,0.22991730876465574
5524,95.05000000000001,94.10611351193877,0.05000000000000426,0.11024807370603984
5525,94.6,93.83685773305687,-0.45000000000000284,-0.2692557788818932
5526,94.69999999999999,93.93685773305687,0.09999999999999432,0.09999999999999432
5527,95.25,94.86842886652842,0.5500000000000043,0.9315711334715647
5528,95.4,95.03851155776378,0.14999999999999858,0.17008269123534564
5529,95.35,95.0487596314698,-0.05000000000000426,0.010248073706031325
5530,95.15,94.80859424899911,-0.19999999999999574,-0.24016538247068706
5531,95.35,95.08892501394051,0.20000000000000284,0.2803307649413855
5532,95.55,95.32909039641119,0.19999999999999574,0.24016538247068706
5533,95.69999999999999,95.45900770517585,0.14999999999999858,0.12991730876465146
5534,95.95,95.7290903964112,0.2500000000000071,0.2700826912353542
5535,96.30000000000001,96.13933847011724,0.3500000000000014,0.41024807370603694
5536,96.19999999999999,96.03933847011723,-0.10000000000000853,-0.10000000000000851
5537,96.15,95.96925577888189,-0.04999999999999716,-0.0700826912353414
5538,96.1,96.01966923505861,-0.04999999999999716,0.05041345617672976
5539,96.1,96.01966923505861,0.0,0.0
5540,96.05000000000001,95.98975192629396,-0.04999999999999716,-0.029917308764652914
5541,96.1,96.18033076494139,0.04999999999999716,0.19057883864741257
5542,96.1,96.26066152988275,0.0,0.08033076494138268
5543,96.25,96.35041345617671,0.14999999999999858,0.08975192629396299
5544,96.19999999999999,96.36066152988275,-0.05000000000000426,0.010248073706031325
5545,96.2,96.40082691235344,7.105427357601002e-15,0.040165382470698445
5546,96.2,96.40082691235344,0.0,0.0
5547,96.3,96.50082691235345,0.09999999999999432,0.09999999999999432
5548,96.35,96.5709096035888,0.05000000000000426,0.07008269123535135
5549,96.45,96.6709096035888,0.10000000000000142,0.09999999999999858
5550,96.45,96.6709096035888,0.0,0.0
5551,96.4,96.64099229482414,-0.05000000000000426,-0.029917308764657164
5552,96.65,96.95124036853018,0.2500000000000071,0.3102480737060427
5553,96.55,96.97173651594224,-0.10000000000000853,0.02049614741206265
5554,96.4,96.88198458964828,-0.14999999999999858,-0.08975192629396299
5555,96.4,96.88198458964828,0.0,0.0
5556,96.45,96.95206728088364,0.05000000000000426,0.07008269123535135
5557,96.4,96.92214997211897,-0.05000000000000426,-0.029917308764657164
5558,96.35,96.85206728088362,-0.05000000000000426,-0.07008269123535135
5559,96.4,97.00248073706037,0.05000000000001137,0.1504134561767383
5560,96.35,97.01272881076639,-0.05000000000000426,0.010248073706031325
5561,96.45,97.03239804582502,0.10000000000000142,0.01966923505862159
5562,96.35,97.05289419323708,-0.10000000000000853,0.02049614741206265
5563,96.35,97.05289419323708,0.0,0.0
5564,96.25,96.99305957570778,-0.09999999999999432,-0.05983461752930583
5565,96.25,97.03322495817847,0.0,0.04016538247069419
5566,96.15,96.97339034064916,-0.10000000000000142,-0.059834617529310075
5567,96.19999999999999,97.0434730318845,0.04999999999999716,0.0700826912353414
5568,96.19999999999999,97.0434730318845,0.0,0.0
5569,96.15,97.01355572311985,-0.04999999999999716,-0.029917308764652914
5570,96.0,96.96396917929658,-0.14999999999999858,-0.0495865438232688
5571,96.0,97.00413456176727,0.0,0.04016538247068849
5572,95.8,96.80413456176726,-0.20000000000000284,-0.20000000000000281
5573,95.80000000000001,96.84429994423796,7.105427357601002e-15,0.040165382470698445
5574,95.95,96.93405187053193,0.14999999999999858,0.08975192629396299
5575,95.85,96.79388648806123,-0.10000000000000142,-0.14016538247069274
5576,96.0,96.88363841435519,0.14999999999999858,0.08975192629396299
5577,95.95,96.85372110559054,-0.04999999999999716,-0.029917308764652914
5578,95.85,96.75372110559053,-0.10000000000000853,-0.10000000000000851
5579,95.85,96.79388648806123,7.105427357601002e-15,0.040165382470698445
5580,96.0,97.00413456176727,0.14999999999999858,0.21024807370603413
5581,96.0,97.00413456176727,0.0,0.0
5582,96.25,97.11355572311986,0.25,0.10942116135258458
5583,96.19999999999999,97.0434730318845,-0.05000000000000426,-0.07008269123535135
5584,96.3,97.1033076494138,0.10000000000000142,0.059834617529310075
5585,96.6,97.36314226694311,0.30000000000000426,0.2598346175293129
5586,96.65,97.43322495817846,0.04999999999999716,0.0700826912353414
5587,96.94999999999999,97.69305957570778,0.29999999999999716,0.25983461752930864
5588,97.1,97.78281150200172,0.15000000000000568,0.08975192629396724
5589,97.55,98.25289419323708,0.44999999999999574,0.4700826912353428
5590,97.6,98.24264611953105,0.05000000000000426,-0.010248073706031325
5591,97.80000000000001,98.36231535458967,0.20000000000000284,0.11966923505862015
5592,98.30000000000001,98.74181920717758,0.5,0.3795038525879288
5593,98.5,98.86148844223621,0.19999999999999574,0.1196692350586159
5594,98.65,98.99140575100085,0.14999999999999858,0.12991730876465146
5595,99.2,99.32049614741207,0.5500000000000043,0.3290903964112033
5596,99.4,99.4401653824707,0.19999999999999574,0.1196692350586159
5597,99.65,99.58975192629394,0.25,0.14958654382327308
5598,99.65,99.58975192629394,0.0,0.0
5599,100.05,100.02991730876465,0.3999999999999986,0.44016538247068987
5600,100.15,100.08975192629396,0.10000000000000142,0.059834617529310075
5601,99.95,99.92991730876466,0.06666666666666761,-0.0677838266217155
5602,100.0,100.0,0.04999999999999716,0.0700826912353414
5603,68.9,69.09999480102933,0.0,0.0
5604,32.6,32.6,0.05000000000000426,0.06182773554439915
5605,32.6,32.6,0.0,0.0
5606,33.6,33.6,1.0,1.0
5607,33.7,33.7,0.10000000000000142,0.10000000000000142
5608,34.3,34.3,0.5999999999999943,0.5999999999999943
5609,34.8,34.8,0.5,0.5
5610,34.9,34.9,0.10000000000000142,0.10000000000000142
5611,35.2,35.2,0.30000000000000426,0.30000000000000426
5612,35.2,35.2,0.0,0.0
5613,35.2,35.2,0.0,0.0
5614,36.3,36.3,1.0999999999999943,1.0999999999999943
5615,36.3,36.3,0.0,0.0
5616,36.9,36.9,0.6000000000000014,0.6000000000000014
5617,37.0,37.0,0.10000000000000142,0.10000000000000142
5618,37.2,37.2,0.20000000000000284,0.20000000000000284
5619,37.3,37.3,0.09999999999999432,0.09999999999999432
5620,37.3,37.3,0.0,0.0
5621,37.3,37.3,0.0,0.0
5622,37.3,37.3,0.0,0.0
5623,37.4,37.4,0.10000000000000142,0.10000000000000142
5624,37.4,37.4,0.0,0.0
5625,37.9,37.9,0.5,0.5
5626,38.1,38.1,0.20000000000000284,0.20000000000000284
5627,38.2,38.2,0.10000000000000142,0.10000000000000142
5628,38.3,38.3,0.09999999999999432,0.09999999999999432
5629,38.9,38.9,0.6000000000000014,0.6000000000000014
5630,39.3,39.3,0.3999999999999986,0.3999999999999986
5631,39.9,39.9,0.6000000000000014,0.6000000000000014
5632,40.1,40.1,0.20000000000000284,0.20000000000000284
5633,40.1,40.1,0.0,0.0
5634,40.1,40.1,0.0,0.0
5635,41.0,41.0,0.8999999999999986,0.8999999999999986
5636,41.1,41.1,0.10000000000000142,0.10000000000000142
5637,41.9,41.9,0.7999999999999972,0.7999999999999972
5638,42.5,42.5,0.6000000000000014,0.6000000000000014
5639,42.6,42.6,0.10000000000000142,0.10000000000000142
5640,42.7,42.7,0.10000000000000142,0.10000000000000142
5641,43.5,43.5,0.7999999999999972,0.7999999999999972
5642,43.6,43.6,0.10000000000000142,0.10000000000000142
5643,44.4,44.4,0.3500000000000014,0.2547536648315103
5644,45.8,46.03282437485632,0.30000000000000426,0.30000000000000426
5645,45.6,45.832824374856315,-0.1999999999999993,-0.1999999999999985
5646,45.45,45.73573900550548,-0.15000000000000213,-0.09708536935084064
5647,45.45,45.73573900550548,0.0,0.0
5648,45.2,45.53865363615464,-0.25,-0.19708536935083776
5649,45.85,46.34739752810213,0.6500000000000021,0.8087438919474897
5650,45.95,46.44739752810212,0.09999999999999787,0.09999999999999712
5651,46.099999999999994,46.58681460197229,0.14999999999999858,0.13941707387016675
5652,46.599999999999994,47.171478011010954,0.5,0.5846634090386593
5653,46.65,47.25322678940045,0.05000000000000071,0.08174877838949852
5654,46.7,47.29264386327062,0.05000000000000071,0.03941707387016811
5655,46.9,47.53497556778995,0.1999999999999993,0.24233170451932895
5656,46.75,47.41672434617944,-0.14999999999999858,-0.11825122161050154
5657,46.75,47.43789019843911,0.0,0.021165852259665205
5658,46.7,47.398473124568945,-0.05000000000000071,-0.03941707387016811
5659,46.7,47.398473124568945,0.0,0.0
5660,46.900000000000006,47.59847312456894,0.20000000000000284,0.20000000000000287
5661,47.099999999999994,47.77730727230928,0.19999999999999574,0.17883414774033055
5662,47.4,48.140804829088275,0.3000000000000007,0.3634975567789956
5663,47.4,48.140804829088275,0.0,0.0
5664,47.400000000000006,48.09847312456895,3.552713678800501e-15,-0.0423317045193261
5665,47.5,48.177307272309285,0.09999999999999787,0.07883414774033343
5666,47.55,48.21672434617945,0.05000000000000071,0.03941707387016811
5667,47.900000000000006,48.577307272309284,0.3500000000000014,0.3605829261298333
5668,47.75,48.39555849391978,-0.15000000000000213,-0.18174877838949996
5669,47.849999999999994,48.47439264166011,0.09999999999999787,0.07883414774033343
5670,47.95,48.553226789400455,0.10000000000000142,0.07883414774033622
5671,48.0,48.61380971553028,0.05000000000000071,0.06058292612983331
5672,48.2,48.81380971553029,0.1999999999999993,0.20000000000000004
5673,48.3,48.913809715530284,0.10000000000000142,0.10000000000000143
5674,48.55,49.17439264166012,0.25,0.26058292612983186
5675,48.55,49.17439264166012,0.0,0.0
5676,48.75,49.33206093714079,0.1999999999999993,0.15766829548066966
5677,48.95,49.553226789400455,0.1999999999999993,0.22116585225966376
5678,49.05,49.632060937140785,0.09999999999999787,0.07883414774033343
5679,49.25,49.789729232621454,0.20000000000000284,0.15766829548067243
5680,49.95,50.51089508488113,0.6999999999999993,0.7211658522596653
5681,50.25,50.81089508488112,0.3000000000000007,0.3
5682,50.4,50.929146306491624,0.14999999999999858,0.11825122161050154
5683,50.55,51.08972923262146,0.15000000000000213,0.1605829261298347
5684,50.75,51.289729232621454,0.1999999999999993,0.1999999999999985
5685,50.849999999999994,51.36856338036179,0.09999999999999787,0.07883414774033343
5686,51.2,51.729146306491636,0.350000000000005,0.36058292612983756
5687,51.3,51.807980454231966,0.09999999999999787,0.07883414774033343
5688,51.35,51.84739752810213,0.05000000000000071,0.03941707387016811
5689,51.85,52.347397528102135,0.5,0.5
5690,51.95,52.44739752810213,0.09999999999999787,0.09999999999999712
5691,52.2,52.64448289745296,0.25,0.19708536935083776
5692,52.599999999999994,52.98098534067397,0.3999999999999986,0.33650244322100453
5693,52.75,53.1415682668038,0.15000000000000213,0.1605829261298347
5694,52.75,53.1415682668038,0.0,0.0
5695,52.8,53.18098534067397,0.05000000000000071,0.03941707387016811
5696,53.3,53.72331704519329,0.49999999999999645,0.5423317045193261
5697,53.4,53.80215119293364,0.10000000000000142,0.07883414774033622
5698,53.55,53.96273411906348,0.15000000000000213,0.1605829261298347
5699,53.7,54.08098534067397,0.14999999999999858,0.11825122161050154
5700,53.85,54.22040241454414,0.15000000000000213,0.13941707387016952
5701,54.150000000000006,54.47807071002481,0.3000000000000007,0.2576682954806711
5702,54.150000000000006,54.47807071002481,0.0,0.0
5703,54.2,54.51748778389498,0.05000000000000071,0.03941707387016811
5704,54.35,54.63573900550548,0.14999999999999858,0.11825122161050154
5705,54.8,54.99049267033699,0.4499999999999993,0.3547536648315074
5706,54.75,54.95107559646682,-0.05000000000000071,-0.03941707387016811
5707,54.7,54.91165852259665,-0.04999999999999716,-0.03941707387016531
5708,54.75,54.95107559646682,0.04999999999999716,0.03941707387016531
5709,55.0,55.14816096581765,0.25,0.19708536935083776
5710,55.150000000000006,55.26641218742816,0.15000000000000213,0.11825122161050433
5711,55.35,55.424080482908835,0.1999999999999993,0.15766829548066966
5712,55.5,55.542331704519334,0.14999999999999858,0.11825122161050154
5713,55.849999999999994,55.86058292612984,0.34999999999999787,0.3182512216105001
5714,55.95,55.93941707387017,0.10000000000000142,0.07883414774033622
5715,55.95,55.93941707387017,0.0,0.0
5716,55.9,55.90000000000001,-0.05000000000000071,-0.03941707387016811
5717,55.849999999999994,55.86058292612984,-0.05000000000000071,-0.03941707387016811
5718,55.599999999999994,55.663497556779,-0.25,-0.19708536935083776
5719,55.55,55.62408048290883,-0.04999999999999716,-0.03941707387016531
5720,55.5,55.58466340903867,-0.05000000000000071,-0.03941707387016811
5721,55.599999999999994,55.663497556779,0.09999999999999787,0.07883414774033343
5722,55.7,55.7,0.10000000000000497,0.036502443221010115
5723,55.900000000000006,55.85766829548068,0.1999999999999993,0.15766829548066966
5724,56.0,55.93650244322101,0.09999999999999787,0.07883414774033343
5725,55.85,55.79708536935084,-0.14999999999999858,-0.13941707387016675
5726,55.6,55.60000000000001,-0.25,-0.19708536935083776
5727,55.55,55.56058292612983,-0.05000000000000071,-0.03941707387016811
5728,55.5,55.542331704519334,-0.05000000000000071,-0.018251221610502907
5729,55.45,55.502914630649165,-0.04999999999999716,-0.03941707387016531
5730,55.400000000000006,55.463497556779004,-0.05000000000000071,-0.03941707387016811
5731,55.35,55.424080482908835,-0.05000000000000071,-0.03941707387016811
5732,55.45,55.502914630649165,0.10000000000000142,0.07883414774033622
5733,55.599999999999994,55.663497556779,0.14999999999999503,0.16058292612982764
5734,55.4,55.48466340903866,-0.1999999999999993,-0.17883414774033485
5735,55.599999999999994,55.663497556779,0.1999999999999993,0.17883414774033485
5736,55.599999999999994,55.663497556779,0.0,0.0
5737,55.55,55.62408048290883,-0.04999999999999716,-0.03941707387016531
5738,55.6,55.68466340903866,0.05000000000000071,0.06058292612983331
5739,55.6,55.68466340903866,0.0,0.0
5740,55.85,55.987578039687826,0.25,0.3029146306491623
5741,56.1,56.18466340903866,0.25,0.19708536935083776
5742,56.1,56.18466340903866,0.0,0.0
5743,56.0,56.08466340903866,-0.10000000000000142,-0.10000000000000143
5744,56.2,56.305829261298335,0.20000000000000284,0.22116585225966806
5745,56.1,56.20582926129832,-0.10000000000000142,-0.10000000000000143
5746,56.05,56.166412187428165,-0.05000000000000071,-0.03941707387016811
5747,56.05,56.166412187428165,0.0,0.0
5748,55.8,55.96932681807732,-0.25,-0.19708536935083776
5749,55.8,55.96932681807732,0.0,0.0
5750,56.55,56.835739005505474,0.75,0.8664121874281564
5751,56.75,57.01457315324582,0.1999999999999993,0.17883414774033485
5752,56.8,57.117487783894966,0.04999999999999716,0.10291463064915943
5753,56.65,56.99923656228447,-0.14999999999999858,-0.11825122161050154
5754,56.65,56.99923656228447,0.0,0.0
5755,56.65,56.99923656228447,0.0,0.0
5756,56.7,57.038653636154635,0.05000000000000071,0.03941707387016811
5757,56.8,57.13865363615464,0.10000000000000142,0.10000000000000143
5758,56.900000000000006,57.28098534067397,0.10000000000000142,0.14233170451933186
5759,56.95,57.32040241454415,0.05000000000000071,0.03941707387016811
5760,56.95,57.32040241454415,0.0,0.0
5761,56.900000000000006,57.28098534067397,-0.05000000000000071,-0.03941707387016811
5762,56.85,57.24156826680381,-0.05000000000000071,-0.03941707387016811
5763,57.0,57.3598194884143,0.14999999999999858,0.11825122161050154
5764,57.3,57.68098534067397,0.3000000000000007,0.3211658522596652
5765,57.2,57.60215119293364,-0.10000000000000142,-0.07883414774033622
5766,57.3,57.7233170451933,0.09999999999999787,0.12116585225966232
5767,57.95,58.48972923262146,0.6500000000000021,0.7664121874281593
5768,57.95,58.48972923262146,0.0,0.0
5769,57.95,58.5320609371408,3.552713678800501e-15,0.042331704519333206
5770,58.05,58.653226789400456,0.09999999999999787,0.12116585225966232
5771,58.05,58.653226789400456,0.0,0.0
5772,58.1,58.71380971553028,0.05000000000000071,0.06058292612983331
5773,57.85,58.51672434617945,-0.25,-0.19708536935083776
5774,57.900000000000006,58.59847312456895,0.05000000000000071,0.08174877838949852
5775,57.95,58.637890198439116,0.05000000000000071,0.03941707387016811
5776,57.8,58.54080482908828,-0.15000000000000568,-0.09708536935084341
5777,57.7,58.46197068134794,-0.09999999999999787,-0.07883414774033343
5778,57.75,58.501387755218104,0.05000000000000071,0.03941707387016811
5779,57.900000000000006,58.704302385867265,0.15000000000000213,0.20291463064916515
5780,57.900000000000006,58.704302385867265,0.0,0.0
5781,57.900000000000006,58.704302385867265,0.0,0.0
5782,57.7,58.56779994264626,-0.20000000000000284,-0.13650244322100874
5783,57.7,58.56779994264626,0.0,0.0
5784,57.7,58.56779994264626,0.0,0.0
5785,57.7,58.56779994264626,0.0,0.0
5786,57.6,58.42546823812694,-0.09999999999999787,-0.14233170451932756
5787,57.5,58.38896579490593,-0.10000000000000142,-0.03650244322100581
5788,57.65,58.5283828687761,0.14999999999999858,0.13941707387016522
5789,57.599999999999994,58.510131647165586,-0.05000000000000071,-0.018251221610502907
5790,57.6,58.55246335168493,3.552713678800501e-15,0.042331704519333206
5791,57.5,58.45246335168492,-0.10000000000000142,-0.10000000000000143
5792,57.55,58.491880425555095,0.05000000000000071,0.03941707387016811
5793,57.65,58.54954872103576,0.09999999999999787,0.05766829548066823
5794,57.849999999999994,58.70721701651643,0.1999999999999993,0.15766829548066966
5795,57.849999999999994,58.70721701651643,0.0,0.0
5796,57.85,58.64371945973744,3.552713678800501e-15,-0.06349755677899131
5797,57.75,58.60721701651643,-0.10000000000000142,-0.03650244322100733
5798,57.8,58.6466340903866,0.04999999999999716,0.03941707387016531
5799,57.05,57.73789019843911,-0.75,-0.9087438919474868
5800,56.65,57.25322678940046,-0.3999999999999986,-0.4846634090386579
5801,56.7,57.31380971553028,0.05000000000000071,0.06058292612983331
5802,56.7,57.31380971553028,0.0,0.0
5803,57.0,57.67730727230928,0.3000000000000007,0.3634975567789956
5804,57.0,57.67730727230928,0.0,0.0
5805,56.900000000000006,57.57730727230928,-0.09999999999999787,-0.09999999999999862
5806,56.95,57.637890198439116,0.05000000000000071,0.06058292612983331
5807,57.0,57.67730727230928,0.04999999999999716,0.03941707387016531
5808,56.95,57.637890198439116,-0.04999999999999716,-0.03941707387016531
5809,57.0,57.67730727230928,0.04999999999999716,0.03941707387016531
5810,57.0,57.67730727230928,0.0,0.0
5811,57.5,58.2831365336076,0.5,0.6058292612983246
5812,57.7,58.483136533607606,0.1999999999999993,0.1999999999999985
5813,57.7,58.483136533607606,0.0,0.0
5814,57.45,58.137890198439116,-0.24999999999999645,-0.3452463351684884
5815,57.75,58.43789019843911,0.29999999999999716,0.2999999999999972
5816,57.75,58.43789019843911,0.0,0.0
5817,57.85,58.537890198439115,0.10000000000000142,0.10000000000000143
5818,57.900000000000006,58.57730727230928,0.05000000000000071,0.03941707387016811
5819,57.8,58.498473124568946,-0.10000000000000142,-0.07883414774033622
5820,58.3,59.104302385867264,0.5,0.6058292612983246
5821,58.35,59.14371945973744,0.05000000000000071,0.03941707387016811
5822,58.400000000000006,59.18313653360761,0.05000000000000071,0.03941707387016811
5823,58.5,59.26197068134794,0.09999999999999787,0.07883414774033343
5824,58.45,59.24371945973744,-0.04999999999999716,-0.018251221610500107
5825,58.8,59.60430238586727,0.34999999999999787,0.3605829261298305
5826,59.35,60.122553607477776,0.5500000000000007,0.5182512216105029
5827,59.75,60.501387755218104,0.3999999999999986,0.3788341477403334
5828,59.9,60.61963897682861,0.14999999999999858,0.11825122161050154
5829,60.150000000000006,60.90138775521811,0.25000000000000355,0.28174877838950135
5830,60.349999999999994,61.101387755218106,0.19999999999999574,0.19999999999999574
5831,60.45,61.18022190295844,0.10000000000000142,0.07883414774033622
5832,60.349999999999994,61.101387755218106,-0.10000000000000142,-0.07883414774033622
5833,60.699999999999996,61.41963897682861,0.34999999999999787,0.3182512216105001
5834,60.699999999999996,61.41963897682861,0.0,0.0
5835,61.25,62.04371945973744,0.5500000000000043,0.6240804829088318
5836,61.35,62.122553607477776,0.10000000000000142,0.07883414774033622
5837,61.55,62.28022190295844,0.1999999999999993,0.15766829548066966
5838,62.15,62.77439264166012,0.5999999999999979,0.49417073870167266
5839,62.699999999999996,63.207980454231965,0.5499999999999972,0.4335878125718408
5840,63.2,63.53865363615464,0.5000000000000036,0.33067318192268413
5841,63.699999999999996,63.9963219316353,0.49999999999999645,0.45766829548066684
5842,64.65,64.89340730098614,0.9500000000000028,0.8970853693508406
5843,65.1,65.24816096581766,0.45000000000000284,0.3547536648315102
5844,65.69999999999999,65.82699511355798,0.5999999999999943,0.5788341477403306
5845,65.9,65.98466340903866,0.20000000000000284,0.15766829548067243
5846,66.0,66.063497556779,0.10000000000000142,0.07883414774033622
5847,66.15,66.1817487783895,0.14999999999999858,0.11825122161050154
5848,66.45,66.43941707387017,0.30000000000000426,0.2576682954806754
5849,66.45,66.43941707387017,0.0,0.0
5850,66.6,66.55766829548068,0.14999999999999858,0.11825122161050154
5851,66.9,66.9,0.30000000000000426,0.34233170451933315
5852,66.9,66.9,0.0,0.0
5853,67.30000000000001,67.27883414774034,0.3999999999999986,0.3788341477403334
5854,67.55,67.56058292612984,0.2499999999999929,0.28174877838949
5855,67.85,67.79708536935084,0.29999999999999716,0.23650244322100308
5856,68.65,68.57591951709118,0.8000000000000043,0.7788341477403391
5857,68.8,68.69417073870167,0.14999999999999858,0.11825122161050154
5858,69.0,68.85183903418235,0.20000000000000284,0.15766829548067243
5859,70.15,69.90659269901386,1.1499999999999986,1.0547536648315075
5860,70.44999999999999,70.16426099449453,0.29999999999999716,0.2576682954806668
5861,70.55,70.24309514223485,0.10000000000000142,0.07883414774033622
5862,70.6,70.32484392062436,0.05000000000000426,0.0817487783895013
5863,70.95,70.6219292899752,0.3500000000000014,0.2970853693508407
5864,70.95,70.6219292899752,0.0,0.0
5865,71.45,71.01610002867687,0.5,0.3941707387016755
5866,71.7,71.34018051158571,0.25,0.32408048290882596
5867,71.75,71.37959758545587,0.04999999999999716,0.03941707387016531
5868,72.1,71.8036780683647,0.3500000000000014,0.42408048290882894
5869,72.25,71.9219292899752,0.14999999999999858,0.11825122161050154
5870,72.19999999999999,71.9036780683647,-0.05000000000000426,-0.018251221610507202
5871,72.85,72.69125610805251,0.6499999999999986,0.7875780396878203
5872,73.0,72.85183903418235,0.15000000000000568,0.16058292612983754
5873,73.19999999999999,73.00950732966301,0.19999999999999574,0.15766829548066685
5874,73.19999999999999,73.00950732966301,0.0,0.0
5875,73.19999999999999,73.00950732966301,0.0,0.0
5876,73.6,73.32484392062436,0.4000000000000057,0.31533659096134486
5877,73.85,73.52192928997519,0.25,0.19708536935083776
5878,74.1,73.71901465932604,0.25,0.19708536935083776
5879,74.6,74.3036780683647,0.5,0.5846634090386609
5880,74.75,74.42192928997521,0.14999999999999858,0.11825122161050154
5881,75.05000000000001,74.65843173319621,0.30000000000000426,0.23650244322100866
5882,75.35,74.89493417641722,0.29999999999999716,0.23650244322100308
5883,75.85,75.28910491511888,0.5,0.3941707387016755
5884,76.25,75.68910491511889,0.3999999999999986,0.399999999999997
5885,76.69999999999999,76.04385857995038,0.44999999999999574,0.3547536648315046
5886,76.75,76.08327565382055,0.05000000000000426,0.03941707387017091
5887,77.0,76.2803610231714,0.25,0.19708536935083776
5888,77.0,76.2803610231714,0.0,0.0
5889,77.25,76.47744639252224,0.25,0.19708536935083776
5890,77.25,76.47744639252224,0.0,0.0
5891,77.4,76.59569761413273,0.14999999999999858,0.11825122161050154
5892,77.65,76.79278298348358,0.25,0.19708536935083776
5893,77.69999999999999,76.83220005735373,0.04999999999999716,0.03941707387016531
5894,77.8,76.91103420509407,0.10000000000000142,0.07883414774033622
5895,77.8,76.91103420509407,0.0,0.0
5896,78.0,77.06870250057474,0.20000000000000284,0.15766829548067243
5897,78.1,77.14753664831508,0.09999999999999432,0.07883414774033062
5898,78.7,77.70520494379575,0.6000000000000085,0.5576682954806781
5899,80.30000000000001,79.64385857995039,1.6000000000000014,1.9386536361546403
5900,81.05000000000001,80.48910491511889,0.75,0.8452463351684927
5901,81.4,80.76502443221007,0.3500000000000014,0.275919517091174
5902,81.2,80.6073561367294,-0.20000000000000284,-0.15766829548067243
5903,81.2,80.6073561367294,0.0,0.0
5904,81.30000000000001,80.68619028446972,0.10000000000000142,0.07883414774033622
5905,81.35,80.7256073583399,0.04999999999999716,0.03941707387016531
5906,81.35,80.7256073583399,0.0,0.0
5907,81.5,80.8438585799504,0.14999999999999858,0.11825122161050154
5908,81.85,81.16210980156089,0.3499999999999943,0.3182512216104958
5909,81.9,81.22269272769073,0.05000000000000426,0.06058292612983762
5910,82.4,81.6803610231714,0.5,0.4576682954806696
5911,82.65,81.87744639252223,0.25,0.19708536935083776
5912,82.7,81.9168634663924,0.05000000000000426,0.03941707387017091
5913,82.75,81.95628054026255,0.04999999999999716,0.03941707387016531
5914,83.1,82.3168634663924,0.3500000000000014,0.3605829261298348
5915,83.1,82.3168634663924,0.0,0.0
5916,83.0,82.23802931865207,-0.10000000000000142,-0.07883414774033622
5917,83.0,82.23802931865207,0.0,0.0
5918,83.1,82.3168634663924,0.10000000000000142,0.07883414774033622
5919,83.6,82.92269272769073,0.5,0.6058292612983246
5920,85.55000000000001,85.26426099449455,1.9500000000000028,2.3415682668038027
5921,85.6,85.3036780683647,0.04999999999999716,0.03941707387016531
5922,85.65,85.36426099449454,0.04999999999999716,0.06058292612982902
5923,85.80000000000001,85.5036780683647,0.15000000000000568,0.13941707387017382
5924,86.0,85.72484392062437,0.19999999999999574,0.22116585225966098
5925,86.0,85.72484392062437,0.0,0.0
5926,87.44999999999999,87.4817487783895,1.4499999999999957,1.756904857765136
5927,87.44999999999999,87.4817487783895,0.0,0.0
5928,88.4,88.40000000000002,0.95000000000001,0.918251221610513
5929,88.95,88.83358781257186,0.5499999999999972,0.4335878125718408
5930,89.5,89.5,0.5499999999999972,0.6664121874281536
5931,89.5,89.5,0.0,0.0
5932,89.95,89.93941707387019,0.45000000000000284,0.43941707387017104
5933,90.55,90.49708536935084,0.5999999999999943,0.557668295480664
5934,90.65,90.6182512216105,0.10000000000000142,0.12116585225966663
5935,90.65,90.6182512216105,0.0,0.0
5936,90.8,90.75766829548067,0.14999999999999858,0.13941707387016522
5937,90.9,90.85766829548066,0.10000000000000142,0.10000000000000292
5938,90.9,90.85766829548066,0.0,0.0
5939,91.05,90.99708536935084,0.14999999999999858,0.13941707387016522
5940,91.05,90.99708536935084,0.0,0.0
5941,91.1,91.0576682954807,0.05000000000000426,0.06058292612983762
5942,91.1,91.0576682954807,0.0,0.0
5943,91.1,91.0576682954807,0.0,0.0
5944,91.1,91.0576682954807,0.0,0.0
5945,91.1,91.0576682954807,0.0,0.0
5946,91.1,91.0576682954807,0.0,0.0
5947,91.1,91.0576682954807,0.0,0.0
5948,91.65,91.53358781257185,0.5499999999999972,0.47591951709116825
5949,91.65,91.53358781257185,0.0,0.0
5950,91.75,91.6547536648315,0.10000000000000142,0.12116585225966663
5951,92.15,91.97009025579284,0.3999999999999986,0.3153365909613393
5952,92.35,92.14892440353319,0.20000000000000284,0.17883414774033915
5953,92.7,92.42484392062437,0.3500000000000014,0.275919517091174
5954,92.9,92.6036780683647,0.19999999999999574,0.17883414774033055
5955,93.2,92.8401805115857,0.30000000000000426,0.23650244322100866
5956,93.35,92.97959758545588,0.14999999999999147,0.13941707387015964
5957,93.65,93.23726588093655,0.30000000000000426,0.2576682954806754
5958,93.65,93.23726588093655,0.0,0.0
5959,93.6,93.19784880706638,-0.04999999999999716,-0.03941707387016531
5960,93.6,93.19784880706638,0.0,0.0
5961,93.65,93.23726588093655,0.04999999999999716,0.03941707387016531
5962,95.0,94.53435125028737,1.3500000000000014,1.2970853693508377
5963,95.15,94.71610002867688,0.14999999999999858,0.18174877838949566
5964,95.15,94.71610002867688,0.0,0.0
5965,95.05,94.63726588093654,-0.10000000000000142,-0.07883414774033622
5966,95.1,94.67668295480671,0.04999999999999716,0.03941707387016531
5967,95.8,95.22852198898904,0.7000000000000028,0.551839034182348
5968,95.4,94.91318539802771,-0.3999999999999986,-0.3153365909613393
5969,95.55,95.03143661963821,0.14999999999999858,0.11825122161050154
5970,95.65,95.13143661963822,0.10000000000000142,0.10000000000000292
5971,95.9,95.32852198898907,0.25,0.19708536935083776
5972,96.35,95.83143661963823,0.45000000000000284,0.5029146306491651
5973,96.4,95.8708536935084,0.05000000000000426,0.03941707387017091
5974,96.4,95.8708536935084,0.0,0.0
5975,96.45,95.91027076737856,0.04999999999999716,0.03941707387016531
5976,96.6,96.02852198898906,0.14999999999999858,0.11825122161050154
5977,97.3,96.81318539802771,0.6999999999999957,0.7846634090386551
5978,97.55,97.01027076737856,0.25,0.19708536935083776
5979,97.55,97.01027076737856,0.0,0.0
5980,97.80000000000001,97.24968784124871,0.2500000000000071,0.23941707387017375
5981,97.95,97.3256073583399,0.14999999999999858,0.07591951709117113
5982,98.25,97.66793906285922,0.29999999999999716,0.3423317045193276
5983,98.55000000000001,97.98910491511889,0.30000000000000426,0.3211658522596694
5984,98.44999999999999,97.88910491511888,-0.10000000000000853,-0.10000000000000854
5985,98.55,97.9679390628592,0.10000000000000142,0.07883414774033622
5986,99.0,98.42852198898905,0.45000000000000284,0.4605829261298347
5987,99.1,98.54968784124873,0.10000000000000142,0.12116585225966663
5988,99.05,98.53143661963821,-0.05000000000000426,-0.018251221610507202
5989,99.44999999999999,99.0584317331962,0.3999999999999986,0.5269951135579883
5990,99.5,99.09784880706637,0.05000000000000426,0.03941707387017091
5991,99.55,99.13726588093654,0.04999999999999716,0.03941707387016531
5992,99.55000000000001,99.20076343771554,7.105427357601002e-15,0.06349755677900272
5993,99.55,99.17959758545587,-7.105427357601002e-15,-0.021165852259672307
5994,99.65,99.34309514223486,0.10000000000000142,0.16349755677899705
5995,99.55,99.24309514223485,-0.10000000000000142,-0.10000000000000292
5996,99.5,99.22484392062435,-0.04999999999999716,-0.0182512216104986
5997,99.5,99.22484392062435,0.0,0.0
5998,99.30000000000001,99.06717562514369,-0.19999999999999574,-0.15766829548066685
5999,99.3,99.04600977288402,-7.105427357601002e-15,-0.021165852259672307
6000,99.25,99.00659269901386,-0.04999999999999716,-0.03941707387016531
6001,99.2,98.94600977288403,-0.04999999999999716,-0.06058292612982902
6002,99.19999999999999,98.96717562514368,-7.105427357601002e-15,0.0211658522596581
6003,99.1,98.88834147740336,-0.10000000000000142,-0.07883414774033622
6004,99.05,98.84892440353318,-0.04999999999999716,-0.03941707387016531
6005,98.95,98.74892440353318,-0.09999999999999432,-0.09999999999999433
6006,98.9,98.70950732966301,-0.05000000000000426,-0.03941707387017091
6007,98.9,98.70950732966301,0.0,0.0
6008,99.05,98.8912561080525,0.14999999999999858,0.18174877838949566
6009,99.0,98.87300488644202,-0.04999999999999716,-0.0182512216104986
6010,98.95,98.83358781257185,-0.04999999999999716,-0.03941707387016531
6011,98.85,98.75475366483153,-0.10000000000000142,-0.07883414774033622
6012,98.7,98.636502443221,-0.14999999999999858,-0.11825122161050154
6013,98.94999999999999,98.9182512216105,0.2499999999999929,0.28174877838949
6014,98.9,98.9,-0.04999999999999005,-0.018251221610493005
6015,98.9,98.9,0.0,0.0
6016,98.95,98.96058292612983,0.04999999999999716,0.06058292612982902
6017,98.94999999999999,98.9817487783895,-7.105427357601002e-15,0.0211658522596581
6018,98.9,98.92116585225968,-0.04999999999999716,-0.06058292612982902
6019,98.9,98.92116585225968,0.0,0.0
6020,99.05,99.03941707387018,0.14999999999999858,0.11825122161050154
6021,99.1,99.1,0.04999999999999716,0.06058292612982902
6022,98.80000000000001,98.77883414774035,-0.29999999999999005,-0.32116585225965527
6023,98.95,98.93941707387019,0.14999999999999858,0.16058292612983194
6024,98.95,98.93941707387019,0.0,0.0
6025,98.95,98.93941707387019,0.0,0.0
6026,98.85,98.86058292612984,-0.10000000000000142,-0.07883414774033622
6027,98.85,98.86058292612984,0.0,0.0
6028,99.0,99.0,0.14999999999999858,0.13941707387016522
6029,99.1,99.07883414774035,0.10000000000000142,0.07883414774033622
6030,99.25,99.26058292612986,0.14999999999999858,0.18174877838949566
6031,99.25,99.26058292612986,0.0,0.0
6032,99.3,99.30000000000001,0.04999999999999716,0.03941707387016531
6033,99.65,99.68174877838952,0.3500000000000014,0.3817487783894985
6034,99.85,99.88174877838951,0.20000000000000284,0.20000000000000284
6035,100.0,100.0,0.14999999999999858,0.11825122161050154
6036,99.76666666666667,99.67309957945491,0.06666666666666761,0.11214616681343328
6037,100.0,100.0,0.23333333333333428,0.326900420545091
6038,100.0,100.0,0.0,0.0
6039,100.1,100.1,0.09999999999999432,0.0999999999999943
6040,100.1,100.1,0.0,0.0
6041,100.1,100.1,0.0,0.0
6042,100.7,100.70000000000002,0.6000000000000085,0.6000000000000085
6043,100.7,100.70000000000002,0.0,0.0
6044,101.6,101.6,0.0,0.0
6045,102.5,102.5,0.0,0.0
6046,103.4,103.40000000000002,0.29999999999999716,0.29999999999999716
6047,103.4,103.40000000000002,0.0,0.0
6048,103.4,103.40000000000002,0.0,0.0
6049,103.4,103.40000000000002,0.0,0.0
6050,103.4,103.40000000000002,0.0,0.0
6051,103.4,103.40000000000002,0.0,0.0
6052,103.4,103.40000000000002,0.0,0.0
6053,103.4,103.40000000000002,0.0,0.0
6054,103.6,103.6,0.19999999999998863,0.1999999999999886
6055,103.6,103.6,0.0,0.0
6056,103.6,103.6,0.0,0.0
6057,103.7,103.7,0.0,0.0
6058,103.5,103.5,0.0,0.0
6059,103.5,103.5,0.0,0.0
6060,68.9,69.09999480102933,1.6500000000000057,0.9928733731460191
6061,42.650000000000006,47.44901566884274,0.05000000000000426,0.06182773554439915
6062,43.1,47.99858030927516,0.4499999999999975,0.5495646404324187
6063,43.1,47.99858030927516,0.0,0.0
6064,43.85,49.04727423057243,0.75,1.0486939212972657
6065,43.95,49.10744837439946,0.09999999999999964,0.06017414382703103
6066,44.15,49.307448374399456,0.20000000000000107,0.20000000000000176
6067,44.15,49.307448374399456,0.0,0.0
6068,44.2,49.377361302485944,0.05000000000000071,0.06991292808648537
6069,44.2,49.377361302485944,0.0,0.0
6070,44.2,49.377361302485944,0.0,0.0
6071,44.7,50.07649058335079,0.5,0.6991292808648438
6072,44.7,50.07649058335079,0.0,0.0
6073,44.7,50.07649058335079,0.0,0.0
6074,44.85,50.28622936761024,0.14999999999999858,0.20973878425945114
6075,44.95,50.42605522378321,0.10000000000000142,0.13982585617297075
6076,44.7,50.07649058335079,-0.25,-0.3495646404324219
6077,44.8,50.21631643952375,0.09999999999999787,0.13982585617296578
6078,44.75,50.18622936761024,-0.049999999999998934,-0.030087071913514986
6079,44.75,50.18622936761024,0.0,0.0
6080,44.55,49.9065776552643,-0.1999999999999993,-0.27965171234593655
6081,44.95,50.465881079956176,0.3999999999999986,0.5593034246918731
6082,44.95,50.465881079956176,0.0,0.0
6083,44.95,50.465881079956176,0.0,0.0
6084,45.349999999999994,50.7065776552643,0.3999999999999986,0.24069657530812413
6085,45.349999999999994,50.7065776552643,0.0,0.0
6086,45.349999999999994,50.7065776552643,0.0,0.0
6087,45.25,50.6065776552643,-0.09999999999999609,-0.09999999999999538
6088,45.900000000000006,50.997709590140005,0.6500000000000004,0.39113193487570336
6089,46.400000000000006,51.69683887100486,0.5,0.6991292808648438
6090,46.400000000000006,51.69683887100486,0.0,0.0
6091,46.400000000000006,51.69683887100486,0.0,0.0
6092,46.55,51.9065776552643,0.14999999999999858,0.20973878425945114
6093,46.55,51.9065776552643,0.0,0.0
6094,46.650000000000006,52.046403511437276,0.10000000000000142,0.13982585617297075
6095,46.7,52.07649058335078,0.05000000000000071,0.030087071913516054
6096,47.1,52.63579400804266,0.3999999999999986,0.5593034246918731
6097,47.5,53.1154457203886,0.3999999999999986,0.4796517123459373
6098,48.55,54.58361721020477,1.0500000000000007,1.4681714898161728
6099,48.15,53.785358648475075,-0.40000000000000213,-0.7982585617296912
6100,48.150000000000006,53.70570693612915,3.552713678800501e-15,-0.07965171234593368
6101,48.150000000000006,53.70570693612915,0.0,0.0
6102,48.150000000000006,53.70570693612915,0.0,0.0
6103,48.6,53.97649058335079,0.4499999999999993,0.2707836472216402
6104,48.6,53.97649058335079,0.0,0.0
6105,48.7,54.036664727177815,0.09999999999999787,0.06017414382702997
6106,48.7,54.036664727177815,0.0,0.0
6107,49.05,54.287100086745404,0.3500000000000014,0.25043535956757956
6108,49.3,54.63666472717781,0.25,0.3495646404324219
6109,49.3,54.63666472717781,0.0,0.0
6110,48.95,54.14727423057243,-0.3500000000000014,-0.4893904966053927
6111,49.8,54.65875445310219,0.8500000000000014,0.5114802225297664
6112,50.2,55.21805787779407,0.3999999999999986,0.5593034246918731
6113,50.75,55.549015668842735,0.5500000000000007,0.3309577910486723
6114,51.05,55.72953810032383,0.29999999999999716,0.18052243148109207
6115,51.05,55.72953810032383,0.0,0.0
6116,51.25,55.8498863879779,0.20000000000000284,0.12034828765406422
6117,51.25,55.8498863879779,0.0,0.0
6118,51.25,55.8498863879779,0.0,0.0
6119,51.25,55.8498863879779,0.0,0.0
6120,51.5,56.00032174754548,0.25,0.15043535956757811
6121,52.0,56.301192466680625,0.5,0.30087071913515623
6122,52.0,56.301192466680625,0.0,0.0
6123,52.25,56.45162782624821,0.25,0.15043535956757811
6124,52.5,56.60206318581579,0.25,0.15043535956757811
6125,52.9,56.842759761123915,0.3999999999999986,0.24069657530812413
6126,52.9,56.842759761123915,0.0,0.0
6127,53.0,56.90293390495095,0.10000000000000142,0.06017414382703211
6128,53.25,57.05336926451852,0.25,0.15043535956757811
6129,53.9,57.444501199394224,0.6499999999999986,0.39113193487570225
6130,54.2,57.62502363087532,0.3000000000000007,0.18052243148109418
6131,54.45,57.77545899044289,0.25,0.15043535956757811
6132,54.45,57.77545899044289,0.0,0.0
6133,54.45,57.77545899044289,0.0,0.0
6134,54.45,57.77545899044289,0.0,0.0
6135,55.7,58.52763578828079,1.25,0.7521767978378906
6136,55.849999999999994,58.61789700402134,0.14999999999999858,0.09026121574054603
6137,55.849999999999994,58.61789700402134,0.0,0.0
6138,59.25,63.29232440155634,3.4000000000000057,4.674427397535007
6139,59.65,63.692324401556334,0.399999999999995,0.39999999999999364
6140,59.8,63.902063185815784,0.14999999999999858,0.20973878425945114
6141,59.9,63.96223732964282,0.10000000000000142,0.06017414382703211
6142,59.9,63.96223732964282,0.0,0.0
6143,60.8,64.98171489816171,0.8999999999999986,1.0194775685189066
6144,60.95,65.07197611390227,0.15000000000000213,0.09026121574054816
6145,60.95,65.07197611390227,0.0,0.0
6146,61.25,65.41180197007523,0.3000000000000007,0.33982585617297145
6147,61.85,65.85249854538336,0.6000000000000014,0.440696575308127
6148,62.25,66.37197611390226,0.399999999999995,0.5194775685188988
6149,62.6,66.9410183228536,0.350000000000005,0.5690422089513335
6150,63.25,67.81006053180492,0.6499999999999986,0.8690422089513284
6151,63.650000000000006,68.13040881945899,0.40000000000000213,0.3203482876540649
6152,63.650000000000006,68.13040881945899,0.0,0.0
6153,63.6,68.02067003519954,-0.05000000000000071,-0.10973878425945469
6154,63.95,68.23127953859415,0.3500000000000014,0.21060950339461024
6155,65.30000000000001,70.11892859692922,1.3500000000000014,1.8876490583350805
6156,65.6,70.49858030927517,0.29999999999999716,0.37965171234593587
6157,65.75,70.58884152501571,0.15000000000000213,0.09026121574054816
6158,66.15,71.10831909353462,0.399999999999995,0.5194775685188988
6159,66.9,71.55962517223735,0.75,0.4513060787027344
6160,67.4,72.13927688458328,0.5,0.5796517123459387
6161,67.35,71.91006053180493,-0.05000000000000071,-0.22921635277835983
6162,67.55,72.030408819459,0.1999999999999993,0.12034828765406207
6163,67.65,72.09058296328602,0.10000000000000142,0.06017414382703211
6164,67.8,72.18084417902656,0.14999999999999858,0.09026121574054603
6165,68.0,72.30119246668063,0.20000000000000284,0.12034828765406422
6166,69.4,73.74101832285359,1.3999999999999986,1.439825856172968
6167,69.75,73.91180197007523,0.3500000000000014,0.17078364722164371
6168,70.0,74.10206318581578,0.25,0.1902612157405446
6169,70.4,74.42241147346985,0.3999999999999986,0.32034828765406276
6170,72.05,76.41093125094008,1.6500000000000021,1.988519777470236
6171,72.9,77.44014760371844,0.8499999999999979,1.029216352778357
6172,72.95,77.47023467563196,0.05000000000000071,0.030087071913516054
6173,73.3,77.84014760371845,0.3500000000000014,0.3699129280864875
6174,72.6,77.29945102841033,-0.6999999999999993,-0.5406965753081234
6175,72.30000000000001,77.11892859692924,-0.29999999999999716,-0.18052243148109207
6176,71.1,75.52067003519954,-1.2000000000000028,-1.5982585617296905
6177,71.44999999999999,76.2888415250157,0.3499999999999943,0.7681714898161652
6178,71.44999999999999,76.2888415250157,0.0,0.0
6179,71.6,76.37910274075625,0.15000000000000213,0.09026121574054816
6180,71.8,76.49945102841032,0.1999999999999993,0.12034828765406207
6181,71.25,75.84988638797789,-0.5499999999999972,-0.649564640432419
6182,71.1,75.87910274075625,-0.15000000000000213,0.029216352778356984
6183,71.94999999999999,76.98797080588054,0.8499999999999979,1.1088680651242957
6184,71.4,76.53753544631297,-0.5499999999999972,-0.45043535956757524
6185,71.35,76.54727423057244,-0.04999999999999716,0.009738784259458233
6186,71.3,76.47736130248595,-0.05000000000000426,-0.06991292808649034
6187,71.25,76.4871000867454,-0.049999999999993605,0.00973878425946037
6188,71.15,76.42692594291837,-0.10000000000000142,-0.06017414382703211
6189,70.85,75.92779666205351,-0.30000000000000426,-0.4991292808648509
6190,70.6,75.57823202162109,-0.25,-0.3495646404324219
6191,70.65,75.72779666205354,0.05000000000000426,0.14956464043242898
6192,70.2,75.45701301483189,-0.4499999999999993,-0.2707836472216402
6193,70.35,75.66675179909133,0.14999999999999858,0.20973878425945114
6194,70.55,75.7871000867454,0.1999999999999993,0.12034828765406207
6195,70.65,75.84727423057242,0.10000000000000142,0.06017414382703211
6196,70.25,75.20831909353463,-0.40000000000000213,-0.6389551370378139
6197,70.1,75.19770959014002,-0.14999999999999858,-0.01060950339460738
6198,70.4,75.65701301483188,0.29999999999999716,0.4593034246918688
6199,70.15,75.5065776552643,-0.25,-0.15043535956757811
6200,70.15,75.5065776552643,0.0,0.0
6201,70.0,75.41631643952375,-0.15000000000000213,-0.09026121574054816
6202,69.80000000000001,75.21631643952375,-0.19999999999999218,-0.19999999999999077
6203,69.80000000000001,75.21631643952375,0.0,0.0
6204,69.85,75.24640351143728,0.04999999999999716,0.030087071913513917
6205,70.0,75.49596815186969,0.14999999999999858,0.24956464043241763
6206,70.15,75.74553279230211,0.15000000000000213,0.24956464043242546
6207,70.05000000000001,75.56588107995617,-0.09999999999999787,-0.1796517123459351
6208,70.35,76.02518450464804,0.2999999999999936,0.4593034246918667
6209,70.35,76.14466207316697,3.552713678800501e-15,0.11947756851891295
6210,70.05000000000001,75.96413964168588,-0.29999999999999716,-0.18052243148109207
6211,70.05000000000001,75.96413964168588,0.0,0.0
6212,70.2,76.4526594191561,0.14999999999999858,0.48851977747023356
6213,70.15,76.42257234724259,-0.05000000000000071,-0.030087071913516054
6214,70.05000000000001,76.36239820341555,-0.09999999999999787,-0.06017414382702997
6215,69.85,76.2420499157615,-0.20000000000000284,-0.12034828765406422
6216,69.80000000000001,76.21196284384799,-0.04999999999999716,-0.030087071913513917
6217,69.55000000000001,75.86239820341555,-0.25,-0.3495646404324219
6218,69.4,75.85178870002095,-0.15000000000000568,-0.010609503394617317
6219,69.19999999999999,75.73144041236688,-0.20000000000000284,-0.12034828765406422
6220,69.5,76.07126626853986,0.30000000000000426,0.3398258561729736
6221,69.7,76.39074383705876,0.1999999999999993,0.31947756851890585
6222,69.85,76.4810050527993,0.15000000000000213,0.09026121574054816
6223,69.65,76.36065676514524,-0.20000000000000284,-0.12034828765406422
6224,69.45,76.24030847749118,-0.1999999999999993,-0.12034828765406207
6225,69.5,76.2703955494047,0.05000000000000071,0.030087071913516054
6226,69.65,76.36065676514524,0.14999999999999858,0.09026121574054603
6227,69.7,76.39074383705876,0.05000000000000071,0.030087071913516054
6228,69.7,76.39074383705876,0.0,0.0
6229,69.7,76.39074383705876,0.0,0.0
6230,69.5,76.2703955494047,-0.1999999999999993,-0.12034828765406207
6231,69.4,76.21022140557767,-0.10000000000000142,-0.06017414382703211
6232,69.5,76.2703955494047,0.10000000000000142,0.06017414382703211
6233,69.3,76.15004726175063,-0.1999999999999993,-0.12034828765406207
6234,69.45,76.24030847749118,0.14999999999999858,0.09026121574054603
6235,69.6,76.29074383705876,0.15000000000000213,0.05043535956758166
6236,69.45,76.20048262131822,-0.14999999999999858,-0.09026121574054603
6237,69.4,76.1703955494047,-0.05000000000000071,-0.030087071913516054
6238,69.35,76.14030847749117,-0.05000000000000071,-0.030087071913516054
6239,69.55000000000001,76.26065676514524,0.20000000000000284,0.12034828765406422
6240,69.65,76.32083090897227,0.09999999999999787,0.06017414382702997
6241,69.6,76.25091798088579,-0.05000000000000426,-0.06991292808649034
6242,69.6,76.25091798088579,0.0,0.0
6243,69.6,76.25091798088579,0.0,0.0
6244,69.6,76.25091798088579,0.0,0.0
6245,69.55,76.1810050527993,-0.04999999999999716,-0.0699129280864804
6246,69.55,76.1810050527993,0.0,0.0
6247,69.55,76.1810050527993,0.0,0.0
6248,69.55,76.1810050527993,0.0,0.0
6249,69.6,76.21109212471282,0.05000000000000071,0.030087071913516054
6250,69.55,76.1810050527993,-0.05000000000000071,-0.030087071913516054
6251,69.95,76.4615274842804,0.3999999999999986,0.28052243148109063
6252,70.2,76.61196284384798,0.25,0.15043535956757811
6253,70.2,76.49248527532907,0.0,-0.11947756851890512
6254,70.1,76.59161455619392,-0.09999999999999787,0.09912928086484732
6255,70.5,76.83231113150204,0.40000000000000213,0.24069657530812627
6256,70.55000000000001,76.86239820341557,0.05000000000000071,0.030087071913516054
6257,70.4,76.69248527532908,-0.15000000000000213,-0.1699129280864868
6258,70.5,76.7526594191561,0.09999999999999787,0.06017414382702997
6259,70.65,76.84292063489666,0.15000000000000213,0.09026121574054816
6260,70.5,76.59335599446423,-0.15000000000000213,-0.24956464043242546
6261,70.25,76.16413964168586,-0.25000000000000355,-0.4292163527783627
6262,70.6,76.37474914508047,0.3500000000000014,0.21060950339461024
6263,70.5,76.15527157656157,-0.09999999999999787,-0.2194775685189016
6264,70.45,76.12518450464806,-0.04999999999999716,-0.030087071913513917
6265,70.4,76.0154457203886,-0.05000000000000426,-0.10973878425945684
6266,70.3,75.79596815186969,-0.10000000000000142,-0.21947756851890937
6267,70.45,76.00570693612916,0.15000000000000568,0.2097387842594611
6268,70.15,75.58622936761024,-0.30000000000000426,-0.41947756851891227
6269,70.15,75.54640351143726,3.552713678800501e-15,-0.03982585617296435
6270,70.2,75.57649058335078,0.05000000000000071,0.030087071913516054
6271,70.19999999999999,75.53666472717781,-7.105427357601002e-15,-0.039825856172976425
6272,70.35,75.66675179909133,0.15000000000000568,0.13008707191352245
6273,70.15,75.5065776552643,-0.20000000000000284,-0.16017414382703637
6274,70.3,75.59683887100485,0.14999999999999858,0.09026121574054603
6275,70.55,75.74727423057243,0.25,0.15043535956757811
6276,70.5,75.7171871586589,-0.05000000000000071,-0.030087071913516054
6277,70.45,75.60744837439945,-0.049999999999993605,-0.10973878425944475
6278,70.35,75.54727423057243,-0.10000000000000142,-0.06017414382703211
6279,70.3,75.47736130248595,-0.05000000000000426,-0.06991292808649034
6280,70.4,75.53753544631297,0.10000000000000142,0.06017414382703211
6281,70.35,75.46762251822649,-0.04999999999999716,-0.0699129280864804
6282,70.3,75.39770959014,-0.05000000000000426,-0.06991292808649034
6283,70.35,75.34814494970759,0.05000000000000426,-0.04956464043241478
6284,70.80000000000001,75.61892859692924,0.45000000000000284,0.27078364722164233
6285,70.9,75.67910274075626,0.09999999999999787,0.06017414382702997
6286,70.65,75.32953810032384,-0.25,-0.3495646404324219
6287,71.15,75.63040881945899,0.5,0.30087071913515623
6288,71.2,75.6604958913725,0.05000000000000071,0.030087071913516054
6289,71.2,75.6604958913725,0.0,0.0
6290,71.35,75.71093125094008,0.14999999999999503,0.050435359567571725
6291,71.35,75.71093125094008,0.0,0.0
6292,71.5,75.84101832285361,0.15000000000000568,0.13008707191352245
6293,71.45,75.7711053947671,-0.05000000000000426,-0.06991292808649034
6294,71.44999999999999,75.69145368242117,-3.552713678800501e-15,-0.07965171234594078
6295,71.55,75.79145368242118,0.10000000000000497,0.1000000000000064
6296,71.25,75.45162782624821,-0.3000000000000007,-0.33982585617297145
6297,70.94999999999999,74.99232440155633,-0.30000000000000426,-0.45930342469187874
6298,71.19999999999999,75.34188904198875,0.25,0.3495646404324219
6299,71.2,75.22241147346985,3.552713678800501e-15,-0.119477568518903
6300,70.95,74.95249854538336,-0.25,-0.26991292808648326
6301,71.1,75.08258561729689,0.14999999999999858,0.13008707191351251
6302,71.2,75.06310804877798,0.10000000000000497,-0.01947756851889874
6303,71.35,75.19319512069148,0.14999999999999858,0.13008707191351251
6304,71.30000000000001,75.123282192605,-0.04999999999999716,-0.0699129280864804
6305,71.45,75.21354340834556,0.14999999999999858,0.09026121574054603
6306,71.6,75.34363048025907,0.14999999999999858,0.13008707191351251
6307,71.6,75.34363048025907,0.0,0.0
6308,71.8,75.5038046240861,0.19999999999999574,0.16017414382702644
6309,72.05000000000001,75.77371755217258,0.2500000000000071,0.2699129280864932
6310,71.95,75.71354340834556,-0.10000000000000142,-0.06017414382703211
6311,71.9,75.64363048025908,-0.05000000000000426,-0.06991292808649034
6312,72.15,75.95336926451853,0.25000000000000355,0.30973878425945756
6313,72.25,75.93389169599962,0.09999999999999787,-0.019477568518908677
6314,72.1,75.84363048025908,-0.14999999999999858,-0.09026121574054603
6315,71.75,75.43389169599962,-0.3500000000000014,-0.409738784259454
6316,72.25,75.89406583982665,0.5000000000000036,0.46017414382703564
6317,72.75,76.55336926451852,0.49999999999999645,0.6593034246918695
6318,72.5,76.16397876791314,-0.25,-0.3893904966053884
6319,72.55000000000001,76.27371755217258,0.05000000000000426,0.10973878425945684
6320,72.9,76.56397876791313,0.3499999999999943,0.2902612157405389
6321,72.85,76.6931951206915,-0.04999999999999716,0.12921635277836335
6322,73.05000000000001,76.7737175521726,0.20000000000000284,0.08052243148109772
6323,73.0,76.74363048025907,-0.05000000000000071,-0.030087071913516054
6324,73.4,77.06397876791313,0.399999999999995,0.320348287654055
6325,73.75,77.27458827130773,0.3500000000000014,0.21060950339461024
6326,73.85,77.45423998365368,0.10000000000000142,0.1796517123459429
6327,73.6,77.14450119939421,-0.25,-0.30973878425945545
6328,73.85,77.33476241513478,0.2499999999999929,0.19026121574054033
6329,74.25,77.5754589904429,0.4000000000000057,0.24069657530812844
6330,74.55,77.75598142192399,0.29999999999999716,0.18052243148109207
6331,74.5,77.64624263766454,-0.04999999999999716,-0.1097387842594469
6332,74.85,77.93650385340509,0.3499999999999943,0.2902612157405389
6333,74.9,78.00641678149157,0.05000000000000426,0.06991292808649034
6334,75.15,78.23650385340508,0.2500000000000071,0.23008707191352107
6335,75.65,78.53737457254024,0.5,0.30087071913515623
6336,75.65,78.53737457254024,0.0,0.0
6337,75.75,78.59754871636727,0.09999999999999432,0.060174143827027834
6338,76.44999999999999,79.49667799723211,0.6999999999999957,0.8991292808648368
6339,76.35,79.43650385340509,-0.10000000000000142,-0.06017414382703211
6340,76.55000000000001,79.39754871636727,0.20000000000000995,-0.03895513703780314
6341,76.75,79.79667799723212,0.19999999999999574,0.3991292808648424
6342,77.65,80.25859357932946,0.8999999999999986,0.46191558209734174
6343,78.05000000000001,80.57894186698353,0.4000000000000057,0.3203482876540671
6344,78.19999999999999,80.74885479507,0.14999999999999147,0.16991292808647473
6345,78.65,81.09929015463759,0.45000000000000284,0.350435359567581
6346,78.7,81.08955137037815,0.05000000000000426,-0.009738784259448297
6347,79.0,81.34972551420516,0.29999999999999716,0.2601741438270307
6348,79.7,81.77094452099439,0.7000000000000028,0.4212190067892205
6349,79.9,81.89129280864844,0.20000000000000284,0.12034828765406422
6350,79.8,81.87094452099439,-0.10000000000000853,-0.0203482876540699
6351,79.85,81.82137988056196,0.05000000000000426,-0.04956464043242044
6352,79.9,81.81164109630251,0.04999999999999716,-0.009738784259452571
6353,80.75,82.76120573673492,0.8500000000000014,0.9495646404324205
6354,80.80000000000001,82.75146695247548,0.05000000000000426,-0.009738784259448297
6355,81.0,83.07094452099439,0.19999999999999574,0.31947756851890374
6356,81.0,83.0311186648214,0.0,-0.03982585617297215
6357,81.30000000000001,83.33111866482142,0.30000000000000426,0.30000000000000715
6358,81.6,83.5116410963025,0.29999999999999716,0.18052243148109207
6359,82.15,83.96207645587009,0.5499999999999972,0.45043535956757524
6360,82.05000000000001,83.78242474352415,-0.09999999999999432,-0.17965171234593297
6361,82.0,83.71251181543767,-0.05000000000000426,-0.06991292808649034
6362,82.4,84.11251181543766,0.3999999999999986,0.4000000000000014
6363,82.4,84.11251181543766,0.0,0.0
6364,82.85,84.54259888735118,0.44999999999999574,0.4300870719135097
6365,83.05,84.62312131883228,0.20000000000000284,0.08052243148109772
6366,83.15,84.5638178941404,0.10000000000000142,-0.059303424691873025
6367,83.35,84.7638178941404,0.20000000000000284,0.20000000000000284
6368,83.8,85.27355667839986,0.44999999999999574,0.5097387842594483
6369,83.85,85.30364375031337,0.05000000000000426,0.03008707191351819
6370,84.0,85.5532083907458,0.14999999999999858,0.2495646404324233
6371,84.65,86.06381789414039,0.6499999999999986,0.5106095033946074
6372,84.55,85.9638178941404,-0.10000000000000142,-0.10000000000000425
6373,84.35,85.68416618179445,-0.19999999999999574,-0.27965171234593156
6374,85.15,86.72312131883226,0.7999999999999972,1.0389551370378076
6375,85.9,87.25407910988095,0.75,0.530957791048673
6376,86.35,87.8832954626593,0.45000000000000284,0.6292163527783634
6377,86.75,88.48242474352413,0.3999999999999986,0.5991292808648395
6378,86.85,88.58242474352416,0.10000000000000142,0.10000000000000425
6379,86.75,88.36294717500523,-0.10000000000000142,-0.21947756851890937
6380,87.4,88.91338253457282,0.6499999999999986,0.5504353595675796
6381,87.8,89.4726859592647,0.3999999999999986,0.5593034246918731
6382,88.05000000000001,89.78242474352416,0.2500000000000071,0.30973878425945967
6383,88.2,90.19129280864846,0.14999999999999858,0.4088680651242949
6384,88.4,90.35146695247548,0.19999999999999574,0.16017414382702644
6385,88.75,90.68155402438899,0.3500000000000014,0.3300870719135154
6386,90.15,92.00190231204306,1.3999999999999986,1.3203482876540626
6387,90.55,92.32225059969713,0.3999999999999986,0.32034828765406276
6388,90.75,92.4425988873512,0.20000000000000284,0.12034828765406422
6389,91.69999999999999,93.73111866482142,0.9499999999999957,1.2885197774702308
6390,91.85,93.78155402438898,0.15000000000000568,0.05043535956758381
6391,91.75,93.681554024389,-0.10000000000000142,-0.10000000000000425
6392,91.75,93.681554024389,0.0,0.0
6393,91.85,93.74172816821603,0.09999999999999432,0.060174143827027834
6394,91.85,93.70190231204305,7.105427357601002e-15,-0.039825856172962214
6395,91.15,93.3205091614268,-0.7000000000000028,-0.381393150616254
6396,91.15,93.3205091614268,0.0,0.0
6397,91.25,93.38068330525383,0.10000000000000142,0.06017414382703211
6398,91.25,93.38068330525383,0.0,0.0
6399,90.85,93.1399867299457,-0.4000000000000057,-0.24069657530812844
6400,91.15,93.3205091614268,0.30000000000000426,0.1805224314810963
6401,91.15,93.3205091614268,0.0,0.0
6402,91.1,93.29042208951327,-0.05000000000000426,-0.03008707191351819
6403,90.94999999999999,93.20016087377275,-0.14999999999999858,-0.09026121574054603
6404,91.05,93.26033501759977,0.10000000000000142,0.06017414382703211
6405,90.8,92.91077037716735,-0.25,-0.3495646404324219
6406,91.1,93.33024794568627,0.30000000000000426,0.41947756851891227
6407,91.6,93.55146695247548,0.5,0.22121900678921758
6408,91.65,93.62137988056196,0.04999999999999716,0.0699129280864804
6409,91.65,93.74085744908086,7.105427357601002e-15,0.11947756851891507
6410,91.85,93.94085744908085,0.19999999999998863,0.19999999999998863
6411,91.75,93.88068330525384,-0.09999999999999432,-0.060174143827027834
6412,91.7,93.77094452099439,-0.04999999999999716,-0.1097387842594469
6413,91.75,93.8010315929079,0.04999999999999716,0.030087071913513917
6414,91.7,93.77094452099439,-0.04999999999999716,-0.030087071913513917
6415,90.7,92.41251181543768,-1.0,-1.3584327055567211
6416,90.8,92.4726859592647,0.09999999999999432,0.060174143827027834
6417,90.85,92.50277303117821,0.05000000000000426,0.03008707191351819
6418,91.1,92.85233767161064,0.25,0.3495646404324219
6419,90.6,92.55146695247547,-0.5,-0.30087071913515623
6420,90.6,92.55146695247547,0.0,0.0
6421,90.75,92.76120573673492,0.14999999999999858,0.20973878425945114
6422,90.9,92.85146695247548,0.14999999999999858,0.09026121574054603
6423,90.9,92.89129280864844,7.105427357601002e-15,0.039825856172976425
6424,90.95,92.92137988056196,0.04999999999999716,0.030087071913513917
6425,90.95,92.92137988056196,0.0,0.0
6426,90.95,92.92137988056196,0.0,0.0
6427,90.95,92.92137988056196,0.0,0.0
6428,91.4,93.55059623334031,0.44999999999999574,0.6292163527783534
6429,91.35,93.48068330525383,-0.04999999999999716,-0.0699129280864804
6430,91.35,93.48068330525383,0.0,0.0
6431,91.35,93.36120573673492,0.0,-0.11947756851890512
6432,91.35,93.36120573673492,0.0,0.0
6433,91.4,93.43111866482141,0.04999999999999716,0.0699129280864804
6434,91.85,93.70190231204305,0.45000000000000284,0.27078364722164233
6435,92.05,93.86207645587008,0.19999999999999574,0.16017414382702644
6436,92.05,93.86207645587008,0.0,0.0
6437,92.75,94.88068330525384,0.7000000000000028,1.018606849383752
6438,92.65,94.7010315929079,-0.10000000000000142,-0.17965171234593721
6439,92.8,94.79129280864845,0.14999999999999858,0.09026121574054603
6440,92.8,94.79129280864845,0.0,0.0
6441,92.85,94.82137988056196,0.05000000000000426,0.03008707191351819
6442,92.80000000000001,94.7514669524755,-0.04999999999999716,-0.0699129280864804
6443,93.15,95.04172816821603,0.3500000000000014,0.29026121574054886
6444,93.55000000000001,95.28242474352415,0.3999999999999986,0.24069657530812413
6445,93.55000000000001,95.28242474352415,0.0,0.0
6446,93.8,95.47268595926468,0.2499999999999929,0.19026121574054033
6447,93.85,95.5027730311782,0.05000000000000426,0.03008707191351819
6448,93.9,95.53286010309172,0.04999999999999716,0.030087071913513917
6449,94.44999999999999,96.10277303117822,0.5499999999999972,0.5699129280864804
6450,94.55,96.16294717500526,0.10000000000000142,0.06017414382703211
6451,94.6,96.11338253457284,0.05000000000000426,-0.04956464043241478
6452,94.6,96.11338253457284,0.0,0.0
6453,94.6,96.11338253457284,0.0,0.0
6454,94.6,96.11338253457284,0.0,0.0
6455,94.95,96.32399203796743,0.3500000000000014,0.21060950339461024
6456,95.05000000000001,96.38416618179447,0.10000000000000142,0.06017414382703211
6457,94.95,96.32399203796743,-0.10000000000000142,-0.06017414382703211
6458,95.55000000000001,96.68503690092962,0.6000000000000014,0.36104486296218835
6459,95.55000000000001,96.68503690092962,0.0,0.0
6460,95.5,96.6549498290161,-0.05000000000000426,-0.03008707191351819
6461,95.75,97.00451446944852,0.25,0.3495646404324219
6462,95.7,96.97442739753501,-0.04999999999999716,-0.030087071913513917
6463,95.85,97.06468861327556,0.14999999999999858,0.09026121574054603
6464,95.9,97.09477568518908,0.05000000000000426,0.03008707191351819
6465,95.9,97.09477568518908,0.0,0.0
6466,95.80000000000001,97.03460154136205,-0.10000000000000142,-0.06017414382703211
6467,95.75,97.00451446944852,-0.05000000000000426,-0.03008707191351819
6468,95.75,97.00451446944852,0.0,0.0
6469,96.05000000000001,97.18503690092962,0.30000000000000426,0.1805224314810963
6470,95.94999999999999,97.08503690092961,-0.10000000000000853,-0.10000000000000853
6471,96.0,97.11512397284312,0.05000000000000426,0.03008707191351819
6472,96.05,97.14521104475665,0.04999999999999716,0.030087071913513917
6473,96.15,97.28503690092961,0.10000000000000142,0.13982585617297075
6474,96.19999999999999,97.3549498290161,0.04999999999999716,0.0699129280864804
6475,96.19999999999999,97.3549498290161,0.0,0.0
6476,96.5,97.5354722604972,0.30000000000000426,0.1805224314810963
6477,96.5,97.5354722604972,0.0,0.0
6478,96.35,97.44521104475665,-0.15000000000000568,-0.09026121574055031
6479,96.44999999999999,97.50538518858369,0.10000000000000142,0.06017414382703211
6480,96.8,97.67616883580531,0.3500000000000014,0.17078364722164371
6481,96.85,97.70625590771884,0.05000000000000426,0.03008707191351819
6482,97.05,97.82660419537291,0.19999999999999574,0.12034828765405994
6483,97.15,97.88677833919992,0.10000000000000142,0.06017414382703211
6484,97.45,98.06730077068102,0.30000000000000426,0.1805224314810963
6485,97.75,98.16817148981616,0.29999999999999716,0.10087071913515339
6486,98.45,98.66904220895134,0.7000000000000028,0.5008707191351591
6487,98.5,98.69912928086487,0.04999999999999716,0.030087071913513917
6488,98.7,98.9787809932108,0.20000000000000284,0.2796517123459415
6489,99.3,99.49912928086485,0.5999999999999943,0.5203482876540557
6490,99.65,99.7893904966054,0.3500000000000014,0.29026121574054886
6491,99.6,99.75930342469188,0.16666666666666666,0.12741085383563278
6492,100.0,100.0,0.3999999999999986,0.24069657530812413
6493,68.9,69.09999480102933,0.7000000000000028,0.6697962552247824
6494,46.5,47.97998349398582,0.05000000000000426,0.06182773554439915
6495,46.75,48.204813706673136,0.24999999999999822,0.22483021268731446
6496,46.75,48.15447413204776,0.0,-0.05033957462536788
6497,46.95,48.32427038727255,0.1999999999999993,0.16979625522477848
6498,46.95,48.32427038727255,0.0,0.0
6499,47.1,48.45916851488493,0.15000000000000213,0.13489812761239156
6500,47.35,48.683998727572245,0.25,0.22483021268731607
6501,47.35,48.683998727572245,0.0,0.0
6502,46.25,47.46318374847137,-1.1000000000000014,-1.2208149791008844
6503,46.25,47.46318374847137,0.0,0.0
6504,46.25,47.46318374847137,0.0,0.0
6505,46.25,47.46318374847137,0.0,0.0
6506,46.25,47.46318374847137,0.0,0.0
6507,46.25,47.46318374847137,0.0,0.0
6508,46.25,47.46318374847137,0.0,0.0
6509,46.25,47.46318374847137,0.0,0.0
6510,45.7,46.84774230145839,-0.5500000000000007,-0.6154414470129785
6511,45.5,46.627606471608246,-0.1999999999999993,-0.22013582985014638
6512,45.5,46.627606471608246,0.0,0.0
6513,45.5,46.627606471608246,0.0,0.0
6514,45.5,46.627606471608246,0.0,0.0
6515,44.7,45.77726689698287,-0.8000000000000007,-0.850339574625369
6516,44.4,45.44706315220765,-0.3000000000000007,-0.33020374477522146
6517,44.25,45.281961279820045,-0.14999999999999858,-0.1651018723876088
6518,44.25,45.281961279820045,0.0,0.0
6519,44.25,45.281961279820045,0.0,0.0
6520,44.3,45.326927322357506,0.05000000000000071,0.04496604253746385
6521,44.25,45.30209710967019,-0.05000000000000071,-0.02483021268731641
6522,44.8,45.8671989820578,0.5500000000000007,0.5651018723876106
6523,44.95,46.00209710967019,0.14999999999999858,0.13489812761238837
6524,45.099999999999994,46.13699523728258,0.14999999999999858,0.13489812761238837
6525,45.15,46.18196127982004,0.05000000000000071,0.04496604253746385
6526,45.65,46.72223293952034,0.5,0.5402716597002941
6527,45.55,46.632300854445404,-0.10000000000000142,-0.0899320850749277
6528,46.3,47.46787813130854,0.7500000000000036,0.8355772768631287
6529,46.3,47.46787813130854,0.0,0.0
6530,46.7,47.89808187608375,0.3999999999999986,0.4302037447752197
6531,47.2,48.35781021638347,0.5000000000000036,0.45972834029970905
6532,47.3,48.44774230145839,0.09999999999999787,0.0899320850749245
6533,47.7,48.86787813130854,0.3999999999999986,0.42013582985014525
6534,47.55,48.70277625892093,-0.14999999999999858,-0.1651018723876088
6535,47.7,48.86787813130854,0.14999999999999858,0.1651018723876088
6536,47.849999999999994,49.00277625892092,0.14999999999999858,0.13489812761238837
6537,47.849999999999994,49.00277625892092,0.0,0.0
6538,47.75,48.89270834399585,-0.09999999999999787,-0.11006791492507123
6539,47.55,48.672572514145706,-0.1999999999999993,-0.22013582985014638
6540,47.7,48.82760647160825,0.14999999999999858,0.15503395746253507
6541,47.7,48.82760647160825,0.0,0.0
6542,47.7,48.82760647160825,0.0,0.0
6543,47.7,48.82760647160825,0.0,0.0
6544,48.55,49.753115833546296,0.8500000000000014,0.9255093619380533
6545,48.55,49.753115833546296,0.0,0.0
6546,49.5,50.768557280559264,0.9499999999999993,1.0154414470129778
6547,49.8,51.058489365634195,0.29999999999999716,0.28993208507492346
6548,49.9,51.148421450709115,0.10000000000000142,0.0899320850749277
6549,50.25,51.50345540817166,0.3500000000000014,0.35503395746253863
6550,50.55,51.81352332309673,0.3000000000000007,0.3100679149250741
6551,50.9,52.14842145070912,0.34999999999999787,0.33489812761238724
6552,51.6,52.88869311040942,0.7000000000000028,0.7402716597002977
6553,51.75,53.05379498279703,0.14999999999999858,0.1651018723876088
6554,52.7,53.988693110409415,0.9499999999999993,0.9348981276123888
6555,53.900000000000006,55.25916851488494,1.2000000000000028,1.270475404475518
6556,54.150000000000006,55.483998727572256,0.25,0.22483021268731607
6557,54.45,55.79406664249732,0.29999999999999716,0.31006791492507013
6558,55.0,56.37930434473508,0.5500000000000007,0.5852377022377587
6559,55.1,56.46923642981001,0.10000000000000142,0.0899320850749277
6560,55.8,57.10882894025956,0.6999999999999957,0.6395925104495541
6561,56.150000000000006,57.43365915294688,0.350000000000005,0.32483021268732143
6562,56.349999999999994,57.60345540817166,0.19999999999999574,0.16979625522477457
6563,56.5,57.73835353578405,0.15000000000000213,0.13489812761239156
6564,57.599999999999994,58.7779460462336,1.0999999999999979,1.0395925104495565
6565,57.65,58.80277625892092,0.05000000000000071,0.02483021268731641
6566,58.15,59.30277625892092,0.5,0.5
6567,59.45,60.66318374847136,1.3000000000000007,1.3604074895504428
6568,59.9,61.098081876083754,0.4499999999999993,0.4348981276123887
6569,60.849999999999994,62.053115833546286,0.9499999999999993,0.955033957462536
6570,61.5,62.667878131308534,0.6499999999999986,0.6147622977622409
6571,61.8,62.99808187608375,0.30000000000000426,0.3302037447752254
6572,61.95,63.13298000369614,0.15000000000000213,0.13489812761239156
6573,62.150000000000006,63.312844173846,0.1999999999999993,0.1798641701498522
6574,62.150000000000006,63.312844173846,0.0,0.0
6575,62.05,63.20277625892092,-0.10000000000000142,-0.11006791492507514
6576,62.1,63.24774230145839,0.05000000000000071,0.04496604253746385
6577,62.1,63.24774230145839,0.0,0.0
6578,62.35,63.49270834399585,0.25,0.2449660425374635
6579,63.8,65.08869311040942,1.4499999999999957,1.5959847664135622
6580,64.05000000000001,65.34372706787195,0.2500000000000071,0.2550339574625443
6581,64.6,65.8182177059339,0.5499999999999972,0.4744906380619453
6582,65.3,66.48801396115867,0.6999999999999957,0.6697962552247745
6583,65.65,66.80277625892091,0.3500000000000014,0.31476229776224374
6584,65.3,66.48801396115867,-0.3500000000000014,-0.31476229776224374
6585,65.6,66.75781021638345,0.3000000000000007,0.26979625522477996
6586,65.69999999999999,66.84774230145838,0.09999999999999787,0.0899320850749245
6587,65.85,66.98264042907077,0.15000000000000213,0.13489812761239156
6588,66.05,67.16250459922061,0.1999999999999993,0.1798641701498522
6589,66.05,67.16250459922061,0.0,0.0
6590,66.5,67.6074706417581,0.45000000000000284,0.4449660425374664
6591,69.05,70.31352332309673,2.549999999999997,2.706052681338637
6592,69.75,71.03365915294688,0.7000000000000028,0.7201358298501502
6593,71.1,72.41889685518464,1.3500000000000014,1.385237702237759
6594,71.4,72.68869311040942,0.3000000000000007,0.26979625522477996
6595,71.6,72.90882894025955,0.19999999999999574,0.22013582985014246
6596,71.69999999999999,72.99876102533449,0.09999999999999787,0.0899320850749245
6597,71.8,73.08869311040942,0.10000000000000142,0.0899320850749277
6598,72.05,73.31352332309673,0.25,0.22483021268731607
6599,72.3,73.53835353578405,0.25,0.22483021268731607
6600,72.4,73.62828562085896,0.10000000000000142,0.0899320850749277
6601,72.44999999999999,73.67325166339643,0.04999999999999716,0.04496604253746066
6602,72.9,74.07794604623359,0.45000000000000284,0.4046943828371715
6603,73.05,74.212844173846,0.14999999999999858,0.13489812761238837
6604,73.8,75.03835353578405,0.75,0.8255093619380519
6605,74.65,75.95379498279704,0.8500000000000014,0.9154414470129795
6606,74.69999999999999,75.99876102533449,0.04999999999999716,0.04496604253746066
6607,74.9,76.20882894025956,0.2000000000000064,0.2100679149250805
6608,74.9,76.20882894025956,0.0,0.0
6609,74.95,76.25379498279702,0.05000000000000071,0.04496604253746385
6610,74.95,76.25379498279702,0.0,0.0
6611,75.0,76.29876102533449,0.05000000000000071,0.04496604253746385
6612,75.1,76.38869311040942,0.09999999999999787,0.0899320850749245
6613,75.15,76.43365915294689,0.05000000000000071,0.04496604253746385
6614,74.9,76.23903268503479,-0.25,-0.19462646791209562
6615,74.95,76.28399872757225,0.05000000000000071,0.04496604253746385
6616,74.55,75.83365915294688,-0.4000000000000057,-0.45033957462537355
6617,74.45,75.75379498279703,-0.09999999999999432,-0.07986417014984688
6618,74.5,75.73835353578404,0.04999999999999716,-0.015441447012981663
6619,74.6,75.82828562085898,0.09999999999999787,0.0899320850749245
6620,74.6,75.82828562085898,0.0,0.0
6621,74.8,76.00814979100882,0.1999999999999993,0.1798641701498522
6622,74.8,76.00814979100882,0.0,0.0
6623,74.8,76.00814979100882,0.0,0.0
6624,74.6,75.85848936563418,-0.1999999999999993,-0.14966042537463176
6625,74.6,75.85848936563418,0.0,0.0
6626,75.0,76.27862519548435,0.40000000000000213,0.4201358298501499
6627,75.0,76.27862519548435,0.0,0.0
6628,75.1,76.36855728055927,0.10000000000000142,0.0899320850749277
6629,74.75,75.98331957832151,-0.3500000000000014,-0.3852377022377591
6630,74.75,75.98331957832151,0.0,0.0
6631,74.6,75.82828562085898,-0.15000000000000213,-0.15503395746253898
6632,74.55,75.78331957832151,-0.05000000000000071,-0.04496604253746385
6633,74.55,75.78331957832151,0.0,0.0
6634,74.85,76.11352332309673,0.30000000000000426,0.3302037447752254
6635,74.8,76.0584893656342,-0.05000000000000426,-0.05503395746254148
6636,74.8,76.0584893656342,0.0,0.0
6637,74.2,75.4182177059339,-0.5999999999999979,-0.6402716597002924
6638,74.2,75.4182177059339,0.0,0.0
6639,74.15,75.37325166339645,-0.05000000000000071,-0.04496604253746385
6640,74.55,75.80345540817166,0.40000000000000213,0.4302037447752229
6641,74.65,75.89338749324658,0.09999999999999787,0.0899320850749245
6642,74.7,75.93835353578405,0.05000000000000071,0.04496604253746385
6643,74.65,75.89338749324658,-0.05000000000000071,-0.04496604253746385
6644,74.65,75.89338749324658,0.0,0.0
6645,74.65,75.87325166339643,0.0,-0.02013582985014744
6646,74.65,75.87325166339643,0.0,0.0
6647,74.3,75.50814979100882,-0.3500000000000014,-0.36510187238761166
6648,74.3,75.50814979100882,0.0,0.0
6649,74.4,75.59808187608375,0.10000000000000142,0.0899320850749277
6650,74.4,75.59808187608375,0.0,0.0
6651,74.3,75.50814979100882,-0.10000000000000142,-0.0899320850749277
6652,74.4,75.59808187608375,0.10000000000000142,0.0899320850749277
6653,74.65,75.87325166339643,0.25,0.27516978731268393
6654,74.6,75.82828562085898,-0.05000000000000071,-0.04496604253746385
6655,74.6,75.82828562085898,0.0,0.0
6656,74.75,75.96318374847137,0.15000000000000213,0.13489812761239156
6657,74.65,75.87325166339643,-0.10000000000000142,-0.0899320850749277
6658,74.65,75.87325166339643,0.0,0.0
6659,74.55,75.78331957832151,-0.10000000000000142,-0.0899320850749277
6660,75.0,76.2584893656342,0.45000000000000284,0.47516978731268683
6661,75.0,76.2584893656342,0.0,0.0
6662,75.3,76.57862519548435,0.3000000000000007,0.3201358298501478
6663,74.55,75.9041345574224,-0.75,-0.6744906380619482
6664,74.55,75.9041345574224,0.0,0.0
6665,74.35,75.72427038727254,-0.1999999999999993,-0.1798641701498522
6666,74.2,75.55916851488493,-0.14999999999999858,-0.1651018723876088
6667,74.0,75.37930434473508,-0.20000000000000284,-0.1798641701498554
6668,74.15,75.51420247234748,0.15000000000000213,0.13489812761239156
6669,74.15,75.51420247234748,0.0,0.0
6670,74.1,75.46923642981001,-0.05000000000000071,-0.04496604253746385
6671,74.15,75.51420247234748,0.05000000000000071,0.04496604253746385
6672,73.75,75.15447413204777,-0.40000000000000213,-0.3597283402997076
6673,74.0,75.37930434473508,0.25,0.22483021268731607
6674,74.0,75.37930434473508,0.0,0.0
6675,73.85,75.2444062171227,-0.14999999999999858,-0.13489812761238837
6676,73.85,75.2444062171227,0.0,0.0
6677,73.85,75.2444062171227,0.0,0.0
6678,73.85,75.2444062171227,0.0,0.0
6679,73.85,75.2444062171227,0.0,0.0
6680,74.0,75.37930434473508,0.14999999999999858,0.13489812761238837
6681,74.0,75.37930434473508,0.0,0.0
6682,74.0,75.37930434473508,0.0,0.0
6683,74.0,75.37930434473508,0.0,0.0
6684,75.15,76.67528911114864,1.1499999999999986,1.295984766413565
6685,75.15,76.67528911114864,0.0,0.0
6686,75.45,76.96522119622357,0.3000000000000007,0.28993208507492735
6687,75.9,77.43032306861117,0.4499999999999993,0.46510187238760914
6688,75.9,77.43032306861117,0.0,0.0
6689,75.75,77.28535702607373,-0.14999999999999858,-0.14496604253746134
6690,75.9,77.42025515368611,0.14999999999999858,0.13489812761238837
6691,76.0,77.53032306861118,0.10000000000000142,0.11006791492507514
6692,76.0,77.53032306861118,0.0,0.0
6693,76.15,77.70549285592386,0.14999999999999858,0.1751697873126818
6694,76.25,77.80549285592387,0.10000000000000142,0.10000000000000214
6695,76.3,77.8605268133864,0.04999999999999716,0.05503395746253365
6696,76.3,77.8605268133864,0.0,0.0
6697,76.3,77.8605268133864,0.0,0.0
6698,76.3,77.8605268133864,0.0,0.0
6699,76.2,77.77059472831148,-0.09999999999999787,-0.0899320850749245
6700,76.35,77.90549285592385,0.14999999999999858,0.13489812761238837
6701,76.35,77.90549285592385,0.0,0.0
6702,76.35,77.90549285592385,0.0,0.0
6703,76.35,77.90549285592385,0.0,0.0
6704,76.35,77.90549285592385,0.0,0.0
6705,76.3,77.85045889846133,-0.04999999999999716,-0.05503395746253365
6706,76.05,77.57528911114863,-0.25,-0.27516978731268393
6707,76.25,77.75515328129849,0.1999999999999993,0.1798641701498522
6708,76.25,77.75515328129849,0.0,0.0
6709,76.25,77.75515328129849,0.0,0.0
6710,76.75,78.30549285592386,0.5,0.5503395746253679
6711,76.6,78.1202551536861,-0.14999999999999858,-0.18523770223775624
6712,76.6,78.1202551536861,0.0,0.0
6713,76.7,78.26052681338639,0.10000000000000142,0.1402716597002956
6714,76.69999999999999,78.25045889846132,-7.105427357601002e-15,-0.01006791492508082
6715,76.55,78.08535702607371,-0.14999999999999858,-0.1651018723876088
6716,76.65,78.19542494099879,0.10000000000000142,0.11006791492507514
6717,76.75,78.28535702607373,0.10000000000000142,0.0899320850749277
6718,77.0,78.55045889846134,0.25000000000000355,0.2651018723876141
6719,77.1,78.64039098353626,0.09999999999999787,0.0899320850749245
6720,77.15,78.68535702607373,0.05000000000000071,0.04496604253746385
6721,77.2,78.7303230686112,0.05000000000000071,0.04496604253746385
6722,77.2,78.7303230686112,0.0,0.0
6723,77.95,79.46522119622357,0.7499999999999964,0.7348981276123859
6724,77.8,79.31018723876103,-0.15000000000000213,-0.15503395746253898
6725,77.85,79.3551532812985,0.05000000000000071,0.04496604253746385
6726,77.95,79.44508536637342,0.10000000000000142,0.0899320850749277
6727,78.05,79.53501745144835,0.09999999999999787,0.0899320850749245
6728,78.1,79.57998349398582,0.05000000000000071,0.04496604253746385
6729,78.1,79.57998349398582,0.0,0.0
6730,78.35,79.80481370667313,0.25,0.22483021268731607
6731,78.3,79.75984766413566,-0.05000000000000071,-0.04496604253746385
6732,78.3,79.75984766413566,0.0,0.0
6733,78.3,79.75984766413566,0.0,0.0
6734,78.3,79.75984766413566,0.0,0.0
6735,78.35,79.79474579174807,0.05000000000000426,0.034898127612394046
6736,78.4,79.82964391936044,0.04999999999999716,0.034898127612386226
6737,78.75,80.15447413204777,0.3500000000000014,0.3248302126873182
6738,78.75,80.15447413204777,0.0,0.0
6739,78.85,80.25447413204776,0.10000000000000142,0.1000000000000007
6740,78.80000000000001,80.19944017458523,-0.04999999999999716,-0.05503395746253365
6741,78.80000000000001,80.19944017458523,0.0,0.0
6742,78.9,80.28937225966015,0.09999999999999432,0.08993208507492131
6743,78.95,80.33433830219762,0.05000000000000426,0.04496604253746705
6744,79.15,80.51420247234748,0.19999999999999574,0.179864170149849
6745,79.1,80.46923642981001,-0.04999999999999716,-0.04496604253746066
6746,79.5,80.8289647701097,0.3999999999999986,0.3597283402997044
6747,79.75,81.1041345574224,0.25,0.27516978731268393
6748,79.65,81.01420247234746,-0.10000000000000142,-0.0899320850749277
6749,79.80000000000001,81.14910059995987,0.15000000000000568,0.13489812761239475
6750,79.69999999999999,81.04910059995986,-0.10000000000000853,-0.10000000000000853
6751,79.85,81.18399872757225,0.14999999999999858,0.13489812761238837
6752,79.8,81.13903268503479,-0.04999999999999716,-0.04496604253746066
6753,79.9,81.23903268503479,0.10000000000000142,0.10000000000000214
6754,80.05000000000001,81.37393081264719,0.15000000000000568,0.13489812761239475
6755,80.45,81.73365915294688,0.3999999999999986,0.3597283402997044
6756,80.15,81.4638628977221,-0.30000000000000426,-0.2697962552247831
6757,80.25,81.55379498279703,0.10000000000000142,0.0899320850749277
6758,80.55000000000001,81.82359123802182,0.30000000000000426,0.2697962552247831
6759,80.80000000000001,82.04842145070913,0.25,0.22483021268731607
6760,81.2,82.40814979100884,0.3999999999999986,0.3597283402997044
6761,81.45,82.63298000369615,0.25,0.22483021268731607
6762,81.55000000000001,82.72291208877108,0.10000000000000142,0.0899320850749277
6763,81.55000000000001,82.72291208877108,0.0,0.0
6764,81.6,82.76787813130854,0.04999999999999716,0.04496604253746066
6765,81.6,82.76787813130854,0.0,0.0
6766,81.65,82.812844173846,0.04999999999999716,0.04496604253746066
6767,81.65,82.812844173846,0.0,0.0
6768,82.0,83.12760647160825,0.3500000000000014,0.31476229776224374
6769,82.35,83.44236876937049,0.3500000000000014,0.31476229776224374
6770,82.25,83.35243668429557,-0.10000000000000142,-0.0899320850749277
6771,82.9,83.93699523728257,0.6499999999999986,0.5845585529870205
6772,83.0,84.02692732235751,0.10000000000000142,0.0899320850749277
6773,83.0,84.02692732235751,0.0,0.0
6774,83.0,84.02692732235751,0.0,0.0
6775,83.15,84.1618254499699,0.14999999999999858,0.13489812761238837
6776,83.3,84.30679149250736,0.14999999999999858,0.14496604253746134
6777,83.65,84.68196127982004,0.3500000000000085,0.3751697873126924
6778,83.75,84.78196127982004,0.09999999999999432,0.09999999999999432
6779,83.85,84.87189336489496,0.10000000000000142,0.0899320850749277
6780,83.9,84.91685940743243,0.04999999999999716,0.04496604253746066
6781,84.2,85.1866556626572,0.30000000000000426,0.2697962552247831
6782,85.15,86.18196127982004,0.9500000000000028,0.9953056171628342
6783,85.55000000000001,86.62223293952034,0.3999999999999986,0.44027165970029275
6784,85.6,86.63699523728258,0.04999999999999716,0.01476229776224022
6785,86.15,87.13162170519468,0.5500000000000043,0.4946264679120992
6786,86.85,87.82155379026959,0.6999999999999957,0.689932085074922
6787,86.9,87.87658774773215,0.04999999999999716,0.05503395746253365
6788,86.85,87.83162170519468,-0.05000000000000426,-0.04496604253746705
6789,86.85,87.83162170519468,0.0,0.0
6790,86.9,87.87658774773215,0.05000000000000426,0.04496604253746705
6791,86.9,87.86651983280706,0.0,-0.010067914925072996
6792,87.05,88.00141796041945,0.14999999999999858,0.13489812761238837
6793,87.19999999999999,88.1161802581817,0.14999999999999858,0.11476229776224092
6794,87.94999999999999,88.84101047086901,0.75,0.7248302126873161
6795,88.19999999999999,89.06584068355632,0.25,0.22483021268731607
6796,88.25,89.11080672609378,0.05000000000000426,0.04496604253746705
6797,87.80000000000001,88.5651615343056,-0.44999999999999574,-0.5456451917881943
6798,87.65,88.46046715146844,-0.15000000000000568,-0.1046943828371743
6799,87.85,88.69067089624365,0.20000000000000284,0.2302037447752233
6800,88.44999999999999,89.29067089624364,0.5999999999999943,0.5999999999999943
6801,89.1,89.87522944923067,0.6500000000000057,0.5845585529870269
6802,89.55,90.27992383206784,0.44999999999999574,0.4046943828371651
6803,89.25,89.94972008729262,-0.29999999999999716,-0.3302037447752176
6804,88.44999999999999,89.13965217236753,-0.8000000000000043,-0.8100679149250779
6805,88.65,89.30944842759232,0.20000000000000284,0.1697962552247824
6806,88.75,89.38931259774218,0.10000000000000142,0.07986417014985327
6807,88.25,88.85910885296695,-0.5,-0.5302037447752205
6808,88.6,89.2443465552047,0.3500000000000014,0.3852377022377591
6809,88.65,89.28931259774217,0.04999999999999716,0.04496604253746066
6810,88.85,89.4389730231168,0.20000000000000284,0.14966042537463498
6811,88.8,89.32353157610382,-0.05000000000000426,-0.11544144701298237
6812,88.75,89.21815804401592,-0.04999999999999716,-0.10537353208790154
6813,89.0,89.50339574625367,0.25,0.28523770223775696
6814,89.15,89.60809012909084,0.14999999999999858,0.10469438283716792
6815,89.05000000000001,89.51815804401592,-0.09999999999999432,-0.08993208507492131
6816,89.2,89.65305617162831,0.14999999999999858,0.13489812761238837
6817,89.45,89.928225958941,0.25,0.27516978731268393
6818,89.75,90.20809012909085,0.29999999999999716,0.2798641701498497
6819,89.9,90.37319200147846,0.14999999999999858,0.1651018723876088
6820,89.95,90.39802221416578,0.05000000000000426,0.02483021268732105
6821,90.4,90.84298825670324,0.44999999999999574,0.44496604253745853
6822,90.4,90.81278451192802,0.0,-0.030203744775220438
6823,90.9,91.29264868207787,0.5,0.47986417014985255
6824,90.9,91.29264868207787,0.0,0.0
6825,90.85,91.23761472461534,-0.04999999999999716,-0.05503395746253365
6826,90.8,91.18258076715279,-0.05000000000000426,-0.05503395746254148
6827,90.7,91.07251285222773,-0.09999999999999432,-0.1100679149250673
6828,90.8,91.18258076715279,0.09999999999999432,0.1100679149250673
6829,90.85,91.23761472461534,0.05000000000000426,0.05503395746254148
6830,90.85,91.23761472461534,0.0,0.0
6831,91.2,91.55237702237758,0.3500000000000014,0.31476229776224374
6832,91.2,91.55237702237758,0.0,0.0
6833,91.2,91.55237702237758,0.0,0.0
6834,91.2,91.55237702237758,0.0,0.0
6835,91.2,91.55237702237758,0.0,0.0
6836,91.4,91.77251285222772,0.19999999999999574,0.22013582985014246
6837,91.2,91.55237702237758,-0.19999999999999574,-0.22013582985014246
6838,90.9,91.22217327760237,-0.30000000000000426,-0.3302037447752254
6839,91.0,91.33224119252743,0.10000000000000142,0.11006791492507514
6840,91.55,91.89734306491503,0.5499999999999972,0.565101872387608
6841,91.55,91.89734306491503,0.0,0.0
6842,91.55,91.89734306491503,0.0,0.0
6843,92.4,92.66176578805191,0.8500000000000014,0.7644227231368759
6844,93.15,93.33625642611386,0.75,0.6744906380619482
6845,93.15,93.33625642611386,0.0,0.0
6846,93.0,93.18122246865133,-0.14999999999999858,-0.1550339574625358
6847,92.95,93.12618851118879,-0.04999999999999716,-0.05503395746253365
6848,91.4,91.58122246865132,-1.5500000000000043,-1.5449660425374672
6849,91.6,91.80135829850147,0.19999999999999574,0.22013582985014246
6850,91.65,91.84632434103894,0.05000000000000426,0.04496604253746705
6851,91.55,91.756392255964,-0.10000000000000142,-0.0899320850749277
6852,90.9,91.0107470641758,-0.6499999999999986,-0.7456451917881972
6853,90.65,90.73557727686313,-0.25,-0.27516978731268393
6854,90.65,90.73557727686313,0.0,0.0
6855,90.5,90.5704754044755,-0.14999999999999858,-0.1651018723876088
6856,90.19999999999999,90.24027165970028,-0.30000000000000426,-0.3302037447752254
6857,90.19999999999999,90.24027165970028,0.0,0.0
6858,90.35,90.37516978731269,0.14999999999999858,0.13489812761238837
6859,90.65,90.65503395746254,0.30000000000000426,0.27986417014985754
6860,90.8,90.8,0.14999999999999858,0.14496604253746134
6861,90.65,90.63489812761239,-0.14999999999999858,-0.1651018723876088
6862,90.6,90.57986417014985,-0.04999999999999716,-0.05503395746253365
6863,90.65,90.63489812761239,0.04999999999999716,0.05503395746253365
6864,91.7,91.77047540447552,1.0500000000000043,1.1355772768631298
6865,91.8,91.88054331940057,0.09999999999999432,0.1100679149250673
6866,91.7,91.77047540447552,-0.09999999999999432,-0.1100679149250673
6867,92.0,92.10067914925074,0.29999999999999716,0.3302037447752176
6868,92.0,92.10067914925074,0.0,0.0
6869,92.15,92.22550936193805,0.15000000000000568,0.12483021268732175
6870,92.25,92.33557727686312,0.09999999999999432,0.1100679149250673
6871,92.25,92.33557727686312,0.0,0.0
6872,92.1,92.17047540447551,-0.14999999999999858,-0.1651018723876088
6873,92.35,92.39530561716283,0.25,0.22483021268731607
6874,92.35,92.39530561716283,0.0,0.0
6875,92.35,92.39530561716283,0.0,0.0
6876,92.7,92.72013582985015,0.3500000000000014,0.3248302126873182
6877,92.7,92.72013582985015,0.0,0.0
6878,92.7,92.72013582985015,0.0,0.0
6879,92.85,92.85503395746254,0.14999999999999858,0.13489812761238837
6880,93.1,93.13020374477523,0.25,0.27516978731268393
6881,93.1,93.13020374477523,0.0,0.0
6882,93.1,93.13020374477523,0.0,0.0
6883,93.2,93.19999999999999,0.10000000000000142,0.06979625522478027
6884,93.35,93.3651018723876,0.14999999999999858,0.1651018723876088
6885,93.80000000000001,93.86040748955044,0.45000000000000284,0.49530561716283417
6886,93.8,93.83020374477522,-7.105427357601002e-15,-0.03020374477522827
6887,94.35,94.39530561716282,0.5500000000000043,0.5651018723876144
6888,94.44999999999999,94.48523770223775,0.09999999999999432,0.08993208507492131
6889,94.25,94.28523770223777,-0.19999999999999574,-0.19999999999999646
6890,94.30000000000001,94.34027165970029,0.05000000000000426,0.05503395746254148
6891,94.8,94.85033957462537,0.4999999999999929,0.5100679149250666
6892,94.8,94.85033957462537,0.0,0.0
6893,94.8,94.85033957462537,0.0,0.0
6894,94.95,94.99530561716283,0.15000000000000568,0.1449660425374692
6895,95.1,95.13020374477523,0.14999999999999858,0.13489812761238837
6896,95.25,95.2651018723876,0.14999999999999858,0.13489812761238837
6897,95.30000000000001,95.31006791492507,0.05000000000000426,0.04496604253746705
6898,95.55000000000001,95.5348981276124,0.25,0.22483021268731607
6899,95.5,95.47986417014987,-0.05000000000000426,-0.05503395746254148
6900,95.6,95.56979625522477,0.10000000000000142,0.0899320850749277
6901,95.9,95.83959251044956,0.29999999999999716,0.26979625522477674
6902,96.05,95.97449063806194,0.14999999999999858,0.13489812761238837
6903,95.9,95.83959251044956,-0.14999999999999858,-0.13489812761238837
6904,95.85,95.7946264679121,-0.04999999999999716,-0.04496604253746066
6905,95.75,95.70469438283716,-0.10000000000000142,-0.0899320850749277
6906,95.85,95.81476229776224,0.10000000000000142,0.11006791492507514
6907,95.85,95.81476229776224,0.0,0.0
6908,96.0,95.94966042537462,0.14999999999999858,0.13489812761238837
6909,96.1,96.04966042537464,0.09999999999999432,0.09999999999999432
6910,96.15,96.08455855298702,0.05000000000000426,0.034898127612394046
6911,96.15,96.08455855298702,0.0,0.0
6912,96.1,96.0194566805994,-0.04999999999999716,-0.0651018723876081
6913,96.1,96.0194566805994,0.0,0.0
6914,96.3,96.19932085074926,0.19999999999999574,0.179864170149849
6915,96.44999999999999,96.33421897836166,0.14999999999999858,0.13489812761238837
6916,97.05000000000001,96.91408314851152,0.6000000000000085,0.5798641701498611
6917,96.85,96.70401523358645,-0.20000000000000284,-0.21006791492507584
6918,97.25,97.14428689328672,0.3999999999999986,0.44027165970029275
6919,97.69999999999999,97.63959251044955,0.44999999999999574,0.4953056171628264
6920,97.55000000000001,97.48455855298702,-0.14999999999999147,-0.15503395746252796
6921,97.69999999999999,97.60938876567434,0.14999999999999147,0.12483021268730753
6922,98.4,98.3597283402997,0.7000000000000028,0.7503395746253707
6923,99.15,99.18523770223774,0.75,0.8255093619380519
6924,99.94999999999999,99.93489812761239,0.5,0.487080295494709
6925,100.0,100.0,0.05000000000000426,0.06510187238761449
6926,68.9,69.09999480102933,0.7000000000000028,0.7000000000000028
6927,26.6,26.6,0.05000000000000426,0.06182773554439915
6928,26.9,26.9,0.29999999999999716,0.29999999999999716
6929,27.3,27.3,0.40000000000000213,0.40000000000000213
6930,27.4,27.4,0.09999999999999787,0.09999999999999787
6931,27.9,27.9,0.5,0.5
6932,28.4,28.4,0.5,0.5
6933,28.5,28.5,0.10000000000000142,0.10000000000000143
6934,29.0,29.000000000000004,0.5,0.5
6935,29.0,29.000000000000004,0.0,0.0
6936,29.0,29.000000000000004,0.0,0.0
6937,29.0,29.000000000000004,0.0,0.0
6938,29.4,29.4,0.3999999999999986,0.3999999999999986
6939,29.4,29.4,0.0,0.0
6940,29.4,29.4,0.0,0.0
6941,29.9,29.9,0.5,0.5
6942,30.2,30.2,0.3000000000000007,0.3000000000000007
6943,30.2,30.2,0.0,0.0
6944,30.2,30.2,0.0,0.0
6945,30.2,30.2,0.0,0.0
6946,30.4,30.4,0.1999999999999993,0.1999999999999993
6947,30.4,30.4,0.0,0.0
6948,30.3,30.3,-0.09999999999999787,-0.09999999999999787
6949,30.3,30.3,0.0,0.0
6950,30.0,30.0,-0.3000000000000007,-0.3000000000000007
6951,30.0,30.0,0.0,0.0
6952,30.0,30.0,0.0,0.0
6953,30.0,30.0,0.0,0.0
6954,30.4,30.4,0.3999999999999986,0.3999999999999986
6955,30.5,30.5,0.10000000000000142,0.10000000000000143
6956,30.5,30.5,0.0,0.0
6957,31.2,31.2,0.6999999999999993,0.6999999999999993
6958,31.2,31.2,0.0,0.0
6959,31.4,31.4,0.1999999999999993,0.1999999999999993
6960,31.4,31.4,0.0,0.0
6961,31.4,31.4,0.0,0.0
6962,31.4,31.4,0.0,0.0
6963,31.4,31.4,0.0,0.0
6964,31.6,31.6,0.20000000000000284,0.20000000000000287
6965,31.9,31.9,0.29999999999999716,0.29999999999999716
6966,31.9,31.9,0.0,0.0
6967,32.0,32.0,0.10000000000000142,0.10000000000000143
6968,32.0,32.0,0.0,0.0
6969,32.0,32.0,0.0,0.0
6970,32.1,32.1,0.10000000000000142,0.10000000000000143
6971,32.1,32.1,0.0,0.0
6972,32.1,32.1,0.0,0.0
6973,32.1,32.1,0.0,0.0
6974,32.1,32.1,0.0,0.0
6975,32.9,32.9,0.7999999999999972,0.7999999999999972
6976,33.0,33.0,0.10000000000000142,0.10000000000000143
6977,33.2,33.2,0.20000000000000284,0.20000000000000287
6978,33.2,33.2,0.0,0.0
6979,33.3,33.3,0.09999999999999432,0.09999999999999432
6980,33.5,33.5,0.20000000000000284,0.20000000000000287
6981,33.5,33.5,0.0,0.0
6982,33.6,33.6,0.10000000000000142,0.10000000000000143
6983,34.2,34.2,0.6000000000000014,0.6000000000000014
6984,34.2,34.2,0.0,0.0
6985,34.2,34.2,0.0,0.0
6986,34.4,34.4,0.19999999999999574,0.19999999999999574
6987,34.7,34.7,0.30000000000000426,0.30000000000000426
6988,34.8,34.8,0.09999999999999432,0.09999999999999432
6989,35.0,35.0,0.20000000000000284,0.20000000000000287
6990,35.4,35.4,0.3999999999999986,0.3999999999999986
6991,35.4,35.4,0.0,0.0
6992,35.7,35.7,0.30000000000000426,0.30000000000000426
6993,35.9,35.9,0.19999999999999574,0.19999999999999574
6994,36.1,36.1,0.20000000000000284,0.20000000000000287
6995,36.4,36.4,0.29999999999999716,0.29999999999999716
6996,36.4,36.4,0.0,0.0
6997,36.6,36.6,0.20000000000000284,0.20000000000000287
6998,36.7,36.7,0.10000000000000142,0.10000000000000143
6999,36.9,36.9,0.19999999999999574,0.19999999999999574
7000,37.2,37.2,0.30000000000000426,0.30000000000000426
7001,37.8,37.8,0.5999999999999943,0.5999999999999943
7002,37.9,37.9,0.10000000000000142,0.10000000000000143
7003,37.8,37.8,-0.10000000000000142,-0.10000000000000143
7004,37.8,37.8,0.0,0.0
7005,38.0,37.99999999999999,0.20000000000000284,0.20000000000000287
7006,37.9,37.9,-0.10000000000000142,-0.10000000000000143
7007,38.3,38.3,0.3999999999999986,0.3999999999999986
7008,38.3,38.3,0.0,0.0
7009,38.3,38.3,0.0,0.0
7010,38.3,38.3,0.0,0.0
7011,38.2,38.2,-0.09999999999999432,-0.09999999999999432
7012,38.4,38.4,0.19999999999999574,0.19999999999999574
7013,38.3,38.3,-0.10000000000000142,-0.10000000000000143
7014,38.4,38.4,0.10000000000000142,0.10000000000000143
7015,38.3,38.3,-0.10000000000000142,-0.10000000000000143
7016,38.3,38.3,0.0,0.0
7017,38.3,38.3,0.0,0.0
7018,38.3,38.3,0.0,0.0
7019,38.4,38.4,0.10000000000000142,0.10000000000000143
7020,38.4,38.4,0.0,0.0
7021,38.3,38.3,-0.10000000000000142,-0.10000000000000143
7022,38.2,38.2,-0.09999999999999432,-0.09999999999999432
7023,38.1,38.1,-0.10000000000000142,-0.10000000000000143
7024,38.1,38.1,0.0,0.0
7025,38.1,38.1,0.0,0.0
7026,38.1,38.1,0.0,0.0
7027,38.0,37.99999999999999,-0.10000000000000142,-0.10000000000000143
7028,38.0,37.99999999999999,0.0,0.0
7029,38.0,37.99999999999999,0.0,0.0
7030,38.1,38.1,0.10000000000000142,0.10000000000000143
7031,38.2,38.2,0.10000000000000142,0.10000000000000143
7032,38.3,38.3,0.09999999999999432,0.09999999999999432
7033,38.3,38.3,0.0,0.0
7034,38.3,38.3,0.0,0.0
7035,38.3,38.3,0.0,0.0
7036,38.4,38.4,0.10000000000000142,0.10000000000000143
7037,38.8,38.8,0.3999999999999986,0.3999999999999986
7038,38.8,38.8,0.0,0.0
7039,38.9,38.9,0.10000000000000142,0.10000000000000143
7040,39.0,39.0,0.10000000000000142,0.10000000000000143
7041,39.0,39.0,0.0,0.0
7042,39.0,39.0,0.0,0.0
7043,39.0,39.0,0.0,0.0
7044,39.0,39.0,0.0,0.0
7045,39.0,39.0,0.0,0.0
7046,39.0,39.0,0.0,0.0
7047,38.8,38.8,-0.20000000000000284,-0.20000000000000287
7048,38.9,38.9,0.10000000000000142,0.10000000000000143
7049,39.0,39.0,0.10000000000000142,0.10000000000000143
7050,38.7,38.7,-0.29999999999999716,-0.29999999999999716
7051,38.8,38.8,0.09999999999999432,0.09999999999999432
7052,38.9,38.9,0.10000000000000142,0.10000000000000143
7053,38.9,38.9,0.0,0.0
7054,38.8,38.8,-0.10000000000000142,-0.10000000000000143
7055,38.6,38.6,-0.19999999999999574,-0.19999999999999574
7056,38.6,38.6,0.0,0.0
7057,38.8,38.8,0.19999999999999574,0.19999999999999574
7058,38.8,38.8,0.0,0.0
7059,38.3,38.3,-0.5,-0.5
7060,38.5,38.5,0.20000000000000284,0.20000000000000287
7061,38.6,38.6,0.10000000000000142,0.10000000000000143
7062,38.7,38.7,0.10000000000000142,0.10000000000000143
7063,38.8,38.8,0.09999999999999432,0.09999999999999432
7064,38.9,38.9,0.10000000000000142,0.10000000000000143
7065,38.9,38.9,0.0,0.0
7066,38.9,38.9,0.0,0.0
7067,38.9,38.9,0.0,0.0
7068,38.9,38.9,0.0,0.0
7069,38.9,38.9,0.0,0.0
7070,38.9,38.9,0.0,0.0
7071,39.2,39.2,0.30000000000000426,0.30000000000000426
7072,39.6,39.6,0.3999999999999986,0.3999999999999986
7073,40.4,40.4,0.7999999999999972,0.7999999999999972
7074,40.4,40.4,0.0,0.0
7075,40.3,40.3,-0.10000000000000142,-0.10000000000000143
7076,40.3,40.3,0.0,0.0
7077,40.3,40.3,0.0,0.0
7078,40.3,40.3,0.0,0.0
7079,40.3,40.3,0.0,0.0
7080,40.0,40.0,-0.29999999999999716,-0.29999999999999716
7081,40.3,40.3,0.29999999999999716,0.29999999999999716
7082,40.4,40.4,0.10000000000000142,0.10000000000000143
7083,40.7,40.7,0.30000000000000426,0.30000000000000426
7084,40.9,40.9,0.19999999999999574,0.19999999999999574
7085,41.5,41.5,0.6000000000000014,0.6000000000000014
7086,41.6,41.6,0.10000000000000142,0.10000000000000143
7087,41.6,41.6,0.0,0.0
7088,41.6,41.6,0.0,0.0
7089,41.7,41.7,0.10000000000000142,0.10000000000000143
7090,41.7,41.7,0.0,0.0
7091,41.7,41.7,0.0,0.0
7092,41.7,41.7,0.0,0.0
7093,41.8,41.8,0.09999999999999432,0.09999999999999432
7094,41.8,41.8,0.0,0.0
7095,41.9,41.9,0.10000000000000142,0.10000000000000143
7096,41.9,41.9,0.0,0.0
7097,42.1,42.1,0.20000000000000284,0.20000000000000287
7098,42.1,42.1,0.0,0.0
7099,42.1,42.1,0.0,0.0
7100,42.2,42.2,0.10000000000000142,0.10000000000000143
7101,42.2,42.2,0.0,0.0
7102,42.2,42.2,0.0,0.0
7103,42.2,42.2,0.0,0.0
7104,42.3,42.3,0.09999999999999432,0.09999999999999432
7105,42.3,42.3,0.0,0.0
7106,42.3,42.3,0.0,0.0
7107,42.2,42.2,-0.09999999999999432,-0.09999999999999432
7108,42.3,42.3,0.09999999999999432,0.09999999999999432
7109,42.3,42.3,0.0,0.0
7110,42.4,42.4,0.10000000000000142,0.10000000000000143
7111,42.5,42.5,0.10000000000000142,0.10000000000000143
7112,42.6,42.6,0.10000000000000142,0.10000000000000143
7113,42.6,42.6,0.0,0.0
7114,42.6,42.6,0.0,0.0
7115,42.6,42.6,0.0,0.0
7116,42.7,42.7,0.10000000000000142,0.10000000000000143
7117,42.7,42.7,0.0,0.0
7118,43.0,43.0,0.29999999999999716,0.29999999999999716
7119,43.0,43.0,0.0,0.0
7120,43.0,43.0,0.0,0.0
7121,43.0,43.0,0.0,0.0
7122,43.0,43.0,0.0,0.0
7123,43.0,43.0,0.0,0.0
7124,43.1,43.1,0.10000000000000142,0.10000000000000143
7125,43.1,43.1,0.0,0.0
7126,43.1,43.1,0.0,0.0
7127,43.3,43.3,0.19999999999999574,0.19999999999999574
7128,43.3,43.3,0.0,0.0
7129,43.3,43.3,0.0,0.0
7130,43.3,43.3,0.0,0.0
7131,43.3,43.3,0.0,0.0
7132,43.4,43.4,0.10000000000000142,0.10000000000000143
7133,43.4,43.4,0.0,0.0
7134,43.4,43.4,0.0,0.0
7135,43.4,43.4,0.0,0.0
7136,43.5,43.5,0.10000000000000142,0.10000000000000143
7137,43.5,43.5,0.0,0.0
7138,43.5,43.5,0.0,0.0
7139,43.5,43.5,0.0,0.0
7140,43.5,43.5,0.0,0.0
7141,43.6,43.6,0.10000000000000142,0.10000000000000143
7142,43.6,43.6,0.0,0.0
7143,43.6,43.6,0.0,0.0
7144,43.6,43.6,0.0,0.0
7145,43.6,43.6,0.0,0.0
7146,43.6,43.6,0.0,0.0
7147,43.6,43.6,0.0,0.0
7148,43.9,43.9,0.29999999999999716,0.29999999999999716
7149,44.0,44.0,0.10000000000000142,0.10000000000000143
7150,44.4,44.4,0.3999999999999986,0.3999999999999986
7151,44.9,44.9,0.5,0.5
7152,44.9,44.9,0.0,0.0
7153,44.9,44.9,0.0,0.0
7154,45.0,45.0,0.10000000000000142,0.10000000000000143
7155,45.0,45.0,0.0,0.0
7156,45.0,45.0,0.0,0.0
7157,45.0,45.0,0.0,0.0
7158,45.0,45.0,0.0,0.0
7159,45.0,45.0,0.0,0.0
7160,45.7,45.7,0.7000000000000028,0.7000000000000028
7161,45.7,45.7,0.0,0.0
7162,45.7,45.7,0.0,0.0
7163,45.7,45.7,0.0,0.0
7164,45.7,45.7,0.0,0.0
7165,45.8,45.8,0.09999999999999432,0.09999999999999432
7166,45.8,45.8,0.0,0.0
7167,45.8,45.8,0.0,0.0
7168,45.8,45.8,0.0,0.0
7169,46.2,46.2,0.4000000000000057,0.40000000000000574
7170,46.2,46.2,0.0,0.0
7171,46.2,46.2,0.0,0.0
7172,46.2,46.2,0.0,0.0
7173,46.2,46.2,0.0,0.0
7174,46.2,46.2,0.0,0.0
7175,46.3,46.3,0.09999999999999432,0.09999999999999432
7176,46.3,46.3,0.0,0.0
7177,46.6,46.6,0.30000000000000426,0.30000000000000426
7178,46.7,46.7,0.10000000000000142,0.10000000000000143
7179,46.7,46.7,0.0,0.0
7180,46.8,46.8,0.09999999999999432,0.09999999999999432
7181,47.0,47.0,0.20000000000000284,0.20000000000000287
7182,47.1,47.1,0.10000000000000142,0.10000000000000143
7183,47.1,47.1,0.0,0.0
7184,47.4,47.4,0.29999999999999716,0.29999999999999716
7185,47.5,47.5,0.10000000000000142,0.10000000000000143
7186,47.5,47.5,0.0,0.0
7187,48.0,48.0,0.5,0.5
7188,48.0,48.0,0.0,0.0
7189,48.1,48.1,0.10000000000000142,0.10000000000000143
7190,48.1,48.1,0.0,0.0
7191,48.2,48.2,0.10000000000000142,0.10000000000000143
7192,48.5,48.5,0.29999999999999716,0.29999999999999716
7193,48.9,48.9,0.3999999999999986,0.3999999999999986
7194,49.0,49.0,0.10000000000000142,0.10000000000000143
7195,49.0,49.0,0.0,0.0
7196,49.2,49.2,0.20000000000000284,0.20000000000000287
7197,49.2,49.2,0.0,0.0
7198,49.2,49.2,0.0,0.0
7199,49.5,49.5,0.29999999999999716,0.29999999999999716
7200,49.5,49.5,0.0,0.0
7201,49.8,49.8,0.29999999999999716,0.29999999999999716
7202,50.2,50.2,0.4000000000000057,0.40000000000000574
7203,50.2,50.2,0.0,0.0
7204,50.2,50.2,0.0,0.0
7205,50.9,50.9,0.6999999999999957,0.6999999999999957
7206,51.1,51.1,0.20000000000000284,0.20000000000000287
7207,51.4,51.4,0.29999999999999716,0.29999999999999716
7208,53.4,53.4,2.0,2.0
7209,53.4,53.4,0.0,0.0
7210,53.4,53.4,0.0,0.0
7211,53.8,53.8,0.3999999999999986,0.3999999999999986
7212,53.8,53.8,0.0,0.0
7213,53.8,53.8,0.0,0.0
7214,54.2,54.2,0.4000000000000057,0.40000000000000574
7215,55.0,55.0,0.7999999999999972,0.7999999999999972
7216,55.0,55.0,0.0,0.0
7217,55.4,55.4,0.3999999999999986,0.3999999999999986
7218,55.4,55.4,0.0,0.0
7219,55.5,55.5,0.10000000000000142,0.10000000000000143
7220,57.1,57.1,1.6000000000000014,1.6000000000000014
7221,57.1,57.1,0.0,0.0
7222,57.4,57.4,0.29999999999999716,0.29999999999999716
7223,58.3,58.3,0.8999999999999986,0.8999999999999986
7224,58.5,58.5,0.20000000000000284,0.20000000000000287
7225,58.6,58.6,0.10000000000000142,0.10000000000000143
7226,59.6,59.6,1.0,1.0
7227,59.9,59.9,0.29999999999999716,0.29999999999999716
7228,60.2,60.2,0.30000000000000426,0.30000000000000426
7229,61.2,61.2,1.0,1.0
7230,61.3,61.3,0.09999999999999432,0.09999999999999432
7231,62.0,61.99999999999999,0.7000000000000028,0.7000000000000028
7232,62.3,62.3,0.29999999999999716,0.29999999999999716
7233,62.7,62.7,0.4000000000000057,0.40000000000000574
7234,62.8,62.8,0.09999999999999432,0.09999999999999432
7235,63.2,63.2,0.4000000000000057,0.40000000000000574
7236,63.6,63.6,0.3999999999999986,0.3999999999999986
7237,64.0,64.0,0.3999999999999986,0.3999999999999986
7238,64.3,64.3,0.29999999999999716,0.29999999999999716
7239,64.6,64.6,0.29999999999999716,0.29999999999999716
7240,65.0,65.0,0.4000000000000057,0.40000000000000574
7241,65.4,65.4,0.4000000000000057,0.40000000000000574
7242,65.5,65.5,0.09999999999999432,0.09999999999999432
7243,66.0,66.0,0.5,0.5
7244,69.5,69.5,3.5,3.5
7245,72.5,72.5,3.0,3.0
7246,72.8,72.8,0.29999999999999716,0.29999999999999716
7247,73.5,73.5,0.7000000000000028,0.7000000000000028
7248,73.5,73.5,0.0,0.0
7249,73.8,73.8,0.29999999999999716,0.29999999999999716
7250,73.9,73.9,0.10000000000000853,0.10000000000000853
7251,74.4,74.4,0.5,0.5
7252,74.4,74.4,0.0,0.0
7253,75.2,75.2,0.7999999999999972,0.7999999999999972
7254,75.2,75.2,0.0,0.0
7255,76.6,76.6,1.3999999999999915,1.3999999999999915
7256,77.4,77.4,0.8000000000000114,0.8000000000000115
7257,77.6,77.6,0.19999999999998863,0.19999999999998863
7258,77.7,77.7,0.10000000000000853,0.10000000000000853
7259,78.0,78.0,0.29999999999999716,0.29999999999999716
7260,78.2,78.2,0.20000000000000284,0.20000000000000287
7261,78.2,78.2,0.0,0.0
7262,78.2,78.2,0.0,0.0
7263,78.2,78.2,0.0,0.0
7264,78.2,78.2,0.0,0.0
7265,78.2,78.2,0.0,0.0
7266,78.2,78.2,0.0,0.0
7267,78.5,78.5,0.29999999999999716,0.29999999999999716
7268,78.8,78.8,0.29999999999999716,0.29999999999999716
7269,78.9,78.9,0.10000000000000853,0.10000000000000853
7270,79.0,79.0,0.09999999999999432,0.09999999999999432
7271,79.0,79.0,0.0,0.0
7272,79.0,79.0,0.0,0.0
7273,79.1,79.1,0.09999999999999432,0.09999999999999432
7274,79.4,79.4,0.30000000000001137,0.30000000000001137
7275,79.9,79.9,0.5,0.5
7276,81.4,81.4,1.5,1.5
7277,81.8,81.8,0.3999999999999915,0.3999999999999915
7278,82.0,82.0,0.20000000000000284,0.20000000000000287
7279,82.2,82.2,0.20000000000000284,0.20000000000000287
7280,82.6,82.6,0.3999999999999915,0.3999999999999915
7281,82.8,82.8,0.20000000000000284,0.20000000000000287
7282,83.1,83.1,0.29999999999999716,0.29999999999999716
7283,83.2,83.2,0.10000000000000853,0.10000000000000853
7284,83.2,83.2,0.0,0.0
7285,83.2,83.2,0.0,0.0
7286,84.1,84.1,0.8999999999999915,0.8999999999999915
7287,84.6,84.6,0.5,0.5
7288,85.2,85.2,0.6000000000000085,0.6000000000000085
7289,85.5,85.5,0.29999999999999716,0.29999999999999716
7290,85.6,85.6,0.09999999999999432,0.09999999999999432
7291,85.7,85.7,0.10000000000000853,0.10000000000000853
7292,86.2,86.2,0.5,0.5
7293,86.4,86.4,0.20000000000000284,0.20000000000000287
7294,86.5,86.5,0.09999999999999432,0.09999999999999432
7295,87.7,87.7,1.2000000000000028,1.2000000000000028
7296,87.8,87.8,0.09999999999999432,0.09999999999999432
7297,88.0,88.0,0.20000000000000284,0.20000000000000287
7298,88.0,88.0,0.0,0.0
7299,88.1,88.1,0.09999999999999432,0.09999999999999432
7300,88.4,88.4,0.30000000000001137,0.30000000000001137
7301,89.0,89.0,0.5999999999999943,0.5999999999999943
7302,89.3,89.3,0.29999999999999716,0.29999999999999716
7303,89.4,89.4,0.10000000000000853,0.10000000000000853
7304,90.0,90.0,0.5999999999999943,0.5999999999999943
7305,90.2,90.2,0.20000000000000284,0.20000000000000287
7306,90.4,90.4,0.20000000000000284,0.20000000000000287
7307,90.9,90.9,0.5,0.5
7308,91.2,91.2,0.29999999999999716,0.29999999999999716
7309,91.6,91.6,0.3999999999999915,0.3999999999999915
7310,92.4,92.4,0.8000000000000114,0.8000000000000115
7311,93.2,93.2,0.7999999999999972,0.7999999999999972
7312,93.3,93.3,0.09999999999999432,0.09999999999999432
7313,93.6,93.6,0.29999999999999716,0.29999999999999716
7314,94.2,94.2,0.6000000000000085,0.6000000000000085
7315,94.6,94.6,0.3999999999999915,0.3999999999999915
7316,94.8,94.8,0.20000000000000284,0.20000000000000287
7317,94.9,94.9,0.10000000000000853,0.10000000000000853
7318,95.0,95.0,0.09999999999999432,0.09999999999999432
7319,95.0,95.0,0.0,0.0
7320,95.0,95.0,0.0,0.0
7321,95.0,95.0,0.0,0.0
7322,95.1,95.1,0.09999999999999432,0.09999999999999432
7323,95.6,95.6,0.5,0.5
7324,95.7,95.7,0.10000000000000853,0.10000000000000853
7325,95.8,95.8,0.09999999999999432,0.09999999999999432
7326,96.0,96.0,0.20000000000000284,0.20000000000000287
7327,96.1,96.1,0.09999999999999432,0.09999999999999432
7328,96.3,96.3,0.20000000000000284,0.20000000000000287
7329,96.3,96.3,0.0,0.0
7330,96.3,96.3,0.0,0.0
7331,95.9,95.9,-0.3999999999999915,-0.3999999999999915
7332,96.1,96.1,0.19999999999998863,0.19999999999998863
7333,96.1,96.1,0.0,0.0
7334,96.0,96.0,-0.09999999999999432,-0.09999999999999432
7335,96.2,96.2,0.20000000000000284,0.20000000000000287
7336,96.3,96.3,0.09999999999999432,0.09999999999999432
7337,96.6,96.6,0.29999999999999716,0.29999999999999716
7338,96.7,96.7,0.10000000000000853,0.10000000000000853
7339,96.8,96.8,0.09999999999999432,0.09999999999999432
7340,97.2,97.2,0.4000000000000057,0.40000000000000574
7341,97.3,97.3,0.09999999999999432,0.09999999999999432
7342,97.3,97.3,0.0,0.0
7343,97.5,97.5,0.20000000000000284,0.20000000000000287
7344,97.6,97.6,0.09999999999999432,0.09999999999999432
7345,97.7,97.7,0.10000000000000853,0.10000000000000853
7346,97.7,97.7,0.0,0.0
7347,97.9,97.9,0.20000000000000284,0.20000000000000287
7348,97.9,97.9,0.0,0.0
7349,98.1,98.1,0.19999999999998863,0.19999999999998863
7350,98.3,98.3,0.20000000000000284,0.20000000000000287
7351,98.5,98.5,0.20000000000000284,0.20000000000000287
7352,98.7,98.7,0.20000000000000284,0.20000000000000287
7353,98.9,98.9,0.20000000000000284,0.20000000000000287
7354,99.0,99.0,0.09999999999999432,0.09999999999999432
7355,99.4,99.4,0.4000000000000057,0.40000000000000574
7356,99.9,99.9,0.5,0.5
7357,100.0,100.00000000000001,-0.2666666666666657,-0.061893723320307396
7358,100.0,100.0,0.0,0.0
7359,68.9,69.09999480102933,0.4000000000000057,0.40000000000000563
7360,61.2,61.2,0.05000000000000426,0.06182773554439915
7361,61.2,61.2,0.0,0.0
7362,60.7,60.7,-0.5,-0.5
7363,60.6,60.6,-0.10000000000000142,-0.10000000000000141
7364,60.6,60.6,0.0,0.0
7365,60.6,60.6,0.0,0.0
7366,60.6,60.6,0.0,0.0
7367,60.6,60.6,0.0,0.0
7368,58.3,58.3,-2.3000000000000043,-2.3000000000000043
7369,58.3,58.3,0.0,0.0
7370,58.3,58.3,0.0,0.0
7371,58.3,58.3,0.0,0.0
7372,58.3,58.3,0.0,0.0
7373,58.3,58.3,0.0,0.0
7374,58.3,58.3,0.0,0.0
7375,58.3,58.3,0.0,0.0
7376,57.1,57.1,-1.1999999999999957,-1.1999999999999957
7377,56.7,56.70000000000001,-0.3999999999999986,-0.3999999999999986
7378,56.7,56.70000000000001,0.0,0.0
7379,56.7,56.70000000000001,0.0,0.0
7380,56.7,56.70000000000001,0.0,0.0
7381,55.4,55.4,-1.3000000000000043,-1.3000000000000043
7382,54.8,54.8,-0.6000000000000014,-0.6000000000000014
7383,54.5,54.5,-0.29999999999999716,-0.29999999999999716
7384,54.5,54.5,0.0,0.0
7385,54.5,54.5,0.0,0.0
7386,54.5,54.5,0.0,0.0
7387,54.7,54.7,0.20000000000000284,0.20000000000000281
7388,55.4,55.4,0.6999999999999957,0.6999999999999957
7389,55.4,55.4,0.0,0.0
7390,55.4,55.4,0.0,0.0
7391,55.4,55.4,0.0,0.0
7392,56.3,56.3,0.8999999999999986,0.8999999999999986
7393,56.3,56.3,0.0,0.0
7394,57.9,57.9,1.6000000000000014,1.6000000000000014
7395,57.9,57.9,0.0,0.0
7396,58.6,58.6,0.7000000000000028,0.7000000000000028
7397,58.7,58.7,0.10000000000000142,0.10000000000000141
7398,58.7,58.7,0.0,0.0
7399,59.3,59.3,0.5999999999999943,0.5999999999999943
7400,59.0,59.0,-0.29999999999999716,-0.29999999999999716
7401,59.3,59.3,0.29999999999999716,0.29999999999999716
7402,59.3,59.3,0.0,0.0
7403,59.3,59.3,0.0,0.0
7404,59.1,59.099999999999994,-0.19999999999999574,-0.19999999999999574
7405,58.7,58.7,-0.3999999999999986,-0.3999999999999986
7406,58.9,58.9,0.19999999999999574,0.19999999999999574
7407,58.9,58.9,0.0,0.0
7408,58.9,58.9,0.0,0.0
7409,58.9,58.9,0.0,0.0
7410,60.5,60.5,1.6000000000000014,1.6000000000000014
7411,60.5,60.5,0.0,0.0
7412,62.1,62.1,1.6000000000000014,1.6000000000000014
7413,62.3,62.3,0.19999999999999574,0.19999999999999574
7414,62.3,62.3,0.0,0.0
7415,62.7,62.7,0.4000000000000057,0.40000000000000563
7416,63.1,63.1,0.3999999999999986,0.3999999999999986
7417,63.3,63.3,0.19999999999999574,0.19999999999999574
7418,64.4,64.4,1.1000000000000085,1.1000000000000085
7419,64.7,64.7,0.29999999999999716,0.29999999999999716
7420,65.5,65.5,0.7999999999999972,0.7999999999999972
7421,67.4,67.4,1.9000000000000057,1.9000000000000057
7422,67.4,67.4,0.0,0.0
7423,67.8,67.8,0.3999999999999915,0.3999999999999915
7424,68.7,68.7,0.9000000000000057,0.9000000000000057
7425,68.7,68.7,0.0,0.0
7426,68.8,68.8,0.09999999999999432,0.09999999999999432
7427,68.9,68.9,0.10000000000000853,0.10000000000000853
7428,68.8,68.8,-0.10000000000000853,-0.10000000000000853
7429,68.8,68.8,0.0,0.0
7430,69.3,69.3,0.5,0.5
7431,69.1,69.1,-0.20000000000000284,-0.20000000000000281
7432,69.6,69.6,0.5,0.5
7433,71.5,71.5,1.9000000000000057,1.9000000000000057
7434,71.8,71.8,0.29999999999999716,0.29999999999999716
7435,72.8,72.8,1.0,1.0
7436,73.1,73.09999999999998,0.29999999999999716,0.29999999999999716
7437,73.7,73.7,0.6000000000000085,0.6000000000000085
7438,73.7,73.7,0.0,0.0
7439,73.7,73.7,0.0,0.0
7440,73.7,73.7,0.0,0.0
7441,73.5,73.5,-0.20000000000000284,-0.20000000000000281
7442,73.5,73.5,0.0,0.0
7443,73.5,73.5,0.0,0.0
7444,73.7,73.7,0.20000000000000284,0.20000000000000281
7445,76.6,76.6,2.8999999999999915,2.8999999999999915
7446,76.9,76.89999999999999,0.30000000000001137,0.30000000000001137
7447,76.7,76.7,-0.20000000000000284,-0.20000000000000281
7448,77.1,77.1,0.3999999999999915,0.3999999999999915
7449,77.1,77.1,0.0,0.0
7450,77.1,77.1,0.0,0.0
7451,77.1,77.1,0.0,0.0
7452,77.1,77.1,0.0,0.0
7453,77.1,77.1,0.0,0.0
7454,77.1,77.1,0.0,0.0
7455,77.1,77.1,0.0,0.0
7456,77.5,77.5,0.4000000000000057,0.40000000000000563
7457,81.6,81.6,4.099999999999994,4.099999999999994
7458,82.5,82.5,0.9000000000000057,0.9000000000000057
7459,84.2,84.2,1.7000000000000028,1.7000000000000028
7460,84.2,84.2,0.0,0.0
7461,84.6,84.6,0.3999999999999915,0.3999999999999915
7462,84.6,84.6,0.0,0.0
7463,84.6,84.6,0.0,0.0
7464,84.6,84.6,0.0,0.0
7465,84.6,84.6,0.0,0.0
7466,84.6,84.6,0.0,0.0
7467,84.6,84.6,0.0,0.0
7468,84.6,84.6,0.0,0.0
7469,84.6,84.6,0.0,0.0
7470,86.1,86.1,1.5,1.5
7471,87.6,87.6,1.5,1.5
7472,87.6,87.6,0.0,0.0
7473,87.9,87.9,0.30000000000001137,0.30000000000001137
7474,87.9,87.9,0.0,0.0
7475,87.9,87.9,0.0,0.0
7476,87.9,87.9,0.0,0.0
7477,87.9,87.9,0.0,0.0
7478,87.9,87.9,0.0,0.0
7479,87.9,87.9,0.0,0.0
7480,88.2,88.2,0.29999999999999716,0.29999999999999716
7481,88.2,88.2,0.0,0.0
7482,87.3,87.3,-0.9000000000000057,-0.9000000000000057
7483,87.4,87.4,0.10000000000000853,0.10000000000000853
7484,86.8,86.8,-0.6000000000000085,-0.6000000000000085
7485,86.8,86.8,0.0,0.0
7486,86.8,86.8,0.0,0.0
7487,86.8,86.8,0.0,0.0
7488,86.8,86.8,0.0,0.0
7489,86.8,86.8,0.0,0.0
7490,87.1,87.1,0.29999999999999716,0.29999999999999716
7491,87.1,87.1,0.0,0.0
7492,87.7,87.7,0.6000000000000085,0.6000000000000085
7493,87.7,87.7,0.0,0.0
7494,87.7,87.7,0.0,0.0
7495,87.0,87.0,-0.7000000000000028,-0.7000000000000028
7496,87.0,87.0,0.0,0.0
7497,86.8,86.8,-0.20000000000000284,-0.20000000000000281
7498,86.8,86.8,0.0,0.0
7499,86.8,86.8,0.0,0.0
7500,87.4,87.4,0.6000000000000085,0.6000000000000085
7501,87.3,87.3,-0.10000000000000853,-0.10000000000000853
7502,87.3,87.3,0.0,0.0
7503,86.3,86.3,-1.0,-1.0
7504,86.3,86.3,0.0,0.0
7505,86.3,86.3,0.0,0.0
7506,87.0,87.0,0.7000000000000028,0.7000000000000028
7507,87.0,87.0,0.0,0.0
7508,87.0,87.0,0.0,0.0
7509,87.0,87.0,0.0,0.0
7510,87.0,87.0,0.0,0.0
7511,86.8,86.8,-0.20000000000000284,-0.20000000000000281
7512,86.8,86.8,0.0,0.0
7513,86.3,86.3,-0.5,-0.5
7514,86.3,86.3,0.0,0.0
7515,86.3,86.3,0.0,0.0
7516,86.3,86.3,0.0,0.0
7517,86.3,86.3,0.0,0.0
7518,86.3,86.3,0.0,0.0
7519,86.8,86.8,0.5,0.5
7520,86.8,86.8,0.0,0.0
7521,86.8,86.8,0.0,0.0
7522,86.8,86.8,0.0,0.0
7523,86.8,86.8,0.0,0.0
7524,86.8,86.8,0.0,0.0
7525,86.8,86.8,0.0,0.0
7526,87.5,87.5,0.7000000000000028,0.7000000000000028
7527,87.5,87.5,0.0,0.0
7528,85.75,87.19150546788829,0.5,0.5
7529,85.75,87.19150546788829,0.0,0.0
7530,85.75,87.19150546788829,0.0,0.0
7531,85.55,87.11963928725613,-0.20000000000000284,-0.07186618063215341
7532,85.4,86.87353892273025,-0.14999999999999858,-0.24610036452588338
7533,85.35,86.85557237757222,-0.04999999999999716,-0.017966545158037077
7534,85.05000000000001,86.747773106624,-0.29999999999999716,-0.10779927094822755
7535,85.15,86.78370619694006,0.09999999999999432,0.035933090316074154
7536,85.25,86.81963928725614,0.10000000000000142,0.03593309031607671
7537,85.25,86.81963928725614,0.0,0.0
7538,85.25,86.81963928725614,0.0,0.0
7539,85.1,86.76573965178204,-0.14999999999999858,-0.05389963547411378
7540,84.85,86.67590692599184,-0.25,-0.08983272579019048
7541,84.85,86.67590692599184,0.0,0.0
7542,85.35,86.85557237757222,0.5,0.17966545158038097
7543,85.2,86.80167274209809,-0.14999999999999858,-0.05389963547411378
7544,85.2,86.80167274209809,0.0,0.0
7545,85.45,86.8915054678883,0.25,0.08983272579019048
7546,85.2,86.80167274209809,-0.25,-0.08983272579019048
7547,85.4,86.87353892273025,0.19999999999999574,0.07186618063215086
7548,85.25,86.81963928725614,-0.14999999999999858,-0.05389963547411378
7549,85.6,86.94540510336242,0.3500000000000014,0.1257658161062672
7550,86.44999999999999,88.91657602283107,0.8499999999999943,1.9711709194686609
7551,86.4,88.89860947767302,-0.04999999999999716,-0.017966545158037077
7552,86.5,89.06267638735694,0.10000000000000142,0.16406690968392615
7553,87.0,89.62674329704089,0.5,0.5640669096839201
7554,87.0,89.62674329704089,0.0,0.0
7555,86.95,89.54470984219891,-0.04999999999999716,-0.08203345484195725
7556,86.95,89.54470984219891,0.0,0.0
7557,87.25,89.78064293251501,0.29999999999999716,0.23593309031607698
7558,87.35,89.81657602283107,0.10000000000000142,0.03593309031607671
7559,87.69999999999999,90.19860947767302,0.3499999999999943,0.3820334548419544
7560,87.35,90.13691057125068,-0.3499999999999943,-0.061698906422335366
7561,86.85,90.02131202935423,-0.5,-0.11559854189646082
7562,86.4,89.85961312293189,-0.45000000000000284,-0.16169890642234389
7563,86.4,89.85961312293189,0.0,0.0
7564,86.0,89.71588076166758,-0.3999999999999986,-0.14373236126430428
7565,86.55,89.913512758406,0.5499999999999972,0.19763199673841805
7566,86.55,89.913512758406,0.0,0.0
7567,86.5,89.89554621324797,-0.04999999999999716,-0.017966545158037077
7568,86.5,89.89554621324797,0.0,0.0
7569,86.4,89.85961312293189,-0.10000000000000142,-0.03593309031607671
7570,86.5,89.89554621324797,0.10000000000000142,0.03593309031607671
7571,86.4,89.79554621324796,-0.10000000000000142,-0.09999999999999687
7572,86.95,89.67284366156676,0.5500000000000043,-0.12270255168119847
7573,87.35,89.81657602283107,0.3999999999999986,0.14373236126430428
7574,87.65,89.9243752937793,0.29999999999999716,0.10779927094822755
7575,87.5,89.87047565830518,-0.14999999999999858,-0.05389963547411378
7576,87.55000000000001,90.52911130030247,0.05000000000000426,0.6586356419972778
7577,87.30000000000001,90.11894402609265,-0.25,-0.41016727420980953
7578,87.30000000000001,90.11894402609265,0.0,0.0
7579,87.4,90.47521166482835,0.09999999999999432,0.3562676387356932
7580,87.35,90.39317820998639,-0.05000000000000426,-0.0820334548419689
7581,87.19999999999999,90.1470778454605,-0.14999999999999858,-0.24610036452588338
7582,87.7,90.45487711640872,0.5000000000000071,0.30779927094823295
7583,87.7,90.45487711640872,0.0,0.0
7584,87.9,90.78301093577657,0.20000000000000284,0.3281338193678523
7585,88.25,90.90877675188284,0.3499999999999943,0.12576581610626464
7586,88.30000000000001,90.92674329704087,0.05000000000000426,0.01796654515803963
7587,88.30000000000001,90.92674329704087,0.0,0.0
7588,88.30000000000001,90.92674329704087,0.0,0.0
7589,88.6,91.41894402609265,0.29999999999999716,0.49220072905176676
7590,88.5,91.25487711640874,-0.10000000000000142,-0.16406690968392615
7591,88.5,91.25487711640874,0.0,0.0
7592,88.5,91.25487711640874,0.0,0.0
7593,88.5,91.25487711640874,0.0,0.0
7594,88.5,91.25487711640874,0.0,0.0
7595,89.15,91.48844220346322,0.6499999999999986,0.23356508705449475
7596,89.15,91.48844220346322,0.0,0.0
7597,89.25,91.5243752937793,0.10000000000000142,0.03593309031607671
7598,89.15,91.48844220346322,-0.10000000000000142,-0.03593309031607671
7599,89.1,91.47047565830519,-0.04999999999999716,-0.017966545158037077
7600,89.25,91.5243752937793,0.14999999999999858,0.05389963547411378
7601,89.2,91.44234183893734,-0.04999999999999716,-0.08203345484195725
7602,89.19999999999999,91.37827492925341,-7.105427357601002e-15,-0.06406690968393183
7603,89.25,91.46030838409537,0.05000000000000426,0.0820334548419689
7604,89.25,91.46030838409537,0.0,0.0
7605,89.3,91.54234183893735,0.04999999999999716,0.08203345484195725
7606,89.25,91.46030838409537,-0.04999999999999716,-0.08203345484195725
7607,89.15,91.4243752937793,-0.10000000000000142,-0.03593309031607671
7608,89.25,91.46030838409537,0.10000000000000142,0.03593309031607671
7609,89.25,91.46030838409537,0.0,0.0
7610,89.30000000000001,91.47827492925342,0.05000000000000426,0.01796654515803963
7611,89.30000000000001,91.47827492925342,0.0,0.0
7612,89.30000000000001,91.47827492925342,0.0,0.0
7613,89.7,91.94234183893734,0.3999999999999986,0.46406690968392333
7614,89.7,91.94234183893734,0.0,0.0
7615,89.7,91.94234183893734,0.0,0.0
7616,89.65,91.86030838409538,-0.05000000000000426,-0.0820334548419689
7617,89.65,91.86030838409538,0.0,0.0
7618,89.65,91.86030838409538,0.0,0.0
7619,89.9,92.0142080195695,0.25,0.15389963547411978
7620,89.9,92.0142080195695,0.0,0.0
7621,89.9,92.0142080195695,0.0,0.0
7622,89.9,92.0142080195695,0.0,0.0
7623,89.9,92.0142080195695,0.0,0.0
7624,90.05000000000001,92.06810765504362,0.15000000000000568,0.05389963547411633
7625,90.05000000000001,92.06810765504362,0.0,0.0
7626,90.05000000000001,92.06810765504362,0.0,0.0
7627,90.05000000000001,92.06810765504362,0.0,0.0
7628,90.05000000000001,92.06810765504362,0.0,0.0
7629,90.05000000000001,92.06810765504362,0.0,0.0
7630,90.05000000000001,92.06810765504362,0.0,0.0
7631,90.05000000000001,92.06810765504362,0.0,0.0
7632,90.25,92.13997383567576,0.19999999999999574,0.07186618063215086
7633,90.4,92.19387347114987,0.14999999999999858,0.05389963547411378
7634,90.80000000000001,92.33760583241417,0.4000000000000057,0.14373236126430683
7635,90.9,92.37353892273026,0.09999999999999432,0.035933090316074154
7636,91.05000000000001,92.42743855820437,0.15000000000000568,0.05389963547411633
7637,91.35,92.53523782915259,0.29999999999999716,0.10779927094822755
7638,91.5,92.58913746462672,0.14999999999999858,0.05389963547411378
7639,91.5,92.58913746462672,0.0,0.0
7640,91.7,92.66100364525887,0.20000000000000284,0.07186618063215341
7641,91.7,92.66100364525887,0.0,0.0
7642,91.75,92.74303710010082,0.04999999999999716,0.08203345484195725
7643,92.25,93.30710400978475,0.5,0.5640669096839294
7644,92.3,93.38913746462671,0.04999999999999716,0.08203345484195725
7645,92.65,93.51490328073298,0.3500000000000014,0.1257658161062672
7646,92.85,93.58676946136512,0.20000000000000284,0.07186618063215341
7647,92.85,93.58676946136512,0.0,0.0
7648,93.55000000000001,94.7352378291526,0.7000000000000028,1.1484683677874714
7649,94.45,95.57117091946868,0.8999999999999986,0.8359330903160739
7650,94.30000000000001,95.3250705549428,-0.14999999999999858,-0.24610036452588338
7651,94.55000000000001,95.41490328073299,0.25,0.08983272579019048
7652,95.25,96.05083637104904,0.6999999999999957,0.635933090316071
7653,95.5,96.20473600652316,0.25,0.15389963547411067
7654,95.5,96.20473600652316,0.0,0.0
7655,95.85,96.33050182262943,0.3499999999999943,0.12576581610626464
7656,96.15,96.43830109357766,0.30000000000000426,0.10779927094823011
7657,96.0,96.32033454841962,-0.14999999999999858,-0.11796654515803394
7658,96.0,96.32033454841962,0.0,0.0
7659,95.69999999999999,96.08440145810354,-0.30000000000000426,-0.23593309031607956
7660,95.44999999999999,96.31490328073296,-0.25,0.23050182262942856
7661,95.3,96.26100364525885,-0.14999999999999858,-0.05389963547411378
7662,96.1,96.54846836778746,0.8000000000000043,0.28746472252861105
7663,95.4,95.4,-0.6999999999999957,-1.1484683677874596
7664,96.15,95.86169890642235,0.7499999999999929,0.4616989064223385
7665,96.4,96.27186618063216,0.25,0.41016727420980953
7666,96.94999999999999,96.85389963547411,0.5499999999999972,0.5820334548419572
7667,97.0,96.87186618063215,0.05000000000000426,0.01796654515803963
7668,96.9,96.83593309031608,-0.10000000000000142,-0.03593309031607671
7669,96.55000000000001,96.32576581610628,-0.3499999999999943,-0.5101672742098038
7670,96.4,95.69526399347684,-0.15000000000000568,-0.6305018226294343
7671,96.35,95.61323053863488,-0.04999999999999716,-0.08203345484195725
7672,96.19999999999999,95.49526399347683,-0.15000000000000568,-0.11796654515804561
7673,95.8,94.83899635474114,-0.3999999999999986,-0.6562676387356929
7674,96.15,95.41323053863488,0.3500000000000014,0.5742341838937357
7675,95.9,95.32339781284468,-0.25,-0.08983272579019048
7676,96.0,95.16713017410899,0.10000000000000142,-0.15626763873569288
7677,95.65,94.59289599021525,-0.3500000000000014,-0.5742341838937357
7678,95.35,94.1006952611635,-0.29999999999999716,-0.49220072905176676
7679,95.65,94.59289599021525,0.29999999999999716,0.49220072905176676
7680,95.65,94.40069526116349,0.0,-0.1922007290517696
7681,95.65,94.40069526116349,0.0,0.0
7682,96.05000000000001,94.54442762242779,0.4000000000000057,0.14373236126430683
7683,96.30000000000001,94.95459489663762,0.25,0.41016727420980953
7684,97.0,95.27019343853406,0.6999999999999957,0.315598541896452
7685,97.15,95.51629380305995,0.14999999999999858,0.24610036452588338
7686,96.5,95.1545948966376,-0.6499999999999986,-0.3616989064223351
7687,96.69999999999999,95.48272871600545,0.19999999999999574,0.32813381936784064
7688,96.55,95.23662835147957,-0.14999999999999858,-0.24610036452588338
7689,96.85,95.53662835147958,0.30000000000000426,0.2999999999999997
7690,96.85,95.53662835147958,0.0,0.0
7691,96.6,95.38272871600546,-0.25,-0.15389963547411067
7692,96.55,95.30069526116348,-0.05000000000000426,-0.0820334548419689
7693,96.5,95.1545948966376,-0.04999999999999716,-0.1461003645258774
7694,96.6,95.31866180632153,0.09999999999999432,0.1640669096839145
7695,96.65,95.40069526116349,0.05000000000000426,0.0820334548419689
7696,96.75,95.43662835147957,0.10000000000000142,0.03593309031607671
7697,97.30000000000001,95.63426034821799,0.5500000000000043,0.1976319967384206
7698,97.1,95.56239416758584,-0.20000000000000284,-0.07186618063215341
7699,97.1,95.56239416758584,0.0,0.0
7700,97.35,95.65222689337602,0.25,0.08983272579019048
7701,97.35,95.65222689337602,0.0,0.0
7702,97.55,95.98036071274387,0.19999999999999574,0.32813381936784064
7703,97.4,95.67019343853406,-0.14999999999999858,-0.3101672742098036
7704,97.1,95.1779927094823,-0.30000000000000426,-0.4922007290517785
7705,96.9,95.23426034821799,-0.19999999999999574,0.05626763873569857
7706,97.25,95.80849453211172,0.3500000000000014,0.5742341838937357
7707,97.25,95.80849453211172,0.0,0.0
7708,97.15,95.77256144179565,-0.10000000000000142,-0.03593309031607671
7709,96.9,95.68272871600546,-0.25,-0.08983272579019048
7710,96.7,95.6108625353733,-0.19999999999999574,-0.07186618063215086
7711,96.55,95.55696289989918,-0.15000000000000568,-0.05389963547411633
7712,96.6,95.44679562568938,0.05000000000000426,-0.11016727420980979
7713,96.4,95.31086253537329,-0.20000000000000284,-0.1359330903160736
7714,95.55000000000001,94.04442762242779,-0.8499999999999943,-1.2664349129455028
7715,95.75,94.37256144179564,0.19999999999999574,0.32813381936784064
7716,95.75,94.37256144179564,0.0,0.0
7717,95.75,94.37256144179564,0.0,0.0
7718,94.75,92.98815998369209,-1.0,-1.3844014581035393
7719,94.5,92.57799270948229,-0.25,-0.41016727420980953
7720,94.5,92.57799270948229,0.0,0.0
7721,95.05000000000001,92.58342397716895,0.5500000000000043,0.005431267686650993
7722,94.75,92.09122324811716,-0.30000000000000426,-0.4922007290517785
7723,94.85,92.12715633843324,0.09999999999999432,0.035933090316074154
7724,95.1,92.21698906422343,0.25,0.08983272579019048
7725,95.15,92.2990225190654,0.05000000000000426,0.0820334548419689
7726,95.8,92.5966545158038,0.6499999999999986,0.2976319967384149
7727,95.65,92.35055415127792,-0.14999999999999858,-0.24610036452588338
7728,95.55000000000001,92.25055415127794,-0.09999999999999432,-0.09999999999999432
7729,95.7,92.36852069643597,0.14999999999999858,0.11796654515803394
7730,96.65,93.92715633843324,0.9500000000000028,1.5586356419972809
7731,96.75,94.09122324811716,0.09999999999999432,0.1640669096839145
7732,96.55000000000001,93.89122324811716,-0.19999999999999574,-0.19999999999999118
7733,96.6,94.29359125137874,0.04999999999999716,0.4023680032615763
7734,96.6,94.29359125137874,0.0,0.0
7735,96.6,94.22952434169483,0.0,-0.06406690968392018
7736,96.5,94.3217250707466,-0.10000000000000142,0.09220072905176363
7737,96.55,94.33969161590463,0.04999999999999716,0.017966545158037077
7738,96.5,94.12952434169483,-0.04999999999999716,-0.2101672742098067
7739,96.44999999999999,94.11155779653679,-0.05000000000000426,-0.01796654515803963
7740,96.5,94.12952434169483,0.05000000000000426,0.01796654515803963
7741,96.4,94.09359125137874,-0.10000000000000142,-0.03593309031607671
7742,96.45,94.17562470622072,0.05000000000000426,0.0820334548419689
7743,96.05000000000001,94.0318923449564,-0.3999999999999986,-0.14373236126430428
7744,96.5,94.19359125137875,0.44999999999999574,0.16169890642234133
7745,96.5,94.19359125137875,0.0,0.0
7746,96.75,94.60375852558856,0.25,0.41016727420980953
7747,96.95,94.6756247062207,0.20000000000000284,0.07186618063215341
7748,97.0,94.69359125137875,0.04999999999999716,0.017966545158037077
7749,97.0,94.56545743201092,0.0,-0.12813381936784943
7750,97.2,94.82952434169482,0.20000000000000284,0.264066909683923
7751,97.65,95.56782543527248,0.45000000000000284,0.7383010935776618
7752,97.5,95.3217250707466,-0.15000000000000568,-0.24610036452589507
7753,97.8,95.87799270948229,0.29999999999999716,0.5562676387356961
7754,97.8,95.87799270948229,0.0,0.0
7755,97.69999999999999,95.71392579979836,-0.10000000000000142,-0.16406690968392615
7756,97.6,95.74205961916621,-0.09999999999999432,0.028133819367855126
7757,97.75,96.18036071274386,0.14999999999999858,0.438301093577653
7758,97.5,96.09052798695369,-0.25,-0.08983272579019048
7759,97.5,96.09052798695369,0.0,0.0
7760,97.5,96.1545948966376,0.0,0.06406690968392928
7761,97.4,96.11866180632153,-0.09999999999999432,-0.035933090316074154
7762,97.35,96.1006952611635,-0.05000000000000426,-0.01796654515803963
7763,97.35,96.1006952611635,0.0,0.0
7764,97.25,96.06476217084742,-0.10000000000000142,-0.03593309031607671
7765,97.19999999999999,95.98272871600544,-0.05000000000000426,-0.0820334548419689
7766,97.05,95.92882908053133,-0.14999999999999858,-0.05389963547411378
7767,97.3,96.01866180632153,0.25,0.08983272579019048
7768,97.3,96.01866180632153,0.0,0.0
7769,97.3,96.01866180632153,0.0,0.0
7770,97.4,96.05459489663761,0.10000000000000142,0.03593309031607671
7771,97.9,96.23426034821799,0.5,0.17966545158038097
7772,97.95,96.38036071274388,0.05000000000000426,0.14610036452588904
7773,97.8,96.32646107726977,-0.15000000000000568,-0.05389963547411633
7774,97.8,96.32646107726977,0.0,0.0
7775,97.8,96.39052798695369,0.0,0.06406690968392018
7776,97.25,96.12882908053135,-0.5499999999999972,-0.26169890642233823
7777,97.25,96.12882908053135,0.0,0.0
7778,97.19999999999999,95.98272871600544,-0.05000000000000426,-0.14610036452588904
7779,97.19999999999999,95.98272871600544,0.0,0.0
7780,97.19999999999999,95.98272871600544,0.0,0.0
7781,97.8,96.19832725790191,0.6000000000000014,0.21559854189645766
7782,98.0,96.52646107726976,0.20000000000000284,0.3281338193678523
7783,97.9,96.2983272579019,-0.09999999999999432,-0.22813381936784374
7784,98.1,96.88272871600546,0.19999999999999574,0.5844014581035395
7785,98.55,97.6210298095831,0.44999999999999574,0.7383010935776502
7786,98.45,97.45696289989921,-0.09999999999999432,-0.1640669096839145
7787,98.4,97.37492944505722,-0.05000000000000426,-0.0820334548419689
7788,99.0,98.35933090316077,0.6000000000000014,0.9844014581035453
7789,99.75,99.58983272579019,0.75,1.2305018226294286
7790,99.9,99.83593309031608,-0.16666666666666666,-0.22545834236378404
7791,100.0,100.0,0.10000000000000142,0.16406690968392615
