,nbr5_lvl_mean,nbr5_lvl_wmean,nbr5_dlt_mean,nbr5_dlt_wmean
0,61.800000000000004,70.67304035027207,0.0,0.0
1,62.0,70.93627080767135,0.20000000000000048,0.2632304573992666
2,62.06666666666666,71.01575738176196,0.06666666666666525,0.07948657409061743
3,62.166666666666664,71.07452722249437,0.10000000000000142,0.058769840732403295
4,62.166666666666664,71.07452722249437,0.0,0.0
5,62.06666666666666,70.92229691416094,-0.09999999999999905,-0.15223030833343057
6,62.1,70.93181019100449,0.033333333333333805,0.00951327684354658
7,62.1,70.93181019100449,0.0,0.0
8,62.166666666666664,71.01129676509511,0.06666666666666761,0.07948657409062027
9,62.166666666666664,71.01129676509511,0.0,0.0
10,62.20000000000001,71.02081004193865,0.03333333333333144,0.009513276843545903
11,62.20000000000001,71.02081004193865,0.0,0.0
12,62.20000000000001,71.02081004193865,0.0,0.0
13,62.1,70.93181019100449,-0.09999999999999905,-0.08899985093416617
14,62.23333333333333,71.06055332898396,0.13333333333333286,0.12874313797947629
15,62.0,70.78235031966679,-0.23333333333333428,-0.27820300931716807
16,61.93333333333334,70.6726337353744,-0.06666666666666525,-0.10971658429238097
17,61.866666666666674,70.56291715108202,-0.06666666666666761,-0.1097165842923838
18,61.9,70.57243042792557,0.033333333333333805,0.00951327684354658
19,61.9,70.57243042792557,0.0,0.0
20,61.866666666666674,70.53268714088027,-0.033333333333333805,-0.03974328704531013
21,61.96666666666667,70.65191700201619,0.10000000000000142,0.11922986113593038
22,62.0,70.66143027885974,0.033333333333333805,0.00951327684354658
23,62.79999999999999,71.90127304365886,0.7999999999999972,1.2398427647991208
24,62.9,71.92981287418951,0.09999999999999905,0.02853983053063906
25,62.96666666666667,72.03129974641179,0.06666666666666761,0.10148687222228946
26,63.23333333333333,72.41524693716927,0.2666666666666657,0.3839471907574814
27,63.23333333333333,72.41524693716927,0.0,0.0
28,63.13333333333333,72.2850169269675,-0.09999999999999905,-0.1302300102017614
29,63.06666666666666,72.20553035287689,-0.06666666666666525,-0.07948657409061743
30,63.166666666666664,72.31653050194274,0.10000000000000142,0.11100014906583604
31,63.166666666666664,72.31653050194274,0.0,0.0
32,63.333333333333336,72.55924753343261,0.16666666666666194,0.242717031489879
33,63.43333333333334,72.62901752323086,0.10000000000000142,0.06976998979824083
34,63.6,72.83873410752324,0.16666666666666666,0.20971658429238163
35,63.633333333333326,72.87847739456853,0.03333333333333144,0.03974328704530731
36,63.633333333333326,72.87847739456853,0.0,0.0
37,63.633333333333326,72.87847739456853,0.0,0.0
38,63.666666666666664,72.8879906714121,0.033333333333333805,0.00951327684354658
39,63.666666666666664,72.8879906714121,0.0,0.0
40,63.666666666666664,72.8879906714121,0.0,0.0
41,63.666666666666664,72.8879906714121,0.0,0.0
42,63.73333333333333,72.93724723530093,0.06666666666666761,0.04925656388885671
43,63.73333333333333,72.93724723530093,0.0,0.0
44,63.70000000000001,72.8865037991898,-0.03333333333333144,-0.05074343611114112
45,63.43333333333334,72.51355675749815,-0.2666666666666657,-0.37294704169164755
46,63.43333333333334,72.51355675749815,0.0,0.0
47,63.5,72.56281332138701,0.06666666666666761,0.04925656388885671
48,63.5,72.56281332138701,0.0,0.0
49,63.93333333333334,73.18947754363437,0.4333333333333324,0.6266642222473676
50,63.9,73.09473351125989,-0.033333333333333805,-0.09474403237448234
51,64.0,73.21396337239582,0.10000000000000142,0.11922986113593038
52,64.16666666666667,73.46768055295155,0.16666666666666666,0.25371718055572
53,64.16666666666667,73.4566804038857,-4.736951571734001e-15,-0.011000149065841028
54,64.16666666666667,73.3329899260829,0.0,-0.1236904778027915
55,64.26666666666667,73.44399007514875,0.10000000000000142,0.11100014906583604
56,64.39999999999999,73.48204318252293,0.13333333333333286,0.038053107374185643
57,64.73333333333333,73.77232659823056,0.3333333333333357,0.2902834157076213
58,64.73333333333333,73.77232659823056,0.0,0.0
59,64.76666666666667,73.81206988527586,0.033333333333333805,0.03974328704531013
60,64.8,73.8215831621194,0.033333333333333805,0.00951327684354658
61,65.06666666666666,74.13952945848189,0.2666666666666657,0.31794629636247534
62,65.26666666666667,74.44399007514876,0.1999999999999981,0.30446061666686114
63,65.2,74.34250320292645,-0.06666666666666761,-0.10148687222228946
64,65.2,74.34250320292645,0.0,0.0
65,65.23333333333333,74.38224648997176,0.033333333333333805,0.03974328704531013
66,65.46666666666665,74.44883942787659,0.23333333333333428,0.06659293790482537
67,65.46666666666665,74.44883942787659,0.0,0.0
68,65.5,74.4885827149219,0.033333333333333805,0.03974328704531013
69,65.5,74.4885827149219,0.0,0.0
70,65.5,74.4885827149219,0.0,0.0
71,65.60000000000001,74.57758256585606,0.09999999999999905,0.08899985093416617
72,65.60000000000001,74.57758256585606,0.0,0.0
73,65.73333333333333,74.73655571403731,0.13333333333333286,0.15897314818123767
74,65.83333333333333,74.84478542610742,0.10000000000000142,0.10822971207009655
75,65.93333333333334,74.83209509737043,0.09999999999999905,-0.012690328736962016
76,65.96666666666667,74.88283853348159,0.03333333333333618,0.05074343611114833
77,65.96666666666667,74.88283853348159,0.0,0.0
78,66.26666666666667,75.2515282659552,0.29999999999999716,0.36868973247361647
79,66.23333333333333,75.20078482984407,-0.03333333333333144,-0.05074343611114112
80,66.2,75.16104154279876,-0.03333333333333144,-0.03974328704530731
81,66.3,75.25004139373293,0.09999999999999669,0.08899985093416332
82,66.2,75.13081153259701,-0.09999999999999905,-0.11922986113592755
83,66.3,75.15935136312764,0.10000000000000142,0.028539830530639736
84,66.33333333333333,75.16886463997118,0.033333333333333805,0.00951327684354658
85,66.46666666666667,75.32783778815242,0.13333333333333286,0.15897314818123767
86,66.8,75.75004139373293,0.333333333333331,0.4222036055805036
87,66.93333333333334,75.84855452151064,0.13333333333333522,0.09851312777771341
88,67.10000000000001,76.01704094653542,0.16666666666666666,0.16848642502478425
89,67.16666666666667,76.0855273715602,0.06666666666666288,0.06848642502477922
90,67.33333333333333,76.19355377618146,0.16666666666666666,0.10802640462125933
91,67.36666666666666,76.20306705302501,0.033333333333333805,0.00951327684354658
92,67.66666666666667,76.57175678549862,0.3000000000000019,0.3686897324736237
93,67.96666666666667,76.7782963178976,0.3000000000000019,0.20653953239897271
94,68.23333333333333,77.09624261426008,0.2666666666666657,0.31794629636247534
95,68.53333333333335,77.42370218746609,0.29999999999999954,0.3274595732060219
96,68.53333333333335,77.42370218746609,0.0,0.0
97,68.83333333333333,77.75116176067213,0.29999999999999954,0.3274595732060219
98,69.26666666666667,78.17713446165587,0.4333333333333324,0.4259727009837347
99,69.43333333333334,78.25493085607536,0.16666666666666904,0.0777963944194986
100,69.7,78.54264714223606,0.2666666666666681,0.28771628616071465
101,69.73333333333333,78.58239042928138,0.03333333333333144,0.03974328704530731
102,69.8,78.60141698296847,0.06666666666666761,0.01902655368709316
103,69.8,78.60141698296847,0.0,0.0
104,70.16666666666667,79.03859314046687,0.36666666666666475,0.43717615749840294
105,70.56666666666666,79.42482255440531,0.40000000000000097,0.38622941393842736
106,70.60000000000001,79.46456584145061,0.03333333333333144,0.03974328704530731
107,71.0,79.85079525538904,0.40000000000000097,0.38622941393842736
108,71.13333333333334,79.88884836276321,0.13333333333333522,0.03805310737418632
109,71.26666666666667,80.04782151094446,0.13333333333333522,0.15897314818124053
110,71.3,80.08756479798978,0.03333333333333144,0.03974328704530731
111,71.63333333333333,80.27338759703052,0.333333333333331,0.18582279904075225
112,71.86666666666667,80.49113058594416,0.23333333333333428,0.21774298891364097
113,72.13333333333333,80.71838685170135,0.2666666666666657,0.22725626575718685
114,72.8,80.90865238857228,0.6666666666666666,0.19026553687092887
115,72.83333333333333,80.95939582468343,0.03333333333333144,0.05074343611114112
116,73.16666666666667,81.42282958953153,0.3333333333333381,0.46343376484810883
117,73.33333333333333,81.51162613301686,0.1666666666666643,0.08879654348532676
118,73.39999999999999,81.59111270710748,0.06666666666666761,0.07948657409062027
119,73.53333333333333,81.75008585528872,0.1333333333333305,0.15897314818123487
120,73.66666666666667,81.78813896266288,0.13333333333333522,0.03805310737418632
121,74.5,82.69388314410322,0.8333333333333334,0.9057441814403179
122,74.89999999999999,83.2588037811736,0.40000000000000097,0.5649206370703911
123,74.93333333333334,83.14462658021436,0.033333333333333805,-0.11417720095924493
124,75.06666666666668,83.30359972839561,0.13333333333333522,0.15897314818124053
125,75.39999999999999,83.73680348304194,0.333333333333331,0.43320375464633526
126,75.96666666666667,83.93975934864983,0.5666666666666652,0.20295586560788437
127,75.96666666666667,83.93975934864983,0.0,0.0
128,76.6,84.6041917719054,0.6333333333333305,0.6644324232555898
129,76.89999999999999,84.68981126349732,0.29999999999999954,0.08561949159191785
130,77.06666666666666,84.81706752925452,0.1666666666666714,0.12725626575719257
131,77.3,85.0650405283699,0.23333333333333192,0.2479729991154017
132,77.56666666666666,85.05868642458309,0.2666666666666657,-0.006354103786825017
133,77.96666666666665,85.49991658385069,0.40000000000000097,0.44123015926759956
134,78.46666666666668,86.00537585892506,0.5000000000000023,0.5054592750743556
135,78.80000000000001,86.10050862736053,0.3333333333333333,0.09513276843546443
136,78.36666666666666,85.39961379864806,-0.4333333333333324,-0.7008948287124658
137,78.83333333333333,85.77741019306754,0.46666666666666384,0.37779639441949076
138,79.19999999999999,86.17889706528982,0.36666666666666475,0.4014868722222867
139,79.53333333333335,86.52141078933089,0.3333333333333333,0.3425137240410474
140,79.56666666666666,86.53092406617442,0.03333333333333144,0.009513276843545903
141,79.7,86.5689771735486,0.13333333333333522,0.03805310737418632
142,79.66666666666667,86.34231295130124,-0.03333333333332907,-0.22666422224736252
143,79.5,85.92367513367513,-0.16666666666666904,-0.41863781762611324
144,79.56666666666666,85.90147152809463,0.06666666666666761,-0.02220360558050206
145,79.63333333333334,85.87926792251412,0.06666666666666288,-0.02220360558050927
146,80.2,86.34598256895066,0.5666666666666677,0.4667146464365344
147,80.60000000000001,86.77898301614816,0.4000000000000057,0.43300044719750874
148,80.63333333333334,86.78849629299172,0.03333333333333144,0.009513276843545903
149,80.73333333333333,86.72357565592132,0.09999999999999905,-0.06492063707039104
150,81.66666666666667,86.70133629266742,0.9333333333333323,-0.022239363253883954
151,82.46666666666667,86.68227398130696,0.8000000000000019,-0.01906231136046784
152,82.96666666666665,87.25373415077632,0.4999999999999953,0.5714601694693553
153,83.10000000000001,87.1680967803477,0.13333333333333522,-0.08563737042860518
154,83.16666666666667,87.24758335443833,0.06666666666666761,0.07948657409062027
155,83.8,87.91201577769392,0.6333333333333352,0.6644324232555955
156,84.0,88.17524623509321,0.20000000000000284,0.26323045739926726
157,84.26666666666667,88.35304262951269,0.266666666666661,0.17779639441948794
158,84.5,88.66424608602735,0.23333333333333428,0.3112034565146711
159,84.7,88.63886542855344,0.20000000000000284,-0.02538065747391096
160,85.13333333333334,89.19952875640581,0.4333333333333324,0.5606633278523601
161,85.60000000000001,89.29971418501796,0.46666666666666384,0.10018542861214638
162,86.03333333333335,89.60753728219038,0.4333333333333371,0.30782309717242345
163,86.10000000000001,89.62656383587748,0.06666666666666288,0.019026553687091805
164,86.5,90.06225312115357,0.40000000000000097,0.43568928527611633
165,86.56666666666666,90.04004951557307,0.06666666666666288,-0.02220360558050927
166,86.56666666666668,89.95758919703789,4.736951571734001e-15,-0.08246031853518909
167,87.06666666666668,90.57573880084921,0.5,0.618149603811311
168,87.10000000000001,90.62648223696036,0.03333333333333618,0.05074343611114833
169,87.26666666666667,90.8251986721869,0.16666666666666666,0.1987164352265478
170,88.06666666666666,91.77903756127432,0.7999999999999972,0.9538388890874261
171,88.10000000000001,91.81878084831963,0.03333333333333618,0.03974328704531295
172,88.10000000000001,91.81878084831963,0.0,0.0
173,88.33333333333333,92.0062938270315,0.23333333333332953,0.18751297871187392
174,88.43333333333334,92.03483365756213,0.09999999999999905,0.02853983053063906
175,88.59999999999998,92.24732067885027,0.16666666666666666,0.21248702128811894
176,88.76666666666667,92.37180650761171,0.16666666666666666,0.12448582876144958
177,88.56666666666666,92.06734589094485,-0.20000000000000284,-0.30446061666686836
178,89.0,92.60600892066554,0.4333333333333371,0.538663029720698
179,89.53333333333335,93.28867254664958,0.5333333333333314,0.6826636259840309
180,89.63333333333333,93.31721237718021,0.1000000000000038,0.028539830530640412
181,89.8,93.36477876139794,0.16666666666666666,0.04756638421773222
182,90.3,93.50747791405114,0.5,0.14269915265319663
183,90.43333333333334,93.54553102142533,0.1333333333333305,0.03805310737418497
184,90.56666666666666,93.64404414920305,0.13333333333333522,0.09851312777771341
185,90.76666666666667,93.8000435529397,0.1999999999999981,0.1559994037366588
186,90.89999999999999,93.82709651124806,0.13333333333333522,0.027052958308356793
187,90.46666666666665,93.084971523268,-0.4333333333333324,-0.7421249879800669
188,90.7,93.3164850982432,0.23333333333332953,0.23151357497521075
189,90.7,93.28625508804143,0.0,-0.030230010201765693
190,90.8,93.40548494917736,0.09999999999999905,0.11922986113592755
191,90.36666666666667,92.712819832535,-0.43333333333332763,-0.692665116642368
192,90.36666666666667,92.38574899538995,-4.736951571734001e-15,-0.32707083714504337
193,90.7,92.63203181483422,0.3333333333333333,0.24628281944428002
194,91.0,92.77534088983396,0.3000000000000019,0.143309074999704
195,90.7,92.26096038142585,-0.3000000000000019,-0.5143805084080845
196,90.73333333333333,92.2704736582694,0.03333333333333144,0.009513276843545903
197,90.76666666666665,92.27998693511294,0.03333333333333618,0.009513276843547256
198,91.06666666666666,92.49752661657777,0.3000000000000019,0.2175396814648081
199,91.16666666666667,92.56729660637599,0.09999999999999905,0.06976998979823427
200,91.2,92.54380943602204,0.03333333333333144,-0.023487170353957098
201,91.60000000000001,92.64696860907875,0.4000000000000057,0.10315917305672942
202,91.7,92.74696860907875,0.09999999999999432,0.09999999999999432
203,92.60000000000001,93.96858017114945,0.9000000000000057,1.2216115620706929
204,92.73333333333333,94.14955361746236,0.13333333333332575,0.18097344631289686
205,92.73333333333335,94.09732330912892,4.736951571734001e-15,-0.052230308333423396
206,93.26666666666667,94.70852676564358,0.5333333333333362,0.6112034565146697
207,93.63333333333333,94.96432286193142,0.36666666666666475,0.25579609628782596
208,93.73333333333335,94.98186254339622,0.09999999999999905,0.017539681464805248
209,93.86666666666667,95.13260597950736,0.1333333333333305,0.15074343611113683
210,94.09999999999998,95.22942892761395,0.23333333333333428,0.09682294810659108
211,94.06666666666666,95.0962251729676,-0.03333333333333144,-0.1332037546463374
212,94.33333333333333,95.35371144892655,0.2666666666666657,0.25748627595894824
213,94.60000000000001,95.52050769428021,0.2666666666666657,0.16679624535365978
214,94.7,95.54904752481085,0.09999999999999905,0.02853983053063906
215,94.90000000000002,95.6775873553415,0.20000000000000284,0.12853983053064624
216,95.23333333333335,95.83318014418049,0.3333333333333381,0.15559278883899288
217,95.5,95.90928635892888,0.2666666666666657,0.07610621474837129
218,95.53333333333335,95.9187996357724,0.03333333333333144,0.009513276843545903
219,95.8,96.20105664685877,0.2666666666666657,0.2822570110863591
220,96.0,96.25813630792007,0.20000000000000284,0.05707966106127947
221,96.13333333333333,96.29618941529424,0.1333333333333305,0.03805310737418497
222,96.13333333333333,96.21372909675905,0.0,-0.0824603185351963
223,96.26666666666667,96.37547268193602,0.13333333333333522,0.16174358517697782
224,96.60000000000001,96.84167688377985,0.3333333333333333,0.4662042018438448
225,96.5,96.68944657544642,-0.1000000000000038,-0.15223030833343776
226,96.76666666666667,97.08439391526976,0.2666666666666657,0.39494733982331676
227,96.73333333333333,97.04465062822443,-0.03333333333333144,-0.03974328704530731
228,96.7,96.9526770328457,-0.03333333333333618,-0.09197359537874356
229,96.89999999999999,97.05098685317456,0.20000000000000284,0.09830982032888055
230,97.10000000000001,97.32521745963967,0.1999999999999981,0.27423060646509545
231,97.13333333333333,97.33473073648322,0.03333333333333144,0.009513276843545903
232,97.2,97.35375729017031,0.06666666666666761,0.01902655368709316
233,97.26666666666665,97.414014003125,0.06666666666666761,0.06025671295469424
234,97.43333333333332,97.55227041794802,0.16666666666666666,0.13825641482302073
235,97.46666666666665,97.59201370499333,0.03333333333333618,0.03974328704531295
236,97.46666666666665,97.59201370499333,0.0,0.0
237,97.33333333333333,97.55396059761915,-0.1333333333333305,-0.03805310737418497
238,97.36666666666667,97.52224371519509,0.0333333333333267,-0.03171688242405653
239,97.43333333333334,97.60173028928571,0.06666666666666761,0.07948657409062027
240,97.39999999999999,97.59221701244216,-0.03333333333333144,-0.009513276843545903
241,97.46666666666668,97.61124356612927,0.06666666666666761,0.01902655368709316
242,97.43333333333334,97.54127026888219,-0.03333333333333618,-0.06997329724707435
243,97.56666666666666,97.60955338645815,0.1333333333333305,0.06828311757594636
244,97.60000000000001,97.61906666330168,0.03333333333333618,0.009513276843547256
245,97.46666666666665,97.45186380305034,-0.13333333333333522,-0.1672028602513327
246,97.66666666666667,97.56940348451515,0.20000000000000284,0.11753968146480659
247,97.7,97.5789167613587,0.03333333333333144,0.009513276843545903
248,97.66666666666667,97.55017362337924,-0.03333333333333618,-0.02874313797947914
249,97.7,97.51845674095517,0.03333333333333618,-0.031716882424047965
250,97.73333333333333,97.52797001779872,0.03333333333333144,0.009513276843545903
251,97.63333333333334,97.35650984832935,-0.09999999999999432,-0.1714601694693568
252,97.63333333333334,97.35650984832935,0.0,0.0
253,97.7,97.37553640201646,0.06666666666666761,0.01902655368709316
254,97.7,97.37553640201646,0.0,0.0
255,97.89999999999999,97.59753670014813,0.1999999999999981,0.2220002981316707
256,97.86666666666667,97.46433294550178,-0.03333333333333144,-0.1332037546463374
257,98.2,97.88930698807803,0.3333333333333333,0.42497404257624377
258,98.56666666666668,98.36502446676542,0.36666666666666475,0.47571747868738484
259,98.63333333333333,98.36205072232084,0.06666666666666761,-0.0029737444445744787
260,98.63333333333333,98.32082056305325,-4.736951571734001e-15,-0.04123015926760243
261,99.13333333333333,98.92805161671585,0.5000000000000048,0.6072310536626085
262,99.83333333333333,99.77651282964605,0.6999999999999981,0.8484612129301995
263,99.96666666666665,99.93825641482302,-0.16000000000000228,-0.23744066283688214
264,100.0,100.00000000000001,0.03333333333333618,0.06174358517698215
265,100.2,100.17485250205681,0.20000000000000284,0.17485250205679642
266,100.9,100.78683625925557,0.6999999999999957,0.6119837571987751
267,101.35,101.18025438888336,0.45000000000000284,0.3934181296277889
268,101.35,101.18025438888336,0.0,0.0
269,102.2,101.92337752262473,0.8500000000000014,0.7431231337413754
270,102.2,101.92337752262473,0.0,0.0
271,102.2,101.92337752262473,0.0,0.0
272,102.2,101.92337752262473,0.0,0.0
273,102.2,101.92337752262473,0.0,0.0
274,102.2,101.92337752262473,0.0,0.0
275,102.4,102.13595127159635,0.19999999999999574,0.21257374897159895
276,102.44999999999999,102.17966439711054,0.04999999999999716,0.043713125514196
277,102.6,102.34852502056793,0.14999999999999858,0.16886062345740296
278,102.6,102.34852502056793,0.0,0.0
279,102.65,102.39223814608215,0.05000000000000426,0.04371312551420221
280,102.65,102.39223814608215,0.0,0.0
281,102.8,102.52337752262474,0.14999999999999858,0.13113937654259422
282,102.8,102.52337752262474,0.0,0.0
283,102.8,102.52337752262474,0.0,0.0
284,102.8,102.52337752262474,0.0,0.0
285,102.9,102.63595127159634,0.10000000000000142,0.11257374897160463
286,103.1,102.84852502056793,0.19999999999999574,0.21257374897159895
287,66.65,67.65091945108297,0.4750000000000014,0.3999500989414583
288,30.9,30.75038713782997,0.09999999999999787,0.08028574821842066
289,31.124999999999996,30.9323448747481,0.22499999999999876,0.18195773691812778
290,31.475,31.25474720450407,0.34999999999999964,0.3224023297559752
291,32.050000000000004,31.872381400381443,0.5750000000000011,0.6176341958773661
292,32.6,32.42113274305512,0.5499999999999989,0.5487513426736801
293,32.825,32.64492823432084,0.2250000000000023,0.22379549126571344
294,33.225,33.06543904429012,0.39999999999999947,0.4205108099692841
295,33.25000000000001,33.09923676479337,0.025000000000000355,0.03379772050324573
296,33.375,33.24618803783483,0.125,0.14695127304145716
297,33.45,33.34758119934456,0.07500000000000018,0.10139316150973599
298,33.5,33.41517664035105,0.04999999999999982,0.06759544100649026
299,33.6,33.54924907006305,0.10000000000000053,0.13407242971200445
300,33.55,33.489482795163404,-0.05000000000000071,-0.05976627489965059
301,33.625,33.54385400802518,0.07500000000000107,0.05437121286177474
302,33.625,33.54497246032615,0.0,0.0011184523009772792
303,33.650000000000006,33.57765172852842,0.025000000000000355,0.032679268202268456
304,33.675000000000004,33.5894121195569,0.02499999999999858,0.011760391028475809
305,33.95,33.828800942483014,0.27500000000000036,0.23938882292611352
306,33.95,33.83103784708496,-1.7763568394002505e-15,0.002236904601952159
307,33.95,33.83103784708496,0.0,0.0
308,34.099999999999994,33.95181537304575,0.14999999999999858,0.12077752596077992
309,34.175,34.095250322505315,0.07500000000000107,0.1434349494595726
310,34.125,34.01561978126159,-0.049999999999998934,-0.0796305412437242
311,34.125,34.00358468102435,-1.7763568394002505e-15,-0.012035100237236678
312,34.175,34.072298574331825,0.05000000000000249,0.06871389330747106
313,34.05,33.90442842411657,-0.12500000000000178,-0.1678701502152514
314,34.1,33.94998653564829,0.05000000000000071,0.04555811153172237
315,34.224999999999994,34.165222860244754,0.12499999999999822,0.21523632459645523
316,34.475,34.41616919967911,0.25000000000000355,0.2509463394343582
317,34.650000000000006,34.58664125477752,0.17499999999999893,0.17047205509840963
318,34.575,34.4280837232513,-0.07500000000000107,-0.1585575315262247
319,34.75,34.63059533706201,0.1750000000000007,0.2025116138107135
320,34.925,34.809036750398256,0.17499999999999893,0.1784414133362417
321,34.949999999999996,34.87375557731282,0.025000000000000355,0.0647188269145715
322,35.0,34.96338834779408,0.05000000000000071,0.08963277048125899
323,35.075,35.052746409066586,0.07500000000000107,0.08935806127250207
324,35.35,35.28213300275516,0.2749999999999986,0.22938659368857872
325,35.6,35.42512959941763,0.2500000000000018,0.14299659666246645
326,35.7,35.4921756220066,0.09999999999999964,0.06704602258897366
327,35.775000000000006,35.5494941245668,0.07500000000000107,0.057318502560199026
328,35.900000000000006,35.71400891787912,0.125,0.16451479331231722
329,35.900000000000006,35.71400891787912,0.0,0.0
330,36.0,35.78196935916682,0.09999999999999964,0.06796044128769754
331,36.05,35.83752969993607,0.04999999999999716,0.055560340769252384
332,36.1,35.89309004070533,0.05000000000000071,0.05556034076925633
333,36.175,35.96929454943962,0.07499999999999929,0.07620450873428733
334,36.3,36.080140521769366,0.125,0.11084597232975264
335,36.375,36.16949858304187,0.07500000000000107,0.08935806127250207
336,36.400000000000006,36.20217785124413,0.025000000000000355,0.032679268202268456
337,36.425,36.235975571747375,0.02499999999999858,0.03379772050324333
338,36.6,36.402381884846385,0.1750000000000007,0.16640631309900897
339,36.599999999999994,36.39146523691013,0.0,-0.010916647936257854
340,36.725,36.49322339870107,0.125,0.10175816179094328
341,37.075,36.79399646618678,0.34999999999999964,0.3007730674857132
342,37.35,37.08979736619163,0.27500000000000036,0.2958009000048498
343,37.599999999999994,37.291688885978324,0.25,0.20189151978669143
344,37.8,37.48945198137638,0.20000000000000107,0.19776309539804598
345,38.05,37.716124086734006,0.25,0.22667210535763135
346,38.275,37.89289762935175,0.22499999999999964,0.17677354261774902
347,38.45,38.081341271925524,0.17499999999999893,0.1884436425737757
348,38.775,38.278301014245265,0.32500000000000107,0.1969597423197329
349,39.125,38.5799885004297,0.34999999999999964,0.30168748618443714
350,39.5,38.91323680251543,0.375,0.3332483020857283
351,39.775,39.17964311561444,0.27500000000000036,0.26640631309900803
352,40.0,39.43303722738824,0.22499999999999964,0.25339411177380655
353,40.074999999999996,39.49035572994844,0.07500000000000107,0.057318502560199026
354,40.6,39.853447076158425,0.5249999999999986,0.3630913462099801
355,40.9,40.11364219281054,0.3000000000000007,0.26019511665211864
356,41.324999999999996,40.51672284050471,0.42499999999999893,0.40308064769417196
357,41.650000000000006,40.840722365372685,0.32500000000000107,0.32399952486796546
358,42.975,41.90723059179282,1.3249999999999993,1.0665082264201382
359,43.25,42.2084197197003,0.27500000000000036,0.301189127907482
360,43.550000000000004,42.49177061812816,0.3000000000000007,0.283350898427865
361,43.9,42.797523846312,0.34999999999999964,0.3057532281838402
362,44.8,43.66314909870803,0.9000000000000004,0.865625252396033
363,45.199999999999996,44.00445820918607,0.3999999999999986,0.34130911047802626
364,45.675,44.401052951224585,0.4750000000000014,0.3965947420385264
365,45.95,44.676547074862405,0.2749999999999986,0.27549412363781656
366,46.175,44.88830746589088,0.2250000000000032,0.21176039102847952
367,46.824999999999996,45.52244257799212,0.6499999999999986,0.6341351121012457
368,47.5,46.21499387040659,0.6749999999999989,0.6925512924144597
369,47.575,46.31638703191633,0.07499999999999929,0.1013931615097348
370,47.900000000000006,46.62540416684863,0.32500000000000107,0.3090171349323053
371,48.05,46.80300183709265,0.15000000000000036,0.1775976702440253
372,48.25,47.00727161269431,0.1999999999999993,0.20426977560165535
373,48.4,47.152119339129555,0.14999999999999858,0.14484772643524935
374,48.75,47.51880036143733,0.3500000000000014,0.36668102230776795
375,49.199999999999996,47.80456874661205,0.45000000000000107,0.28576838517471714
376,49.675,48.16617664023985,0.47499999999999964,0.3616078936277968
377,49.95,48.379216450248244,0.27500000000000036,0.21303981000840716
378,49.8,48.330691433552154,-0.15000000000000036,-0.04852501669608995
379,50.375,48.795288524719666,0.5749999999999993,0.4645970911675025
380,50.475,48.886404747783104,0.09999999999999964,0.09111622306344393
381,50.650000000000006,49.043723250343305,0.1750000000000007,0.15731850256019891
382,50.825,49.168087775492474,0.17499999999999893,0.12436452514917026
383,50.95,49.28893597705976,0.125,0.1208482015672866
384,51.125,49.38034652479791,0.1750000000000007,0.09141054773814573
385,51.45,49.5632382958807,0.3249999999999993,0.18289177108279506
386,52.0,50.01607499601973,0.5500000000000007,0.4528367001390282
387,52.275000000000006,50.17951172704498,0.2749999999999986,0.16343673102524325
388,52.75,50.58112853762291,0.4750000000000014,0.4016168105779343
389,52.75,50.58112853762291,0.0,0.0
390,52.875,50.66993718047788,0.125,0.08880864285498426
391,53.0,50.78281602380735,0.125,0.11287884332945296
392,53.3,51.04965801279406,0.29999999999999893,0.2668419889867193
393,53.574999999999996,51.25107078976975,0.27500000000000036,0.20141277697567955
394,53.875,51.50537132702501,0.3000000000000007,0.2543005372552685
395,53.975,51.58353803115249,0.09999999999999964,0.0781667041274849
396,54.275,51.76670451144405,0.3000000000000007,0.18316648029155433
397,54.45,51.934939661940504,0.17499999999999893,0.16823515049645513
398,54.5,51.990500002709766,0.049999999999998934,0.055560340769253924
399,54.574999999999996,52.04781850526996,0.07500000000000107,0.057318502560199026
400,54.65,52.115139237067694,0.07499999999999929,0.06732073179773215
401,54.37499999999999,51.87778328514128,-0.2749999999999986,-0.23735595192641082
402,54.4,51.89954590540729,0.02499999999999858,0.021762620266009055
403,54.349999999999994,51.858053535874966,-0.049999999999998934,-0.04149236953231849
404,54.275,51.816835875551405,-0.07500000000000107,-0.041217660323562395
405,54.175000000000004,51.71978316524984,-0.09999999999999964,-0.09705271030157482
406,54.074999999999996,51.61272822571073,-0.10000000000000142,-0.1070549395391096
407,54.125,51.64625123700522,0.05000000000000071,0.033523011294487245
408,53.550000000000004,51.17870685613928,-0.5749999999999975,-0.467544380865926
409,53.625,51.246027587937014,0.07500000000000107,0.06732073179773297
410,53.724999999999994,51.36253649737816,0.09999999999999609,0.11650890944114006
411,53.400000000000006,51.04945362044645,-0.3249999999999993,-0.31308287693170683
412,53.6,51.16557407814903,0.20000000000000107,0.11612045770258142
413,53.6,51.145569619673964,0.0,-0.020004458475067204
414,53.575,51.123806999407954,-0.025000000000000355,-0.0217626202660106
415,53.575,51.071762982220584,-1.7763568394002505e-15,-0.05204401718737179
416,53.5,51.030545321897016,-0.07499999999999929,-0.041217660323559994
417,53.475,51.020817801868255,-0.02499999999999858,-0.009727520028773924
418,53.325,50.94822258469768,-0.15000000000000036,-0.07259521717056092
419,53.25,50.88293472389966,-0.07499999999999929,-0.06528786079803026
420,53.325,50.91618302598539,0.07499999999999929,0.03324830208572792
421,53.225,50.82913254492135,-0.10000000000000142,-0.0870504810640424
422,53.3,50.897367695417806,0.07500000000000284,0.06823515049645842
423,53.275,50.886521723088045,-0.025000000000000355,-0.010845972329752747
424,53.05,50.690658140693955,-0.22499999999999964,-0.19586358239409232
425,53.05,50.7006603699315,0.0,0.010002229237533954
426,53.025,50.676864878665775,-0.02500000000000213,-0.02379549126571332
427,53.0,50.65510225839977,-0.02499999999999858,-0.021762620266009055
428,53.0,50.67805400657326,0.0,0.02295174817349299
429,52.900000000000006,50.59100352550922,-0.09999999999999964,-0.08705048106404087
430,52.825,50.52571566471119,-0.07500000000000107,-0.0652878607980318
431,52.9,50.64375792779307,0.07500000000000107,0.11804226308187177
432,52.8,50.55670744672902,-0.09999999999999964,-0.08705048106404087
433,52.625,50.41437133410449,-0.1750000000000007,-0.14233611262453869
434,53.025,50.872654156421945,0.40000000000000036,0.45828282231746587
435,53.175,51.03136582049188,0.14999999999999858,0.158711664069933
436,53.175,51.02136359125435,0.0,-0.010002229237533954
437,53.125,50.98784057995986,-0.049999999999998934,-0.0335230112944857
438,53.15,51.00960320022587,0.02499999999999858,0.021762620266009055
439,53.225,51.054886602548834,0.07500000000000107,0.04528340232296389
440,53.35,51.175734804116125,0.125,0.1208482015672866
441,53.275,51.142486502030394,-0.07499999999999929,-0.03324830208572722
442,53.25,51.13275898200162,-0.025000000000000355,-0.009727520028775466
443,53.349999999999994,51.25438824427187,0.10000000000000142,0.12162926227026297
444,53.3,51.186792803265384,-0.05000000000000071,-0.06759544100649147
445,53.199999999999996,51.11974678067641,-0.10000000000000142,-0.06704602258897449
446,53.375,51.27615086453789,0.1750000000000025,0.15640408386147658
447,53.25,51.143267562733364,-0.12500000000000178,-0.13288330180452326
448,53.275000000000006,51.19910261271138,0.025000000000000355,0.05583504997801482
449,53.275,51.164115764300654,0.0,-0.03498684841072811
450,53.375,51.22115955765209,0.09999999999999964,0.05704379335143899
451,53.375,51.2531991163644,0.0,0.03203955871230304
452,53.425,51.331711205307144,0.049999999999998934,0.07851208894274693
453,53.375,51.30819042325019,-0.05000000000000071,-0.02352078205695329
454,53.5,51.42106926657964,0.12500000000000178,0.11287884332945534
455,53.45,51.35571073017511,-0.05000000000000071,-0.06535853640453691
456,53.475,51.367471121203586,0.025000000000000355,0.011760391028476645
457,53.10000000000001,51.21513545625091,-0.3749999999999982,-0.1523356649526754
458,53.075,51.22612277979367,-0.025000000000000355,0.010987323542762962
459,53.025000000000006,51.25535640002056,-0.049999999999998934,0.02923362022688824
460,52.9,51.134508198453275,-0.12500000000000178,-0.12084820156728814
461,52.825,51.13218100277887,-0.07499999999999929,-0.0023271956744014503
462,52.875,51.14569955559829,0.05000000000000071,0.013518552819419336
463,52.974999999999994,51.23275003666233,0.09999999999999964,0.08705048106404087
464,52.925,51.19922702536785,-0.05000000000000071,-0.033523011294487245
465,52.975,51.219596484124125,0.05000000000000071,0.020369458756274834
466,52.62500000000001,50.982902534063015,-0.3500000000000014,-0.2366939500611095
467,52.800000000000004,51.08522972973741,0.17499999999999893,0.10232719567440204
468,52.800000000000004,51.08522972973741,0.0,0.0
469,52.55,50.87354001431544,-0.24999999999999822,-0.21168971542196963
470,52.7,51.048900779957506,0.14999999999999858,0.17536076564206754
471,52.7,51.03686567972027,1.7763568394002505e-15,-0.01203510023723273
472,52.675000000000004,51.03917325992873,-0.02500000000000213,0.002307580208457263
473,52.8,51.204806505542024,0.125,0.1656332456132945
474,52.875,51.252122778864695,0.07500000000000107,0.047316273322665775
475,53.05,51.404461120726765,0.17499999999999893,0.1523383418620711
476,53.099999999999994,51.480736305067566,0.05000000000000071,0.07627518434079476
477,53.074999999999996,51.44693858456431,-0.025000000000000355,-0.03379772050324573
478,53.074999999999996,51.476945272276915,1.7763568394002505e-15,0.030006687712602703
479,53.099999999999994,51.52277809301739,0.02499999999999858,0.045832820740478473
480,53.175,51.53602193662805,0.07500000000000107,0.013243843610662413
481,53.474999999999994,51.76716669210758,0.3000000000000007,0.23114475547952226
482,53.64999999999999,51.94133832984216,0.17499999999999893,0.17417163773458602
483,53.55,51.850222106778716,-0.10000000000000142,-0.09111622306344475
484,53.52499999999999,51.7623474980884,-0.025000000000000355,-0.0878746086903163
485,53.75,52.02482942040101,0.22499999999999964,0.2624819223126151
486,53.8,52.06835466093304,0.049999999999998934,0.04352524053201966
487,53.974999999999994,52.25476543250712,0.1750000000000025,0.1864107715740777
488,54.05,52.310051064067615,0.07499999999999929,0.055285631560497005
489,54.025,52.28828844380161,-0.025000000000000355,-0.0217626202660106
490,54.05,52.310051064067615,0.025000000000000355,0.0217626202660106
491,54.075,52.34273033226988,0.025000000000000355,0.032679268202268456
492,54.224999999999994,52.5071744499757,0.15000000000000036,0.1644441177058129
493,54.3,52.61653696972327,0.07500000000000107,0.10936251974756842
494,54.474999999999994,52.76070191974525,0.17499999999999716,0.14416495002198335
495,54.599999999999994,52.902264964884075,0.12500000000000178,0.14156304513882656
496,54.5,52.8031793835828,-0.09999999999999964,-0.09908558130127514
497,54.525000000000006,52.82494200384881,0.025000000000000355,0.0217626202660106
498,54.525000000000006,52.82494200384881,0.0,0.0
499,54.575,52.86846724438083,0.05000000000000071,0.0435252405320212
500,54.675,52.96643437338113,0.09999999999999964,0.0979671290002987
501,54.8,53.047273657998275,0.12499999999999822,0.08083928461714908
502,54.8,53.047273657998275,0.0,0.0
503,54.825,53.06903627826429,0.025000000000000355,0.0217626202660106
504,54.775,53.037546137969514,-0.049999999999998934,-0.03149014029478453
505,54.925,53.1842227018022,0.15000000000000036,0.14667656383269953
506,55.025,53.31829513151421,0.09999999999999787,0.13407242971200092
507,55.05,53.424647679174115,0.02500000000000213,0.10635254765990179
508,55.12499999999999,53.491968410971836,0.07499999999999751,0.0673207317977306
509,55.2,53.58132647224433,0.07499999999999929,0.08935806127249966
510,55.175,53.55956385197833,-0.025000000000000355,-0.0217626202660106
511,55.449999999999996,53.81505351714108,0.27500000000000213,0.2554896651627525
512,55.55,53.91505351714108,0.10000000000000142,0.10000000000000142
513,55.7,54.061730080973774,0.14999999999999858,0.14667656383269786
514,55.8,54.162848533274754,0.10000000000000142,0.10111845230097871
515,55.900000000000006,54.23989678510126,0.09999999999999964,0.0770482518265069
516,55.925,54.27369450560452,0.02499999999999858,0.03379772050324333
517,56.25,54.478623606162074,0.3249999999999993,0.20492910055756414
518,56.425,54.71961761741744,0.1750000000000007,0.24099401125536538
519,56.6,54.89805903075368,0.1750000000000007,0.17844141333624325
520,56.650000000000006,54.95768511352234,0.05000000000000071,0.05962608276865869
521,56.824999999999996,55.09981719254462,0.17499999999999893,0.1421320790222845
522,56.775,55.046289722775064,-0.049999999999998934,-0.053527469769553616
523,57.025,55.360196727333054,0.25,0.31390700455798226
524,57.400000000000006,55.72843187782951,0.3749999999999982,0.36823515049645406
525,57.375,55.72870658703827,-0.025000000000000355,0.0002747092087584893
526,57.449999999999996,55.81806464831077,0.07500000000000107,0.08935806127250207
527,57.49999999999999,55.883423184715305,0.05000000000000071,0.06535853640453691
528,57.574999999999996,55.98481634622504,0.07499999999999929,0.1013931615097348
529,57.825,56.25464869183348,0.2500000000000018,0.2698323456084465
530,58.075,56.540722071809554,0.25,0.2860733799760735
531,58.375,56.777965440288185,0.29999999999999716,0.23724336847862326
532,58.5,56.922883842329945,0.12500000000000178,0.14491840204175838
533,58.7,57.14492117180471,0.20000000000000107,0.22203732947476884
534,58.775,57.21020903260274,0.07500000000000107,0.0652878607980318
535,58.825,57.27780447360923,0.05000000000000071,0.06759544100649147
536,59.0,57.434208557470704,0.17499999999999538,0.15640408386147098
537,59.15,57.578852250303704,0.1500000000000039,0.14464369283300077
538,59.175,57.57264105385681,0.024999999999996803,-0.006211196446891757
539,59.2,57.61532255129662,0.02500000000000213,0.04268149743980324
540,59.475,57.79876374079692,0.2749999999999986,0.18344118950031113
541,59.675,58.00897000363671,0.20000000000000107,0.21020626283978866
542,59.82499999999999,58.27542737687629,0.1499999999999968,0.2664573732395666
543,60.25,58.73573623605821,0.42500000000000426,0.4603088591819257
544,60.425,58.93418210786952,0.17499999999999716,0.1984458718113088
545,60.7,59.17855109149376,0.27500000000000036,0.2443689836242405
546,60.7,59.188553320731295,0.0,0.010002229237533244
547,61.025000000000006,59.52164065613806,0.3249999999999993,0.3330873354067747
548,61.27499999999999,59.75740057203451,0.25000000000000355,0.23575991589644396
549,61.75000000000001,60.1149427236629,0.4750000000000014,0.3575421516283968
550,62.1,60.66015928637078,0.34999999999999787,0.5452165627078704
551,62.225,60.74896792922577,0.125,0.08880864285498355
552,62.575,61.08991203942259,0.3500000000000014,0.3409441101968209
553,62.900000000000006,61.41909575859092,0.3249999999999993,0.32918371916834344
554,63.225,61.615281274342934,0.3249999999999993,0.19618551575199938
555,63.525,61.87232506769436,0.29999999999999716,0.25704379335143623
556,63.72500000000001,62.05049177182185,0.20000000000000284,0.17816670412748717
557,63.85,62.227041665371395,0.12499999999999822,0.1765498935495508
558,64.05000000000001,62.391140398261946,0.1999999999999993,0.16409873289054847
559,64.55,62.990410397699534,0.5000000000000018,0.5992699994375876
560,64.825,63.35638902812809,0.2749999999999986,0.3659786304285577
561,65.025,63.59066549144235,0.1999999999999993,0.23427646331425653
562,65.375,63.87346697145269,0.3500000000000014,0.2828014800103489
563,65.57499999999999,64.0016225293925,0.1999999999999993,0.12815555793981329
564,65.625,64.08922242887407,0.05000000000000071,0.08759989948155937
565,66.2,64.5078741158533,0.5749999999999993,0.4186516869792373
566,66.39999999999999,64.7756109080728,0.1999999999999975,0.2677367922194974
567,66.725,65.14277067319158,0.32500000000000284,0.36715976511878134
568,67.1,65.51735037813067,0.375,0.37457970493909487
569,67.57499999999999,66.02203505507208,0.47499999999999787,0.5046846769414037
570,67.69999999999999,66.11084369792707,0.125,0.08880864285498355
571,67.9,66.35918813247827,0.20000000000000284,0.24834443455119523
572,68.65,67.27077477549709,0.7499999999999964,0.9115866430188198
573,68.925,67.55033464113431,0.27500000000000213,0.27955986563722196
574,69.3,67.9269472170731,0.375,0.37661257593879593
575,69.44999999999999,68.00842621118022,0.15000000000000036,0.08147899410711618
576,69.7,68.21214656836436,0.25000000000000355,0.2037203571841432
577,69.85,68.37882759067213,0.14999999999999858,0.16668102230776505
578,70.39999999999999,68.98693830012297,0.5499999999999972,0.6081107094508413
579,70.875,69.31447376403877,0.475000000000005,0.3275354639157973
580,71.25,69.56089523412865,0.375,0.24642147008988413
581,71.225,69.55228616640085,-0.025000000000003908,-0.008609067727803003
582,71.3,69.62757625643641,0.07499999999999574,0.07529009003556184
583,71.35,69.6951716974429,0.05000000000000071,0.06759544100649147
584,71.775,70.2244759932763,0.42500000000000426,0.5293042958333958
585,72.025,70.48024036764781,0.25,0.25576437437151023
586,72.1,70.5395917412077,0.07499999999999929,0.05935137355989936
587,72.4,70.75073203821215,0.3000000000000007,0.21114029700445502
588,72.875,71.10030483160271,0.47499999999999787,0.3495727933905601
589,73.175,71.37162062979334,0.3000000000000007,0.27131579819062984
590,73.95,72.32121092744582,0.7750000000000021,0.949590297652463
591,74.425,72.80280366408273,0.47499999999999787,0.4815927366369196
592,74.35,72.8336344794216,-0.07499999999999929,0.03083081533887973
593,74.8,73.36860055328438,0.4499999999999993,0.5349660738627633
594,75.375,73.8637106836587,0.5749999999999993,0.4951101303743223
595,75.9,74.23883713010592,0.5250000000000021,0.37512644644721777
596,76.875,75.33821224796846,0.9749999999999996,1.099375117862541
597,77.0,75.47109554977297,0.125,0.13288330180452174
598,77.025,75.6230492758879,0.02499999999999858,0.15195372611492083
599,77.65,76.32451994713938,0.6250000000000036,0.7014706712514882
600,77.875,76.53851724276983,0.22500000000000142,0.2139972956304301
601,78.175,76.91595394633488,0.29999999999999716,0.37743670356506825
602,79.975,79.23722976539038,1.8000000000000007,2.3212758190555003
603,80.5,79.84799228078293,0.5249999999999986,0.610762515392547
604,82.875,82.76689783724072,2.375,2.918905556457795
605,84.925,85.28945307527616,2.0500000000000007,2.5225552380354324
606,85.77499999999999,86.27412051241178,0.8499999999999979,0.9846674371356355
607,86.125,86.83903175067994,0.3500000000000014,0.5649112382681435
608,86.425,87.08607331479384,0.29999999999999716,0.24704156411390313
609,86.6,87.33595110298577,0.17500000000000782,0.24987778819192843
610,86.8,87.52818577835019,0.19999999999999574,0.1922346753644163
611,87.02499999999999,87.8222991921706,0.22499999999999787,0.2941134138204091
612,88.6,89.69699468566131,1.5750000000000028,1.874695493490709
613,90.07499999999999,91.55872104475011,1.4750000000000014,1.8617263590888045
614,90.82499999999999,92.41084257167923,0.7499999999999964,0.8521215269291155
615,91.0,92.54480125886143,0.1750000000000007,0.13395868718219903
616,91.65,93.32664908924114,0.6499999999999986,0.781847830379735
617,90.975,92.35357839954565,-0.6749999999999972,-0.9730706896955071
618,91.075,92.47449727671943,0.09999999999999787,0.12091887717378928
619,90.425,91.6195119170291,-0.6499999999999986,-0.8549853596903381
620,89.9,90.91029553660799,-0.5250000000000021,-0.7092163804211219
621,89.525,90.4321416138112,-0.375,-0.47815392279678554
622,89.37499999999999,90.27105285300833,-0.14999999999999858,-0.16108876080287873
623,89.225,90.07497724379472,-0.14999999999999858,-0.19607560921360606
624,89.425,90.33752984171382,0.1999999999999993,0.26255259791912017
625,89.15,89.84589775611153,-0.27500000000000213,-0.4916320856023014
626,89.025,89.70769006787565,-0.12499999999999645,-0.13820768823588925
627,88.775,89.44639727347051,-0.25,-0.26129279440513276
628,88.30000000000001,88.92485946135471,-0.4750000000000014,-0.5215378121157982
629,88.475,89.1438161431353,0.17499999999999716,0.2189566817805923
630,88.70000000000002,89.3396797255294,0.22500000000000142,0.19586358239409388
631,88.625,89.28530851266763,-0.07499999999999929,-0.05437121286177162
632,88.8,89.5053836467492,0.17499999999999716,0.22007513408156967
633,89.07500000000002,89.81362771419579,0.27500000000000213,0.30824406744659394
634,89.17500000000001,89.88585793108516,0.10000000000000142,0.07223021688935563
635,89.30000000000001,90.05149117669843,0.12499999999999645,0.16563324561328968
636,89.44999999999999,90.22573349003952,0.14999999999999858,0.17424231334109191
637,90.35,90.96258840677959,0.9000000000000057,0.7368549167400679
638,91.025,91.56304485721526,0.6749999999999972,0.6004564504356703
639,91.2,91.8027163825674,0.17499999999999716,0.23967152535213082
640,91.375,92.00004380207773,0.17500000000000426,0.1973274195103379
641,91.45,92.08940186335023,0.07500000000000284,0.08935806127250362
642,91.0,91.8577103663626,-0.45000000000000284,-0.23169149698764585
643,91.2,92.04384642872792,0.1999999999999993,0.18613606236531596
644,91.575,92.54081000703906,0.375,0.4969635783111441
645,91.775,92.84631881160674,0.1999999999999993,0.30550880456768115
646,91.975,93.00244818625944,0.1999999999999993,0.15612937465271481
647,91.85000000000001,92.85752978421769,-0.125,-0.14491840204175602
648,91.925,92.98187469390093,0.07499999999999929,0.12434490968322787
649,92.05,93.12679309594267,0.125,0.14491840204175602
650,92.07499999999999,93.16059081644592,0.02499999999999858,0.03379772050324333
651,92.225,93.3272718387537,0.15000000000000213,0.16668102230776988
652,92.4,93.50977899408933,0.1750000000000007,0.18250715533564632
653,92.52499999999999,93.55654584899447,0.12499999999999645,0.046766854905143325
654,92.49999999999999,93.50274367001617,-0.024999999999995026,-0.05380217897830814
655,92.54999999999998,93.57033911102266,0.05000000000000071,0.06759544100649147
656,92.65,93.69013953589548,0.10000000000000142,0.11980042487281672
657,92.625,93.64654361975694,-0.02500000000000213,-0.043595916138527854
658,93.05,94.16472723405182,0.42499999999999716,0.5181836142948775
659,93.05,94.1887974345263,3.552713678800501e-15,0.024070200474473356
660,93.325,94.50460279300621,0.2749999999999986,0.31580535847991614
661,93.35,94.53840051350947,0.02499999999999858,0.03379772050324333
662,93.425,94.60480682660847,0.07500000000000284,0.06640631309901227
663,93.8,94.97857039713855,0.37500000000000355,0.37376357053008286
664,93.875,95.05589335817382,0.07499999999999574,0.07732296103526144
665,93.94999999999999,95.1332163192091,0.07500000000000284,0.07732296103526934
666,94.0,95.18877665997834,0.05000000000000071,0.05556034076925547
667,94.125,95.24757861512072,0.125,0.05880195514238239
668,94.125,95.24757861512072,0.0,0.0
669,94.4,95.53510783899577,0.2749999999999986,0.2875292238750525
670,94.67500000000001,95.73855348697116,0.2749999999999986,0.2034456479753782
671,94.67500000000001,95.76038678284368,0.0,0.021833295872515708
672,94.70000000000002,95.78214940310968,0.02499999999999858,0.021762620266009055
673,94.825,95.87299091696437,0.12500000000000355,0.09084151385468937
674,94.97500000000001,96.05814987824172,0.14999999999999858,0.185158961277349
675,95.225,96.29649092447336,0.24999999999999645,0.23834104623163663
676,95.35,96.44140932651511,0.12500000000000355,0.1449184020417608
677,95.575,96.66388233187759,0.22500000000000142,0.22247300536248077
678,95.525,96.58648869523583,-0.05000000000000071,-0.07739363664177118
679,95.67500000000001,96.77388456111511,0.14999999999999503,0.18739586587929874
680,95.75,96.80916573420056,0.07499999999999929,0.0352811730854291
681,96.15,97.18285862912413,0.4000000000000057,0.37369289492358093
682,96.35,97.35990688095063,0.19999999999999574,0.1770482518265052
683,96.3,97.33638609889368,-0.04999999999999716,-0.023520782056951618
684,96.65,97.80593095396267,0.3500000000000014,0.4695448550689879
685,96.825,97.9182603788746,0.17499999999999716,0.11232942491193518
686,96.825,97.90734373093834,0.0,-0.01091664793625863
687,96.9,97.99558333990987,0.07500000000000284,0.08823960897152795
688,97.05000000000001,98.1181897032681,0.14999999999999858,0.12260636335822687
689,97.25,98.24913042514538,0.1999999999999993,0.13094072187726735
690,97.375,98.3290552910638,0.125,0.0799248659184292
691,97.475,98.41702019082656,0.10000000000000142,0.08796489976276482
692,97.575,98.4190726772922,0.10000000000000142,0.0020524864656460036
693,97.64999999999999,98.48436053809024,0.07499999999999929,0.06528786079803026
694,97.825,98.61669442147725,0.1750000000000007,0.13233388338700475
695,98.0,98.68606763974061,0.1749999999999936,0.06937321826336955
696,98.14999999999999,98.79867177386132,0.15000000000000213,0.11260413412069843
697,98.125,98.84302114201961,-0.02499999999999858,0.04434936815829665
698,98.07499999999999,98.78766483485262,-0.05000000000000071,-0.05535630716700366
699,98.025,98.76302560049467,-0.04999999999999716,-0.024639234357925845
700,98.175,98.92523281359853,0.14999999999999503,0.1622072131038513
701,98.14999999999999,98.84888695365125,-0.02499999999999858,-0.07634585994729755
702,98.55,99.24573563035055,0.3999999999999986,0.39684867669932106
703,98.775,99.44363208374435,0.22499999999999787,0.19789645339379178
704,98.7,99.29507678145568,-0.07499999999999574,-0.14855530228868608
705,98.7,99.25141018971064,0.0,-0.04366659174502985
706,98.75,99.30144211044626,0.05000000000000071,0.050031920735629926
707,98.7,99.23496512174076,-0.04999999999999716,-0.06647698870550946
708,98.74999999999999,99.20573150151387,0.04999999999999716,-0.02923362022689063
709,98.92500000000001,99.31938341232903,0.1750000000000007,0.113651910815169
710,99.025,99.28274946774778,0.10000000000000497,-0.036633944581255996
711,98.94999999999999,99.20674899261574,-0.0750000000000064,-0.07600047513204183
712,99.0,99.25027423314775,0.04999999999999716,0.04352524053201811
713,98.94999999999999,99.18491569674322,-0.04999999999999716,-0.06535853640453226
714,99.05,99.26013511117227,0.10000000000000142,0.07521941442905992
715,99.175,99.31802264761595,0.12499999999999645,0.057887536443655324
716,99.35,99.51053203218912,0.1750000000000007,0.19250938457317954
717,99.375,99.54321130039139,0.02500000000000213,0.032679268202270774
718,99.85,99.8146370051204,0.4,0.24426360865861507
719,100.0,100.00000000000001,0.14999999999999858,0.1853629948796008
720,66.65,67.65091945108297,1.0000000000000036,1.3497691980537776
721,45.65,53.033067116901705,0.09999999999999787,0.08028574821842066
722,46.2,53.76511396599759,0.5500000000000007,0.7320468490958925
723,46.35,53.84270965230474,0.14999999999999947,0.0775956863071385
724,46.625,53.90517056215112,0.27499999999999947,0.06246090984638106
725,46.825,54.04569119396351,0.1999999999999984,0.14052063181239602
726,47.025,54.21595150986971,0.20000000000000284,0.1702603159062019
727,47.27499999999999,54.33511841361706,0.24999999999999734,0.11916690374734343
728,46.175,52.6739517495685,-1.0999999999999996,-1.6611666640485552
729,45.55,51.62804586549173,-0.6249999999999982,-1.0459058840767674
730,45.125,50.908502752773266,-0.4249999999999998,-0.7195431127184683
731,44.125,49.36590794826316,-1.0000000000000009,-1.5425948045101074
732,44.125,49.25534083074334,-8.881784197001252e-16,-0.11056711751981468
733,44.0,49.07068943740288,-0.125,-0.18465139334046055
734,43.8,48.79541441537678,-0.1999999999999993,-0.2752750220260924
735,43.175,47.86007564881984,-0.625,-0.9353387665569577
736,42.9,47.43087083859274,-0.27500000000000036,-0.4292048102270977
737,42.275,46.50392369089117,-0.625,-0.9269471477015645
738,41.625,45.53712245158159,-0.6499999999999995,-0.966801239309586
739,41.1,44.74170360980149,-0.5250000000000004,-0.795418841780099
740,40.975,44.556314180261175,-0.125,-0.18538942954031293
741,40.824999999999996,44.346803311195806,-0.15000000000000036,-0.20951086906536043
742,40.975,44.45031189026899,0.15000000000000036,0.10350857907317058
743,40.8,44.27998574119394,-0.1750000000000007,-0.17032614907503557
744,40.925,44.51732450042774,0.12499999999999822,0.23733875923378872
745,41.1,44.70899871474118,0.1750000000000025,0.19167421431344336
746,41.175000000000004,44.960539174078995,0.07500000000000107,0.25154045933780567
747,41.325,45.1504905997336,0.14999999999999947,0.18995142565461332
748,41.849999999999994,45.815780421233534,0.5249999999999977,0.6652898214999272
749,42.025,45.88849589917177,0.17500000000000426,0.07271547793824051
750,42.125,45.91784870642881,0.09999999999999964,0.029352807257044356
751,41.99999999999999,45.84376443060816,-0.12500000000000178,-0.07408427582065084
752,42.12499999999999,45.88045543967947,0.125,0.036691009071305576
753,42.199999999999996,45.90247004512225,0.07499999999999929,0.022014605442783136
754,42.3,45.99969383942229,0.10000000000000142,0.0972237943000418
755,42.400000000000006,46.0615625364731,0.09999999999999964,0.06186869705080587
756,42.45,46.076238940101625,0.05000000000000071,0.01467640362852244
757,42.525,46.19302500922572,0.07499999999999751,0.1167860691241031
758,42.550000000000004,46.17518835447381,0.025000000000000355,-0.017836654751917612
759,42.75,46.48846867593807,0.20000000000000107,0.31328032146425977
760,42.85000000000001,46.61259294687644,0.1000000000000032,0.12412427093837242
761,42.97500000000001,46.68285043136931,0.125,0.07025748449287754
762,42.97500000000001,46.68285043136931,0.0,0.0
763,43.225,47.05726707651117,0.25,0.3744166451418533
764,43.175,46.95337162060123,-0.05000000000000426,-0.10389545590993128
765,43.025000000000006,46.70671703245898,-0.14999999999999858,-0.24665458814225624
766,42.89999999999999,46.49997953768026,-0.12500000000000355,-0.20673749477872544
767,42.975,46.59813074551041,0.07500000000000284,0.0981512078301476
768,43.025,46.61280714913892,0.05000000000000071,0.01467640362852244
769,43.050000000000004,46.62853696980858,0.025000000000000355,0.015729820669654362
770,43.074999999999996,46.63587517162284,0.02499999999999858,0.007338201814260698
771,43.425000000000004,47.14268170304743,0.3500000000000014,0.5068065314245875
772,43.4,47.126951882377774,-0.025000000000000355,-0.015729820669654362
773,43.474999999999994,47.21763605346931,0.07500000000000107,0.09068417109153407
774,43.7,47.47877520856022,0.22499999999999787,0.26113915509091384
775,43.900000000000006,47.625961839155856,0.1999999999999993,0.14718663059563988
776,44.02499999999999,47.77593316969143,0.12500000000000178,0.14997133053556586
777,44.125,47.838852452370034,0.09999999999999964,0.06291928267861632
778,44.25,47.883935080296745,0.125,0.04508262792669872
779,44.325,47.97382067278252,0.07500000000000107,0.08988559248578058
780,44.55,48.23218362217348,0.22499999999999787,0.25836294939095444
781,44.77499999999999,48.53416728415803,0.22500000000000142,0.30198366198455734
782,44.900000000000006,48.60898959617853,0.125,0.0748223120205006
783,45.150000000000006,48.87012591985613,0.25,0.2611363236775952
784,45.5,49.292530233548995,0.3500000000000014,0.4224043136928639
785,45.925,49.78723586406148,0.42499999999999716,0.4947056305124834
786,45.925,49.75749617996768,1.7763568394002505e-15,-0.029739684093799255
787,46.05,49.8592189686265,0.125,0.1017227886588286
788,46.3,50.103572054593315,0.25,0.24435308596680952
789,46.949999999999996,50.90390159250119,0.6499999999999968,0.8003295379078804
790,47.275,51.23252485779835,0.32500000000000284,0.32862326529715924
791,47.574999999999996,51.49155434739369,0.3000000000000007,0.259029489595332
792,47.775,51.58382643732934,0.1999999999999993,0.09227208993566068
793,47.925000000000004,51.62785564821492,0.15000000000000036,0.0440292108855668
794,48.3,52.01397745112844,0.3749999999999982,0.38612180291352005
795,49.425000000000004,53.411794488075415,1.1250000000000036,1.3978170369469787
796,49.75000000000001,53.702349452178886,0.3249999999999975,0.2905549641034721
797,49.925000000000004,53.7621084837341,0.1750000000000007,0.05975903155522116
798,50.050000000000004,53.863831272392936,0.125,0.1017227886588286
799,50.275000000000006,54.10646156970092,0.22499999999999964,0.24263029730797975
800,50.575,54.28373904375346,0.29999999999999893,0.1772774740525366
801,51.099999999999994,54.82544475894465,0.5250000000000004,0.5417057151912001
802,51.175,54.84745936438744,0.07499999999999929,0.022014605442783136
803,51.425,55.14567640538641,0.25,0.29821704099897955
804,51.6,55.30298310632293,0.1750000000000025,0.1573067009365062
805,51.725,55.33967411539423,0.125,0.036691009071305576
806,51.974999999999994,55.66948246407018,0.24999999999999822,0.3298083486759562
807,52.400000000000006,56.136174030561016,0.4250000000000007,0.46669156649083593
808,52.6,56.37609395533787,0.20000000000000107,0.23991992477685808
809,52.599999999999994,56.25158280756275,0.0,-0.1245111477751245
810,53.0,56.762212926838075,0.3999999999999968,0.5106301192753226
811,53.175000000000004,57.00867567830047,0.1750000000000007,0.2464627514623948
812,53.35,57.208741511469306,0.17499999999999893,0.20006583316883483
813,53.6,57.522817208062285,0.2500000000000018,0.3140756965929843
814,53.95,57.98051361724887,0.3500000000000032,0.45769640918658544
815,54.2,58.32155279223569,0.24999999999999645,0.3410391749868208
816,54.325,58.47997874338217,0.12499999999999822,0.15842595114646782
817,54.62499999999999,58.9545900566172,0.3000000000000007,0.47461131323503963
818,55.64999999999999,60.47755958454773,1.0250000000000004,1.5229695279305262
819,56.25,61.34959256365302,0.6000000000000014,0.872032979105294
820,56.849999999999994,62.1883110743588,0.5999999999999996,0.8387185107057784
821,56.949999999999996,62.22876870441569,0.09999999999999964,0.040457630056880536
822,57.25,62.68480815811227,0.29999999999999893,0.45603945369658777
823,57.75,63.43191828767345,0.5000000000000036,0.7471101295611761
824,57.55,63.08414444932122,-0.20000000000000462,-0.3477738383522305
825,58.2,63.94414236068325,0.6500000000000021,0.8599979113620335
826,58.625,64.58081741112598,0.42499999999999893,0.636675050442735
827,59.400000000000006,65.7143102169264,0.7750000000000004,1.1334928058004228
828,60.025000000000006,66.64397056857243,0.6250000000000036,0.9296603516460151
829,60.900000000000006,67.92861412546056,0.8749999999999982,1.2846435568881434
830,61.225,68.33066078920064,0.3249999999999993,0.40204666374006953
831,61.349999999999994,68.49741535744698,0.12499999999999822,0.1667545682463488
832,61.3,68.39629610723702,-0.04999999999999716,-0.10111925020996324
833,61.1,68.0782619529786,-0.20000000000000107,-0.3180341542584255
834,60.47500000000001,67.09103685848368,-0.625,-0.987225094494922
835,60.325,66.85191230883555,-0.14999999999999858,-0.2391245496481307
836,59.575,65.70428363609993,-0.7500000000000018,-1.147628672735601
837,58.8,64.47595636486268,-0.7750000000000004,-1.2283272712372593
838,58.5,64.03102173396593,-0.3000000000000007,-0.4449346308967521
839,58.275,63.70564937789325,-0.22499999999999964,-0.32537235607268394
840,58.275,63.71675420069309,1.7763568394002505e-15,0.011104822799840913
841,58.0,63.41113595612434,-0.2749999999999986,-0.30561824456875414
842,57.324999999999996,62.36363611831309,-0.6750000000000007,-1.0474998378112501
843,57.849999999999994,63.033430224934726,0.5249999999999986,0.6697941066216503
844,57.574999999999996,62.75206225481537,-0.27500000000000213,-0.2813679701193608
845,57.775000000000006,63.013393246586155,0.20000000000000107,0.26133099177078106
846,57.8,63.050471132494216,0.02499999999999858,0.03707788590806048
847,58.074999999999996,63.452775466083,0.2750000000000039,0.40230433358877526
848,58.0,63.36572908105268,-0.07500000000000107,-0.08704638503030668
849,58.1,63.46011366789725,0.10000000000000142,0.0943845868445679
850,58.3,63.72699707106795,0.1999999999999975,0.26688340317069514
851,58.300000000000004,63.751184343761835,1.7763568394002505e-15,0.024187272693885303
852,58.075,63.39249751928963,-0.22499999999999964,-0.3586868244721989
853,58.125,63.496392975199555,0.049999999999998934,0.10389545590992548
854,58.65,64.28613340206871,0.5250000000000004,0.7897404268691531
855,58.85,64.53722115140091,0.1999999999999993,0.25108774933220823
856,59.2,65.0405159002753,0.3500000000000014,0.5032947488743886
857,59.25,65.10079064359164,0.04999999999999716,0.06027474331632308
858,59.39999999999999,65.32048175334005,0.15000000000000213,0.21969110974841924
859,59.625,65.67004138210662,0.22499999999999964,0.3495596287665667
860,59.724999999999994,65.81835292573886,0.10000000000000142,0.14831154363225243
861,59.775,65.8330923311229,0.049999999999998934,0.014739405384034102
862,59.925,66.05000723517135,0.15000000000000036,0.216914904048457
863,60.075,66.27247455061973,0.15000000000000213,0.22246731544837867
864,60.075,66.21120656060447,-3.552713678800501e-15,-0.06126799001527059
865,60.0,66.09719669718031,-0.07499999999999929,-0.11400986342414612
866,60.35,66.61351089419324,0.34999999999999964,0.516314197012916
867,60.825,67.0859382145239,0.4750000000000014,0.47242732033065754
868,61.4,67.81699464833416,0.5749999999999993,0.7310564338102733
869,61.125,67.4008092862456,-0.27500000000000036,-0.41618536208856777
870,61.099999999999994,67.34707416613779,-0.02499999999999858,-0.05373512010781778
871,61.5,67.94032034066677,0.3999999999999986,0.5932461745289993
872,61.375,67.73549747122676,-0.125,-0.20482286944003003
873,61.35,67.66590369552493,-0.02499999999999858,-0.06959377570182199
874,61.349999999999994,67.6306116000312,0.0,-0.03529209549372092
875,61.2,67.3672997776892,-0.15000000000000036,-0.2633118223420164
876,61.175,67.22070535988914,-0.02499999999999858,-0.14659441780006213
877,61.075,67.13187318444449,-0.10000000000000142,-0.08883217544464866
878,60.925,66.89552484049631,-0.14999999999999858,-0.23634834394817128
879,60.775000000000006,66.60247333406049,-0.15000000000000213,-0.2930515064358209
880,60.775,66.667505113648,0.0,0.06503177958752303
881,60.7,66.49401588203625,-0.07500000000000107,-0.17348923161175273
882,60.675,66.5460940466541,-0.02499999999999858,0.052078164617830894
883,60.474999999999994,66.23836613658975,-0.20000000000000284,-0.30772791006434336
884,60.4,66.08628797197193,-0.07499999999999929,-0.15207816461782686
885,60.425,66.04531463015392,0.025000000000000355,-0.04097334181798769
886,60.400000000000006,66.01656536134574,-0.02499999999999858,-0.028749268808181825
887,60.375,65.92278431295004,-0.025000000000000355,-0.09378104839570729
888,60.225,65.74301312797849,-0.15000000000000213,-0.17977118497156117
889,60.15,65.6317794702543,-0.07499999999999929,-0.1112336577241867
890,59.95,65.26457219200236,-0.1999999999999975,-0.36720727825193905
891,59.75,64.89835249762271,-0.20000000000000107,-0.36621969437964774
892,59.775000000000006,64.87693859921548,0.02500000000000213,-0.021413898407239743
893,59.62499999999999,64.67310614506106,-0.15000000000000213,-0.20383245415441506
894,59.6,64.59326912692066,-0.02499999999999858,-0.07983701814039246
895,59.55,64.53021817790437,-0.05000000000000249,-0.06305094901629058
896,59.45,64.37357801717225,-0.09999999999999787,-0.15664016073212583
897,59.35,64.22249026784003,-0.09999999999999964,-0.15108774933220942
898,58.97500000000001,63.701677076468336,-0.375,-0.5208131913717033
899,58.925,63.668365811545854,-0.049999999999998934,-0.03331126492248324
900,58.925000000000004,63.67391822294577,-1.7763568394002505e-15,0.005552411399916402
901,58.824999999999996,63.525606679313505,-0.10000000000000142,-0.14831154363225243
902,58.7,63.3996966179608,-0.12499999999999822,-0.1259100613527086
903,58.6,63.15760119451953,-0.10000000000000142,-0.242095423441277
904,58.300000000000004,62.74240624771657,-0.3000000000000007,-0.41519494680295227
905,58.325,62.72000476543703,0.025000000000000355,-0.02240148227953856
906,58.4,62.707714859258395,0.07499999999999929,-0.01228990617864181
907,58.4,62.6779751751646,1.7763568394002505e-15,-0.029739684093799255
908,58.325,62.56674151744041,-0.07499999999999929,-0.1112336577241867
909,58.400000000000006,62.61670718514933,0.07499999999999929,0.04996566770892007
910,58.225,62.38412546218673,-0.1750000000000007,-0.2325817229625969
911,58.425000000000004,62.70018198935096,0.20000000000000284,0.316056527164222
912,58.5,62.76581730738733,0.07499999999999751,0.06563531803638029
913,58.525000000000006,62.84096349448909,0.02500000000000213,0.07514618710174417
914,58.400000000000006,62.63891683074901,-0.12500000000000178,-0.20204666374007307
915,58.574999999999996,62.877975547228296,0.1750000000000007,0.2390587164792999
916,58.599999999999994,62.977309007023926,0.025000000000000355,0.09933345979562652
917,58.5,62.91544030997312,-0.09999999999999964,-0.06186869705080587
918,58.575,62.89574636881139,0.07499999999999751,-0.019693941161738924
919,58.525,62.82991921409514,-0.049999999999998934,-0.06582715471624474
920,58.5,62.736138165699444,-0.025000000000000355,-0.09378104839570729
921,58.475,62.70461269119129,-0.025000000000000355,-0.03152547450814407
922,58.449999999999996,62.686968245182946,-0.02499999999999858,-0.017644446008343386
923,58.425,62.6554427706748,-0.025000000000003908,-0.031525474508149354
924,58.45,62.6683963856445,0.025000000000003908,0.012953614969700208
925,58.375,62.48750311904964,-0.07500000000000107,-0.1808932665948493
926,58.45,62.544809819986156,0.07500000000000107,0.057306700936506895
927,58.425,62.46503580360127,-0.025000000000003908,-0.07977401638488436
928,58.275000000000006,62.17852429243767,-0.1499999999999968,-0.286511511163597
929,58.275,62.21104018223144,1.7763568394002505e-15,0.03251588979376203
930,58.22500000000001,62.13966061611528,-0.049999999999998934,-0.07137956611616396
931,58.22500000000001,62.14243682181523,-3.552713678800501e-15,0.0027762056999541514
932,58.2,62.11091134730708,-0.02499999999999858,-0.031525474508141235
933,57.974999999999994,61.747533691796235,-0.22499999999999964,-0.36337765551085016
934,57.975,61.726122624802315,0.0,-0.021411066993921125
935,58.05,61.85123731102631,0.07499999999999929,0.1251146862239846
936,57.975,61.73722744760215,-0.07500000000000107,-0.11400986342414896
937,57.849999999999994,61.524874539668,-0.125,-0.21235290793415515
938,57.825,61.39302519007861,-0.025000000000000355,-0.13184934958938802
939,57.900000000000006,61.393691730282974,0.07499999999999929,0.0006665402043758981
940,58.075,61.552049016847306,0.1750000000000007,0.15835728656431616
941,58.025000000000006,61.44815356093737,-0.049999999999998934,-0.10389545590992548
942,58.05,61.42575207865783,0.024999999999996803,-0.02240148227954383
943,58.150000000000006,61.582392239389954,0.10000000000000142,0.1566401607321311
944,58.425,61.926015783396885,0.27500000000000036,0.34362354400691963
945,58.449999999999996,61.91755833137266,0.025000000000000355,-0.008457452024228486
946,58.50000000000001,61.902495050907376,0.05000000000000071,-0.015063280465277343
947,58.800000000000004,62.315712370616126,0.3000000000000007,0.4132173197087441
948,58.875,62.42972223404026,0.07500000000000107,0.11400986342414896
949,58.849999999999994,62.3629046640384,-0.02500000000000213,-0.06681757000186551
950,59.025,62.60381500410088,0.1750000000000007,0.24091034006247553
951,59.1,62.54882896744542,0.07499999999999929,-0.054986036655459314
952,59.24999999999999,62.687629642012304,0.14999999999999858,0.13880067456688908
953,59.3,62.67256636154703,0.05000000000000249,-0.01506328046527682
954,59.35000000000001,62.73931809838005,0.05000000000000071,0.06675173683302965
955,59.37500000000001,62.77917218998809,0.025000000000000355,0.03985409160802273
956,59.525000000000006,62.75816962128613,0.15000000000000036,-0.021002568701953907
957,59.75,62.890295802829804,0.22499999999999787,0.13212618154368058
958,59.775000000000006,62.897634004644075,0.025000000000000355,0.00733820181426122
959,59.9,63.031872683096665,0.12500000000000178,0.1342386784525906
960,59.825,62.872390483495735,-0.07500000000000284,-0.15948219960092871
961,59.975,63.01119115806263,0.15000000000000213,0.13880067456689435
962,60.25,63.25171462128834,0.2749999999999986,0.24052346322571536
963,60.525000000000006,63.48594763691429,0.27500000000000213,0.2342330156259507
964,60.599999999999994,63.507962242357074,0.07499999999999929,0.022014605442783136
965,60.8,63.723694894440044,0.1999999999999975,0.21573265208296996
966,61.0,63.89395521034625,0.20000000000000284,0.17026031590620308
967,61.099999999999994,64.04226675397851,0.09999999999999787,0.1483115436322472
968,61.25,64.21358331833915,0.15000000000000213,0.1713165643606535
969,61.425,64.4192015629079,0.17499999999999893,0.20561824456875408
970,61.5,64.46540344104457,0.07499999999999929,0.04620187813666367
971,61.575,64.54689741467496,0.07500000000000107,0.08149397363038743
972,61.6,64.56540344104458,0.02500000000000213,0.018506026369616613
973,61.8,64.8136519829213,0.19999999999999574,0.24824854187673095
974,61.849999999999994,64.79026008535614,0.05000000000000249,-0.02339189756515547
975,62.1,64.89165616752041,0.24999999999999822,0.10139608216426335
976,62.574999999999996,65.31539639303534,0.47499999999999964,0.4237402255149314
977,62.675,65.37726509008615,0.09999999999999964,0.06186869705080587
978,62.775000000000006,65.44752540599234,0.09999999999999964,0.07026031590619669
979,62.75,65.40767131438433,-0.02499999999999858,-0.0398540916080199
980,63.0,65.64363278149574,0.25,0.2359614671114164
981,63.025000000000006,65.5478709025288,0.02500000000000213,-0.09576187896693972
982,63.275000000000006,65.87305142192162,0.25,0.32518051939281994
983,63.65,65.98034824343559,0.3750000000000018,0.10729682151395974
984,63.8,66.21947279308371,0.15000000000000036,0.23912454964813354
985,64.25,66.66839070657814,0.4499999999999993,0.4489179134944316
986,64.575,66.90970954493258,0.32499999999999574,0.24131883835443654
987,64.625,67.03143882418111,0.05000000000000071,0.12172927924852446
988,64.875,67.31114700739715,0.24999999999999645,0.2797081832160416
989,65.30000000000001,67.90420134524629,0.42500000000000426,0.5930543378491434
990,65.6,68.22092158120157,0.29999999999999893,0.3167202359552695
991,65.65,68.29785355871763,0.04999999999999716,0.07693197751608037
992,66.1,68.59634743167092,0.45000000000000107,0.29849387295327784
993,66.425,68.78022507133785,0.3249999999999993,0.18387763966694545
994,66.725,69.0847898988655,0.30000000000000426,0.30456482752762903
995,67.15,69.62391727992694,0.4250000000000007,0.5391273810614532
996,67.225,69.67567156946353,0.07499999999999929,0.051754289536587145
997,67.625,70.21499078720484,0.399999999999995,0.5393192177413091
998,67.8,70.36112966358601,0.17500000000000426,0.1461388763811561
999,68.1,70.55346475527716,0.2999999999999954,0.1923350916911706
1000,68.55000000000001,71.03489855856537,0.4500000000000064,0.4814338032882018
1001,68.75,71.20423429235478,0.19999999999999574,0.16933573378940775
1002,69.55000000000001,72.20303041893409,0.8000000000000007,0.998796126579311
1003,69.725,72.47923285449029,0.1750000000000007,0.27620243555619683
1004,70.05,72.75584378833845,0.3249999999999993,0.2766109338481608
1005,70.85,73.39906629844202,0.8000000000000007,0.6432225101035624
1006,71.025,73.51546549072935,0.1750000000000007,0.11639919228735103
1007,71.35,73.859884409865,0.32499999999999574,0.344418919135638
1008,71.775,74.5077272848631,0.4250000000000025,0.647842874998093
1009,71.95,74.68915825673797,0.17500000000000426,0.1814309718748751
1010,71.975,74.62868847326473,0.024999999999995026,-0.06046978347322741
1011,72.425,74.94223996385665,0.45000000000000284,0.31355149059191795
1012,72.85,75.51863706750603,0.4250000000000007,0.5763971036493801
1013,73.3,76.20269624805091,0.4499999999999993,0.6840591805448832
1014,73.375,76.28135101422585,0.07499999999999751,0.07865476617491249
1015,73.45,76.38980846625006,0.07499999999999929,0.10845745202422688
1016,73.525,76.44433896148661,0.07500000000000284,0.054530495236548
1017,74.05,76.86912410980271,0.5249999999999986,0.42478514831609904
1018,74.3,77.13760146670789,0.25,0.2684773569051756
1019,74.6,77.54526637501671,0.3000000000000007,0.40766490830882485
1020,74.7,77.69635412434893,0.10000000000000142,0.15108774933221225
1021,75.02499999999999,78.08914758887234,0.3249999999999993,0.392793464523409
1022,75.425,78.54480016573216,0.3999999999999986,0.45565257685983
1023,76.15,79.05661754201196,0.7249999999999979,0.5118173762798008
1024,76.725,79.64267634316997,0.5749999999999993,0.5860588011580079
1025,77.0,79.97519506437705,0.2750000000000057,0.332518721207087
1026,77.475,80.42059590455837,0.4749999999999943,0.44540084018129456
1027,77.75,80.72726473475491,0.27500000000000213,0.3066688301965686
1028,78.5,81.72897119272147,0.75,1.0017064579665487
1029,79.425,82.42505591691828,0.9250000000000025,0.6960847241968307
1030,79.57499999999999,82.58526765847911,0.14999999999999858,0.1602117415608098
1031,79.975,83.0575774695387,0.40000000000000213,0.4723098110595929
1032,80.42500000000001,83.3165899706541,0.45000000000000284,0.25901250111540963
1033,80.525,83.34594277791115,0.09999999999999787,0.029352807257043836
1034,80.775,83.48435657564129,0.25,0.13841379773013418
1035,83.075,85.45020463297693,2.3000000000000007,1.9658480573356556
1036,83.625,85.94569714437819,0.5499999999999972,0.49549251140124595
1037,86.25,88.00929500357692,2.625,2.0635978591987327
1038,88.325,89.52273535838687,2.075000000000003,1.513440354809945
1039,89.10000000000001,90.1013044714997,0.7749999999999986,0.5785691131128317
1040,89.9,90.76760066691381,0.7999999999999972,0.6662961954141116
1041,90.0,90.81373671188165,0.09999999999999787,0.04613604496782893
1042,90.35000000000001,91.17777524477023,0.350000000000005,0.3640385328885869
1043,90.375,91.08201336580328,0.02499999999999858,-0.09576187896694076
1044,90.675,91.34314402665423,0.29999999999999716,0.2611306608509512
1045,92.05000000000001,92.26738798048936,1.375000000000007,0.9242439538351144
1046,93.775,93.68455743724924,1.7249999999999979,1.417169456759891
1047,94.625,94.51355342231655,0.8499999999999979,0.8289959850673059
1048,94.825,94.76562875552105,0.1999999999999993,0.2520753332045071
1049,95.30000000000001,94.89870114063672,0.47499999999999787,0.13307238511567387
1050,94.65,94.5564832028854,-0.649999999999995,-0.342217937751332
1051,94.725,94.59250484033902,0.07499999999999929,0.03602163745361
1052,94.025,94.08876370207331,-0.6999999999999993,-0.5037411382656878
1053,93.475,93.77799974283465,-0.5500000000000043,-0.3107639592386781
1054,92.875,93.18138798122344,-0.5999999999999979,-0.5966117616112121
1055,92.0,91.88927984694628,-0.875,-1.2921081342771457
1056,91.85,91.79490092292835,-0.14999999999999858,-0.09437892401792393
1057,91.9,91.69543296538174,0.05000000000000071,-0.09946795754661408
1058,90.80000000000001,90.40174823791375,-1.1000000000000014,-1.2936847274679906
1059,90.25,89.60269444148574,-0.5500000000000007,-0.7990537964280102
1060,90.0,89.33396507755852,-0.24999999999999645,-0.2687293639272309
1061,89.85,89.31658679563881,-0.15000000000000568,-0.01737828191968897
1062,89.775,89.06609692192885,-0.07500000000000284,-0.2504898737099938
1063,89.97500000000001,89.35439139209346,0.20000000000000284,0.2882944701646262
1064,90.075,89.48690728188721,0.10000000000000142,0.13251588979376142
1065,90.55,90.04651548499916,0.47499999999999787,0.5596082031119501
1066,90.875,90.37526475380736,0.32500000000000284,0.3287492688081865
1067,91.3,90.97103229560092,0.4250000000000007,0.5957675417935825
1068,91.575,91.2553654766868,0.2749999999999986,0.28433318108586203
1069,91.69999999999999,91.3470340281736,0.125,0.09166855148679925
1070,92.15,91.75998481172998,0.4499999999999993,0.41295078355636955
1071,92.6,92.04743686363892,0.45000000000000284,0.28745205190895895
1072,92.89999999999999,92.32436317832835,0.29999999999999716,0.27692631468943923
1073,93.07499999999999,92.50585715195875,0.1750000000000007,0.1814939736303845
1074,93.075,92.4436015780712,3.552713678800501e-15,-0.062255573887557945
1075,92.82499999999999,92.0700465132906,-0.25,-0.37355506478058526
1076,92.92500000000001,92.19417078422897,0.09999999999999432,0.12412427093836097
1077,93.225,92.19578635941865,0.30000000000000426,0.001615575189695111
1078,93.5,92.37337921431248,0.2749999999999986,0.17759285489381554
1079,93.225,91.90802072823038,-0.27500000000000213,-0.46535848608208713
1080,93.125,91.84892823687954,-0.09999999999999787,-0.059092491350843615
1081,93.25,91.89401086480625,0.125,0.04508262792669812
1082,93.425,92.07266563098115,0.17499999999999716,0.17865476617490894
1083,93.475,92.11430551300353,0.05000000000000071,0.04163988202236702
1084,93.625,92.25032998187045,0.15000000000000213,0.1360244688669303
1085,93.8,92.36117676275789,0.1750000000000007,0.1108467808874318
1086,93.75,92.31676067503555,-0.05000000000000426,-0.04441608772232749
1087,93.725,92.30942247322129,-0.02499999999999858,-0.007338201814260698
1088,93.7,92.21286521912562,-0.02499999999999858,-0.09655725409566426
1089,93.775,92.2600546811346,0.07500000000000284,0.047189462008964206
1090,93.7,92.19151715388725,-0.07499999999999929,-0.0685375272473692
1091,94.075,92.40222660561035,0.37499999999999645,0.2107094517231171
1092,94.075,92.34274723742276,0.0,-0.05947936818760378
1093,94.325,92.5640896398345,0.25,0.22134240241176611
1094,94.52499999999999,92.85595889430482,0.1999999999999993,0.2918692544703362
1095,94.575,92.93005166436546,0.05000000000000426,0.07409277006061338
1096,94.775,93.05589022972269,0.1999999999999993,0.12583856535723265
1097,94.80000000000001,93.060452225837,0.02499999999999858,0.0045619961143012755
1098,94.85000000000001,93.10764451925927,0.05000000000000071,0.047192293422281636
1099,94.97500000000001,93.27162288180567,0.125,0.1639783625463918
1100,94.97500000000001,93.27162288180567,0.0,0.0
1101,94.975,93.27439908750561,0.0,0.0027762056999598127
1102,95.1,93.34082978067075,0.12500000000000355,0.06643069316511063
1103,95.17500000000001,93.40646509870712,0.07499999999999574,0.06563531803637977
1104,95.35,93.64552381518641,0.1750000000000007,0.23905871647929822
1105,95.35,93.64552381518641,0.0,0.0
1106,95.475,93.81227838343275,0.125,0.166754568246347
1107,95.60000000000001,93.89370369248098,0.125,0.08142530904823049
1108,95.675,93.9734090442837,0.07499999999999574,0.07970535180272013
1109,95.825,94.12053833595049,0.15000000000000568,0.14712929166677402
1110,95.975,94.21207805251294,0.14999999999999858,0.09153971656245062
1111,96.05,94.40407614190762,0.07499999999999929,0.19199808939468263
1112,96.075,94.31763046391286,0.024999999999995026,-0.08644567799476909
1113,96.075,94.31763046391286,0.0,0.0
1114,96.175,94.33785361611464,0.10000000000000497,0.020223152201805216
1115,96.375,94.60282239394665,0.1999999999999993,0.2649687778320055
1116,96.37499999999999,94.60837480534657,0.0,0.005552411399919238
1117,96.69999999999999,94.75622231331994,0.3249999999999993,0.14784750797337404
1118,96.99999999999999,95.23447141261622,0.3000000000000007,0.4782490992962671
1119,96.95,95.1816637060385,-0.05000000000000071,-0.05280770657771596
1120,96.875,95.01656609328214,-0.07499999999999929,-0.16509761275636078
1121,96.875,94.98682640918834,0.0,-0.029739684093799783
1122,96.775,94.87386996280533,-0.10000000000000142,-0.11295644638301532
1123,96.825,94.94796273286595,0.05000000000000426,0.07409277006061338
1124,96.94999999999999,95.1147803028678,0.125,0.1668175700018655
1125,96.875,95.08437407856962,-0.07499999999999929,-0.030406224298175685
1126,96.9,95.11589955307778,0.02499999999999858,0.031525474508141235
1127,96.85,95.03896757556168,-0.05000000000000071,-0.07693197751608603
1128,96.775,94.97882166716971,-0.0750000000000064,-0.060145908391982965
1129,96.925,95.18820653272404,0.15000000000000568,0.2093848655543376
1130,96.975,95.1703670465588,0.04999999999999716,-0.017839486165242426
1131,96.95,95.1787614968275,-0.02499999999999858,0.008394450268716838
1132,97.12500000000001,95.4494745227393,0.1750000000000007,0.2707130259117881
1133,97.2,95.50505560360365,0.07499999999999574,0.05558108086435347
1134,97.125,95.5005622720715,-0.07499999999999929,-0.0044933315321444645
1135,97.4,95.74219932268055,0.27500000000000213,0.24163705060904558
1136,97.57499999999999,95.98866207414297,0.1750000000000007,0.24646275146239705
1137,97.525,96.0258114560465,-0.05000000000000071,0.037149381903536956
1138,97.42500000000001,95.954563556268,-0.09999999999999787,-0.07124789977849426
1139,97.60000000000001,96.15635500950897,0.17499999999999716,0.20179145324098077
1140,97.80000000000001,96.52627549170536,0.20000000000000284,0.36992048219638846
1141,97.85000000000001,96.66725166493667,0.05000000000000071,0.14097617323131378
1142,98.125,97.09077806025283,0.2749999999999986,0.42352639531614533
1143,98.175,97.25587850442251,0.05000000000000071,0.16510044416967742
1144,98.32499999999999,97.52930756569206,0.14999999999999858,0.27342906126955907
1145,98.8,98.25599704354492,0.4750000000000014,0.7266894778528679
1146,99.15,98.85109804513414,0.3500000000000014,0.5951010015892078
1147,99.25,99.04488192494316,0.09999999999999787,0.19378387980902412
1148,99.225,99.0291521042735,-0.02500000000000213,-0.01572982066965548
1149,99.625,99.49590950393319,0.3999999999999986,0.46675739965966845
1150,99.825,99.78506555445907,0.20000000000000284,0.2891560505258925
1151,99.7,99.6266396033126,0.020000000000001704,0.030163666755301948
1152,100.0,100.00000000000001,0.29999999999999716,0.3733603966873989
1153,99.875,99.87851302737015,0.2,0.23463846580817138
1154,100.0,100.00000000000001,0.125,0.12148697262982949
1155,100.0,100.0,0.0,0.0
1156,100.0,100.0,0.0,0.0
1157,99.95,99.96090667427596,-0.04999999999999716,-0.03909332572404005
1158,99.95,99.96090667427596,0.0,0.0
1159,99.85,99.83909332572405,-0.10000000000000142,-0.12181334855191721
1160,99.80000000000001,99.7781866514481,-0.04999999999999716,-0.060906674275954274
1161,100.1,100.14362669710384,0.29999999999999716,0.36544004565574295
1162,100.0,100.06544004565573,-0.10000000000000142,-0.07818665144808565
1163,100.15,100.18272002282787,0.14999999999999858,0.1172799771721257
1164,100.15,100.18272002282787,0.0,0.0
1165,100.1,100.14362669710384,-0.04999999999999716,-0.03909332572404005
1166,100.1,100.14362669710384,0.0,0.0
1167,100.1,100.14362669710384,0.0,0.0
1168,100.1,100.14362669710384,0.0,0.0
1169,100.2,100.26544004565574,0.10000000000000142,0.12181334855191721
1170,100.55,100.53909332572404,0.3499999999999943,0.2736532800682914
1171,100.55,100.53909332572404,0.0,0.0
1172,100.45,100.43909332572404,-0.09999999999999432,-0.09999999999999432
1173,100.45,100.46090667427595,0.0,0.021813348551914222
1174,100.45,100.46090667427595,0.0,0.0
1175,100.55,100.4954666286202,0.09999999999999432,0.034559954344248536
1176,100.5,100.43455995434425,-0.04999999999999716,-0.060906674275954274
1177,36.075,33.75818475500305,0.17499999999999982,0.09450657229464801
1178,36.199999999999996,33.798866046130364,0.12499999999999911,0.040681291127309775
1179,36.25,33.86986027893445,0.05000000000000071,0.07099423280409878
1180,36.125,33.75596373277412,-0.1250000000000009,-0.11389654616033904
1181,36.075,33.687303344870614,-0.04999999999999982,-0.0686603879035055
1182,36.075,33.729719053890356,1.7763568394002505e-15,0.04241570901973813
1183,36.1,33.770860463772586,0.024999999999999467,0.041141409882223805
1184,36.15,33.81327504112366,0.05000000000000071,0.04241457735107566
1185,36.25,33.89810419582581,0.09999999999999787,0.0848291547021483
1186,36.275,33.89825619326929,0.025000000000000355,0.0001519974434850401
1187,36.375,33.995372988101245,0.09999999999999964,0.097116794831957
1188,36.6,34.19264178037669,0.22500000000000142,0.19726879227544308
1189,36.75,34.33238677426549,0.14999999999999947,0.13974499388880174
1190,36.675,34.283054735965386,-0.07499999999999929,-0.049332038300100745
1191,36.8,34.4117863888619,0.12499999999999822,0.1287316528965059
1192,37.125,34.68290087543477,0.3249999999999993,0.2711144865728706
1193,37.349999999999994,34.91163252833127,0.22500000000000053,0.22873165289650785
1194,37.55,35.0677599107245,0.20000000000000107,0.15612738239321794
1195,37.800000000000004,35.277376835723366,0.25,0.2096169249988735
1196,38.0,35.44169597820312,0.1999999999999993,0.1643191424797546
1197,38.025,35.47874150804208,0.024999999999999467,0.037045529838954754
1198,38.22500000000001,35.62922459695512,0.20000000000000195,0.15048308891304354
1199,38.62499999999999,36.00461870468945,0.3999999999999977,0.3753941077343341
1200,38.74999999999999,36.10322228869603,0.12500000000000178,0.0986035840065794
1201,39.074999999999996,36.37988956389922,0.3250000000000002,0.2766672752031863
1202,39.275000000000006,36.57157568695677,0.20000000000000107,0.1916861230575531
1203,39.4,36.66608339092008,0.12499999999999822,0.09450770396330771
1204,39.5,36.75091254562223,0.09999999999999964,0.08482915470214945
1205,39.550000000000004,36.80285367479098,0.05000000000000071,0.05194112916875003
1206,39.725,36.95494680140321,0.17499999999999982,0.15209312661223362
1207,39.75,36.982465779424494,0.025000000000000355,0.027518978021281695
1208,40.275000000000006,37.47142069475749,0.5250000000000012,0.48895491533299484
1209,40.400000000000006,37.57412015880733,0.125,0.10269946404984698
1210,40.75,37.84529513797383,0.34999999999999964,0.27117497916649536
1211,41.2,38.29259102683186,0.4499999999999984,0.44729588885802735
1212,41.4,38.45414908099948,0.1999999999999993,0.16155805416762212
1213,41.9,38.8539940888002,0.5000000000000018,0.3998450078007185
1214,42.175000000000004,39.09379957528263,0.27500000000000036,0.23980548648242803
1215,42.62500000000001,39.50074691681923,0.4499999999999993,0.40694734153659934
1216,42.875,39.699288876563514,0.24999999999999822,0.19854195974429056
1217,43.25,40.0087220604442,0.3750000000000018,0.30943318388067864
1218,43.300000000000004,40.041610085977595,0.05000000000000071,0.032888025533401276
1219,43.375,40.100468676095375,0.07499999999999929,0.05885859011777513
1220,43.525000000000006,40.23878737340318,0.15000000000000213,0.13831869730780802
1221,43.599999999999994,40.29221529174655,0.07499999999999751,0.05342791834336833
1222,43.650000000000006,40.32919919732322,0.05000000000000071,0.03698390557667033
1223,43.925,40.534658618016536,0.27500000000000036,0.20545942069331868
1224,44.15,40.73192741029197,0.22500000000000142,0.19726879227544308
1225,44.300000000000004,40.83468736693545,0.14999999999999858,0.10275995664347025
1226,44.625,41.09497112196555,0.3249999999999984,0.2602837550301088
1227,44.925,41.32627899038734,0.2999999999999998,0.2313078684217831
1228,44.949999999999996,41.34681888319731,0.025000000000000355,0.02053989280996969
1229,45.199999999999996,41.57527529012576,0.25,0.22845640692845118
1230,45.449999999999996,41.773817249870056,0.25,0.19854195974429242
1231,45.625,41.9367717200311,0.1750000000000016,0.16295447016104547
1232,45.800000000000004,42.06538012440303,0.17499999999999982,0.12860840437193574
1233,46.125,42.34204739960622,0.3249999999999984,0.27666727520318507
1234,46.275,42.46252566815391,0.15000000000000036,0.12047826854768391
1235,47.025000000000006,43.11276339168647,0.7500000000000018,0.6502377235325616
1236,47.2,43.256542641356255,0.1750000000000007,0.14377924966978636
1237,47.25,43.293526546932924,0.049999999999998934,0.03698390557666887
1238,47.525,43.53997538006498,0.27499999999999947,0.24644883313205745
1239,47.825,43.76609681042419,0.3000000000000007,0.22612143035919885
1240,47.87499999999999,43.82777811311637,0.04999999999999716,0.06168130269219189
1241,47.949999999999996,43.89349367158955,0.07500000000000284,0.06571555847317928
1242,48.550000000000004,44.507687913208414,0.6000000000000005,0.6141942416188588
1243,48.7,44.61044786985188,0.14999999999999858,0.10275995664347025
1244,48.89999999999999,44.745973735172846,0.1999999999999993,0.13552586532096106
1245,49.05,44.85282957185958,0.15000000000000036,0.10685583668674076
1246,49.12499999999999,44.885869594836464,0.07499999999999751,0.0330400229768833
1247,49.475,45.18595996801767,0.35000000000000053,0.30009037318119924
1248,49.575,45.27643341619999,0.1000000000000032,0.0904734481823285
1249,49.575,45.27643341619999,0.0,0.0
1250,49.375,45.116210153763504,-0.20000000000000107,-0.160223262436487
1251,49.25,45.01760656975692,-0.12500000000000178,-0.0986035840065794
1252,49.324999999999996,45.154012366147235,0.07499999999999929,0.13640579639030506
1253,49.225,45.075948674950624,-0.09999999999999787,-0.07806369119660708
1254,49.24999999999999,45.13338210015607,0.025000000000000355,0.057433425205441105
1255,49.05,44.96087119758977,-0.20000000000000107,-0.17251090256629387
1256,48.775,44.71854885650703,-0.2749999999999986,-0.2423223410827384
1257,48.675000000000004,44.620005765094085,-0.09999999999999964,-0.0985430914129532
1258,48.474999999999994,44.464000499556775,-0.20000000000000018,-0.15600526553730734
1259,48.875,44.94767230421753,0.40000000000000036,0.48367180466076076
1260,48.925000000000004,45.124343705845185,0.05000000000000071,0.17667140162764666
1261,48.949999999999996,45.11596820464045,0.024999999999999467,-0.008375501204734173
1262,48.925,45.09818940014261,-0.025000000000000355,-0.017778804497836913
1263,48.800000000000004,44.96657454207806,-0.125,-0.13161485806455098
1264,48.8,44.98717605915031,0.0,0.02060151707225543
1265,48.824999999999996,45.04482310606152,0.024999999999999467,0.057647046911210184
1266,48.849999999999994,45.05717123878495,0.025000000000000355,0.012348132723431587
1267,48.85,45.06958099577067,0.0,0.012409756985717628
1268,48.8,45.07380012433851,-0.04999999999999982,0.004219128567840393
1269,48.85,45.10259226982864,0.049999999999998934,0.028792145490131055
1270,48.8,45.045006847179714,-0.05000000000000071,-0.05758542264892576
1271,48.625,44.92182911458219,-0.17499999999999716,-0.12317773259752829
1272,48.6,44.90671989354663,-0.025000000000000355,-0.015109221035564361
1273,48.625,45.026293608530516,0.025000000000000355,0.11957371498388682
1274,48.675,45.1333959422664,0.049999999999998934,0.10710233373588228
1275,48.75,45.174536220479965,0.07500000000000107,0.041140278213564106
1276,48.775,45.21158175031891,0.025000000000000355,0.03704552983895607
1277,48.8,45.25815383197555,0.02499999999999769,0.04657208165662729
1278,48.85000000000001,45.311643374581195,0.05000000000000071,0.05348954260565671
1279,48.825,45.295199361814504,-0.025000000000000355,-0.016444012766700638
1280,48.925,45.4309717241846,0.09999999999999876,0.13577236237010418
1281,48.925,45.4309717241846,0.0,0.0
1282,48.824999999999996,45.385797190190054,-0.10000000000000053,-0.04517453399454727
1283,49.125,45.71480408905462,0.3000000000000007,0.3290068988645641
1284,49.2,45.78473764442697,0.07500000000000107,0.06993355537235735
1285,49.300000000000004,45.87111521256603,0.09999999999999876,0.08637756813905549
1286,49.275,45.85876707984261,-0.025000000000000355,-0.012348132723431587
1287,49.25,45.83400919013345,-0.024999999999999467,-0.02475788970914789
1288,49.150000000000006,45.74641894711917,-0.09999999999999787,-0.08759024301428078
1289,49.15,45.768355255922565,-2.6645352591003757e-15,0.021936308803388548
1290,49.275000000000006,45.88346447695813,0.12500000000000178,0.11510922103556577
1291,49.225,45.84957739825527,-0.04999999999999982,-0.033887078702856434
1292,49.35,46.033043012307374,0.12499999999999911,0.18346561405210013
1293,49.4,46.08653255491303,0.05000000000000071,0.05348954260565671
1294,49.325,46.085504752824654,-0.07500000000000107,-0.0010278020883700268
1295,49.0,45.82258202633832,-0.3249999999999993,-0.2629227264863325
1296,49.0,45.832322199861764,0.0,0.00974017352344516
1297,49.225,46.0211856103449,0.22499999999999964,0.18886341048313304
1298,49.3,46.0963362157859,0.07499999999999929,0.07515060544099042
1299,49.15,45.959565931914995,-0.15000000000000036,-0.13677028387089948
1300,49.14999999999999,45.970640897169574,-8.881784197001252e-16,0.011074965254579738
1301,49.224999999999994,46.039026039105025,0.07500000000000107,0.06838514193545067
1302,49.224999999999994,46.039026039105025,0.0,0.0
1303,49.175,46.00613801357162,-0.049999999999998934,-0.03288802553340011
1304,49.099999999999994,45.94994900691612,-0.07499999999999929,-0.05618900665550228
1305,49.224999999999994,46.05264847096597,0.125,0.10269946404984698
1306,49.275000000000006,46.1102338936149,0.05000000000000071,0.05758542264892576
1307,49.150000000000006,46.121403358475135,-0.12500000000000178,0.011169464860237519
1308,49.24999999999999,46.25717572084523,0.10000000000000053,0.13577236237010562
1309,49.3,46.29980391990208,0.05000000000000249,0.0426281990568479
1310,49.150000000000006,46.19294808321534,-0.15000000000000213,-0.10685583668674194
1311,49.125,46.18059995049191,-0.02499999999999858,-0.01234813272343042
1312,49.150000000000006,46.19704396325861,0.025000000000000355,0.016444012766700638
1313,49.0,46.05617779934445,-0.15000000000000036,-0.14086616391416854
1314,48.95,46.01509801372451,-0.05000000000000071,-0.04107978561993938
1315,48.875,45.953478335294605,-0.07499999999999929,-0.06161967842990761
1316,48.77499999999999,45.89722883604547,-0.10000000000000142,-0.05624949924912885
1317,48.89999999999999,45.99992830009531,0.125,0.10269946404984698
1318,48.95,46.05751372274424,0.049999999999998934,0.05758542264892312
1319,48.925,46.03154315815986,-0.02499999999999858,-0.025970564584373173
1320,48.95,46.05906213618115,0.025000000000000355,0.027518978021281695
1321,48.825,45.97274619230437,-0.12500000000000178,-0.08631594387677223
1322,48.8,45.94965883288804,-0.025000000000000355,-0.023087359416332057
1323,48.75,45.91677080735463,-0.05000000000000071,-0.032888025533401276
1324,48.7,45.90038841885023,-0.04999999999999716,-0.01638238850441226
1325,48.7,45.920989935922485,0.0,0.02060151707225543
1326,48.800000000000004,46.032064901177066,0.09999999999999787,0.11107496525457837
1327,48.775,45.99923736823729,-0.025000000000000355,-0.03282753293977655
1328,48.9,46.08012264033965,0.125,0.08088527210236575
1329,48.875,46.05958274752968,-0.025000000000000355,-0.02053989280996969
1330,49.05,46.20757999409865,0.1750000000000007,0.1479972465689656
1331,48.900000000000006,46.1007241574119,-0.14999999999999858,-0.1068558366867393
1332,48.975,46.17475359282753,0.07499999999999929,0.07402943541562523
1333,48.650000000000006,45.84821121848525,-0.3249999999999993,-0.32654237434228867
1334,49.05,46.33604795854866,0.3999999999999986,0.4878367400634242
1335,49.099999999999994,46.3716970723942,0.049999999999998934,0.03564911384553259
1336,49.12499999999999,46.408742602233154,0.025000000000000355,0.03704552983895607
1337,49.074999999999996,46.35680147306441,-0.049999999999998934,-0.05194112916874819
1338,49.15,46.41842115149432,0.07500000000000107,0.061619678429909064
1339,49.175,46.44305692434756,0.025000000000000355,0.024635772853238442
1340,49.35,46.64742805035888,0.1750000000000007,0.2043711260113254
1341,49.425,46.71038252051992,0.07499999999999751,0.06295447016104272
1342,49.45,46.768029567431135,0.02500000000000213,0.05764704691121267
1343,49.525,46.85856463987575,0.07499999999999751,0.09053507244460897
1344,49.525,46.85856463987575,0.0,0.0
1345,49.525,46.869639605130324,0.0,0.011074965254581055
1346,49.62499999999999,46.94925170976384,0.10000000000000142,0.07961210463351638
1347,49.625,46.94382103798944,1.7763568394002505e-15,-0.005430671774403484
1348,49.724999999999994,47.03429448617177,0.09999999999999964,0.09047344818232558
1349,49.87500000000001,47.17825747695975,0.14999999999999858,0.14396299078797994
1350,49.9,47.231808643827684,0.025000000000000355,0.05355116686794246
1351,49.925000000000004,47.24825265659438,0.025000000000000355,0.016444012766700638
1352,49.925,47.23872610477672,0.0,-0.009526551817674379
1353,49.824999999999996,47.15389695007456,-0.10000000000000142,-0.08482915470215131
1354,50.125,47.47704593375319,0.3000000000000007,0.32314898367861755
1355,50.175,47.54704111338782,0.05000000000000071,0.06999517963464309
1356,50.2,47.56348512615453,0.025000000000000355,0.016444012766700638
1357,50.275,47.61691304449789,0.07499999999999929,0.053427918343369796
1358,50.425000000000004,47.797861072531205,0.15000000000000036,0.18094802803331245
1359,50.5,47.847193110831306,0.07499999999999929,0.049332038300100745
1360,50.725,48.00338098581815,0.22499999999999964,0.15618787498684122
1361,51.075,48.34169968312595,0.3500000000000014,0.3383186973078078
1362,51.125,48.37049182861609,0.049999999999998934,0.028792145490131055
1363,51.175,48.40747573419276,0.05000000000000071,0.03698390557667033
1364,51.225,48.4462216749121,0.04999999999999716,0.03874594071934398
1365,51.35,48.57374065293339,0.12500000000000178,0.12751897802128312
1366,51.324999999999996,48.56682319198436,-0.025000000000000355,-0.006917460949026259
1367,51.825,49.000800643868416,0.5000000000000018,0.4339774518840571
1368,51.89999999999999,49.06785099407273,0.07499999999999751,0.06705035020431147
1369,52.025000000000006,49.17886433506503,0.125,0.1110133409922941
1370,52.275000000000006,49.4032248619502,0.25,0.22436052688518213
1371,52.425,49.53201700744033,0.15000000000000036,0.12879214549013246
1372,52.85,49.85243252005707,0.4250000000000025,0.3204155126167384
1373,53.25,50.14144679631503,0.3999999999999968,0.28901427625795434
1374,53.675,50.470389807579984,0.4250000000000025,0.3289430112649575
1375,53.824999999999996,50.564958004136926,0.15000000000000036,0.0945681965569339
1376,54.175,50.803365942957264,0.34999999999999787,0.23840793882034178
1377,54.425000000000004,50.97190195066754,0.25000000000000355,0.16853600771027571
1378,54.7,51.2021808853323,0.2749999999999968,0.23027893466474988
1379,54.775000000000006,51.24741704358912,0.07499999999999929,0.0452361582568314
1380,54.85000000000001,51.30084496193249,0.07500000000000284,0.053427918343372426
1381,55.175,51.67111538753519,0.3249999999999993,0.3702704256026982
1382,55.324999999999996,51.77930601595307,0.15000000000000036,0.10819062841787704
1383,55.425000000000004,51.850604243644135,0.09999999999999787,0.07129822769106518
1384,55.85,52.252662842576676,0.4250000000000007,0.4020585989325367
1385,55.925000000000004,52.31018664096331,0.07500000000000284,0.057523798386641185
1386,55.949999999999996,52.33072653377328,0.02499999999999858,0.02053989280996823
1387,56.15,52.47456627603669,0.1999999999999993,0.14383974226340962
1388,56.05,52.388310824753546,-0.10000000000000142,-0.08625545128314752
1389,56.27499999999999,52.565100216812645,0.22499999999999964,0.17678939205909694
1390,56.574999999999996,52.77471601014285,0.3000000000000007,0.2096157933302122
1391,56.925,53.148593448115,0.3500000000000014,0.3738774379721418
1392,57.1,53.28685052116051,0.17499999999999893,0.13825707304551896
1393,57.5,53.54452405365331,0.40000000000000036,0.25767353249280167
1394,58.175,54.11663646172698,0.6750000000000007,0.5721124080736663
1395,58.52499999999999,54.45095078384138,0.34999999999999964,0.33431432211439643
1396,58.70000000000001,54.708721079277154,0.1750000000000007,0.2577702954357825
1397,59.075,55.074558754606244,0.375,0.36583767532908756
1398,59.125,55.142791899098206,0.04999999999999716,0.06823314449196272
1399,59.525000000000006,55.4689133294574,0.4000000000000039,0.32612143035920177
1400,59.75000000000001,55.76233273873873,0.22499999999999964,0.2934194092813151
1401,59.825,55.825287208899766,0.07499999999999751,0.06295447016104272
1402,59.824999999999996,55.83071788067417,1.7763568394002505e-15,0.0054306717744067885
1403,60.2,56.20341252435867,0.3749999999999982,0.3726946436844877
1404,60.199999999999996,56.22810992147419,1.7763568394002505e-15,0.024697397115525946
1405,60.24999999999999,56.285481722417344,0.04999999999999716,0.05737180094315206
1406,60.325,56.34843619257838,0.07500000000000462,0.06295447016104797
1407,60.55,56.59379559935978,0.22499999999999432,0.2453594067813989
1408,60.724999999999994,56.77058612308755,0.1750000000000007,0.1767905237277591
1409,60.925,57.01178915723206,0.20000000000000107,0.24120303414451108
1410,61.400000000000006,57.445736728528544,0.47499999999999964,0.43394757129647926
1411,61.6,57.63909338187891,0.20000000000000107,0.19335665335037025
1412,61.775,57.76239323133235,0.1750000000000007,0.1232998494534414
1413,62.125,58.10623410526441,0.34999999999999787,0.34384087393206964
1414,62.225,58.170675364600086,0.09999999999999964,0.06444125933566511
1415,62.574999999999996,58.532478784148196,0.3500000000000032,0.36180341954810663
1416,62.824999999999996,58.762605721369454,0.25,0.2301269372212686
1417,63.525,59.390153448309654,0.6999999999999993,0.627547726940194
1418,63.875,59.75993500623852,0.34999999999999964,0.36978155792887063
1419,64.425,60.246189325853,0.5500000000000007,0.48625431961448606
1420,64.625,60.460932927739314,0.1999999999999993,0.21474360188630814
1421,64.95,60.762206095208164,0.32500000000000107,0.30127316746885174
1422,65.22500000000001,61.08153444481158,0.27500000000000213,0.3193283496034065
1423,65.625,61.40619896658373,0.40000000000000036,0.32466452177215205
1424,66.075,61.830437376613,0.4499999999999993,0.42423841002927076
1425,66.175,61.90030930772306,0.09999999999999787,0.06987193111006897
1426,66.4,62.09184230166848,0.22500000000000142,0.19153299394540704
1427,66.85,62.66639348010129,0.4499999999999975,0.5745511784328229
1428,66.95,62.74579196302904,0.09999999999999964,0.07939848292774453
1429,66.95,62.75686692828363,0.0,0.011074965254581055
1430,67.5,63.33484024629904,0.5500000000000043,0.5779733180154134
1431,67.69999999999999,63.49096762869225,0.19999999999999574,0.15612738239321416
1432,67.89999999999999,63.62251973082585,0.20000000000000284,0.1315521021336051
1433,68.075,63.77172965227005,0.1750000000000007,0.1492099214441913
1434,68.275,63.98957008103016,0.1999999999999975,0.21784042876012022
1435,68.675,64.37185176912595,0.40000000000000036,0.38228168809578755
1436,68.775,64.4703948605389,0.09999999999999787,0.09854309141295203
1437,68.75,64.45528563950334,-0.025000000000000355,-0.015109221035564361
1438,69.4,65.26172692196877,0.6500000000000021,0.8064412824654329
1439,69.625,65.46421276431285,0.22499999999999964,0.20248584234407643
1440,69.75,65.56148155658828,0.12499999999999822,0.0972687922754402
1441,69.925,65.80851262533118,0.17499999999999893,0.2470310687428804
1442,70.325,66.14946916242654,0.40000000000000213,0.34095653709536955
1443,70.5,66.39228223427024,0.17499999999999893,0.24281307184370202
1444,71.25,67.18766873763424,0.7500000000000018,0.7953865033639929
1445,71.425,67.33290489589106,0.17499999999999893,0.14523615825683048
1446,71.375,67.27143721490464,-0.04999999999999716,-0.0614676809864214
1447,71.425,67.3249267575103,0.049999999999998934,0.05348954260565555
1448,71.89999999999999,67.8896761381574,0.47499999999999964,0.5647493806470938
1449,72.27499999999999,68.3682615723712,0.37499999999999645,0.47858543421380445
1450,72.2,68.31483365402784,-0.07499999999999929,-0.053427918343369504
1451,72.9,69.31909721546062,0.7000000000000011,1.0042635614327842
1452,73.175,69.76227890120937,0.2749999999999986,0.4431816857487543
1453,73.60000000000001,70.32059968858127,0.4250000000000025,0.5583207873718974
1454,74.525,71.52149117717218,0.9249999999999989,1.2008914885909117
1455,74.925,72.04410122643625,0.40000000000000213,0.5226100492640776
1456,75.425,72.67990646414972,0.5,0.6358052377134773
1457,76.6,74.24172669931254,1.1750000000000007,1.561820235162796
1458,76.82499999999999,74.48808515926338,0.22499999999999787,0.246358459950858
1459,76.925,74.6028287611497,0.10000000000000142,0.11474360188631072
1460,77.19999999999999,74.96602972835989,0.274999999999995,0.36320096721018097
1461,77.42499999999998,75.19976480961925,0.22500000000000142,0.2337350812593733
1462,78.15,75.78838172305325,0.725000000000005,0.5886169134339941
1463,80.125,78.27229325921871,1.9749999999999979,2.483911536165469
1464,80.6,78.88255517575936,0.47499999999999787,0.6102619165406412
1465,82.6,81.53631215745331,2.0,2.6537569816939484
1466,83.7,82.7532088578778,1.1000000000000014,1.216896700424504
1467,84.54999999999998,83.58778986319449,0.8500000000000014,0.834581005316684
1468,85.625,84.9479597542176,1.0749999999999993,1.360169891023118
1469,85.82499999999999,85.1448629273438,0.1999999999999993,0.1969031731261858
1470,85.875,85.17775095287719,0.05000000000000071,0.032888025533401276
1471,86.0,85.2980772239814,0.125,0.12032627110419952
1472,86.75,86.07176348973823,0.75,0.7736862657568345
1473,86.925,86.21278165109588,0.1750000000000007,0.14101816135765322
1474,87.125,86.42054616777088,0.1999999999999993,0.20776451667499643
1475,87.3,86.69093984189814,0.1750000000000007,0.27039367412727017
1476,87.39999999999999,86.79482210023565,0.09999999999999787,0.10388225833749638
1477,87.3,86.72352387254456,-0.10000000000000142,-0.0712982276910681
1478,87.375,86.78514355097448,0.07499999999999929,0.06161967842990761
1479,87.475,86.88902580931199,0.10000000000000142,0.10388225833750006
1480,87.475,86.88902580931199,0.0,0.0
1481,87.925,87.4285900568384,0.45000000000000284,0.5395642475264075
1482,88.175,87.59712606454868,0.25,0.1685360077102728
1483,88.175,87.59712606454868,0.0,0.0
1484,88.44999999999999,87.87215455313374,0.2749999999999986,0.2750284885850786
1485,88.80000000000001,88.1595300427736,0.3500000000000014,0.2873754896398529
1486,89.275,88.62439111442369,0.47499999999999787,0.4648610716500936
1487,89.85,89.3322276812139,0.5750000000000028,0.7078365667901951
1488,90.14999999999999,89.56641875480372,0.29999999999999716,0.23419107358982358
1489,90.75,90.22115271595929,0.6000000000000014,0.6547339611555936
1490,91.425,91.27356851616034,0.6750000000000007,1.0524158002010318
1491,91.6,91.36364346985003,0.17499999999999716,0.0900749536896961
1492,91.7,91.44580304108992,0.10000000000000142,0.08215957123987876
1493,91.675,91.42935902832322,-0.02499999999999858,-0.016444012766699472
1494,91.725,91.47043881394316,0.05000000000000071,0.04107978561993938
1495,91.725,91.44983729687088,-3.552713678800501e-15,-0.020601517072259237
1496,93.14999999999999,92.78880961435205,1.4250000000000043,1.3389723174811525
1497,93.14999999999999,92.78880961435205,0.0,0.0
1498,93.2,92.8407507435208,0.05000000000000071,0.05194112916875003
1499,93.925,93.70868958756023,0.7249999999999979,0.8679388440394263
1500,94.025,93.83627018984379,0.09999999999999787,0.12758060228356505
1501,94.37499999999999,94.07756133383216,0.3500000000000014,0.24129114398838847
1502,94.75,94.66058064998825,0.375,0.58301931615608
1503,94.825,94.70991268828836,0.07499999999999929,0.049332038300100745
1504,94.85000000000001,94.72092602928065,0.02500000000000213,0.011013340992297449
1505,95.325,95.25576096274358,0.47499999999999787,0.5348349334629333
1506,95.37499999999999,95.28864898827698,0.05000000000000071,0.032888025533401276
1507,95.39999999999999,95.30509300104369,0.02500000000000213,0.016444012766701807
1508,95.55000000000001,95.47784926899045,0.15000000000000213,0.1727562679467761
1509,95.575,95.49429328175717,0.02499999999999858,0.016444012766699472
1510,95.55,95.43974306171977,-0.02500000000000213,-0.05455022003739932
1511,96.375,96.48490153598563,0.8249999999999957,1.0451584742658606
1512,96.575,96.64503329357224,0.1999999999999993,0.16013175758662523
1513,96.625,96.68611307919218,0.05000000000000071,0.04107978561993938
1514,96.85,96.93556836601687,0.22500000000000497,0.2494552868246774
1515,97.475,97.48353386891111,0.625,0.5479655028942528
1516,97.625,97.6352613763741,0.14999999999999858,0.15172750746297842
1517,97.69999999999999,97.70519493174645,0.07499999999999929,0.06993355537235471
1518,97.625,97.63680978981098,-0.07500000000000284,-0.06838514193545184
1519,97.67500000000001,97.66969781534439,0.05000000000000071,0.032888025533401276
1520,97.75,97.73143961063022,0.07500000000000284,0.061741795285821875
1521,97.725,97.69439408079126,-0.02500000000000213,-0.0370455298389587
1522,97.69999999999999,97.69290729161663,-0.02499999999999858,-0.0014867891746194754
1523,97.975,98.14161115398967,0.27500000000000213,0.448703862373025
1524,98.17500000000001,98.41737387562907,0.1999999999999993,0.2757627216393864
1525,98.47500000000001,98.74164402933305,0.29999999999999716,0.32427015370398127
1526,98.5,98.80183854285062,0.02500000000000213,0.06019451351757622
1527,98.625,98.93345340091516,0.12499999999999645,0.13161485806454573
1528,98.725,99.056388762888,0.10000000000000142,0.12293536197284882
1529,98.75,99.09188587929005,0.02499999999999858,0.03549711640204687
1530,98.69999999999999,99.05899785375665,-0.05000000000000071,-0.032888025533401276
1531,98.89999999999999,99.33885645543933,0.20000000000000284,0.279858601682661
1532,98.85,99.34717146405043,-0.04999999999999716,0.008315008611111927
1533,98.82499999999999,99.3225356911972,-0.02500000000000213,-0.024635772853239903
1534,98.725,99.24447200000058,-0.09999999999999787,-0.07806369119660708
1535,98.95,99.46234230934829,0.22499999999999787,0.2178703093476956
1536,98.99999999999999,99.5238099903347,0.05000000000000071,0.061467680986425084
1537,98.825,99.30569431560653,-0.1750000000000007,-0.218115674728179
1538,98.875,99.41146185761126,0.04999999999999716,0.10576754200474268
1539,98.82499999999999,99.36904728026019,-0.04999999999999716,-0.042414577351072645
1540,98.875,99.43072858295238,0.05000000000000071,0.06168130269219627
1541,98.89999999999999,99.41825720170436,0.02499999999999858,-0.012471381248004539
1542,98.9,99.38524592764641,0.0,-0.033011274057972766
1543,98.94999999999999,99.45102311038187,0.05000000000000071,0.06577718273546504
1544,99.00000000000001,99.4905544825649,0.05000000000000071,0.03953137218303123
1545,99.05,99.53982602827138,0.05000000000000071,0.049271545706477474
1546,98.97500000000001,99.49049398997127,-0.07499999999999929,-0.049332038300100745
1547,99.0,99.45742109165103,0.02499999999999858,-0.033072898320258504
1548,98.92500000000001,99.38748753627866,-0.07499999999999574,-0.06993355537235238
1549,98.6,98.90589564837225,-0.32500000000000284,-0.48159188790642626
1550,98.625,98.95401614346578,0.02499999999999858,0.04812049509353528
1551,98.65,98.97865191631902,0.02499999999999858,0.02463577285323757
1552,98.675,99.0154838244522,0.02499999999999858,0.03683190813318383
1553,98.65,98.96193265758427,-0.02500000000000213,-0.053551166867943915
1554,98.825,99.12643554118222,0.1750000000000007,0.16450288359795226
1555,98.8,99.08939001134326,-0.02499999999999858,-0.03704552983895344
1556,98.775,99.07139758513966,-0.02499999999999858,-0.017992426203607612
1557,98.975,99.31414903272108,0.1999999999999993,0.24275144758141656
1558,99.025,99.38824009239897,0.05000000000000071,0.07409105967791214
1559,99.05,99.40877998520897,0.02499999999999858,0.02053989280996823
1560,99.0,99.37046128790114,-0.04999999999999716,-0.038318697307803296
1561,99.175,99.49773490054194,0.1750000000000007,0.12727361264080114
1562,99.22500000000001,99.4700310497338,0.04999999999999716,-0.02770385080814223
1563,99.32500000000002,99.56050449791613,0.10000000000000497,0.09047344818233113
1564,99.32499999999999,99.57722375665088,-3.552713678800501e-15,0.016719258734751902
1565,99.275,99.44275444233722,-0.05000000000000071,-0.13446931431368078
1566,99.35,99.51113958427267,0.07499999999999929,0.0683851419354495
1567,99.55,99.6507613296369,0.20000000000000284,0.1396217453642342
1568,99.64999999999999,99.67521222970326,0.1200000000000017,0.06323275092718941
1569,100.0,99.99999999999999,0.34999999999999787,0.32478777029672096
1570,66.65,67.65091945108297,0.375,0.39207799521811737
1571,32.275,31.900141156997993,0.09999999999999787,0.08028574821842066
1572,32.550000000000004,32.16028443202659,0.27500000000000036,0.26014327502859874
1573,32.825,32.42606306598089,0.27499999999999947,0.265778633954304
1574,33.325,32.9331560501461,0.5000000000000009,0.5070929841652146
1575,33.775,33.379447630599316,0.4499999999999975,0.44629158045320727
1576,34.0,33.60966426194571,0.2250000000000023,0.23021663134639467
1577,34.4,34.00567428927669,0.39999999999999947,0.39601002733098056
1578,34.50000000000001,34.10422404505233,0.10000000000000142,0.0985497557756362
1579,34.625,34.25514158381254,0.125,0.1509175387602081
1580,34.7,34.35397394623721,0.07500000000000018,0.09883236242467991
1581,34.75,34.41986218785367,0.04999999999999982,0.06588824161645288
1582,34.85,34.544740828953685,0.10000000000000053,0.12487864110001559
1583,34.849999999999994,34.570874572245735,-1.7763568394002505e-15,0.026133743292056134
1584,34.900000000000006,34.610433928537816,0.05000000000000249,0.03955935629207535
1585,34.824999999999996,34.5517261357033,-0.07500000000000107,-0.058707792834517804
1586,34.775000000000006,34.512166779411224,-0.049999999999998934,-0.03955935629207194
1587,34.525,34.29075384005803,-0.2500000000000018,-0.22141293935319623
1588,34.475,34.24701675007976,-0.05000000000000071,-0.04373708997827278
1589,34.425,34.21707534436727,-0.05000000000000071,-0.029941405712490866
1590,34.325,34.12960116441072,-0.09999999999999964,-0.08747417995654401
1591,34.275,34.088584182879146,-0.05000000000000071,-0.04101698153158072
1592,34.275,34.141068954541005,0.0,0.05248477166186372
1593,33.974999999999994,33.845419687214104,-0.29999999999999893,-0.29564926732690316
1594,33.925,33.79060702141674,-0.05000000000000071,-0.054812665797363415
1595,34.025000000000006,33.90713019514436,0.1000000000000032,0.11652317372762003
1596,33.7,33.57435907332302,-0.32500000000000284,-0.33277112182133334
1597,33.75,33.626444249658554,0.05000000000000071,0.052085176335529365
1598,33.824999999999996,33.72947648881485,0.07499999999999751,0.10303223915630262
1599,33.975,33.923129097949776,0.1500000000000039,0.19365260913491836
1600,34.150000000000006,34.112328747764586,0.17499999999999893,0.1891996498148114
1601,34.075,34.02726992656026,-0.07500000000000107,-0.08505882120432387
1602,34.125,34.12365740617216,0.05000000000000071,0.09638747961189112
1603,34.225,34.24163082412413,0.09999999999999964,0.11797341795198107
1604,34.199999999999996,34.24047056756395,-0.025000000000000355,-0.001160256560178357
1605,34.35,34.40763605441788,0.15000000000000036,0.1671654868539218
1606,34.4,34.473524296034334,0.05000000000000071,0.06588824161645405
1607,34.324999999999996,34.40519117160509,-0.07500000000000107,-0.06833312442924304
1608,34.525000000000006,34.58736122857944,0.20000000000000284,0.182170056974349
1609,34.55,34.603774794644906,0.02499999999999858,0.016413566065466914
1610,34.625,34.67500102650774,0.07500000000000107,0.0712262318628317
1611,34.575,34.65905044709335,-0.05000000000000071,-0.01595057941438528
1612,34.5,34.593444812125945,-0.07499999999999929,-0.06560563496740761
1613,34.475,34.567571532437505,-0.025000000000000355,-0.025873279688439083
1614,34.475,34.57864710825659,-1.7763568394002505e-15,0.011075575819088296
1615,34.5,34.61159122906482,0.025000000000000355,0.03294412080822703
1616,34.525,34.63763750774015,0.02499999999999858,0.026046278675333826
1617,34.275,34.42730014420605,-0.2499999999999991,-0.21033736353410343
1618,34.325,34.493188385822506,0.05000000000000071,0.06588824161645405
1619,34.375,34.54110320948698,0.04999999999999982,0.04791482366447129
1620,34.224999999999994,34.420967515371245,-0.15000000000000124,-0.1201356941157277
1621,34.275,34.48412826752587,0.0500000000000016,0.06316075215462079
1622,34.25,34.45808198885053,-0.025000000000000355,-0.026046278675335675
1623,34.4,34.59636409990514,0.14999999999999947,0.13828211105460395
1624,34.575,34.77176068443902,0.17499999999999893,0.17539658453388673
1625,34.825,35.01423529121011,0.2500000000000018,0.24247460677108895
1626,35.025000000000006,35.205872442822574,0.1999999999999993,0.19163715161245937
1627,35.225,35.39207675855679,0.20000000000000018,0.1862043157342175
1628,35.5,35.66747334309068,0.27500000000000036,0.27539658453388816
1629,35.625,35.77281133333706,0.125,0.10533799024637772
1630,35.7,35.87164369576173,0.07499999999999929,0.09883236242467874
1631,36.25,36.34490045308073,0.5500000000000007,0.4732567573190014
1632,36.6,36.67482709676294,0.34999999999999964,0.3299266436822051
1633,36.875,36.936427997031046,0.27500000000000036,0.26160090026810595
1634,37.025,37.09958874918566,0.15000000000000036,0.16316075215461912
1635,37.25,37.32709265310051,0.22499999999999964,0.22750390391484254
1636,37.35,37.42018742995248,0.10000000000000053,0.09309477685196732
1637,37.75,37.76785351423208,0.3999999999999986,0.347666084279605
1638,38.075,38.084259699282406,0.3250000000000002,0.3164061850503261
1639,38.375,38.40367598044361,0.29999999999999893,0.31941628116120396
1640,38.6,38.65186602974198,0.22500000000000142,0.24819004929837546
1641,39.25,39.24471206720909,0.6500000000000004,0.5928460374671026
1642,39.550000000000004,39.55996537671437,0.3000000000000007,0.31525330950528996
1643,39.825,39.853335379200246,0.27500000000000036,0.29337000248587014
1644,40.25,40.26556383056437,0.42499999999999893,0.41222845136412606
1645,40.725,40.78381247415026,0.4750000000000014,0.518248643585886
1646,41.125,41.179792977420675,0.3999999999999986,0.3959805032704119
1647,41.575,41.61678308120752,0.4499999999999993,0.43699010378685094
1648,41.675,41.73748398862134,0.09999999999999964,0.12070090741381513
1649,41.875,41.934756499159505,0.20000000000000284,0.19727251053816883
1650,42.275,42.373423443510156,0.3999999999999986,0.4386669443506542
1651,42.55,42.6929640943638,0.27500000000000036,0.31954065085363775
1652,42.65,42.81366500177762,0.09999999999999964,0.12070090741381513
1653,42.775000000000006,42.953506964718734,0.125,0.13984196294111748
1654,42.9,43.100254150807885,0.125,0.14674718608915158
1655,43.15,43.36613501140919,0.25,0.2658808606013112
1656,43.175,43.41287481648321,0.02499999999999858,0.0467398050740074
1657,43.475,43.733575723897026,0.3000000000000007,0.32070090741381646
1658,43.85,44.048297687368404,0.375,0.3147219634713803
1659,44.225,44.393353270863464,0.375,0.34505558349506277
1660,44.525,44.65339431924505,0.3000000000000007,0.26004104838159225
1661,44.425,44.59608814134044,-0.09999999999999964,-0.05730617790461516
1662,44.724999999999994,44.86429689607725,0.29999999999999893,0.2682087547368084
1663,44.825,44.968467248748304,0.09999999999999964,0.10417035267105737
1664,44.974999999999994,45.117824935622004,0.15000000000000213,0.14935768687369674
1665,45.224999999999994,45.33667600348511,0.24999999999999822,0.21885106786311306
1666,45.325,45.43522575926075,0.09999999999999964,0.09854975577563464
1667,45.425000000000004,45.50488475822193,0.09999999999999964,0.06965899896117463
1668,45.825,45.827506583429766,0.40000000000000036,0.3226218252078374
1669,46.025,46.01096864767186,0.20000000000000107,0.18346206424210076
1670,46.349999999999994,46.29013598955048,0.3249999999999993,0.2791673418786087
1671,46.75,46.667970075882,0.40000000000000036,0.377834086331536
1672,46.775000000000006,46.68983862087114,0.025000000000000355,0.02186854498913639
1673,46.875,46.771857821904014,0.09999999999999964,0.08201920103287608
1674,47.050000000000004,46.94163380954248,0.17499999999999893,0.169775987638464
1675,47.349999999999994,47.21820541266683,0.3000000000000007,0.276571603124351
1676,47.62499999999999,47.45619753605725,0.27500000000000036,0.23799212339041773
1677,47.8,47.62179579000952,0.1750000000000007,0.16559825395226654
1678,48.05,47.844651592571935,0.24999999999999822,0.22285580256241672
1679,48.475,48.20294502804983,0.4250000000000025,0.3582934354778998
1680,49.099999999999994,48.77198280340332,0.6249999999999982,0.569037775353478
1681,49.425,49.06734946408117,0.3249999999999993,0.2953666606778583
1682,49.525,49.160444240933145,0.10000000000000142,0.09309477685196808
1683,49.599999999999994,49.2343979622578,0.07499999999999751,0.07395372132466284
1684,49.65,49.286483138593326,0.05000000000000071,0.052085176335529365
1685,49.675,49.308351683582465,0.025000000000000355,0.02186854498913639
1686,49.77499999999999,49.40417394989627,0.10000000000000142,0.09582226631380214
1687,49.85,49.491930736501864,0.07499999999999929,0.0877567866055881
1688,49.9,49.5329403370183,0.049999999999998934,0.041009600516437164
1689,49.975,49.593090993062034,0.07499999999999929,0.060150656043739696
1690,50.0,49.61223204858934,0.025000000000000355,0.019141055527302334
1691,49.75,49.37796205324918,-0.24999999999999645,-0.23426999534015572
1692,49.7,49.34257304962817,-0.049999999999998934,-0.03538900362101465
1693,49.849999999999994,49.52497708395709,0.14999999999999503,0.18240403432892266
1694,49.625,49.280964768344916,-0.22499999999999964,-0.24401231561217482
1695,49.825,49.44789627784426,0.20000000000000107,0.16693150949934202
1696,49.95,49.55178402386627,0.125,0.10388774602201246
1697,49.95,49.55178402386627,0.0,0.0
1698,50.05,49.61727267015639,0.09999999999999964,0.06548864629011734
1699,50.1,49.68316091177284,0.05000000000000071,0.06588824161645405
1700,50.15,49.73797357757021,0.049999999999998934,0.05481266579736187
1701,49.975,49.592910613060006,-0.17499999999999893,-0.14506296451020426
1702,50.0,49.61477915804914,0.025000000000000355,0.02186854498913639
1703,49.825,49.445168788382425,-0.1750000000000007,-0.16961036966671175
1704,49.825,49.445168788382425,0.0,0.0
1705,50.075,49.67365256885541,0.25,0.2284837804729826
1706,50.075,49.67783030254161,1.7763568394002505e-15,0.004177733686200838
1707,50.175,49.76530448249815,0.09999999999999964,0.08747417995654401
1708,50.15,49.74616342697085,-0.025000000000000355,-0.019141055527302334
1709,50.1,49.69407825063532,-0.05000000000000071,-0.052085176335529365
1710,50.15,49.737815340613594,0.049999999999998934,0.04373708997827122
1711,50.2,49.796805740097156,0.05000000000000071,0.05899039948356271
1712,50.25,49.84054283007543,0.05000000000000071,0.04373708997827278
1713,50.224999999999994,49.81867428508629,-0.025000000000000355,-0.02186854498913639
1714,50.25,49.85853101005769,0.025000000000000355,0.03985672497140187
1715,50.25,49.85853101005769,0.0,0.0
1716,50.425,50.01433831444348,0.1750000000000007,0.15580730438578722
1717,50.9,50.47306825032342,0.47499999999999964,0.4587299358799427
1718,51.05,50.643126844610926,0.14999999999999858,0.17005859428750905
1719,51.075,50.66226790013823,0.025000000000000355,0.019141055527302334
1720,51.0,50.59938975463266,-0.07499999999999929,-0.06287814550557355
1721,51.0,50.59938975463266,0.0,0.0
1722,51.025,50.615803320698134,0.025000000000000355,0.016413566065468278
1723,51.05,50.64874744150636,0.025000000000000355,0.03294412080822703
1724,51.074999999999996,50.68714654123825,0.02499999999999858,0.03839909973189358
1725,51.099999999999994,50.72009066204647,0.025000000000000355,0.03294412080822703
1726,51.275000000000006,50.888604166477755,0.1750000000000007,0.1685135044312812
1727,51.35,50.932058649806976,0.07499999999999929,0.043454483329226336
1728,51.3,50.89377653875238,-0.05000000000000071,-0.03828211105460467
1729,51.400000000000006,50.99794689142344,0.10000000000000142,0.10417035267105873
1730,51.325,50.91019010481785,-0.07499999999999929,-0.0877567866055889
1731,51.3,50.91320020092873,-0.025000000000000355,0.0030100961108789404
1732,51.225,50.82126568063694,-0.07500000000000107,-0.09193452029178974
1733,51.275,50.85682030222971,0.05000000000000071,0.03555462159277061
1734,51.25,50.85148231198333,-0.025000000000000355,-0.005337990246377641
1735,51.325,50.94341683227512,0.07499999999999929,0.09193452029178739
1736,51.3,50.92700326620965,-0.025000000000000355,-0.016413566065468278
1737,51.325,50.9655679839133,0.02500000000000213,0.03856471770365111
1738,51.3,50.93534397155176,-0.02500000000000213,-0.030224012361536514
1739,51.325,50.95448502707906,0.025000000000000355,0.019141055527302334
1740,50.775000000000006,50.53644053088376,-0.5499999999999989,-0.4180444961953012
1741,51.025000000000006,50.767659181833736,0.2500000000000018,0.2312186509499602
1742,51.0,50.769233795750516,-0.025000000000000355,0.001574613916797203
1743,50.975,50.73628967494229,-0.025000000000000355,-0.03294412080822703
1744,50.875,50.674978762338384,-0.10000000000000142,-0.06131091260391941
1745,50.95,50.732401928920275,0.07500000000000107,0.057423166581907006
1746,50.925,50.71053338393115,-0.025000000000000355,-0.02186854498913639
1747,50.925,50.71326087339298,0.0,0.002727489461834056
1748,50.925,50.692559965979164,0.0,-0.020700907413816045
1749,50.62500000000001,50.44088176598511,-0.3000000000000007,-0.25167819999405194
1750,50.75000000000001,50.536587043621616,0.125,0.09570527763651031
1751,50.775,50.55845558861076,0.025000000000000355,0.02186854498913639
1752,50.625,50.41327563542326,-0.14999999999999858,-0.14517995318749374
1753,50.75,50.54622713724663,0.12499999999999822,0.13295150182336624
1754,50.724999999999994,50.51328301643841,-0.02499999999999858,-0.03294412080822469
1755,50.7,50.513565623087445,-0.02500000000000213,0.00028260664904254434
1756,50.824999999999996,50.6575927007299,0.125,0.14402707764245923
1757,50.925,50.74795998812003,0.09999999999999964,0.09036728739013267
1758,50.89999999999999,50.72609144313091,-0.025000000000000355,-0.02186854498913639
1759,51.025000000000006,50.847967369135176,0.12500000000000178,0.12187592600427981
1760,51.0,50.81502324832695,-0.025000000000000355,-0.03294412080822703
1761,50.925,50.757600081745046,-0.07499999999999929,-0.05742316658190564
1762,51.0,50.84535686835064,0.07499999999999929,0.0877567866055881
1763,51.125,50.93271405962989,0.125,0.08735719127925452
1764,51.25,51.03387431619009,0.12500000000000178,0.10116025656017978
1765,51.3,51.08596687354074,0.049999999999998934,0.0520925573506695
1766,51.224999999999994,51.00366506585882,-0.07500000000000107,-0.08230180768192233
1767,51.25,50.98412441500518,0.025000000000000355,-0.01954065085363671
1768,51.400000000000006,51.14729992919008,0.14999999999999858,0.1631755141849012
1769,51.425,51.169168474179216,0.02499999999999858,0.021868544989134837
1770,51.474999999999994,51.237784205257505,0.05000000000000249,0.06861573107828947
1771,51.525,51.278793805773944,0.049999999999998934,0.041009600516437365
1772,51.599999999999994,51.344399440741356,0.07499999999999929,0.06560563496740761
1773,51.599999999999994,51.344399440741356,0.0,0.0
1774,51.65,51.39231426440582,0.05000000000000071,0.04791482366447206
1775,51.824999999999996,51.56482512252126,0.1750000000000007,0.17251085811544237
1776,51.825,51.59243125308312,0.0,0.02760613056184841
1777,52.025000000000006,51.767552611983106,0.1999999999999993,0.1751213588999843
1778,52.125,51.867559992998245,0.10000000000000142,0.10000738101514342
1779,52.150000000000006,51.87835296216829,0.025000000000000355,0.010792969170046535
1780,52.175,51.900221507157426,0.025000000000000355,0.02186854498913639
1781,52.2,51.922090052146565,0.025000000000000355,0.02186854498913639
1782,52.2,51.922090052146565,0.0,0.0
1783,52.25,51.970004875811036,0.05000000000000071,0.04791482366447206
1784,52.375,52.079513218728465,0.12499999999999822,0.10950834291743265
1785,52.45,52.14511885369587,0.07499999999999929,0.06560563496740761
1786,52.45,52.14511885369587,0.0,0.0
1787,52.475,52.178062974504094,0.025000000000000355,0.03294412080822703
1788,52.599999999999994,52.315177447983395,0.12500000000000178,0.13711447347928574
1789,52.724999999999994,52.46192463407254,0.12499999999999822,0.14674718608914897
1790,52.75,52.512864315878176,0.025000000000000355,0.05093968180563449
1791,52.824999999999996,52.58681803720284,0.07499999999999929,0.07395372132466439
1792,52.875,52.65270627881929,0.049999999999998934,0.06588824161645171
1793,52.925,52.69644336879756,0.049999999999998934,0.04373708997827122
1794,53.15,52.92103202223339,0.2250000000000032,0.22458865343583131
1795,53.25,53.02103202223339,0.09999999999999964,0.09999999999999987
1796,53.375,53.15814649571267,0.12499999999999822,0.13711447347928205
1797,53.5,53.286912882834706,0.12500000000000178,0.12876638712202917
1798,53.525000000000006,53.30605393836201,0.025000000000000355,0.019141055527302334
1799,53.575,53.36086660415936,0.049999999999998934,0.05481266579736108
1800,53.825,53.56608022471331,0.25,0.20521362055394532
1801,54.0,53.76492734916828,0.1750000000000007,0.19884712445496464
1802,54.1,53.88290076712026,0.09999999999999964,0.11797341795198107
1803,54.3,54.08562087556695,0.20000000000000107,0.20272010844669336
1804,54.4,54.16491996815313,0.09999999999999964,0.07929909258618402
1805,54.425,54.184061023680435,0.025000000000000355,0.019141055527302334
1806,54.675,54.49135108012452,0.24999999999999822,0.3072900564440827
1807,54.925,54.757412320727866,0.25,0.2660612406033493
1808,54.925000000000004,54.7712153860088,0.0,0.013803065280924693
1809,54.975,54.83710362762525,0.05000000000000071,0.06588824161645405
1810,55.025,54.889196184975916,0.05000000000000071,0.05209255735067135
1811,55.1,54.988028547400596,0.07499999999999929,0.09883236242467874
1812,55.325,55.2458439282937,0.22500000000000142,0.2578153808931009
1813,55.575,55.49939411088388,0.25,0.2535501825901777
1814,55.85,55.75680989645063,0.2749999999999968,0.25741578556676126
1815,55.95,55.87751080386446,0.10000000000000142,0.12070090741381746
1816,56.15,56.09131386914538,0.20000000000000284,0.21380306528092657
1817,56.225,56.15691950411279,0.07499999999999929,0.06560563496740761
1818,56.3,56.24467629071838,0.07500000000000107,0.08775678660559044
1819,56.425,56.370715188378576,0.12499999999999645,0.12603889766019005
1820,56.5,56.45574448552233,0.07500000000000284,0.08502929714375775
1821,56.7,56.63085846340717,0.1999999999999975,0.17511397788484123
1822,56.724999999999994,56.659632231544336,0.02500000000000213,0.028773768137171092
1823,57.050000000000004,56.944254552346614,0.3249999999999975,0.2846223208022753
1824,57.325,57.21803527468438,0.27500000000000213,0.2737807223377707
1825,57.64999999999999,57.59094572812616,0.3249999999999975,0.37291045344177404
1826,58.05,58.04341573775774,0.40000000000000213,0.45247000963158157
1827,58.3,58.29805540456822,0.24999999999999822,0.2546396668104646
1828,58.55,58.534887271398446,0.25,0.2368318668302394
1829,58.60000000000001,58.581351850838544,0.05000000000000071,0.046464579440106644
1830,58.8,58.808950600385266,0.1999999999999993,0.22759874954670656
1831,59.025000000000006,59.04188734017835,0.2250000000000032,0.23293673979308768
1832,59.300000000000004,59.282772571002354,0.27500000000000036,0.2408852308240064
1833,59.725,59.837036409875026,0.42499999999999893,0.5542638388726739
1834,59.824999999999996,59.9190556109079,0.09999999999999964,0.0820192010328759
1835,60.224999999999994,60.3411920005158,0.40000000000000213,0.42213638960789834
1836,60.650000000000006,60.78792442457466,0.42499999999999893,0.4467324240588658
1837,60.85,60.89966581599573,0.1999999999999993,0.11174139142106877
1838,61.074999999999996,61.11335189259937,0.22499999999999787,0.213686076603631
1839,61.2,61.23939079025956,0.12500000000000178,0.1260388976601951
1840,61.375,61.43133269156649,0.1750000000000007,0.19194190130693128
1841,61.4,61.450473747093795,0.02499999999999858,0.019141055527300974
1842,61.75,61.884100069877405,0.34999999999999964,0.4336263227836064
1843,62.325,62.468971130064546,0.5749999999999993,0.5848710601871424
1844,62.575,62.74303445905135,0.25,0.2740633289868132
1845,62.9,63.052535420953646,0.32500000000000107,0.3095009619022943
1846,63.125,63.25241105126122,0.22499999999999787,0.19987563030756433
1847,63.150000000000006,63.3018857268122,0.025000000000000355,0.049474675550985774
1848,63.55,63.6606273869109,0.40000000000000036,0.35874166009869796
1849,63.875,64.00883219823956,0.3249999999999993,0.34820481132865666
1850,64.125,64.30504667886456,0.25,0.2962144806249945
1851,64.3,64.50242879706487,0.1750000000000025,0.19738211820031729
1852,64.75,64.9407330511649,0.4499999999999975,0.4383042541000274
1853,64.825,65.00088370720863,0.07500000000000107,0.060150656043741056
1854,65.05000000000001,65.27250215338266,0.2250000000000032,0.2716184461740269
1855,65.775,66.04561512987189,0.7249999999999961,0.7731129764892372
1856,66.05,66.33609202492418,0.27500000000000036,0.29047689505228147
1857,66.325,66.6292964094383,0.2749999999999986,0.2932043845141142
1858,66.5,66.77018902127746,0.1750000000000025,0.1408926118391497
1859,66.725,66.98659520632778,0.2250000000000032,0.21640618505033013
1860,66.925,67.19477029369814,0.1999999999999993,0.20817508737035917
1861,67.45,67.74025499658009,0.5249999999999968,0.5454847028819637
1862,67.80000000000001,68.03856339398601,0.3500000000000032,0.29830839740591475
1863,68.025,68.21356038319357,0.22499999999999964,0.17499698920755236
1864,68.325,68.49395634101516,0.2999999999999954,0.2803959578216093
1865,68.4,68.56228946544441,0.07499999999999929,0.06833312442924187
1866,68.55,68.7156518870174,0.15000000000000213,0.15336242157299962
1867,69.175,69.35679323824144,0.625,0.6411413512240124
1868,69.47500000000001,69.66079059192559,0.3000000000000007,0.30399735368416225
1869,69.75,69.91531327005876,0.2749999999999986,0.2545226781331749
1870,70.075,70.18596690760837,0.32500000000000284,0.2706536375496014
1871,70.825,70.84797509012137,0.7499999999999964,0.6620081825130103
1872,71.275,71.28334933171212,0.45000000000000284,0.43537424159073423
1873,72.275,72.27088255978978,1.0,0.9875332280776794
1874,73.35,73.29455262093859,1.0749999999999993,1.0236700611488025
1875,74.25,74.13141190477576,0.9000000000000021,0.8368592838371778
1876,75.44999999999999,75.2477580422163,1.1999999999999957,1.116346137440534
1877,76.125,75.84273248858297,0.6750000000000007,0.594974446366667
1878,77.975,77.46984975805155,1.850000000000005,1.627117269468594
1879,79.6,79.01006320572687,1.6249999999999982,1.5402134476752962
1880,80.15,79.51332234712604,0.5500000000000007,0.5032591413991756
1881,80.6,79.98142646225878,0.4499999999999993,0.46810411513273936
1882,81.25,80.61574812470492,0.6499999999999986,0.6343216624461523
1883,81.8,81.13297594935679,0.5500000000000007,0.517227824651853
1884,82.625,81.94869751947466,0.8249999999999993,0.8157215701178815
1885,84.35,83.75278859020568,1.7250000000000014,1.8040910707310291
1886,85.85,85.12483980538502,1.5,1.3720512151793194
1887,88.80000000000001,88.06475668604253,2.9499999999999993,2.9399168806575178
1888,90.99999999999999,90.28469610954093,2.1999999999999993,2.2199394234984062
1889,93.7,92.74566033058582,2.6999999999999993,2.4609642210449043
1890,94.32500000000002,93.44909216506848,0.625,0.7034318344826396
1891,94.575,93.68191929719941,0.24999999999999645,0.23282713213093298
1892,94.80000000000001,93.9203331589616,0.22500000000000853,0.23841386176218704
1893,94.97500000000001,94.10953280877642,0.17499999999999716,0.18919964981480908
1894,95.2,94.34394931685443,0.22499999999999787,0.2344165080780155
1895,96.45,95.68091069824226,1.2500000000000036,1.3369613813878378
1896,97.475,96.85684377367522,1.0249999999999986,1.1759330754329596
1897,97.75,97.1769477075804,0.2749999999999986,0.32010393390517716
1898,97.775,97.19081416418607,0.02499999999999858,0.01386645660567048
1899,97.825,97.4175688251824,0.05000000000000071,0.22675466099632313
1900,97.05000000000001,96.60629506951945,-0.7749999999999986,-0.8112737556629407
1901,97.075,96.64759465770007,0.02499999999999858,0.04129958818062325
1902,96.375,95.95696579914134,-0.6999999999999993,-0.6906288585587327
1903,95.775,95.3291350024866,-0.6000000000000014,-0.6278307966547401
1904,94.975,94.57775113336034,-0.8000000000000007,-0.7513838691262537
1905,94.825,94.44780234663271,-0.14999999999999858,-0.12994878672763008
1906,94.575,94.20405049462416,-0.25,-0.2437518520085559
1907,94.025,93.76326221648566,-0.5500000000000007,-0.44078827813850985
1908,93.0,92.79723149943152,-1.0249999999999986,-0.9660307170541295
1909,92.625,92.47736364993455,-0.375,-0.3198678494969641
1910,92.30000000000001,92.176361630331,-0.32499999999999574,-0.3010020196035619
1911,91.82499999999999,91.7259797808083,-0.475000000000005,-0.4503818495226919
1912,91.775,91.71420693508013,-0.05000000000000071,-0.011772845728186812
1913,91.875,91.80168111503667,0.09999999999999787,0.08747417995654244
1914,91.80000000000001,91.74025321375545,-0.07499999999999574,-0.06142790128120492
1915,91.95,91.91032657007325,0.14999999999999858,0.17007335631779305
1916,92.025,92.02169213355654,0.07500000000000284,0.11136556348328
1917,92.19999999999999,92.19291098440421,0.17499999999999716,0.17121885084768731
1918,92.35,92.3588066070358,0.14999999999999503,0.16589562263158938
1919,92.525,92.52859735670457,0.17500000000000426,0.16979074966875343
1920,93.30000000000001,93.22680352746347,0.7750000000000021,0.6982061707589085
1921,93.95,93.8750422060563,0.6499999999999986,0.6482386785928361
1922,94.27499999999999,94.19275516040466,0.3249999999999993,0.3177129543483621
1923,94.325,94.26554862516917,0.05000000000000426,0.0727934647644906
1924,94.325,94.28769977680734,0.0,0.022151151638181276
1925,93.925,93.98144288837052,-0.40000000000000213,-0.30625688843683463
1926,93.975,94.03625555416785,0.04999999999999716,0.05481266579735952
1927,94.375,94.54955842181856,0.40000000000000213,0.5133028676507021
1928,94.575,94.78553478178308,0.1999999999999993,0.2359763599645311
1929,94.69999999999999,94.89777061416237,0.125,0.11223583237926826
1930,94.575,94.75520116175942,-0.125,-0.14256945240295152
1931,94.7,94.91302392366767,0.125,0.15782276190824193
1932,95.05,95.25241028097282,0.34999999999999787,0.33938635730517436
1933,95.025,95.24161731180278,-0.02500000000000213,-0.010792969170048093
1934,95.025,95.27484403926006,3.552713678800501e-15,0.03322672745727581
1935,95.29999999999998,95.56259344485049,0.2749999999999986,0.28774940559044604
1936,95.45,95.66909169165706,0.14999999999999858,0.10649824680655372
1937,95.475,95.67442968190343,0.02500000000000213,0.0053379902463799814
1938,95.475,95.6965808335416,0.0,0.022151151638181276
1939,95.5,95.73098257958935,0.025000000000005684,0.0344017460477392
1940,95.57499999999999,95.78823274718435,0.07499999999999929,0.05725016759500905
1941,96.025,96.2666689518897,0.44999999999999574,0.47843620470532977
1942,96.075,96.33255719350613,0.05000000000000071,0.06588824161645405
1943,96.25,96.51488114423351,0.1750000000000007,0.1823239507273479
1944,96.25,96.52595672005259,0.0,0.01107557581908985
1945,96.35000000000001,96.62032874214202,0.10000000000000142,0.09437202208943798
1946,96.75,96.99273737361047,0.40000000000000213,0.3724086314684366
1947,96.75,97.00381294942954,-3.552713678800501e-15,0.011075575819086744
1948,96.80000000000001,97.05862561522692,0.05000000000000426,0.054812665797367315
1949,96.8,97.069701191046,-3.552713678800501e-15,0.011075575819086744
1950,96.9,97.14353792369336,0.10000000000000142,0.07383673264737547
1951,96.95,97.18727501367165,0.05000000000000071,0.04373708997827278
1952,97.05000000000001,97.31905149690456,0.10000000000000142,0.1317764832329081
1953,97.275,97.52165461667396,0.22499999999999432,0.20260311976939546
1954,97.375,97.6174842640029,0.10000000000000142,0.09582964732894413
1955,97.35,97.59561571901375,-0.02499999999999858,-0.021868544989134837
1956,97.45,97.6859830064039,0.10000000000000142,0.090367287390135
1957,97.575,97.81621439978058,0.125,0.13023139337667652
1958,97.67499999999998,97.90514620497662,0.09999999999999432,0.08893180519604549
1959,97.69999999999999,97.96024147742304,0.025000000000005684,0.055095272446413754
1960,98.025,98.26558684868456,0.3249999999999993,0.3053453712615182
1961,97.92500000000001,98.15868162553653,-0.10000000000000142,-0.10690522314803398
1962,98.1,98.34644579315724,0.17499999999999716,0.1877641676207273
1963,98.07499999999999,98.3163947797826,-0.02499999999999858,-0.03005101337463681
1964,98.32500000000002,98.54923667394382,0.25000000000000355,0.2328418941612234
1965,98.39999999999999,98.62464063949287,0.07499999999999574,0.0754039655490272
1966,98.35,98.58635852843825,-0.04999999999999716,-0.03828211105460195
1967,98.7,98.96208200571203,0.3500000000000014,0.37572347727378563
1968,98.825,99.06051477281038,0.12499999999999645,0.09843276709834144
1969,98.8,99.03446849413506,-0.02500000000000213,-0.026046278675337525
1970,98.79999999999998,99.04972180364035,3.552713678800501e-15,0.015253309505294112
1971,98.95,99.18655367047059,0.15000000000000213,0.13683186683024007
1972,99.025,99.22600341910051,0.07499999999999574,0.03944974862992024
1973,99.1,99.2903244278153,0.07500000000000284,0.06432100871480118
1974,99.19999999999999,99.37924885199622,0.10000000000000142,0.0889244241809103
1975,99.325,99.44862524430833,0.125,0.06937639231213005
1976,99.325,99.44862524430833,0.0,0.0
1977,99.375,99.48690735536294,0.05000000000000071,0.03828211105460467
1978,99.475,99.5427632890432,0.09999999999999432,0.055855933680244385
1979,99.52499999999999,99.58939348645505,0.05000000000000071,0.04663019741186222
1980,99.575,99.67453977227609,0.05000000000000071,0.08514628582104589
1981,99.475,99.581437614409,-0.09999999999999787,-0.09310215786710715
1982,99.42500000000001,99.53625766122151,-0.04999999999999716,-0.04517995318749183
1983,99.52499999999999,99.62936720010374,0.09999999999999432,0.09310953888224446
1984,99.37500000000001,99.47726726173795,-0.14999999999999858,-0.15209993836581137
1985,99.625,99.73081006331297,0.25,0.2535428015750362
1986,99.67500000000001,99.78289523964848,0.04999999999999716,0.05208517633552566
1987,99.575,99.67869536291687,-0.09999999999999787,-0.10419987673162297
1988,99.575,99.66198442817208,0.0,-0.016710934744796554
1989,99.60000000000001,99.71979242805004,0.02500000000000213,0.05780799987795895
1990,99.55,99.66080202856648,-0.04999999999999716,-0.05899039948355851
1991,99.55,99.63735886966053,-7.105427357601002e-15,-0.023443158905940214
1992,99.6,99.6825314418329,0.05000000000000071,0.04517257217235452
1993,99.69999999999999,99.73147477134997,0.10000000000000497,0.04894332951707968
1994,99.625,99.66713900060489,-0.0750000000000064,-0.06433577074508787
1995,99.625,99.66713900060489,0.0,0.0
1996,99.475,99.52757226329767,-0.14999999999999503,-0.1395667373072101
1997,99.425,99.47820719540883,-0.05000000000000071,-0.04936506788883749
1998,99.475,99.50685659385358,0.04999999999999716,0.02864939844473425
1999,99.57499999999999,99.64425367398191,0.10000000000000142,0.13739708012832985
2000,99.6,99.67029995265723,0.02500000000000213,0.026046278675337525
2001,99.875,99.86432100871481,0.2,0.14494591706332074
2002,100.0,99.99999999999999,0.125,0.13567899128520167
2003,99.76,99.83178352980556,-0.09999999999999716,-0.06784037263357914
2004,100.0,100.0,0.23999999999999772,0.1682164701944482
2005,100.0,100.0,0.0,0.0
2006,100.9,100.78683625925557,0.6999999999999957,0.6119837571987751
2007,101.35,101.18025438888336,0.45000000000000284,0.3934181296277889
2008,101.35,101.18025438888336,0.0,0.0
2009,102.2,101.92337752262473,0.6000000000000085,0.6000000000000085
2010,102.2,101.92337752262473,0.0,0.0
2011,102.2,101.92337752262473,0.0,0.0
2012,102.5,102.5,0.0,0.0
2013,103.4,103.4,0.14999999999999858,0.1172799771721257
2014,103.4,103.4,0.0,0.0
2015,103.4,103.4,0.0,0.0
2016,103.4,103.4,0.0,0.0
2017,103.4,103.4,0.0,0.0
2018,103.4,103.4,0.0,0.0
2019,103.4,103.4,0.05000000000000426,0.04371312551420221
2020,103.4,103.4,0.0,0.0
2021,103.6,103.6,0.14999999999999858,0.13113937654259422
2022,103.6,103.6,0.0,0.0
2023,103.6,103.6,0.0,0.0
2024,103.7,103.69999999999999,0.0,0.0
2025,103.5,103.5,0.0,0.0
2026,103.5,103.5,0.0,0.0
2027,66.65,67.65091945108297,-0.04999999999999716,-0.0640296480594657
2028,31.35,30.999258798513267,0.09999999999999787,0.08028574821842066
2029,31.6,31.319407038810617,0.25,0.3201482402973467
2030,32.1,31.67911055821592,0.5,0.3597035194053066
2031,32.35,31.971199502394327,0.25,0.29208894417840764
2032,32.849999999999994,32.44314020627539,0.49999999999999645,0.47194070388105835
2033,33.099999999999994,32.622991965978045,0.25,0.1798517597026533
2034,33.15,32.65896231791857,0.05000000000000071,0.03597035194053117
2035,33.400000000000006,32.89493266985911,0.25000000000000355,0.23597035194053398
2036,33.5,33.02299196597804,0.09999999999999964,0.12805929611893824
2037,33.5,33.02299196597804,0.0,0.0
2038,34.15,33.54672513344282,0.6499999999999968,0.5237331674647735
2039,34.15,33.54672513344282,0.0,0.0
2040,34.65,34.01866583732388,0.5,0.4719407038810609
2041,34.85,34.24672513344282,0.20000000000000284,0.22805929611894193
2042,34.95,34.31866583732388,0.10000000000000142,0.07194070388106234
2043,35.099999999999994,34.482695485383346,0.14999999999999503,0.16402964805946457
2044,35.15,34.54672513344282,0.05000000000000071,0.06402964805947024
2045,35.15,34.54672513344282,0.0,0.0
2046,35.15,34.54672513344282,0.0,0.0
2047,35.349999999999994,34.774784429561755,0.1999999999999993,0.22805929611893735
2048,35.5,34.96687337374017,0.15000000000000213,0.19208894417841074
2049,35.75,35.14672513344282,0.25,0.1798517597026533
2050,35.900000000000006,35.28269548538335,0.15000000000000213,0.13597035194053259
2051,35.95,35.318665837323884,0.05000000000000071,0.03597035194053117
2052,36.2,35.61075478150229,0.24999999999999645,0.2920889441784051
2053,36.65,36.01866583732388,0.4499999999999993,0.40791105582159065
2054,36.849999999999994,36.162547245086,0.1999999999999993,0.14388140776212213
2055,37.15,36.37836935672919,0.3000000000000007,0.21582211164318446
2056,37.6,36.89851759702653,0.45000000000000284,0.5201482402973495
2057,37.75,37.09060654120494,0.14999999999999858,0.1920889441784062
2058,37.85,37.21866583732388,0.10000000000000142,0.12805929611894049
2059,38.5,37.79851759702653,0.6499999999999986,0.5798517597026519
2060,38.6,37.89851759702653,0.10000000000000142,0.10000000000000141
2061,39.05,38.250310060610246,0.4499999999999993,0.35179246358371447
2062,39.35,38.46613217225343,0.3000000000000007,0.21582211164318446
2063,39.400000000000006,38.502102524193965,0.05000000000000071,0.03597035194053117
2064,39.5,38.60210252419396,0.09999999999999787,0.09999999999999687
2065,40.05,39.08195428389662,0.5500000000000007,0.479851759702655
2066,40.1,39.11792463583715,0.05000000000000071,0.03597035194053117
2067,40.55,39.46971709942086,0.2666666666666681,0.22141279706788056
2068,42.79999999999999,41.73629264416833,0.1999999999999993,0.1719407038810592
2069,42.73333333333333,41.7184997408943,-0.06666666666666525,-0.01779290327402475
2070,42.63333333333333,41.644998384098976,-0.10000000000000142,-0.07350135679532369
2071,42.800000000000004,41.87275725500644,0.16666666666666666,0.22775887090746683
2072,42.666666666666664,41.79035944657411,-0.13333333333333286,-0.08239780843233505
2073,43.1,42.16878586019172,0.43333333333333474,0.3784264136176071
2074,43.166666666666664,42.223234086010216,0.06666666666666525,0.054448225818505364
2075,43.333333333333336,42.39437577671448,0.1666666666666643,0.17114169070425655
2076,43.76666666666666,42.81634579944339,0.43333333333333474,0.4219700227289153
2077,43.86666666666667,42.93957604987509,0.09999999999999905,0.12323025043170108
2078,43.96666666666667,43.05626951476085,0.10000000000000142,0.11669346488575419
2079,44.13333333333333,43.2172545261253,0.16666666666666666,0.1609850113644569
2080,44.06666666666666,43.1860365507385,-0.06666666666666525,-0.031217975386802693
2081,44.166666666666664,43.32596026605596,0.09999999999999905,0.13992371531745387
2082,44.166666666666664,43.345922123714686,0.0,0.019961857658727836
2083,44.26666666666667,43.48257744625916,0.09999999999999905,0.1366553225444788
2084,44.43333333333334,43.63702567207767,0.16666666666666904,0.15444822581850884
2085,44.633333333333326,43.83375727930469,0.1999999999999981,0.1967316072270239
2086,44.93333333333334,44.14356245762362,0.29999999999999954,0.3098051783189242
2087,44.93333333333334,44.14356245762362,0.0,0.0
2088,45.0,44.22812922044066,0.06666666666666998,0.08456676281703995
2089,45.166666666666664,44.415964376030665,0.1666666666666643,0.18783515559000932
2090,45.26666666666667,44.532657840916414,0.10000000000000142,0.11669346488575419
2091,45.56666666666667,44.81596437603067,0.29999999999999954,0.2833065351142462
2092,45.53333333333333,44.82049299650643,-0.033333333333333805,0.004528620475764305
2093,45.666666666666664,44.96277637791495,0.1333333333333305,0.14228338140851532
2094,45.866666666666674,45.196163307686454,0.20000000000000284,0.23338692977150838
2095,46.06666666666666,45.45278048788967,0.20000000000000048,0.25661718020320806
2096,46.26666666666667,45.652780487889665,0.1999999999999981,0.1999999999999978
2097,46.46666666666666,45.88943581043414,0.20000000000000048,0.2366553225444802
2098,46.76666666666667,46.209397668092876,0.3000000000000019,0.31996185765873003
2099,46.76666666666667,46.209397668092876,0.0,0.0
2100,47.13333333333333,46.63061975345439,0.36666666666666475,0.42122208536151445
2101,47.4,46.92499169459035,0.2666666666666657,0.29437194113596066
2102,47.5,47.021723301817374,0.09999999999999905,0.09673160722702454
2103,47.76666666666667,47.30629006463441,0.2666666666666681,0.2845667628170375
2104,48.300000000000004,47.78179958649991,0.5333333333333338,0.4755095218655093
2105,48.56666666666666,48.03624781231842,0.2666666666666681,0.25444822581850823
2106,48.699999999999996,48.15856933606821,0.1333333333333305,0.12232152374978747
2107,48.9,48.37853119372694,0.20000000000000284,0.21996185765873066
2108,49.199999999999996,48.715186516271416,0.29999999999999954,0.3366553225444796
2109,49.46666666666666,49.039676994405916,0.2666666666666657,0.3244904781344914
2110,49.73333333333333,49.27743175533867,0.2666666666666681,0.23775476093275427
2111,49.86666666666667,49.419715136747186,0.13333333333333286,0.14228338140851854
2112,50.03333333333333,49.62751214999592,0.16666666666666666,0.207797013248739
2113,50.5,50.08196037581443,0.4666666666666662,0.454448225818506
2114,50.76666666666667,50.40971924672189,0.2666666666666657,0.3277588709074662
2115,51.06666666666666,50.719875926061704,0.29999999999999954,0.3101566793398019
2116,51.53333333333333,51.20117429610576,0.4666666666666662,0.4812983700440617
2117,51.699999999999996,51.375584379583,0.16666666666666904,0.17441008347723666
2118,51.699999999999996,51.375584379583,0.0,0.0
2119,51.79999999999999,51.49227784446875,0.09999999999999905,0.11669346488575097
2120,52.23333333333333,51.90771108165171,0.4333333333333324,0.41543323718296327
2121,52.333333333333336,52.00444268887875,0.10000000000000142,0.09673160722702635
2122,52.6,52.31550809490046,0.2666666666666681,0.3110654060217155
2123,52.76666666666667,52.48338139283174,0.1666666666666643,0.1678732979312815
2124,52.96666666666667,52.700074857717496,0.20000000000000284,0.21669346488575564
2125,53.333333333333336,53.08464162053453,0.36666666666666714,0.38456676281703717
2126,53.46666666666667,53.2668487172605,0.13333333333333286,0.18220709672597282
2127,53.53333333333334,53.33799040796476,0.06666666666666761,0.07114169070426019
2128,53.9,53.77917435098501,0.36666666666666475,0.44118394302024233
2129,54.199999999999996,54.0094835996899,0.29999999999999954,0.23030924870489194
2130,54.166666666666664,53.98389368316714,-0.033333333333333805,-0.025589916522766175
2131,54.166666666666664,54.00385554082587,2.3684757858670005e-15,0.019961857658729657
2132,54.199999999999996,54.029445457348636,0.03333333333333144,0.025589916522764357
2133,54.46666666666667,54.294050362506944,0.2666666666666657,0.26460490515830787
2134,54.70000000000001,54.55302720880121,0.23333333333333428,0.25897684629427137
2135,54.86666666666667,54.70093864907376,0.16666666666666666,0.14791144027255687
2136,54.96666666666667,54.77770839864206,0.09999999999999905,0.0767697495682967
2137,55.199999999999996,54.96337459984737,0.23333333333333192,0.18566620120530947
2138,55.333333333333336,55.10565798125589,0.13333333333333522,0.14228338140852037
2139,55.333333333333336,55.10565798125589,0.0,0.0
2140,55.300000000000004,55.080068064733126,-0.033333333333333805,-0.025589916522766175
2141,55.29999999999999,55.10002992239185,0.0,0.019961857658727836
2142,55.199999999999996,55.063183888141005,-0.10000000000000142,-0.03684603425084426
2143,55.29999999999999,55.21980106834422,0.10000000000000142,0.15661718020320847
2144,55.333333333333336,55.285314700184436,0.033333333333333805,0.06551363184022185
2145,55.43333333333333,55.382046307411464,0.09999999999999905,0.09673160722702454
2146,55.6,55.563344677455525,0.16666666666666904,0.18129837004406307
2147,55.73333333333334,55.66570434354659,0.13333333333333286,0.10235966609106288
2148,55.73333333333333,55.62578062822914,0.0,-0.03992371531745426
2149,56.1,56.18346732442877,0.36666666666666714,0.5576866961996346
2150,55.9,56.00996596763345,-0.20000000000000048,-0.17350135679532305
2151,55.6,55.61996185765874,-0.29999999999999954,-0.39000410997471185
2152,55.666666666666664,55.734295656453426,0.06666666666666525,0.11433379879468769
2153,55.666666666666664,55.75425751411215,2.3684757858670005e-15,0.019961857658729657
2154,55.63333333333333,55.728667597589386,-0.033333333333333805,-0.025589916522766175
2155,55.6,55.70307768106662,-0.033333333333333805,-0.025589916522766175
2156,55.70000000000001,55.79980928829364,0.10000000000000142,0.09673160722702635
2157,55.76666666666666,55.837564049226394,0.06666666666666288,0.037754760932750764
2158,55.666666666666664,55.77748776454385,-0.09999999999999905,-0.06007628468254394
2159,55.76666666666666,55.837564049226394,0.09999999999999905,0.06007628468254394
2160,55.76666666666666,55.837564049226394,0.0,0.0
2161,55.79999999999999,55.90307768106661,0.033333333333333805,0.06551363184022044
2162,55.800000000000004,55.886384216180865,2.3684757858670005e-15,-0.016693464885749538
2163,55.86666666666667,55.97748776454385,0.06666666666666525,0.09110354836298479
2164,56.300000000000004,56.48619350447451,0.43333333333333474,0.508705739930653
2165,56.46666666666667,56.61414308708833,0.16666666666666666,0.12794958261382905
2166,56.43333333333334,56.56859131290684,-0.033333333333333805,-0.04555177418149401
2167,56.26666666666667,56.377487764543844,-0.16666666666666904,-0.19110354836298946
2168,56.26666666666667,56.307445512227865,2.3684757858670005e-15,-0.07004225231598293
2169,56.166666666666664,56.207445512227864,-0.10000000000000142,-0.10000000000000142
2170,56.1,56.13630382152361,-0.06666666666666525,-0.07114169070425695
2171,56.06666666666666,56.090752047342114,-0.033333333333333805,-0.04555177418149401
2172,55.86666666666667,55.91725069054679,-0.20000000000000048,-0.17350135679532305
2173,55.86666666666667,55.91725069054679,0.0,0.0
2174,56.4,56.38914031861845,0.5333333333333338,0.47188962807165635
2175,56.63333333333333,56.631423700026964,0.23333333333333192,0.24228338140851674
2176,56.699999999999996,56.712370569050144,0.06666666666666525,0.08094686902318333
2177,56.63333333333333,56.68115259366334,-0.06666666666666525,-0.031217975386802693
2178,56.63333333333333,56.68115259366334,0.0,0.0
2179,56.6,56.63560081948185,-0.033333333333333805,-0.04555177418149401
2180,56.6,56.61563896182312,0.0,-0.019961857658727836
2181,56.666666666666664,56.67008718764163,0.06666666666666761,0.05444822581850741
2182,56.73333333333334,56.731072199006086,0.06666666666666761,0.06098501136445754
2183,56.76666666666667,56.756662115528854,0.033333333333333805,0.025589916522766175
2184,56.76666666666667,56.756662115528854,0.0,0.0
2185,56.6,56.54886510228011,-0.16666666666666666,-0.207797013248739
2186,56.53333333333333,56.47772341157585,-0.06666666666666761,-0.07114169070426019
2187,56.6,56.508941386962654,0.06666666666666525,0.031217975386802693
2188,56.9,56.81220977973563,0.3000000000000019,0.3032683927729773
2189,56.833333333333336,56.7610299466901,-0.06666666666666761,-0.05117983304553235
2190,56.9,56.81874656528158,0.06666666666666525,0.057716618591480424
2191,57.300000000000004,57.145084419171745,0.40000000000000097,0.32633785389016295
2192,57.300000000000004,57.145084419171745,0.0,0.0
2193,57.333333333333336,57.19717297889919,0.03333333333333618,0.05208855972744596
2194,57.4,57.25488959749067,0.06666666666666525,0.057716618591480424
2195,57.4,57.25488959749067,0.0,0.0
2196,57.43333333333334,57.28374790678642,0.033333333333333805,0.028858309295741236
2197,57.333333333333336,57.24690187253557,-0.10000000000000142,-0.03684603425084426
2198,57.400000000000006,57.32458034878578,0.06666666666666761,0.07767847625021032
2199,57.43333333333334,57.35017026530854,0.033333333333333805,0.025589916522766175
2200,57.333333333333336,57.276668908513216,-0.1000000000000038,-0.0735013567953255
2201,57.26666666666667,57.22548907546769,-0.06666666666666525,-0.051179833045530525
2202,57.300000000000004,57.251078991990454,0.033333333333333805,0.025589916522766175
2203,57.46666666666667,57.43202586101364,0.16666666666666904,0.1809468690231868
2204,57.46666666666667,57.43202586101364,0.0,0.0
2205,57.46666666666667,57.43202586101364,0.0,0.0
2206,57.333333333333336,57.332934587695554,-0.13333333333333522,-0.09909127331808987
2207,57.333333333333336,57.332934587695554,0.0,0.0
2208,57.26666666666667,57.24183103933256,-0.06666666666666761,-0.09110354836298802
2209,57.366666666666674,57.378486361877044,0.10000000000000142,0.13665532254448204
2210,57.06666666666666,56.998638931242134,-0.29999999999999954,-0.37984743063491033
2211,56.9,56.81734056119807,-0.16666666666666666,-0.18129837004406105
2212,56.9,56.76072338099486,-2.3684757858670005e-15,-0.05661718020321049
2213,56.86666666666667,56.738401857245066,-0.033333333333333805,-0.022321523749791114
2214,56.86666666666667,56.74493864279102,2.3684757858670005e-15,0.006536785545951947
2215,56.76666666666667,56.644938642791026,-0.10000000000000142,-0.10000000000000142
2216,56.9,56.80718388185827,0.13333333333333522,0.16224523906724822
2217,56.96666666666667,56.85509532213083,0.06666666666666525,0.047911440272555464
2218,57.03333333333333,56.8663514398589,0.06666666666666525,0.011256117728074857
2219,57.03333333333333,56.8663514398589,0.0,0.0
2220,57.03333333333333,56.856546261539975,2.3684757858670005e-15,-0.009805178318923139
2221,57.03333333333333,56.903006762403386,0.0,0.046460500863405564
2222,57.06666666666666,56.928596678926155,0.03333333333333144,0.025589916522764357
2223,56.5,56.40461849112705,-0.5666666666666677,-0.5239781877991004
2224,56.166666666666664,56.08264846839813,-0.333333333333331,-0.32197002272891057
2225,56.20000000000001,56.11150677769388,0.033333333333333805,0.028858309295741236
2226,56.20000000000001,56.11150677769388,0.0,0.0
2227,56.43333333333334,56.33020840764981,0.23333333333333192,0.21870162995593614
2228,56.43333333333334,56.33020840764981,0.0,0.0
2229,56.5,56.45796727855729,0.06666666666666998,0.12775887090747046
2230,56.56666666666666,56.53237736203452,0.06666666666666525,0.074410083477232
2231,56.6,56.557967278557285,0.03333333333333144,0.025589916522764357
2232,56.56666666666666,56.53237736203452,-0.03333333333333144,-0.025589916522764357
2233,56.6,56.557967278557285,0.03333333333333144,0.025589916522764357
2234,56.6,56.557967278557285,0.0,0.0
2235,56.93333333333334,56.846550371514695,0.3333333333333333,0.2885830929574083
2236,57.06666666666666,56.95544682315171,0.13333333333333286,0.10889645163701277
2237,57.1,57.0009985973332,0.033333333333333805,0.04555177418149401
2238,56.93333333333334,56.85017026530854,-0.1666666666666643,-0.15082833202465223
2239,57.13333333333333,57.01351494276406,0.1999999999999981,0.1633446774555184
2240,57.03333333333333,56.876859620219584,-0.09999999999999905,-0.1366553225444788
2241,57.1,56.931307846038095,0.06666666666666761,0.05444822581850741
2242,57.166666666666664,57.002449536742354,0.06666666666666761,0.07114169070426019
2243,57.1,56.95126970369682,-0.06666666666666761,-0.05117983304553235
2244,57.53333333333333,57.376508119198704,0.4333333333333324,0.4252384155018871
2245,57.699999999999996,57.58430513244745,0.16666666666666666,0.207797013248739
2246,57.833333333333336,57.746550371514694,0.13333333333333522,0.16224523906724822
2247,57.9,57.79773020456022,0.06666666666666525,0.051179833045530525
2248,57.9,57.820960454991926,0.0,0.023230250431701484
2249,58.133333333333326,58.01316344174318,0.23333333333333192,0.1922029867512596
2250,58.5,58.30772609458551,0.36666666666666714,0.2945626528423243
2251,58.76666666666667,58.52225060508656,0.2666666666666657,0.21452451050105073
2252,58.9,58.64457212883635,0.13333333333333286,0.1223215237497907
2253,59.06666666666667,58.78559528254208,0.16666666666666904,0.14102315370573112
2254,59.23333333333333,58.94004350836058,0.1666666666666643,0.15444822581850498
2255,59.300000000000004,58.99122334140612,0.06666666666666761,0.05117983304553235
2256,59.5,59.304457701812524,0.1999999999999981,0.3132343604064133
2257,59.73333333333333,59.49012390301784,0.23333333333333192,0.18566620120530947
2258,59.73333333333333,59.49012390301784,0.0,0.0
2259,60.1,59.801028519725044,0.3666666666666695,0.31090461670720143
2260,60.199999999999996,59.89776012695207,0.10000000000000142,0.09673160722702635
2261,60.333333333333336,60.00011979304313,0.13333333333333286,0.10235966609106288
2262,60.73333333333333,60.3104671840893,0.3999999999999986,0.3103473910461635
2263,61.133333333333326,60.63750804002122,0.3999999999999986,0.32704085593191645
2264,61.46666666666667,60.88360202692995,0.3333333333333357,0.24609398690873496
2265,61.79999999999999,61.14930637047652,0.333333333333331,0.26570434354658123
2266,62.5,61.74949708218289,0.7000000000000028,0.6001907117063651
2267,62.79999999999999,61.97980633088778,0.3000000000000019,0.23030924870489375
2268,63.33333333333332,62.485434389751816,0.5333333333333291,0.5056280588640347
2269,63.6,62.77000115256887,0.2666666666666681,0.2845667628170375
2270,63.666666666666664,62.821180985614404,0.06666666666666761,0.05117983304553235
2271,63.76666666666667,62.89795073518269,0.09999999999999905,0.0767697495682967
2272,63.96666666666667,63.05475862709226,0.20000000000000284,0.15680789190957234
2273,64.23333333333333,63.419172820544205,0.2666666666666657,0.36441419345194564
2274,64.33333333333333,63.49594257011251,0.09999999999999905,0.0767697495682967
2275,64.5,63.62027225893248,0.1666666666666714,0.12432968881998135
2276,64.56666666666668,63.711375807295475,0.06666666666666525,0.09110354836298479
2277,64.73333333333333,63.78924499525204,0.16666666666666666,0.07786918795657194
2278,64.89999999999999,63.930268148957765,0.16666666666666194,0.14102315370572518
2279,65.1,64.08380764809436,0.1999999999999981,0.1535394991365934
2280,65.76666666666667,64.6983321585954,0.6666666666666691,0.6145245105010532
2281,66.0,64.95730900488968,0.23333333333333192,0.25897684629426954
2282,66.2,65.15077221934374,0.20000000000000284,0.1934632144540527
2283,67.10000000000001,65.94442614550414,0.8999999999999986,0.7936539261604111
2284,67.39999999999999,66.23788935995819,0.29999999999999716,0.293463214454047
2285,67.53333333333333,66.3801727413667,0.13333333333333522,0.14228338140852037
2286,67.56666666666666,66.41229944343542,0.03333333333333618,0.03212670206871812
2287,68.06666666666666,66.95911144531972,0.5,0.5468120018842824
2288,68.2,67.1413185420457,0.13333333333333522,0.18220709672597604
2289,68.8,67.76163190072529,0.5999999999999991,0.6203133586796038
2290,69.23333333333333,68.27360603342892,0.4333333333333324,0.5119741327036246
2291,69.26666666666667,68.29919594995168,0.03333333333333144,0.025589916522764357
2292,69.76666666666667,68.86561830847381,0.5,0.5664223585221323
2293,70.2,69.39790579985706,0.4333333333333324,0.5322874913832304
2294,70.19999999999999,69.42113605028875,0.0,0.023230250431704087
2295,70.86666666666666,70.11515649040383,0.6666666666666666,0.6940204401150848
2296,71.0,70.24401479969957,0.13333333333333522,0.12885830929574124
2297,71.13333333333333,70.34637446579065,0.1333333333333305,0.10235966609106105
2298,71.13333333333333,70.34637446579065,0.0,0.0
2299,71.49999999999999,70.84744398178707,0.36666666666666475,0.5010695159964245
2300,72.06666666666666,71.46212928160263,0.5666666666666723,0.6146852998155723
2301,72.26666666666667,71.63563063839796,0.1999999999999981,0.1735013567953198
2302,72.73333333333333,72.17354618864522,0.46666666666666856,0.537915550247272
2303,73.06666666666666,72.45886088882965,0.3333333333333333,0.28531470018443345
2304,73.3,72.71783773512394,0.23333333333333428,0.25897684629427276
2305,73.53333333333335,72.91692900844201,0.23333333333333428,0.19909127331808782
2306,73.83333333333333,73.20712383012308,0.29999999999999716,0.2901948216810722
2307,74.33333333333333,73.69078186625822,0.5,0.48365803613512487
2308,74.76666666666667,74.1363336404397,0.4333333333333324,0.4455517741814924
2309,75.06666666666666,74.3666428891446,0.29999999999999716,0.2303092487048901
2310,75.10000000000001,74.39223280566736,0.03333333333333618,0.025589916522767993
2311,75.39999999999999,74.70238948500717,0.3000000000000019,0.3101566793398051
2312,75.39999999999999,74.70238948500717,0.0,0.0
2313,75.63333333333334,74.92144261598398,0.23333333333333428,0.21905313097681706
2314,75.76666666666667,75.10364971270995,0.1333333333333305,0.18220709672596958
2315,75.86666666666667,75.18041946227827,0.09999999999999905,0.0767697495682967
2316,76.13333333333334,75.44502436743656,0.2666666666666657,0.26460490515830787
2317,76.3,75.6528213806853,0.16666666666666666,0.2077970132487404
2318,76.36666666666666,75.70400121373083,0.06666666666666761,0.05117983304553235
2319,76.5,75.88620831045681,0.13333333333333522,0.18220709672597604
2320,76.73333333333333,76.12522329909237,0.23333333333333428,0.23901498863554346
2321,76.8,76.17640313213788,0.06666666666666288,0.051179833045528714
2322,77.2,76.49655570150297,0.4000000000000057,0.3201525693650944
2323,78.80000000000001,78.14884998587058,1.599999999999999,1.6522942843675985
2324,79.30000000000001,78.57191944698776,0.5,0.42306946111718746
2325,79.66666666666667,78.9332559593731,0.3666666666666695,0.3613365123853375
2326,79.73333333333333,79.104206938371,0.06666666666666288,0.17095097899789288
2327,79.73333333333333,79.104206938371,0.0,0.0
2328,79.93333333333334,79.3375938681425,0.20000000000000284,0.23338692977150838
2329,80.36666666666666,79.90980507484318,0.4333333333333324,0.572211206700686
2330,80.36666666666666,79.90980507484318,0.0,0.0
2331,80.46666666666667,79.98657482441149,0.09999999999999905,0.0767697495682967
2332,80.83333333333333,80.35444812234276,0.36666666666666003,0.36787329793127704
2333,80.96666666666667,80.51996175418297,0.13333333333333522,0.16551363184022208
2334,81.3,80.78566609772956,0.3333333333333333,0.26570434354658307
2335,81.46666666666667,80.91361568034338,0.16666666666666666,0.12794958261382905
2336,81.5,80.93920559686617,0.03333333333333618,0.025589916522767993
2337,81.56666666666666,81.01034728757043,0.06666666666666761,0.07114169070426161
2338,81.8,81.2025502743217,0.23333333333333428,0.19220298675126166
2339,81.8,81.2025502743217,0.0,0.0
2340,81.73333333333333,81.15137044127616,-0.06666666666666761,-0.05117983304553235
2341,82.43333333333334,82.10795769908752,0.6999999999999981,0.9565872578113582
2342,82.53333333333333,82.20468930631455,0.1000000000000038,0.0967316072270296
2343,82.86666666666666,82.49327239927196,0.3333333333333333,0.2885830929574083
2344,84.2,83.66102984321437,1.3333333333333333,1.1677574439424094
2345,84.23333333333333,83.68661975973713,0.03333333333333144,0.025589916522764357
2346,84.26666666666667,83.71547806903287,0.03333333333333144,0.028858309295739185
2347,84.56666666666668,84.0688268564631,0.3000000000000019,0.35334878743023324
2348,84.7,84.18099170087308,0.1333333333333305,0.11216484440998602
2349,84.76666666666667,84.27209524923607,0.06666666666666761,0.09110354836298802
2350,86.26666666666665,85.83781460571645,1.5,1.5657193564803795
2351,86.26666666666665,85.83781460571645,0.0,0.0
2352,86.96666666666665,86.44127371019579,0.7000000000000028,0.6034591044793375
2353,87.46666666666665,86.90496988867218,0.5,0.46369617847639855
2354,87.83333333333333,87.22241129092534,0.36666666666666475,0.3174414022531475
2355,88.13333333333333,87.63237725855876,0.3000000000000019,0.4099659676334429
2356,88.53333333333335,88.01241540090005,0.40000000000000097,0.38003814234127276
2357,89.0,88.42367151862813,0.46666666666666384,0.4112561177280746
2358,89.06666666666668,88.48138813721961,0.06666666666666761,0.05771661859148247
2359,89.46666666666665,89.02800942739752,0.3999999999999962,0.5466212901779152
2360,89.56666666666666,89.1080475697388,0.09999999999999905,0.08003814234127155
2361,89.63333333333333,89.1624957955573,0.06666666666666761,0.054448225818507646
2362,90.06666666666668,89.75466885991672,0.4333333333333371,0.592173064359419
2363,90.16666666666667,89.83470700225799,0.09999999999999905,0.08003814234127155
2364,90.33333333333333,90.06246587316546,0.16666666666666666,0.22775887090746683
2365,91.16666666666667,91.18456676281704,0.8333333333333334,1.12210088965158
2366,91.2,91.23011853699853,0.03333333333333618,0.04555177418149725
2367,91.2,91.23011853699853,0.0,0.0
2368,91.33333333333333,91.41232563372449,0.1333333333333305,0.18220709672596958
2369,91.33333333333333,91.41232563372449,0.0,0.0
2370,91.33333333333333,91.41232563372449,0.0,0.0
2371,91.59999999999998,91.77673982717646,0.2666666666666657,0.36441419345194564
2372,91.96666666666665,92.06476569447283,0.36666666666666475,0.28802586729637214
2373,92.33333333333333,92.56583521046926,0.3666666666666695,0.5010695159964309
2374,92.66666666666667,92.98796602251268,0.3333333333333333,0.4221308120434281
2375,92.93333333333334,93.19268535469482,0.2666666666666657,0.20471933218212576
2376,93.06666666666666,93.29831341355884,0.13333333333333522,0.10562805886404
2377,93.3,93.4774428292182,0.23333333333333428,0.1791294156593614
2378,93.43333333333334,93.58307088808225,0.1333333333333305,0.1056280588640359
2379,93.7,93.82771393558183,0.26666666666667044,0.24464304749958507
2380,94.0,94.18106272301206,0.29999999999999244,0.35334878743022546
2381,94.23333333333335,94.38342238910313,0.23333333333333903,0.2023596660910696
2382,94.23333333333335,94.38342238910313,0.0,0.0
2383,94.2,94.35783247258036,-0.03333333333333144,-0.025589916522764357
2384,94.16666666666667,94.31228069839887,-0.03333333333333618,-0.04555177418149725
2385,94.3,94.47452593746611,0.1333333333333305,0.16224523906724314
2386,95.3,95.33806132662801,1.0000000000000047,0.8635353891618879
2387,95.26666666666667,95.24242915778925,-0.03333333333333618,-0.09563216883875438
2388,95.43333333333334,95.47018802869671,0.16666666666666666,0.22775887090746683
2389,95.56666666666666,95.69231884074014,0.1333333333333305,0.22213081204342525
2390,95.39999999999999,95.44459811217394,-0.16666666666666666,-0.24772072856619323
2391,95.86666666666667,95.80285694349266,0.46666666666666856,0.3582588313187228
2392,95.60000000000001,95.59813761131053,-0.2666666666666657,-0.20471933218212576
2393,95.8,95.8115626834233,0.1999999999999981,0.2134250721127755
2394,95.86666666666667,95.86601090924182,0.06666666666666761,0.054448225818507646
2395,96.13333333333333,96.13061581440013,0.2666666666666657,0.26460490515830787
2396,96.46666666666665,96.42935558669734,0.3333333333333381,0.29873977229721627
2397,96.53333333333335,96.5004972774016,0.06666666666666761,0.07114169070425876
2398,96.73333333333335,96.77380792249058,0.20000000000000284,0.2733106450889641
2399,96.83333333333333,96.89050138737632,0.09999999999999432,0.1166934648857459
2400,96.96666666666665,97.01282291112611,0.13333333333333522,0.12232152374979395
2401,97.66666666666667,97.725896482218,0.6999999999999981,0.7130735710918991
2402,98.0,98.0816049357393,0.3333333333333333,0.3557084535212959
2403,98.03333333333335,98.1271567099208,0.03333333333333144,0.04555177418149078
2404,98.23333333333335,98.30719485226207,0.20000000000000284,0.1800381423412736
2405,98.36666666666667,98.42297959046591,0.13333333333333522,0.11578473820384384
2406,98.56666666666666,98.59286105346739,0.1999999999999981,0.1698814630014685
2407,98.96666666666668,99.03278476878484,0.40000000000000097,0.4399237153174549
2408,99.0,99.11499186551082,0.0333333333333267,0.08220709672596752
2409,99.06666666666666,99.16617169855634,0.06666666666666761,0.05117983304553235
2410,99.39999999999999,99.4583746853076,0.3333333333333381,0.29220298675126605
2411,99.53333333333335,99.60719485226207,0.13333333333333522,0.1488201669544705
2412,99.5,99.58487332851229,-0.03333333333333618,-0.022321523749793164
2413,99.76666666666665,99.82227658842415,0.2666666666666657,0.23740325991187594
2414,99.8,99.84786650494692,0.03333333333333618,0.025589916522767993
2415,99.83333333333333,99.87345642146968,0.03333333333333144,0.025589916522764357
2416,99.83333333333333,99.88326159978861,4.736951571734001e-15,0.009805178318929065
2417,99.83333333333333,99.87999320701563,-4.736951571734001e-15,-0.003268392772978933
2418,99.90000000000002,99.94424661115308,0.06666666666666761,0.0642534041374326
2419,99.83333333333333,99.88979838533457,-0.06666666666666761,-0.054448225818507646
2420,99.8,99.86747686158478,-0.03333333333333144,-0.022321523749789064
2421,99.83333333333333,99.91302863576627,0.03333333333333144,0.04555177418149078
2422,99.66666666666667,99.76511719549372,-0.16666666666666194,-0.14791144027255182
2423,99.66666666666667,99.76184880272073,-4.736951571734001e-15,-0.003268392772978933
2424,99.63333333333333,99.73625888619797,-0.03333333333333144,-0.025589916522764357
2425,99.56666666666666,99.66184880272073,-0.06666666666666761,-0.07441008347723643
2426,99.56666666666666,99.6651171954937,-4.736951571734001e-15,0.0032683927729711933
2427,99.5,99.61393736244817,-0.06666666666666761,-0.05117983304553235
2428,99.46666666666665,99.58834744592542,-0.03333333333333144,-0.025589916522764357
2429,99.5,99.67055454265139,0.03333333333333618,0.08220709672597526
2430,99.5,99.69051640031012,0.0,0.01996185765872926
2431,99.5,99.69051640031012,0.0,0.0
2432,99.60000000000001,99.77709132819733,0.09999999999999905,0.08657492788722167
2433,99.56666666666666,99.75476980444755,-0.03333333333333144,-0.022321523749789064
2434,99.60000000000001,99.82028343628777,0.03333333333333618,0.06551363184022367
2435,99.53333333333335,99.76910360324224,-0.06666666666666761,-0.05117983304553235
2436,99.43333333333334,99.69233385367394,-0.09999999999999905,-0.0767697495682967
2437,99.53333333333332,99.74225345901667,0.09999999999999432,0.04991960534273718
2438,99.53333333333335,99.76548370944838,4.736951571734001e-15,0.023230250431705353
2439,99.53333333333335,99.76548370944838,0.0,0.0
2440,99.33333333333333,99.47547959947367,-0.20000000000000284,-0.29000410997471565
2441,99.39999999999999,99.56985154060963,0.06666666666666288,0.09437194113595922
2442,99.36666666666667,99.54099323131389,-0.03333333333333144,-0.028858309295739185
2443,99.3,99.4498896829509,-0.06666666666666761,-0.09110354836298802
2444,99.39999999999999,99.5266594325192,0.09999999999999905,0.0767697495682967
2445,99.43333333333332,99.55551774181494,0.03333333333333144,0.028858309295739185
2446,99.16666666666667,99.29780112322346,-0.2666666666666562,-0.2577166185914711
2447,99.26666666666667,99.38110765833771,0.09999999999999905,0.08330653511424682
2448,99.26666666666667,99.38110765833771,0.0,0.0
2449,99.26666666666667,99.38110765833771,0.0,0.0
2450,99.2,99.32992782529217,-0.06666666666666761,-0.05117983304553235
2451,99.2,99.32992782529217,0.0,0.0
2452,99.3,99.40996596763345,0.09999999999999905,0.08003814234127155
2453,99.36666666666667,99.46114580067898,0.06666666666666761,0.05117983304553235
2454,99.53333333333335,99.6388242769292,0.16666666666666194,0.1776784762502032
2455,99.53333333333335,99.6388242769292,0.0,0.0
2456,99.53333333333335,99.61886241927046,0.0,-0.01996185765872642
2457,99.8,99.85988557297618,0.2666666666666657,0.24102315370572727
2458,99.93333333333332,99.96878202461319,0.04000000000000057,0.019236598965691482
2459,100.0,99.99999999999999,0.06666666666666761,0.031217975386805926
2460,66.65,67.65091945108297,-0.03333333333333144,-0.03046223011935341
2461,64.93333333333332,83.24157254388842,0.09999999999999787,0.08028574821842066
2462,65.53333333333333,84.06394897225185,0.6000000000000026,0.8223764283634138
2463,65.86666666666667,84.52107257863175,0.33333333333333925,0.45712360637991145
2464,65.96666666666667,84.6086294725659,0.10000000000000024,0.08755689393415231
2465,67.46666666666667,86.18934822098697,1.4999999999999953,1.5807187484210656
2466,67.63333333333334,86.3949387102572,0.1666666666666714,0.205590489270221
2467,66.96666666666667,85.33903381755505,-0.6666666666666666,-1.0559048927021433
2468,67.06666666666668,85.39309118971558,0.10000000000000142,0.05405737216052721
2469,65.2,82.43655749014957,-1.8666666666666696,-2.9565336995660054
2470,65.10000000000001,82.27817175624426,-0.09999999999999905,-0.15838573390532
2471,64.86666666666667,81.90860504379852,-0.23333333333333428,-0.3695667124457516
2472,65.46666666666667,82.85891944723042,0.5999999999999991,0.9503144034319274
2473,65.53333333333333,82.89495769533745,0.06666666666666525,0.03603824810701686
2474,64.36666666666667,80.84835731806902,-1.1666666666666667,-2.0466003772684394
2475,63.333333333333336,79.31603309612548,-1.0333333333333339,-1.5323242219435262
2476,62.70000000000001,78.41725180980325,-0.6333333333333305,-0.8987812863222376
2477,61.86666666666667,77.47990802032315,-0.8333333333333357,-0.9373437894801004
2478,61.9,77.3425497595605,0.033333333333333805,-0.1373582607626492
2479,59.900000000000006,74.24438732261726,-1.9999999999999976,-3.098162436943231
2480,59.666666666666664,74.0139250924979,-0.23333333333333664,-0.23046223011936254
2481,58.800000000000004,72.51075755930066,-0.8666666666666648,-1.5031675331972454
2482,58.833333333333336,72.55110969786992,0.033333333333333805,0.04035213856925983
2483,58.56666666666667,72.41812321269973,-0.2666666666666657,-0.13298648517019462
2484,59.5,73.90755656974059,0.93333333333333,1.4894333570408724
2485,59.26666666666667,73.46843761613164,-0.23333333333333428,-0.43911895360894937
2486,59.0,73.32428462370358,-0.2666666666666681,-0.14415299242807128
2487,58.699999999999996,72.8491274219876,-0.29999999999999716,-0.47515720171595993
2488,59.133333333333326,73.54663210950187,0.4333333333333324,0.6975046875142671
2489,59.199999999999996,73.79132708109847,0.06666666666666525,0.24469497159660497
2490,59.53333333333333,74.31927952744955,0.3333333333333333,0.5279524463510716
2491,59.93333333333334,74.95282246307085,0.40000000000000097,0.6335429356212875
2492,59.833333333333336,74.9099315981682,-0.09999999999999905,-0.04289086490265055
2493,59.93333333333334,74.99748849210235,0.09999999999999905,0.08755689393415127
2494,59.166666666666664,73.79436437275277,-0.7666666666666657,-1.2031241193495879
2495,59.199999999999996,73.70805513506146,0.033333333333333805,-0.08630923769128498
2496,58.1,71.94220244877921,-1.1000000000000014,-1.765852686282262
2497,58.26666666666667,72.10918702104391,0.16666666666666904,0.16698457226470115
2498,58.20000000000001,72.0731487729369,-0.06666666666666525,-0.03603824810701686
2499,58.23333333333334,72.11350091150615,0.033333333333333805,0.04035213856925983
2500,58.23333333333334,72.11350091150615,0.0,0.0
2501,57.86666666666667,71.77618606459116,-0.3666666666666695,-0.33731484691499386
2502,57.56666666666667,71.40535722461999,-0.29999999999999716,-0.3708288399711659
2503,56.833333333333336,70.41774244555562,-0.7333333333333343,-0.9876147790643673
2504,56.29999999999999,69.58418503865178,-0.5333333333333385,-0.8335574069038458
2505,56.03333333333334,69.1382134682472,-0.26666666666666333,-0.44597157040457547
2506,55.633333333333326,68.45745130597847,-0.40000000000000097,-0.6807621622687343
2507,55.166666666666664,68.06480248809498,-0.4666666666666674,-0.3926488178834902
2508,55.199999999999996,68.09398811940636,0.033333333333333805,0.02918563131138445
2509,55.26666666666667,68.16480248809499,0.0666666666666688,0.0708143686886201
2510,55.03333333333334,68.03866861972043,-0.2333333333333331,-0.12613386837456156
2511,55.03333333333333,67.97900628700711,-3.552713678800501e-15,-0.05966233271330021
2512,54.96666666666666,67.84980618441318,-0.06666666666666525,-0.12920010259393555
2513,54.53333333333334,67.1286918835752,-0.4333333333333312,-0.7211143008379873
2514,54.6,67.06901507957934,0.06666666666666761,-0.05967680399584677
2515,54.43333333333334,66.72304350917476,-0.1666666666666714,-0.34597157040458737
2516,54.6,66.70625757008158,0.16666666666666666,-0.016785939093196207
2517,54.76666666666667,66.85346232544646,0.1666666666666702,0.14720475536489808
2518,54.93333333333334,67.0826624280404,0.1666666666666643,0.22920010259393322
2519,55.13333333333333,67.24660970865084,0.20000000000000048,0.16394728061042924
2520,54.93333333333334,66.83539978754528,-0.20000000000000048,-0.4112099211055359
2521,54.9,66.4696194576758,-0.033333333333333805,-0.36578032986949255
2522,55.333333333333336,66.8640289684056,0.4333333333333371,0.3944095107297917
2523,55.63333333333333,67.18636198292134,0.29999999999999954,0.3223330145157492
2524,55.63333333333333,67.06831391630273,0.0,-0.11804806661861565
2525,55.63333333333333,67.06831391630273,0.0,0.0
2526,55.43333333333334,66.71676632791048,-0.20000000000000165,-0.35154758839224315
2527,55.333333333333336,66.44033252738654,-0.09999999999999905,-0.2764338005239357
2528,55.1,65.97760396045388,-0.2333333333333331,-0.4627285669326697
2529,55.03333333333333,65.75396540456504,-0.06666666666666761,-0.22363855588883147
2530,54.9,65.44834597272973,-0.13333333333333286,-0.3056194318353201
2531,55.5,65.6444293486105,0.6000000000000014,0.196083375880763
2532,55.13333333333333,65.0289055370427,-0.36666666666666714,-0.6155238115677785
2533,55.166666666666664,65.0580911683541,0.033333333333333805,0.02918563131138445
2534,55.56666666666667,65.52892000832526,0.40000000000000097,0.4708288399711711
2535,56.4,66.38905196379433,0.8333333333333309,0.8601319554690608
2536,56.4,66.38905196379433,0.0,0.0
2537,56.5,66.46544235047061,0.09999999999999905,0.07639038667627669
2538,56.800000000000004,66.71694652501517,0.29999999999999954,0.2515041745445805
2539,56.93333333333334,66.84613215632658,0.13333333333333286,0.12918563131138214
2540,58.36666666666667,68.70507434068298,1.4333333333333325,1.8589421843564122
2541,59.03333333333333,69.26645395239491,0.6666666666666666,0.56137961171193
2542,59.20000000000001,69.49565405498885,0.16666666666666904,0.22920010259394072
2543,59.63333333333333,69.93472959475014,0.43333333333333474,0.43907553976128694
2544,59.73333333333333,70.0111199814264,0.09999999999999669,0.07639038667627461
2545,60.53333333333334,71.20865361150578,0.8000000000000019,1.1975336300793773
2546,60.6,71.19619603415738,0.06666666666666761,-0.012457577348399817
2547,61.26666666666666,72.02972449849611,0.666666666666662,0.8335284643387261
2548,61.46666666666667,72.27566712633559,0.2000000000000052,0.24594262783948084
2549,61.76666666666667,72.59800014085135,0.29999999999999954,0.3223330145157492
2550,61.800000000000004,72.61601926490485,0.033333333333333805,0.01801912405350907
2551,62.06666666666666,72.96882898082251,0.2666666666666657,0.3528097159176581
2552,62.70000000000001,73.4786899467073,0.6333333333333329,0.5098609658847955
2553,63.26666666666667,74.37620910550413,0.5666666666666677,0.8975191587968233
2554,63.1,74.08862326900487,-0.16666666666666666,-0.28758583649925756
2555,63.333333333333336,74.23709015189517,0.23333333333333428,0.14846688289031296
2556,63.86666666666667,74.8830472510172,0.5333333333333291,0.6459570991220215
2557,64.96666666666665,76.55446148400458,1.1000000000000014,1.6714142329873682
2558,65.66666666666667,77.38367605788106,0.7000000000000005,0.8292145738764919
2559,66.63333333333333,78.52581783186172,0.9666666666666662,1.1421417739806612
2560,66.96666666666665,79.04260377095493,0.3333333333333333,0.5167859390931963
2561,67.39999999999999,79.3077987078082,0.43333333333333,0.26519493685329193
2562,67.5,79.43140832113194,0.10000000000000142,0.12360961332372487
2563,67.89999999999999,79.92457017561887,0.4000000000000033,0.49316185448692307
2564,68.3,80.43017513617163,0.3999999999999986,0.5056049605527663
2565,68.46666666666667,80.57737989153652,0.16666666666666904,0.14720475536489663
2566,69.53333333333333,81.97489905033335,1.0666666666666629,1.3975191587968159
2567,70.10000000000001,82.52082720689027,0.5666666666666677,0.5459281565569225
2568,70.63333333333334,82.98173719584642,0.5333333333333362,0.4609099889561641
2569,72.86666666666667,86.22836651567998,2.233333333333332,3.246629319833543
2570,74.16666666666667,87.66141088598037,1.2999999999999972,1.4330443703004057
2571,74.83333333333333,88.27639271837963,0.6666666666666691,0.6149818323992423
2572,75.0,88.50559282097356,0.16666666666666904,0.22920010259394072
2573,73.93333333333334,86.75775925874481,-1.06666666666667,-1.7478335622287542
2574,73.3,86.06157458388618,-0.6333333333333305,-0.6961846748586316
2575,72.66666666666667,85.00007920191382,-0.6333333333333376,-1.0614953819723634
2576,72.0,83.96906052134337,-0.6666666666666643,-1.0310186805704449
2577,71.56666666666666,83.36599428712398,-0.43333333333333474,-0.6030662342193785
2578,71.33333333333333,83.07969952071525,-0.23333333333333428,-0.28629476640873236
2579,70.63333333333333,82.07788094273874,-0.6999999999999981,-1.001818577976507
2580,70.5,81.84309035087459,-0.13333333333333286,-0.23479059186415138
2581,70.16666666666667,81.50529140992128,-0.3333333333333357,-0.3377989409533183
2582,70.16666666666667,81.62078627892396,4.736951571734001e-15,0.11549486900267694
2583,70.86666666666666,82.659934175098,0.6999999999999957,1.0391478961740486
2584,71.03333333333333,83.07673458547376,0.16666666666666904,0.4168004103757541
2585,71.89999999999999,84.44941094598654,0.8666666666666648,1.3726763605127832
2586,71.9,84.39230181088921,4.736951571734001e-15,-0.05710913509734378
2587,71.8,84.2575256903076,-0.10000000000000142,-0.13477612058160027
2588,71.73333333333333,84.18798792042695,-0.06666666666666761,-0.06953776988064427
2589,71.66666666666667,84.20044549777535,-0.06666666666666761,0.012457577348399817
2590,71.26666666666667,83.57934566821993,-0.3999999999999986,-0.6210998295554347
2591,71.63333333333333,84.07809801197705,0.36666666666666475,0.4987523437571317
2592,71.43333333333334,83.79737926355598,-0.20000000000000048,-0.2807187484210738
2593,71.43333333333334,84.02836900156133,4.736951571734001e-15,0.23098973800534636
2594,71.26666666666667,83.85883123168067,-0.1666666666666714,-0.16953776988064945
2595,71.93333333333334,84.72968901421694,0.6666666666666666,0.870857782536277
2596,72.46666666666667,85.65640827560772,0.5333333333333362,0.9267192613907623
2597,72.56666666666666,85.88817604710015,0.09999999999999905,0.23176777149243494
2598,72.73333333333333,86.12854265695196,0.16666666666666904,0.24036660985181613
2599,72.83333333333333,86.26331877753356,0.09999999999999432,0.13477612058159072
2600,72.86666666666666,86.27017139432918,0.033333333333333805,0.006852616795634484
2601,72.96666666666665,86.47577635488197,0.09999999999999905,0.20560496055276692
2602,73.10000000000001,86.71184354555407,0.1333333333333376,0.2360671906721299
2603,73.16666666666667,86.92303899537706,0.06666666666666288,0.21119544982297755
2604,73.16666666666667,86.87581976872961,0.0,-0.047219226647446925
2605,73.10000000000001,86.86466773275428,-0.06666666666666525,-0.0111520359753199
2606,73.23333333333333,86.93929742658428,0.13333333333333522,0.0746296938299825
2607,73.63333333333333,87.23496906483949,0.3999999999999962,0.2956716382552008
2608,73.83333333333333,87.55174053265013,0.20000000000000284,0.31677146781064747
2609,73.93333333333332,87.73373587987916,0.09999999999999669,0.1819953472290397
2610,73.89999999999999,87.77410248973098,-0.03333333333332907,0.040366609851816594
2611,73.89999999999999,87.75049287640726,0.0,-0.023609613323721787
2612,74.0,87.92004511757045,0.09999999999999905,0.16955224116319537
2613,73.93333333333334,87.72001617500536,-0.06666666666666525,-0.20002894256510423
2614,73.66666666666667,87.27532120340875,-0.26666666666667044,-0.44469497159661325
2615,73.83333333333333,87.58651665323173,0.16666666666666666,0.31119544982298275
2616,73.53333333333335,87.18218829148694,-0.29999999999999716,-0.40432836174479125
2617,73.89999999999999,87.58905537956511,0.36666666666666475,0.40686708807818406
2618,74.0,87.79466034011787,0.09999999999999905,0.20560496055276692
2619,74.10000000000001,87.88221723405204,0.10000000000000142,0.08755689393415333
2620,73.83333333333333,87.56546023752395,-0.26666666666666333,-0.31675699652808526
2621,73.63333333333334,87.31824101087649,-0.20000000000000284,-0.24721922664744975
2622,73.53333333333335,87.08902643700002,-0.09999999999999669,-0.22921457387648664
2623,73.56666666666666,87.152988188893,0.03333333333332907,0.06396175189297747
2624,73.56666666666666,87.12937857556928,2.3684757858670005e-15,-0.023609613323719716
2625,73.33333333333333,86.78342147644723,-0.23333333333333664,-0.34595709912203193
2626,72.86666666666666,86.00951193097413,-0.4666666666666662,-0.7739095454730984
2627,72.73333333333333,85.87904970085478,-0.13333333333333286,-0.1304622301193573
2628,72.03333333333333,84.73557344293594,-0.6999999999999981,-1.1434762579188438
2629,71.56666666666666,83.99644001804444,-0.46666666666666856,-0.7391334248915032
2630,70.86666666666666,83.24794419258902,-0.6999999999999981,-0.7484958254554176
2631,70.8,82.99335931254251,-0.06666666666666761,-0.25458488004651136
2632,70.60000000000001,82.7001974580556,-0.1999999999999981,-0.2931618544869182
2633,69.96666666666667,81.79152626328344,-0.6333333333333352,-0.9086711947721453
2634,69.56666666666666,81.25114518214907,-0.40000000000000097,-0.540381081134368
2635,69.46666666666667,81.11636906156748,-0.09999999999999669,-0.13477612058159277
2636,69.36666666666666,80.89832099494886,-0.1000000000000038,-0.21804806661862083
2637,69.0,80.3064067967048,-0.36666666666666475,-0.5919141982440512
2638,68.39999999999999,79.30887316662543,-0.5999999999999991,-0.9975336300793742
2639,68.03333333333335,78.95050190400268,-0.36666666666666475,-0.3583712626227661
2640,67.8,78.53371596490946,-0.23333333333333664,-0.41678593909320066
2641,67.66666666666667,78.28775886578744,-0.13333333333333286,-0.24595709912202673
2642,67.3,77.85983536200148,-0.36666666666666714,-0.42792350378596505
2643,67.3,77.77784001477244,2.3684757858670005e-15,-0.08199534722904202
2644,67.23333333333333,77.64863991217851,-0.06666666666666525,-0.12920010259393555
2645,66.83333333333333,77.19025417827318,-0.4000000000000057,-0.458385733905328
2646,66.6,76.8206874658274,-0.23333333333333428,-0.3695667124457516
2647,66.46666666666665,76.63311610061072,-0.1333333333333305,-0.18757136521670234
2648,66.56666666666666,76.66101066183158,0.09999999999999905,0.027894561220857927
2649,66.60000000000001,76.66786327862721,0.033333333333333805,0.0068526167956336915
2650,66.53333333333333,76.562272789357,-0.06666666666666761,-0.10559048927021582
2651,66.43333333333334,76.3330582154805,-0.09999999999999669,-0.22921457387648664
2652,66.13333333333333,75.84673450650666,-0.3000000000000019,-0.4863237089738429
2653,66.23333333333333,75.93556799924879,0.10000000000000142,0.08883349274212853
2654,66.60000000000001,76.23427692915826,0.36666666666666714,0.298708929909474
2655,66.76666666666667,76.38020508571518,0.16666666666666666,0.14592815655692015
2656,66.66666666666667,76.18704323122826,-0.10000000000000142,-0.19316185448692258
2657,66.5,75.91190050079486,-0.16666666666666666,-0.2751427304334112
2658,66.76666666666667,76.26343361790454,0.2666666666666681,0.35153311710968915
2659,66.86666666666666,76.3398240045808,0.09999999999999669,0.07639038667627461
2660,67.2,76.69134265040796,0.3333333333333333,0.35151864582713366
2661,66.96666666666665,76.23978059073316,-0.23333333333333192,-0.4515620596747937
2662,66.93333333333334,76.10626659767698,-0.033333333333333805,-0.1335139930561785
2663,66.86666666666667,75.97706649508305,-0.06666666666666525,-0.12920010259393555
2664,67.0,76.15347135304188,0.13333333333333286,0.17640485795882904
2665,66.93333333333332,75.83794754147411,-0.06666666666666998,-0.3155238115677812
2666,66.8,75.5559377229625,-0.1333333333333281,-0.28200981851159085
2667,66.7,75.24600440066493,-0.1000000000000038,-0.30993332229756926
2668,66.4,74.68885185171993,-0.29999999999999477,-0.557152548945002
2669,65.93333333333332,73.9509950256364,-0.4666666666666733,-0.7378568260835355
2670,65.63333333333334,73.41745209001512,-0.29999999999999716,-0.5335429356212822
2671,65.73333333333333,73.54106170333884,0.10000000000000142,0.12360961332372487
2672,65.8,73.59943296596161,0.06666666666666761,0.0583712626227689
2673,65.76666666666667,73.44103276077374,-0.033333333333333805,-0.15840020518787545
2674,65.8,73.49382800540884,0.03333333333333144,0.05279524463510416
2675,65.73333333333333,73.28390915439383,-0.06666666666666761,-0.20991885101500987
2676,65.76666666666667,73.3130947857052,0.033333333333333805,0.02918563131138445
2677,65.60000000000001,73.11994740250084,-0.16666666666666666,-0.19314738320436708
2678,65.36666666666666,72.72677107673138,-0.23333333333333428,-0.3931763257694734
2679,65.16666666666667,72.37522348833913,-0.20000000000000048,-0.35154758839224254
2680,65.13333333333334,72.38081397760934,-0.03333333333332907,0.005590489270220217
2681,65.13333333333334,72.32242824370402,-2.3684757858670005e-15,-0.058385733905324366
2682,65.16666666666667,72.3516138750154,0.033333333333333805,0.02918563131138445
2683,65.10000000000001,72.20008075790572,-0.06666666666666761,-0.15153311710968756
2684,65.2,72.07770432954231,0.10000000000000142,-0.12237642836341074
2685,64.93333333333334,71.59695663855612,-0.2666666666666681,-0.4807476909861794
2686,64.8,71.36216604669198,-0.13333333333333286,-0.23479059186415138
2687,64.73333333333333,71.16341370293483,-0.06666666666666525,-0.19875234375713324
2688,64.7,71.03978961832857,-0.03333333333333618,-0.1236240846062804
2689,64.56666666666666,70.79383251920653,-0.13333333333333286,-0.24595709912202673
2690,64.63333333333334,70.82859416850557,0.06666666666666761,0.034761649299047105
2691,64.56666666666666,70.66461794533005,-0.06666666666666761,-0.16397622317553814
2692,64.66666666666667,70.7521748392642,0.10000000000000142,0.08755689393415333
2693,64.60000000000001,70.61308482822037,-0.06666666666666525,-0.13909001104383573
2694,64.76666666666667,70.7478464775194,0.16666666666666666,0.1347616492990448
2695,64.60000000000001,70.55469909431504,-0.16666666666666666,-0.19314738320436708
2696,64.73333333333333,70.64910860504483,0.13333333333333286,0.09440951072978576
2697,64.73333333333333,70.70621774014216,-2.3684757858670005e-15,0.05710913509734506
2698,64.60000000000001,70.51864637492547,-0.13333333333333286,-0.18757136521670442
2699,64.76666666666667,70.75901298477727,0.16666666666666904,0.24036660985181613
2700,64.76666666666667,70.75901298477727,0.0,0.0
2701,64.73333333333333,70.70621774014216,-0.03333333333333618,-0.05279524463511166
2702,64.96666666666667,70.99378910535887,0.23333333333333664,0.2875713652167096
2703,64.96666666666667,70.99378910535887,0.0,0.0
2704,65.13333333333333,71.11738424740005,0.1666666666666643,0.12359514204116814
2705,65.26666666666667,71.24656987871144,0.13333333333333286,0.12918563131138214
2706,65.39999999999999,71.34097938944122,0.13333333333333286,0.09440951072978497
2707,65.66666666666667,71.58818414480612,0.2666666666666681,0.24720475536489506
2708,65.7,71.60620326885962,0.033333333333333805,0.01801912405350907
2709,65.8,71.65898404221218,0.10000000000000142,0.052780773352556175
2710,65.93333333333334,71.79933618078144,0.13333333333333286,0.1403521385692575
2711,65.93333333333332,71.78944627233153,-4.736951571734001e-15,-0.009889908449907699
2712,66.0,71.83665102769642,0.06666666666666761,0.04720475536489352
2713,66.13333333333333,71.91989403116833,0.13333333333333286,0.08324300347191037
2714,66.63333333333333,72.31556566942353,0.5000000000000023,0.39567163825520724
2715,66.73333333333333,72.34729002706831,0.09999999999999905,0.03172435764477517
2716,66.96666666666665,72.51808992447438,0.23333333333333428,0.17079989740606372
2717,68.36666666666667,74.33923316787748,1.4000000000000032,1.821143243403102
2718,68.83333333333333,74.82121404382397,0.4666666666666662,0.481980875946491
2719,68.93333333333332,74.85166180266077,0.09999999999999432,0.030447758836796637
2720,69.36666666666666,75.30318044848791,0.4333333333333371,0.45151864582713885
2721,69.66666666666667,75.6379565690695,0.29999999999999954,0.3347761205815998
2722,70.2,76.23541784273611,0.5333333333333338,0.597461273666607
2723,70.60000000000001,76.472703747086,0.4000000000000033,0.2372859043498873
2724,70.83333333333333,76.70188937839738,0.23333333333332718,0.22918563131137648
2725,70.89999999999999,76.7379276265044,0.06666666666666761,0.03603824810701814
2726,71.23333333333333,77.12677559052906,0.3333333333333357,0.38884796402468247
2727,71.60000000000001,77.58947521489664,0.36666666666666475,0.4626996243675601
2728,72.03333333333333,78.20498455518185,0.4333333333333324,0.6155093402852229
2729,72.3,78.49813193838622,0.2666666666666681,0.29314738320436684
2730,72.8,79.27889410065495,0.4999999999999976,0.7807621622687301
2731,73.36666666666666,80.01114596618572,0.5666666666666677,0.7322518655307607
2732,74.0,80.87259793431042,0.63333333333334,0.8614519681247058
2733,74.46666666666667,81.3111893800334,0.46666666666666384,0.4385914457229592
2734,75.06666666666666,82.01679434058615,0.5999999999999991,0.705604960552767
2735,75.43333333333332,82.45716095043795,0.3666666666666624,0.4403666098518081
2736,75.56666666666666,82.6919515423021,0.13333333333333522,0.2347905918641534
2737,75.83333333333333,83.03231815215392,0.2666666666666681,0.3403666098518138
2738,76.03333333333335,83.24220806060383,0.20000000000000048,0.20988990844990513
2739,76.26666666666667,83.67143710576288,0.23333333333333192,0.4292290451590429
2740,76.93333333333334,84.48135595677788,0.6666666666666666,0.8099188510150084
2741,77.63333333333334,85.2260219858094,0.7000000000000005,0.7446660290315016
2742,78.13333333333334,85.76079810639096,0.4999999999999976,0.5347761205815951
2743,78.53333333333333,86.28873608145949,0.4000000000000033,0.5279379750685237
2744,78.93333333333334,86.88750289649919,0.3999999999999986,0.5987668150396849
2745,79.33333333333333,87.26389328317546,0.3999999999999986,0.37639038667627517
2746,79.5,87.29432657072971,0.16666666666666904,0.030433287554252814
2747,80.0,87.69988811743481,0.5,0.40556154670510614
2748,80.2,88.04026919856918,0.1999999999999981,0.3403810811343651
2749,80.5,88.43343105305611,0.30000000000000426,0.3931618544869254
2750,81.03333333333335,89.03344552433865,0.5333333333333314,0.6000144712825511
2751,81.43333333333332,89.52660737882557,0.3999999999999986,0.4931618544869198
2752,81.63333333333333,89.66694504611229,0.20000000000000048,0.14033766728670408
2753,82.3,90.52280652496677,0.6666666666666691,0.8558614788544856
2754,82.9,91.13780282864856,0.5999999999999991,0.6149963036817945
2755,83.5,91.8545742964592,0.5999999999999991,0.7167714678106416
2756,84.66666666666667,93.56330337636156,1.1666666666666667,1.7087290799023553
2757,85.46666666666665,94.49379454904603,0.8000000000000019,0.9304911726844677
2758,85.89999999999999,94.81865181861262,0.4333333333333324,0.3248572695665865
2759,86.10000000000001,94.97398578958112,0.1999999999999981,0.1553339709684988
2760,86.26666666666667,94.79448575483782,0.1666666666666714,-0.17950003474331003
2761,87.06666666666666,95.32871989625086,0.7999999999999924,0.5342341414130545
2762,87.39999999999999,95.53124415130169,0.3333333333333381,0.20252425505084146
2763,88.23333333333335,96.30459724632371,0.8333333333333334,0.7733530950220078
2764,89.43333333333334,97.13705622360791,1.1999999999999982,0.8324589772842116
2765,90.59999999999998,97.62862108315434,1.1666666666666667,0.4915648595464132
2766,92.16666666666667,98.65801382621918,1.5666666666666675,1.0293927430648404
2767,92.83333333333333,98.87418542973107,0.6666666666666666,0.2161716035118885
2768,95.13333333333333,100.44037998310748,2.300000000000002,1.5661945533764
2769,95.93333333333334,100.8616724531338,0.8000000000000019,0.42129247002633796
2770,96.5,100.99284036032749,0.5666666666666629,0.13116790719368007
2771,97.26666666666667,101.44077973533182,0.7666666666666657,0.44793937500432757
2772,97.23333333333335,101.29482263620979,-0.03333333333333144,-0.14595709912202207
2773,97.89999999999999,101.78186649354052,0.6666666666666666,0.48704385733072103
2774,98.96666666666665,102.39070138621845,1.0666666666666629,0.6088348926779295
2775,99.26666666666667,102.79502974796324,0.3000000000000019,0.40432836174479875
2776,100.53333333333335,103.15305167188835,1.2666666666666657,0.3580219239251257
2777,102.03333333333335,104.49544397147014,1.5000000000000047,1.3423922995817794
2778,102.56666666666668,104.95635396042631,0.5333333333333314,0.4609099889561607
2779,105.16666666666667,106.38417865111575,2.6000000000000036,1.4278246906894405
2780,105.06666666666668,106.25195572815008,-0.1000000000000038,-0.13222292296565533
2781,105.06666666666666,106.20473650150264,0.0,-0.047219226647446925
2782,105.23333333333335,106.28238901570434,0.16666666666666666,0.0776525142016935
2783,105.5,106.68114135946146,0.2666666666666657,0.39875234375713403
2784,105.5,106.68114135946146,0.0,0.0
2785,105.66666666666667,106.93012127895521,0.16666666666666666,0.24897991949374318
2786,105.53333333333335,106.9362103335463,-0.13333333333333522,0.0060890545910905584
2787,105.3,106.87707550871899,-0.23333333333333428,-0.059134824827311534
2788,104.93333333333334,106.56337027512772,-0.36666666666666475,-0.31370523359126457
2789,104.03333333333335,105.85575409612754,-0.8999999999999962,-0.7076161790001746
2790,103.56666666666666,105.54765382308905,-0.46666666666666856,-0.3081002730385005
2791,103.63333333333333,105.69918694019873,0.06666666666666288,0.1515331171096842
2792,103.53333333333335,105.55196771355128,-0.09999999999999432,-0.14721922664744125
2793,103.66666666666667,105.75070558602586,0.13333333333332575,0.1987378724745744
2794,102.56666666666668,104.65804229685983,-1.0999999999999943,-1.0926632891660362
2795,102.03333333333335,103.98847558441409,-0.5333333333333314,-0.6695667124457488
2796,101.73333333333335,103.6524228650245,-0.3000000000000019,-0.3360527193895721
2797,100.3,102.42551096316285,-1.4333333333333371,-1.2269119018616634
2798,98.63333333333333,100.88741808276076,-1.6666666666666667,-1.5380928804020861
2799,97.83333333333333,100.08486488514482,-0.7999999999999972,-0.8025531976159426
2800,97.13333333333333,99.4308075129843,-0.6999999999999981,-0.6540573721605244
2801,96.43333333333334,98.84757898079494,-0.6999999999999981,-0.5832285321893541
2802,96.03333333333335,98.4686353965027,-0.40000000000000097,-0.3789435842922234
2803,95.23333333333333,96.84995852302023,-0.8000000000000019,-1.6186768734824748
2804,95.06666666666666,96.81952523546597,-0.16666666666666666,-0.030433287554251537
2805,95.06666666666668,96.79591562214226,0.0,-0.023609613323721787
2806,95.13333333333333,96.88778640653867,0.06666666666666761,0.09187078439639423
2807,95.10000000000001,96.8474342679694,-0.03333333333333144,-0.040352138569256964
2808,95.06666666666666,96.7598629027527,-0.03333333333333618,-0.08757136521670802
2809,95.2,96.81949629290088,0.1333333333333305,0.05963339014818158
2810,95.56666666666668,97.10703871555248,0.3666666666666695,0.2875424226516015
2811,95.46666666666668,97.10020057003939,-0.09999999999999905,-0.006838145513079005
2812,95.66666666666667,97.26670104826577,0.1999999999999981,0.1665004782263734
2813,95.73333333333333,97.25424347091737,0.06666666666666761,-0.012457577348399817
2814,95.66666666666667,97.19459560948663,-0.06666666666666761,-0.05964786143074329
2815,95.59999999999998,97.13622434686386,-0.06666666666666761,-0.0583712626227689
2816,95.86666666666667,97.35854289009706,0.2666666666666657,0.22231854323319683
2817,95.73333333333333,97.17097152488036,-0.13333333333333522,-0.1875713652167065
2818,95.66666666666667,97.06538103561014,-0.06666666666666761,-0.10559048927021582
2819,95.7,96.98896170636876,0.03333333333334091,-0.07641932924137601
2820,95.53333333333335,96.84175695100386,-0.1666666666666714,-0.1472047553648987
2821,95.46666666666665,96.7833856883811,-0.06666666666666761,-0.0583712626227689
2822,95.89999999999999,97.03996731559245,0.4333333333333324,0.2565816272113648
2823,95.83333333333333,97.00392906748544,-0.06666666666666761,-0.03603824810701814
2824,95.56666666666666,96.61506663217821,-0.2666666666666657,-0.38886243530723047
2825,95.66666666666667,96.69273361766247,0.1000000000000038,0.07766698548425523
2826,95.76666666666665,96.75795749708085,0.09999999999999905,0.06522387941840051
2827,95.73333333333333,96.7523814790932,-0.03333333333333144,-0.0055760179876605896
2828,95.56666666666666,96.55795749708088,-0.16666666666666666,-0.19442398201233813
2829,95.53333333333335,96.55110488028524,-0.03333333333333144,-0.006852616795633206
2830,95.53333333333335,96.35361466405351,-4.736951571734001e-15,-0.19749021623172103
2831,95.53333333333335,96.31883854347193,0.0,-0.034776120581596376
2832,95.46666666666665,96.26046728084916,-0.06666666666666288,-0.05837126262276476
2833,95.33333333333333,95.95484784901385,-0.13333333333333522,-0.3056194318353222
2834,95.3,95.93682872496032,-0.03333333333333144,-0.01801912405350779
2835,95.3,95.72689540266275,-4.736951571734001e-15,-0.20993332229756662
2836,95.53333333333335,95.88652879281094,0.23333333333333903,0.1596333901481917
2837,95.3,95.50451897429934,-0.23333333333333903,-0.38200981851160143
2838,95.56666666666666,95.84488558415116,0.26666666666667044,0.34036660985181505
2839,95.53333333333335,95.80325684677392,-0.03333333333333618,-0.0416287373772355
2840,95.36666666666667,95.57405674417998,-0.16666666666666194,-0.22920010259393195
2841,95.30000000000001,95.39891401374659,-0.06666666666666761,-0.1751427304334135
2842,95.63333333333333,95.76159916683159,0.3333333333333286,0.36268515308500493
2843,95.59999999999998,95.60319896164371,-0.03333333333333144,-0.1584002051878726
2844,95.56666666666666,95.52807070249285,-0.03333333333333144,-0.07512825915085491
2845,95.53333333333335,95.48644196511563,-0.03333333333333144,-0.04162873737722958
2846,95.56666666666668,95.51562759642702,0.03333333333333618,0.02918563131138652
2847,95.60000000000001,95.54481322773839,0.03333333333333144,0.02918563131138238
2848,95.96666666666665,95.86713177097158,0.36666666666666003,0.32231854323319115
2849,95.96666666666665,95.88946478548733,4.736951571734001e-15,0.022333014515753313
2850,96.0,95.86154128170139,0.03333333333333618,-0.02792350378596061
2851,96.0,95.87270778895926,-4.736951571734001e-15,0.011166507257872025
2852,96.06666666666666,95.88513642374255,0.06666666666666288,0.012428634783288846
2853,95.89999999999999,95.76026468289339,-0.16666666666666194,-0.1248717408491379
2854,96.06666666666668,95.8825832261266,0.16666666666666666,0.12231854323319502
2855,96.03333333333332,95.7701256487782,-0.03333333333333618,-0.11245757734840085
2856,96.03333333333332,95.7701256487782,0.0,0.0
2857,95.96666666666665,95.72292089341332,-0.06666666666666288,-0.04720475536489017
2858,96.10000000000001,95.82849691140098,0.1333333333333305,0.10557601798765906
2859,96.06666666666666,95.75209205344213,-0.03333333333333144,-0.0764048579588293
2860,96.03333333333335,95.7452394366465,-0.03333333333333618,-0.006852616795635763
2861,96.23333333333333,95.88685370274118,0.20000000000000284,0.14161426609467978
2862,96.46666666666665,96.079986614663,0.23333333333333428,0.19313291192181448
2863,96.53333333333335,96.13835787728576,0.06666666666666288,0.05837126262276476
2864,96.60000000000001,96.12717689874533,0.06666666666666761,-0.011180978540428786
2865,96.56666666666666,95.92283406571798,-0.03333333333333144,-0.20434283302734516
2866,96.63333333333333,95.95759571501702,0.06666666666666288,0.034761649299039604
2867,96.8,96.10352387157394,0.16666666666666666,0.14592815655692015
2868,96.89999999999999,96.1910807655081,0.09999999999999905,0.08755689393415127
2869,96.76666666666667,96.00223280148342,-0.1333333333333305,-0.1888479640246734
2870,96.8,96.00908541827906,0.03333333333333618,0.006852616795635763
2871,96.8,96.02025192553694,0.0,0.011166507257874585
2872,96.73333333333333,95.91466143626671,-0.06666666666666761,-0.10559048927021582
2873,96.86666666666667,96.02023745425439,0.1333333333333305,0.10557601798765906
2874,96.96666666666665,96.1189608554464,0.1000000000000038,0.09872340119203
2875,97.16666666666667,96.29407464331472,0.1999999999999981,0.17511378786830253
2876,97.36666666666667,96.44557881785929,0.20000000000000284,0.15150417454458487
2877,97.40000000000002,96.47476444917068,0.03333333333333618,0.02918563131138652
2878,97.76666666666667,96.82196920453556,0.36666666666666003,0.3472047553648874
2879,97.73333333333333,96.80395008048207,-0.03333333333333144,-0.01801912405350779
2880,97.73333333333333,96.80395008048207,0.0,0.0
2881,97.73333333333333,96.81511658773994,0.0,0.011166507257876167
2882,97.96666666666665,97.06663523356707,0.23333333333333428,0.25151864582713596
2883,97.96666666666665,97.06663523356707,0.0,0.0
2884,98.26666666666667,97.54179243528304,0.29999999999999716,0.47515720171595993
2885,98.66666666666667,98.12811614425688,0.3999999999999962,0.5863237089738365
2886,98.63333333333333,98.21442538194815,-0.03333333333333144,0.08630923769128626
2887,99.16666666666667,98.85910588226221,0.5333333333333362,0.6446805003140602
2888,99.2,98.89945802083147,0.03333333333333618,0.040352138569261106
2889,99.26666666666667,99.1093768718465,0.06666666666666761,0.20991885101500987
2890,99.5,99.47894358429224,0.23333333333332953,0.3695667124457442
2891,99.83333333333333,99.87640485795885,0.2,0.21580836482404103
2892,100.0,100.00000000000001,0.16666666666666666,0.12359514204116942
2893,66.65,67.65091945108297,0.7750000000000021,1.231657348758393
2894,52.2,55.98537355282575,0.09999999999999787,0.08028574821842066
2895,52.85,56.77300313246561,0.6499999999999995,0.7876295796398617
2896,52.95,56.834962911018565,0.09999999999999964,0.06195977855295537
2897,53.525,56.978568117194854,0.5749999999999993,0.14360520617629416
2898,53.625,57.08607147544314,0.09999999999999876,0.10750335824828697
2899,53.8,57.24733468898945,0.17500000000000338,0.16126321354629783
2900,54.0,57.348007404279876,0.1999999999999975,0.10067271529044068
2901,52.9,55.612363548285266,-1.0999999999999996,-1.735643855994614
2902,52.175,54.488996741127806,-0.7249999999999979,-1.123366807157467
2903,51.675,53.71426101205368,-0.5,-0.7747357290741175
2904,50.875,52.16243132521954,-0.8000000000000007,-1.5518296868341461
2905,50.8,52.022974124042946,-0.07500000000000107,-0.13945720117658658
2906,50.55,51.79833415221417,-0.25,-0.22463997182878925
2907,50.425,51.53422130566643,-0.125,-0.26411284654772993
2908,49.825,50.56533476852985,-0.5999999999999996,-0.9688865371365855
2909,49.425,50.078425603612864,-0.40000000000000036,-0.48690916491698333
2910,48.849999999999994,49.12502901111451,-0.5750000000000011,-0.9533965924983467
2911,48.199999999999996,48.118347615285955,-0.6499999999999995,-1.0066813958285512
2912,47.625,47.27389521048167,-0.5749999999999993,-0.8444524048042993
2913,47.4,47.050165140524534,-0.22499999999999964,-0.22373006995712996
2914,47.425,46.885593594356735,0.02499999999999858,-0.16457154616780642
2915,47.474999999999994,46.96306716726415,0.05000000000000071,0.07747357290741284
2916,47.375,46.80812002144931,-0.10000000000000142,-0.1549471458148257
2917,47.525,47.03674032442914,0.14999999999999858,0.22862030297982652
2918,47.625,47.21493431205944,0.10000000000000142,0.17819398763029135
2919,47.800000000000004,47.50933865905084,0.1750000000000025,0.29440434699141227
2920,47.900000000000006,47.69598610886502,0.10000000000000053,0.18664744981417905
2921,48.425,48.34055505610318,0.5249999999999977,0.6445689472381413
2922,48.675,48.438917242140135,0.25000000000000355,0.09836218603697292
2923,48.675,48.438917242140135,0.0,0.0
2924,48.5,48.35373447148793,-0.1750000000000025,-0.08518277065220817
2925,48.575,48.37626907475438,0.07499999999999929,0.022534603266450317
2926,48.575,48.37626907475438,0.0,0.0
2927,48.7,48.48425566114434,0.12500000000000178,0.10798658638995254
2928,48.725,48.522517395630246,0.025000000000000355,0.038261734485905606
2929,48.925,48.582609671007454,0.1999999999999993,0.060092275377201194
2930,49.15,48.74293913296585,0.22499999999999787,0.16032946195841333
2931,49.6,48.85421152191629,0.45000000000000107,0.11127238895043753
2932,49.45,49.05609401982904,-0.15000000000000036,0.20188249791274085
2933,49.475,49.15633120641026,0.025000000000003908,0.10023718658122036
2934,49.575,49.21829098496321,0.09999999999999964,0.06195977855295537
2935,49.575,49.21829098496321,0.0,0.0
2936,49.825,49.578136539974594,0.25,0.3598455550113841
2937,49.75,49.461926180613474,-0.07500000000000284,-0.11621035936112202
2938,49.575,49.18981857150194,-0.17499999999999893,-0.2721076091115411
2939,49.449999999999996,48.97288779741793,-0.12500000000000355,-0.21693077408400055
2940,49.525000000000006,49.05502259294069,0.07500000000000284,0.08213479552276098
2941,49.650000000000006,49.09258026505144,0.125,0.03755767211075088
2942,49.675,49.10807020968968,0.025000000000000355,0.015489944638239116
2943,49.5,49.05548946873463,-0.1750000000000007,-0.05258074095505144
2944,49.8,49.512255022726485,0.3000000000000007,0.4567655539918577
2945,49.974999999999994,49.55685735346545,0.17499999999999893,0.044602330738962075
2946,50.02499999999999,49.60585851291159,0.05000000000000071,0.04900115944613656
2947,50.175,49.83542891982702,0.14999999999999858,0.22957040691542818
2948,50.375,49.98259531874839,0.1999999999999993,0.1471663989213764
2949,50.425,50.104662367415536,0.05000000000000071,0.12206704866714418
2950,50.525000000000006,50.16662214596849,0.09999999999999964,0.06195977855295537
2951,50.55,50.18211209060673,0.025000000000000355,0.015489944638239116
2952,50.625,50.275075608152385,0.07500000000000107,0.09296351754565196
2953,50.775,50.50512106703561,0.14999999999999858,0.23004545888322897
2954,50.95,50.77152805253355,0.1750000000000007,0.26640698549793407
2955,51.00000000000001,50.82575478362549,0.05000000000000071,0.05422673109194554
2956,51.199999999999996,51.063533289969726,0.1999999999999993,0.23777850634424152
2957,51.475,51.46401583930602,0.27500000000000213,0.40048254933629657
2958,51.875,51.94052295593011,0.3999999999999968,0.47650711662408035
2959,51.85,51.9017861694764,-0.02499999999999858,-0.038736786453703674
2960,51.900000000000006,51.978309638448216,0.05000000000000071,0.07652346897181121
2961,52.05,52.185108255515985,0.15000000000000036,0.20679861706776442
2962,52.55,52.93042146719322,0.49999999999999645,0.7453132116772357
2963,52.75,53.21421860520059,0.20000000000000284,0.2837971380073792
2964,52.900000000000006,53.421017222268354,0.15000000000000036,0.20679861706776442
2965,53.0,53.482977000821315,0.09999999999999964,0.06195977855295537
2966,53.0,53.482977000821315,0.0,0.0
2967,53.25,53.84709802354291,0.24999999999999822,0.3641210227215887
2968,54.125,55.14451556659666,0.8750000000000036,1.297417543053756
2969,54.3,55.391001074053726,0.17499999999999716,0.24648550745706863
2970,54.325,55.406491018691966,0.025000000000000355,0.015489944638239116
2971,56.025000000000006,55.97877575952569,1.7000000000000028,0.5722847408337235
2972,56.3,56.23158551088809,0.2749999999999968,0.2528097513624017
2973,56.449999999999996,56.37033047351566,0.14999999999999858,0.13874496262756683
2974,56.824999999999996,56.88069164093925,0.375,0.5103611674235862
2975,56.824999999999996,56.88069164093925,0.0,0.0
2976,57.3,57.23913724737418,0.4750000000000014,0.35844560643493967
2977,57.400000000000006,57.36941239547014,0.10000000000000142,0.13027514809595592
2978,57.400000000000006,57.36941239547014,0.0,0.0
2979,57.675000000000004,57.716159618030005,0.27500000000000036,0.34674722255987367
2980,58.025,58.14477992100984,0.3500000000000014,0.4286203029798294
2981,58.35,58.429306328719335,0.3249999999999975,0.28452640770948534
2982,58.474999999999994,58.34291309663945,0.12500000000000178,-0.0863932320798693
2983,59.175,58.959377673734885,0.6999999999999975,0.6164645770954229
2984,59.375,59.20397114949461,0.20000000000000107,0.24459347575973145
2985,59.5,59.39765508176315,0.125,0.19368393226852937
2986,59.65,59.69205125258069,0.15000000000000036,0.29439617081754726
2987,59.95,60.130320484435096,0.3000000000000025,0.4382692318544013
2988,60.85000000000001,60.68176299191649,0.8999999999999986,0.5514425074814044
2989,61.074999999999996,60.87379275787427,0.22499999999999787,0.19202976595777027
2990,61.375,61.360455881230806,0.3000000000000007,0.48666312335653644
2991,62.574999999999996,63.000769814819996,1.1999999999999975,1.640313933589191
2992,63.125,63.84585333728452,0.5500000000000007,0.8450835224645181
2993,63.849999999999994,64.7492182243177,0.7250000000000014,0.9033648870331793
2994,63.724999999999994,64.70976034433573,-0.12500000000000178,-0.03945787998195689
2995,64.025,65.17270157390901,0.29999999999999893,0.4629412295732656
2996,64.525,65.94648719904752,0.5000000000000036,0.7737856251385214
2997,64.275,65.55769417860706,-0.25000000000000355,-0.38879302044046665
2998,64.9,66.43122626481663,0.6250000000000018,0.8735320862095787
2999,65.675,67.15751218882676,0.7749999999999986,0.7262859240101339
3000,66.375,68.29281388763515,0.7000000000000028,1.135301698808382
3001,67.0,69.25135493089051,0.6250000000000018,0.9585410432553597
3002,67.89999999999999,70.580578427354,0.8999999999999986,1.3292234964634921
3003,68.8,71.14417733952519,0.8999999999999986,0.5635989121711773
3004,69.225,71.39487422495675,0.42499999999999893,0.25069688543157176
3005,69.15,71.27818881362784,-0.07499999999999751,-0.11668541132891459
3006,69.025,70.95817871732967,-0.125,-0.32001009629815635
3007,68.3,69.9337132379127,-0.7249999999999996,-1.0244654794169945
3008,68.15,69.70414283099726,-0.14999999999999858,-0.22957040691542818
3009,66.825,68.33899879758067,-1.3250000000000028,-1.3651440334165879
3010,66.35,67.16917169029308,-0.4750000000000014,-1.1698271072875852
3011,66.05,66.7043302528486,-0.3000000000000007,-0.4648414374444716
3012,65.825,66.35427401886186,-0.22499999999999964,-0.3500562339867548
3013,65.82499999999999,66.35237381099066,1.7763568394002505e-15,-0.0019002078712005003
3014,65.425,66.00705924170268,-0.3999999999999986,-0.34531456928797905
3015,64.8,64.94781413607217,-0.6250000000000018,-1.059245105630511
3016,65.55000000000001,65.7103293707208,0.75,0.762515234648641
3017,65.32499999999999,65.45917446447453,-0.22500000000000142,-0.25115490624628234
3018,65.525,65.73879360800822,0.20000000000000284,0.2796191435336947
3019,65.525,65.77001886003977,-3.552713678800501e-15,0.031225252031552856
3020,65.825,66.2045851493883,0.30000000000000604,0.43456628934852315
3021,65.775,66.12806168041648,-0.05000000000000071,-0.07652346897181121
3022,65.625,66.14449287401109,-0.15000000000000213,0.016431193594608942
3023,65.675,66.37809270707629,0.04999999999999716,0.23359983306518584
3024,65.775,66.44031420073205,0.10000000000000497,0.062221493655762204
3025,65.55000000000001,66.09595859035889,-0.22499999999999964,-0.344355610373145
3026,65.7,66.23470355298646,0.14999999999999858,0.13874496262756683
3027,66.225,67.04627586064309,0.5250000000000004,0.8115723076566206
3028,66.4,67.29323642006796,0.17499999999999893,0.24696055942487052
3029,66.5,67.73623914044727,0.10000000000000142,0.4430027203793137
3030,66.6,67.83111104203799,0.09999999999999787,0.09487190159071196
3031,66.925,68.11658755368308,0.3249999999999993,0.2854765116450897
3032,67.175,68.50633067805914,0.25,0.38974312437606284
3033,67.27499999999999,68.66127782387396,0.10000000000000142,0.1549471458148257
3034,67.3,68.6781929244156,0.02499999999999858,0.016915100541638823
3035,67.4,68.89654067822913,0.1000000000000032,0.21834775381353788
3036,67.55000000000001,69.12896139695137,0.15000000000000213,0.23242071872223855
3037,67.55,69.05874581953717,-3.552713678800501e-15,-0.07021557741420656
3038,67.575,68.97305664983246,0.02499999999999858,-0.08568916970471566
3039,68.025,69.54589284984073,0.45000000000000107,0.5728362000082836
3040,68.425,70.00316687725676,0.40000000000000213,0.4572740274160256
3041,69.07499999999999,70.79222161280002,0.6499999999999968,0.7890547355432623
3042,68.875,70.39007672097911,-0.1999999999999975,-0.4021448918209113
3043,68.85,70.35419024633221,-0.02499999999999858,-0.03588647464689881
3044,69.25,70.9739788295915,0.3999999999999986,0.6197885832592918
3045,69.375,70.85873560531908,0.125,-0.11524322427242188
3046,69.325,70.78173708437947,-0.049999999999998934,-0.07699852093960928
3047,69.3,70.74395040186137,-0.025000000000000355,-0.03778668251810481
3048,69.125,70.47469310455664,-0.1750000000000007,-0.2692572973047389
3049,69.1,70.32019716099339,-0.02499999999999858,-0.15449594356323776
3050,68.925,70.20516591597523,-0.1750000000000007,-0.11503124501816374
3051,68.82499999999999,69.9901435259363,-0.10000000000000142,-0.21502239003892948
3052,68.625,69.68214944217785,-0.20000000000000284,-0.3079940837584481
3053,68.775,69.78871904883827,0.15000000000000213,0.10656960666041235
3054,68.775,69.63306784064828,-1.7763568394002505e-15,-0.1556512081899804
3055,68.8,69.69362631301405,0.02500000000000213,0.060558472365774024
3056,68.6,69.3856322292556,-0.20000000000000284,-0.3079940837584481
3057,68.5,69.23258529131199,-0.09999999999999964,-0.15304693794361968
3058,68.475,69.170126611075,-0.02499999999999858,-0.0624586802369718
3059,68.44999999999999,69.12996466871792,-0.02499999999999858,-0.0401619423571061
3060,68.375,69.01327925738899,-0.07500000000000107,-0.11668541132892009
3061,68.225,68.82735222229769,-0.15000000000000213,-0.18592703509130393
3062,68.15,68.71114186293656,-0.07499999999999929,-0.11621035936111652
3063,67.9,68.32567420627072,-0.24999999999999822,-0.3854676566658527
3064,67.7,67.94698949313027,-0.20000000000000107,-0.37868471314044894
3065,67.725,67.91503565020199,0.02500000000000213,-0.03195384292829274
3066,67.6,67.72325192580465,-0.12500000000000178,-0.19178372439732888
3067,67.55,67.62110635517837,-0.049999999999998934,-0.10214557062627984
3068,67.475,67.5342210399776,-0.07500000000000107,-0.08688531520076861
3069,67.375,67.38069905006618,-0.09999999999999787,-0.15352198991141774
3070,67.275,67.22622695621916,-0.09999999999999964,-0.15447209384702212
3071,66.95000000000002,66.69987694247331,-0.3249999999999993,-0.5263500137458418
3072,66.92500000000001,66.65923994814841,-0.02499999999999858,-0.04063699432490695
3073,66.92500000000001,66.6582898442128,-1.7763568394002505e-15,-0.0009501039356043643
3074,66.8,66.49583116397582,-0.12500000000000355,-0.16245868023697652
3075,66.725,66.37962080461472,-0.07499999999999929,-0.11621035936111652
3076,66.60000000000001,66.11619634689978,-0.125,-0.2634244577149296
3077,66.325,65.69009169590902,-0.27500000000000213,-0.4261046509907679
3078,66.275,65.64384337503317,-0.04999999999999716,-0.04624832087585342
3079,66.3,65.61283963604046,0.02499999999999858,-0.031003738992696595
3080,66.275,65.57410284958675,-0.02499999999999858,-0.038736786453703674
3081,66.2,65.45789249022565,-0.07499999999999929,-0.11621035936111652
3082,66.275,65.50388727217256,0.07499999999999929,0.045994781946913775
3083,66.125,65.27194160541812,-0.15000000000000036,-0.23194566675443498
3084,66.35,65.58602206769532,0.22500000000000142,0.31408046227719544
3085,66.375,65.62238359431002,0.02499999999999858,0.0363615266146996
3086,66.35,65.67589740804758,-0.02499999999999858,0.0535138137375601
3087,66.325,65.51510992527446,-0.025000000000000355,-0.1607874827731261
3088,66.5,65.73597333107706,0.1750000000000007,0.22086340580260275
3089,66.57499999999999,65.85170863847037,0.07500000000000107,0.11573530739331846
3090,66.5,65.79842383514017,-0.07500000000000107,-0.053284803330206174
3091,66.55000000000001,65.75871309503464,0.049999999999998934,-0.03971074010552641
3092,66.5,65.67981436622382,-0.049999999999998934,-0.07889872881081256
3093,66.325,65.5330828172063,-0.1750000000000025,-0.14673154901752122
3094,66.125,65.44081518586194,-0.20000000000000107,-0.09226763134435947
3095,66.1,65.39875303563363,-0.02499999999999858,-0.042062150228309364
3096,65.975,65.32902000755573,-0.12500000000000178,-0.06973302807791361
3097,66.0,65.34498500416177,0.025000000000003908,0.015964996606045407
3098,65.85,65.12804605390392,-0.15000000000000213,-0.21693895025786167
3099,65.775,65.13578659873342,-0.07499999999999929,0.007740544829506399
3100,65.82499999999999,65.07309073191522,0.049999999999998934,-0.0626958668181935
3101,65.525,64.7258602812137,-0.29999999999999893,-0.3472304507015339
3102,65.525,64.75661048127745,1.7763568394002505e-15,0.030750200063755857
3103,65.475,64.67866185640223,-0.049999999999998934,-0.07794862487521091
3104,65.45,64.67067527001228,-0.025000000000005684,-0.007986586389957107
3105,65.45,64.63849991404511,3.552713678800501e-15,-0.03217535596715449
3106,65.2,64.26053561562756,-0.2500000000000018,-0.377964298417568
3107,65.17500000000001,64.22037367327044,-0.02499999999999858,-0.0401619423571061
3108,65.25,64.33420877279256,0.07499999999999929,0.11383509952211245
3109,65.17500000000001,64.21847346539926,-0.07500000000000107,-0.11573530739331846
3110,64.97500000000001,63.970554625864914,-0.1999999999999975,-0.24791883953433613
3111,64.875,63.81655758398569,-0.10000000000000142,-0.15399704187922406
3112,64.85,63.78579920774807,-0.02500000000000213,-0.030758376237616472
3113,65.025,63.93977239991108,0.1750000000000007,0.15397319216300567
3114,64.925,63.81605050612781,-0.09999999999999787,-0.12372189378326627
3115,64.875,63.76980218525195,-0.05000000000000426,-0.04624832087586
3116,64.925,63.908301106319065,0.05000000000000426,0.13849892106712378
3117,65.125,64.2139199302385,0.1999999999999993,0.3056188239194385
3118,65.125,64.18972298448745,0.0,-0.02419694575106892
3119,64.97500000000001,64.11342852592298,-0.14999999999999858,-0.07629445856445456
3120,65.22500000000001,64.49604587078204,0.25,0.3826173448590506
3121,65.30000000000001,64.61178117817536,0.07500000000000107,0.11573530739331846
3122,65.25,64.53430760526794,-0.05000000000000071,-0.07747357290741284
3123,65.375,64.75731658169681,0.12499999999999822,0.2230089764288817
3124,65.4,64.67981915907319,0.02499999999999858,-0.07749742262363121
3125,65.5,64.80259094892085,0.10000000000000142,0.1227717898476657
3126,65.44999999999999,64.756342628045,-0.05000000000000071,-0.04624832087585449
3127,65.475,64.81008613099529,0.025000000000000355,0.053743502950282476
3128,65.525,64.85585939990335,0.05000000000000249,0.04577326890805642
3129,65.375,64.74928979324292,-0.15000000000000036,-0.10656960666040961
3130,65.32499999999999,64.79693056532673,-0.05000000000000249,0.0476407720838068
3131,65.44999999999999,64.8344882374375,0.125,0.03755767211075088
3132,65.45,64.92673883762876,1.7763568394002505e-15,0.09225060019126649
3133,65.3,64.74245029530584,-0.15000000000000213,-0.1842885423229053
3134,65.4,64.86522208515352,0.10000000000000142,0.12277178984767013
3135,65.47500000000001,65.04198274070654,0.07500000000000107,0.17676065555302387
3136,65.75,65.2731841430219,0.27500000000000036,0.23120140231534175
3137,65.725,65.26567260859973,-0.02499999999999858,-0.0075115344221497495
3138,65.85,65.45793138496487,0.12499999999999645,0.19225877636512143
3139,66.0,65.61168306408901,0.15000000000000213,0.15375167912414836
3140,66.1,65.76663020990382,0.09999999999999787,0.1549471458148202
3141,66.225,65.9276637342374,0.125,0.161033524333573
3142,66.425,66.14293216583677,0.20000000000000284,0.2152684315993791
3143,66.45,66.18261905622609,0.02499999999999858,0.03968689038930531
3144,66.475,66.25258109471135,0.02499999999999858,0.06996203848526203
3145,66.6,66.29764212507038,0.12500000000000355,0.04506103035904219
3146,66.69999999999999,66.5131395670771,0.09999999999999609,0.21549744200672644
3147,66.675,66.47582793652681,-0.02499999999999858,-0.03731163055030124
3148,66.65,66.50118014690462,-0.025000000000000355,0.02535221037780613
3149,66.975,66.87700705086976,0.32500000000000107,0.3758269039651485
3150,67.22500000000001,66.98287259515503,0.24999999999999822,0.10586554428525656
3151,67.125,66.99155506774626,-0.09999999999999964,0.008682472591241367
3152,67.15,66.96831640210466,0.02500000000000213,-0.02323866564160232
3153,67.325,67.17464814337849,0.17499999999999716,0.20633174127382478
3154,67.35,67.09085918154497,0.02500000000000213,-0.08378896183351131
3155,67.525,67.39086667891347,0.1750000000000007,0.300007497368492
3156,67.525,67.39134173088128,1.7763568394002505e-15,0.00047505196780357165
3157,67.725,67.63593520664101,0.1999999999999975,0.2445934757597304
3158,67.97500000000001,68.01997770740346,0.25,0.38404250076245305
3159,68.17500000000001,68.23667129490623,0.1999999999999993,0.21669358750277612
3160,68.275,68.37751344992228,0.09999999999999787,0.140842155016045
3161,68.5,68.64652538447193,0.22499999999999787,0.2690119345496578
3162,68.875,69.22377676553512,0.37500000000000355,0.5772513810631871
3163,69.125,69.51530695100351,0.24999999999999822,0.29153018546838355
3164,69.125,69.5772824030988,0.0,0.061975452095307054
3165,69.375,69.80683713647188,0.24999999999999822,0.2295547333730765
3166,69.6,69.9615150698154,0.22500000000000142,0.15467793334352722
3167,69.825,70.24627048793226,0.22500000000000497,0.2847554181168458
3168,70.15,70.74509819215243,0.3249999999999993,0.4988277042201671
3169,70.17500000000001,70.78383497860614,0.02500000000000213,0.03873678645370918
3170,70.525,71.32519988502241,0.3499999999999943,0.5413649064162719
3171,70.89999999999999,71.53059855351374,0.375,0.20539866849132163
3172,71.1,71.70196189818617,0.1999999999999975,0.17136334467244257
3173,71.275,72.09421999574593,0.17500000000000782,0.39225809755976676
3174,71.55,72.30317303841922,0.274999999999995,0.2089530426732686
3175,72.275,73.24702089212911,0.7250000000000014,0.9438478537098988
3176,72.5,73.53035115434254,0.22500000000000142,0.2833302622134378
3177,72.7,73.77731988994128,0.19999999999999574,0.24696873559873175
3178,73.4,74.37773089012893,0.7000000000000028,0.6004110001876459
3179,73.42500000000001,74.44674282467858,0.02500000000000213,0.06901193454966145
3180,73.675,74.76975997728134,0.24999999999999645,0.3230171526027377
3181,74.1,75.39838777762965,0.4250000000000025,0.628627800348325
3182,74.2,75.55143471557327,0.10000000000000142,0.15304693794362242
3183,74.175,75.48289783299141,-0.025000000000005684,-0.06853688258186609
3184,74.45,75.73755941398723,0.27500000000000213,0.2546615809958079
3185,74.8,76.31014957243505,0.3500000000000014,0.5725901584478368
3186,75.525,77.08718829543861,0.7249999999999979,0.7770387230035513
3187,75.525,77.14071028535002,1.7763568394002505e-15,0.05352198991142234
3188,75.725,77.29495336878969,0.1999999999999993,0.15424308343966825
3189,75.725,77.32570356885346,0.0,0.030750200063757505
3190,76.2,77.73413318132113,0.4750000000000014,0.40842961246767095
3191,76.35000000000001,77.96370358823654,0.14999999999999858,0.22957040691542818
3192,76.675,78.36980564029766,0.3249999999999993,0.4061020520611025
3193,76.7,78.50174313087821,0.02500000000000213,0.13193749058057452
3194,76.925,78.88159946099313,0.22499999999999787,0.37985633011490794
3195,77.3,79.3358500418013,0.375,0.4542505808081603
3196,78.0,79.83930901711838,0.6999999999999993,0.5034589753170889
3197,78.475,80.40153800814264,0.47499999999999787,0.5622289910242495
3198,78.65,80.70154550551113,0.17500000000000426,0.3000074973684975
3199,79.0,81.10269259396401,0.34999999999999787,0.4011470884528713
3200,79.325,81.42663600078613,0.32500000000000284,0.3239434068221319
3201,80.125,82.47743649921199,0.7999999999999972,1.0508004984258488
3202,81.0,83.15859056047535,0.8750000000000018,0.6811540612633655
3203,81.2,83.34405889594657,0.1999999999999993,0.18546833547122218
3204,81.55,83.78794763052578,0.3500000000000014,0.44388873457921
3205,81.975,84.03648330974427,0.4250000000000007,0.24853567921848624
3206,81.875,84.00643717205566,-0.09999999999999787,-0.030046137688600066
3207,82.275,84.18812212293757,0.3999999999999986,0.18168495088191303
3208,84.6,86.14123184003594,2.3249999999999993,1.953109717098369
3209,85.375,86.71234232458481,0.7749999999999986,0.5711104845488721
3210,88.125,88.8330892729389,2.75,2.1207469483540904
3211,90.2,90.34276963388352,2.075000000000003,1.5096803609446097
3212,90.875,90.88494904330659,0.6749999999999972,0.5421794094230714
3213,91.55000000000001,91.49945685811915,0.6750000000000007,0.6145078148125545
3214,91.8,91.59052902277283,0.24999999999999645,0.09107216465367722
3215,92.225,91.98419728149901,0.42500000000000426,0.3936682587261772
3216,92.35000000000001,91.93045445735409,0.125,-0.053742824144911265
3217,92.675,92.19216069697809,0.32499999999999574,0.26170623962401257
3218,93.94999999999999,93.07254664408615,1.2750000000000057,0.8803859471080562
3219,95.75,94.47967721482442,1.7999999999999972,1.407130570738257
3220,96.64999999999999,95.3207170331631,0.8999999999999986,0.8410398183386869
3221,96.875,95.57446053611339,0.22500000000000142,0.25374350295028253
3222,97.425,95.72465919866632,0.5499999999999972,0.15019866255292183
3223,96.725,95.3667594765869,-0.6999999999999957,-0.35789972207939796
3224,96.75,95.39070288340902,0.02499999999999858,0.023943406822128206
3225,95.92499999999998,94.85628786853171,-0.8249999999999993,-0.5344150148773489
3226,95.39999999999999,94.55329576900851,-0.5250000000000057,-0.3029920995231596
3227,94.75,93.92559214850793,-0.649999999999995,-0.6277036205005873
3228,93.85,92.62320257273733,-0.9000000000000021,-1.3023895757706216
3229,93.7,92.53026290490789,-0.14999999999999858,-0.0929396678294325
3230,93.72500000000001,92.40532169471773,0.02500000000000213,-0.12494121019016191
3231,92.55000000000001,91.04962956770288,-1.1750000000000007,-1.3556921270148374
3232,91.92499999999998,90.22449137299544,-0.6250000000000036,-0.8251381947074419
3233,91.675,89.92726056391345,-0.24999999999999645,-0.2972308090819923
3234,91.5,89.91181831870765,-0.17500000000000426,-0.015442245205808986
3235,91.39999999999999,89.64111201578328,-0.10000000000000142,-0.27070630292435965
3236,91.6,89.95243146331634,0.20000000000000284,0.3113194475330538
3237,91.7,90.08318166338009,0.10000000000000142,0.1307502000637551
3238,92.0,90.61116199372046,0.29999999999999716,0.5279803303403786
3239,92.4,90.97385853934402,0.4000000000000057,0.36269654562356235
3240,92.7,91.51869669905348,0.29999999999999716,0.5448381597094375
3241,92.94999999999999,91.80509878611258,0.25,0.2864020870591046
3242,93.15,91.92975511028908,0.20000000000000284,0.12465632417651396
3243,93.575,92.33890513747964,0.4249999999999936,0.4091500271905454
3244,93.79999999999998,92.57225211042126,0.22500000000000497,0.23334697294162726
3245,94.05,92.83562069252989,0.25,0.2633685821086306
3246,94.17500000000001,93.00558273101515,0.125,0.1699620384852596
3247,94.125,92.92858421007554,-0.04999999999999716,-0.07699852093960655
3248,93.4,92.39897224348542,-0.7250000000000014,-0.5296119665901118
3249,93.475,92.51423249891094,0.07499999999999574,0.11526025542550943
3250,93.39999999999999,92.39754708758203,-0.07499999999999574,-0.11668541132891189
3251,93.75,92.59776110325238,0.34999999999999787,0.2002140156703653
3252,93.44999999999999,92.13767018548593,-0.3000000000000007,-0.46009091776646344
3253,93.425,92.09893339903225,-0.02499999999999858,-0.038736786453703674
3254,93.52499999999999,92.13695794693692,0.09999999999999787,0.03802454790468834
3255,93.625,92.29047993684833,0.09999999999999787,0.15352198991141774
3256,93.675,92.33720330969199,0.05000000000000426,0.04672337284366078
3257,93.75,92.45293861708531,0.07499999999999929,0.11573530739331572
3258,93.8,92.53041218999273,0.05000000000000071,0.07747357290741284
3259,93.775,92.49167540353902,-0.02500000000000213,-0.03873678645370918
3260,93.775,92.49167540353902,0.0,0.0
3261,93.925,92.44306885397724,0.14999999999999858,-0.04860654956176558
3262,93.97500000000001,92.48202715346983,0.05000000000000426,0.0389582994925687
3263,93.89999999999999,92.41231047773964,-0.07499999999999929,-0.0697166757301819
3264,94.1,92.5587401095904,0.1999999999999993,0.14642963185077423
3265,94.05,92.481266536683,-0.05000000000000071,-0.07747357290741284
3266,94.325,92.71341804293392,0.2749999999999986,0.23215150625093897
3267,94.5,92.98030008039966,0.1750000000000007,0.2668820374657348
3268,94.55,93.04837008718759,0.05000000000000071,0.06807000678792216
3269,94.75,93.17228964429351,0.1999999999999993,0.12391955710591074
3270,95.12500000000001,93.28543771259356,0.375,0.11314806830005343
3271,95.075,93.301164843813,-0.05000000000000071,0.015727131219452566
3272,95.17500000000001,93.45468683372442,0.10000000000000142,0.15352198991142327
3273,95.17500000000001,93.45468683372442,0.0,0.0
3274,95.175,93.45421178175663,0.0,-0.00047505196780085615
3275,95.17500000000001,93.48543703378819,3.552713678800501e-15,0.031225252031559427
3276,95.25,93.5368216292472,0.07499999999999929,0.05138459545900015
3277,95.425,93.75768503504979,0.1750000000000007,0.22086340580260114
3278,95.425,93.75768503504979,0.0,0.0
3279,95.55,93.91824350741555,0.12499999999999645,0.1605584723657667
3280,95.67500000000001,93.99521817863895,0.125,0.07697467122339363
3281,95.775,94.07994974703958,0.09999999999999787,0.08473156840061914
3282,96.0,94.23885405309458,0.22500000000000142,0.1589043060550186
3283,96.125,94.31535367235017,0.125,0.07649961925559283
3284,96.175,94.50034627704822,0.05000000000000071,0.1849926046980529
3285,96.15,94.39186896514813,-0.02500000000000213,-0.10847731190010945
3286,96.15,94.39186896514813,0.0,0.0
3287,96.25,94.40733506007014,0.10000000000000497,0.015466094922027357
3288,96.425,94.65192035965602,0.17499999999999716,0.2445852995858653
3289,96.42500000000001,94.65097025572042,0.0,-0.0009501039356016397
3290,96.725,94.79130601168396,0.3000000000000007,0.14033575596353426
3291,97.025,95.25044682551481,0.3000000000000007,0.4591408138308618
3292,96.975,95.19622009442288,-0.05000000000000071,-0.05422673109194389
3293,96.875,95.01850115876037,-0.10000000000000142,-0.1777189356624938
3294,96.975,95.01732204441743,0.10000000000000142,-0.0011791143429527907
3295,96.925,94.91707668166234,-0.05000000000000071,-0.10024536275507771
3296,96.95,94.9776351540281,0.02500000000000213,0.06055847236577241
3297,97.075,95.14759719251339,0.125,0.16996203848526287
3298,97.05000000000001,95.13210724787514,-0.02499999999999858,-0.015489944638238015
3299,97.075,95.17179413826445,0.02499999999999858,0.03968689038930531
3300,97.02499999999999,95.09479561732482,-0.05000000000000071,-0.07699852093961199
3301,96.975,95.04056888623289,-0.05000000000000426,-0.05422673109194939
3302,97.1,95.23140250669462,0.12500000000000355,0.19083362046172994
3303,97.05,95.18562923778654,-0.05000000000000426,-0.04577326890805914
3304,97.02499999999999,95.19291108299599,-0.02499999999999858,0.007281845209430086
3305,97.225,95.47908348084235,0.1999999999999993,0.28617239784637616
3306,97.375,95.55606632823962,0.14999999999999858,0.07698284739725483
3307,97.325,95.56360171237799,-0.05000000000000071,0.00753538413836811
3308,97.55,95.79599858138401,0.22500000000000142,0.23239686900602016
3309,97.7,96.02556898829944,0.15000000000000213,0.22957040691543362
3310,97.6,96.05659657700835,-0.10000000000000142,0.031027588708909454
3311,97.5,95.9960619543588,-0.09999999999999787,-0.06053462264955176
3312,97.55,96.16557279059246,0.04999999999999716,0.16951083623367494
3313,97.75,96.52613876032675,0.20000000000000284,0.3605659697342644
3314,97.80000000000001,96.67287780671276,0.05000000000000071,0.14673904638601556
3315,98.02499999999999,97.08934920237131,0.22499999999999787,0.4164713956585466
3316,98.07499999999999,97.25886003860498,0.05000000000000071,0.16951083623367713
3317,98.2,97.51943418451312,0.125,0.26057414590812805
3318,98.625,98.23660964254682,0.4250000000000007,0.7171754580337067
3319,99.025,98.83474078176032,0.40000000000000213,0.5981311392135066
3320,99.125,99.03570655923828,0.09999999999999787,0.20096577747795402
3321,99.2,99.05026275228863,0.07499999999999929,0.014556193050360915
3322,99.57499999999999,99.50261312522558,0.37499999999999645,0.45235037293695596
3323,99.825,99.80190838404506,0.25000000000000355,0.29929525881947894
3324,99.725,99.64743629019806,0.04000000000000057,0.023552753356827202
3325,100.0,100.0,0.2749999999999986,0.35256370980195567
3326,99.78,99.75010083642452,2.842170943040401e-15,-0.02202019927565433
3327,100.0,100.00000000000001,0.21999999999999886,0.24989916357548922
3328,100.0,100.0,0.0,0.0
3329,100.9,100.78683625925557,0.6999999999999957,0.6119837571987751
3330,101.35,101.18025438888336,0.45000000000000284,0.3934181296277889
3331,101.35,101.18025438888336,0.0,0.0
3332,102.2,101.92337752262473,0.6000000000000085,0.6000000000000085
3333,102.2,101.92337752262473,0.0,0.0
3334,102.2,101.92337752262473,0.0,0.0
3335,102.5,102.5,0.0,0.0
3336,103.4,103.4,0.14999999999999858,0.1172799771721257
3337,103.4,103.4,0.0,0.0
3338,103.4,103.4,0.0,0.0
3339,103.4,103.4,0.0,0.0
3340,103.4,103.4,0.0,0.0
3341,103.4,103.4,0.0,0.0
3342,103.4,103.4,0.05000000000000426,0.04371312551420221
3343,103.4,103.4,0.0,0.0
3344,103.6,103.6,0.14999999999999858,0.13113937654259422
3345,103.6,103.6,0.0,0.0
3346,103.6,103.6,0.0,0.0
3347,103.7,103.69999999999999,0.0,0.0
3348,103.5,103.5,0.0,0.0
3349,103.5,103.5,0.0,0.0
3350,66.65,67.65091945108297,0.4000000000000057,0.3812538718032189
3351,35.05,35.01063313078675,0.09999999999999787,0.08028574821842066
3352,35.150000000000006,35.11063313078675,0.10000000000000142,0.10000000000000142
3353,35.2,35.16250774360643,0.05000000000000071,0.051874612819679415
3354,35.400000000000006,35.37000619488514,0.1999999999999993,0.207498451278714
3355,35.5,35.466256969245784,0.09999999999999787,0.09625077436064061
3356,35.65,35.62188080770482,0.14999999999999858,0.15562383845903457
3357,35.65,35.62188080770482,0.0,0.0
3358,35.65,35.62188080770482,0.0,0.0
3359,35.7,35.6737554205245,0.05000000000000071,0.051874612819679415
3360,35.8,35.777504646163855,0.10000000000000142,0.10374922563935883
3361,36.25,36.21813158206547,0.4499999999999993,0.44062693590160584
3362,36.25,36.21813158206547,0.0,0.0
3363,36.0,35.97750464616386,-0.25,-0.24062693590160664
3364,36.0,35.97750464616386,0.0,0.0
3365,36.0,35.97750464616386,0.0,0.0
3366,35.75,35.73687771026225,-0.25,-0.24062693590160664
3367,36.0,35.99625077436065,0.25,0.2593730640983934
3368,36.150000000000006,36.15187461281968,0.15000000000000213,0.15562383845903827
3369,36.150000000000006,36.15187461281968,0.0,0.0
3370,36.150000000000006,36.15187461281968,0.0,0.0
3371,36.150000000000006,36.15187461281968,0.0,0.0
3372,36.400000000000006,36.41124767691808,0.25,0.2593730640983934
3373,36.400000000000006,36.41124767691808,0.0,0.0
3374,36.45,36.463122289737754,0.04999999999999716,0.05187461281967573
3375,36.6,36.6187461281968,0.15000000000000213,0.15562383845903827
3376,36.6,36.6187461281968,0.0,0.0
3377,36.8,36.82624457947551,0.1999999999999993,0.207498451278714
3378,36.95,36.981868417934535,0.14999999999999858,0.15562383845903457
3379,36.95,36.981868417934535,0.0,0.0
3380,36.849999999999994,36.885617643573894,-0.10000000000000142,-0.09625077436064401
3381,36.95,36.99311609485261,0.10000000000000142,0.10749845127871625
3382,37.5,37.52999380511486,0.5500000000000007,0.5368777102622497
3383,37.5,37.52999380511486,0.0,0.0
3384,37.55,37.57811919229518,0.04999999999999716,0.048125387180318585
3385,37.65,37.68186841793454,0.10000000000000142,0.10374922563935883
3386,37.55,37.5856176435739,-0.09999999999999787,-0.09625077436064061
3387,37.55,37.5856176435739,0.0,0.0
3388,37.95,37.99311609485261,0.3999999999999986,0.4074984512787135
3389,38.05,38.08936686921326,0.10000000000000142,0.09625077436064401
3390,38.05,38.08936686921326,-0.03333333333333144,-0.03189614570240663
3391,41.199999999999996,41.10393081280644,0.29999999999999716,0.29999999999999716
3392,41.26666666666667,41.17123949566338,0.06666666666666998,0.06730868285693771
3393,41.333333333333336,41.235910884931215,0.06666666666666288,0.0646713892678426
3394,41.33333333333333,41.233357517764496,0.0,-0.0025533671667159153
3395,41.46666666666667,41.3721185935264,0.13333333333333522,0.13876107576190097
3396,41.96666666666667,41.85399324409228,0.5000000000000023,0.48187465056587414
3397,42.03333333333334,41.91866463336012,0.06666666666666525,0.06467138926784494
3398,42.13333333333333,42.016111266193406,0.09999999999999905,0.09744663283328318
3399,42.43333333333333,42.31083667901523,0.29999999999999954,0.294725412821823
3400,42.666666666666664,42.546165289747385,0.23333333333333428,0.23532861073215455
3401,42.9,42.79346556487246,0.23333333333333428,0.24730027512507707
3402,43.199999999999996,43.097693201342864,0.29999999999999954,0.3042276364704019
3403,43.199999999999996,43.097693201342864,0.0,0.0
3404,43.4,43.30367903353932,0.1999999999999981,0.20598583219645927
3405,43.86666666666667,43.79827958378948,0.4666666666666662,0.4946005502501516
3406,44.1,44.04047312458112,0.23333333333333428,0.24219354079164523
3407,44.36666666666667,44.31623708037886,0.2666666666666681,0.2757639557977406
3408,44.6,44.56010489047419,0.23333333333333192,0.24386781009532946
3409,45.06666666666666,45.03411065054586,0.4666666666666662,0.4740057600716799
3410,45.06666666666666,45.03411065054586,0.0,0.0
3411,45.23333333333333,45.21251189993269,0.16666666666666904,0.17840124938682972
3412,45.6,45.59857325081967,0.36666666666666475,0.38606135088697324
3413,45.73333333333333,45.73988769374829,0.13333333333333522,0.1413144429286169
3414,46.166666666666664,46.182876405980586,0.4333333333333324,0.4429887122323004
3415,46.300000000000004,46.329381509665005,0.13333333333333286,0.14650510368441855
3416,46.4,46.435367341861465,0.09999999999999905,0.10598583219646017
3417,46.46666666666666,46.50091782899234,0.06666666666666525,0.06555048713087429
3418,46.56666666666666,46.598364461825625,0.10000000000000142,0.0974466328332855
3419,46.76666666666667,46.803471196159066,0.20000000000000284,0.20510673433343468
3420,46.76666666666667,46.80259209829603,0.0,-0.0008790978630294165
3421,47.4,47.455878205617566,0.6333333333333329,0.6532861073215367
3422,47.56666666666666,47.632521259278334,0.16666666666666666,0.1766430536607686
3423,47.9,47.98580736659988,0.3333333333333333,0.3532861073215372
3424,48.53333333333333,48.61611316942097,0.6333333333333305,0.6303058028210915
3425,48.73333333333333,48.82553146664717,0.20000000000000048,0.20941829722620692
3426,49.26666666666667,49.38823587119492,0.5333333333333338,0.5627044045477442
3427,49.63333333333333,49.74683750184394,0.3666666666666695,0.3586016306490156
3428,50.133333333333326,50.266469267737,0.4999999999999976,0.5196317658930676
3429,50.36666666666667,50.51121617569536,0.23333333333333192,0.24474690795835882
3430,50.9,51.06705565018362,0.5333333333333362,0.555839474488256
3431,50.96666666666666,51.130847941588435,0.06666666666666525,0.06379229140481553
3432,51.0,51.163623185153874,0.033333333333333805,0.03277524356543831
3433,51.20000000000001,51.356758255094384,0.20000000000000284,0.19313506994051216
3434,51.23333333333333,51.392086865826535,0.03333333333333144,0.03532861073215171
3435,51.26666666666667,51.42741547655869,0.033333333333333805,0.03532861073215422
3436,51.63333333333333,51.798867869463656,0.36666666666666714,0.37145239290496507
3437,51.9,52.07806429029114,0.2666666666666657,0.2791964208274837
3438,51.93333333333334,52.11339290102329,0.03333333333333144,0.03532861073215171
3439,52.133333333333326,52.31937873321975,0.20000000000000048,0.20598583219646174
3440,52.6,52.8045609862437,0.4666666666666662,0.4851822530239451
3441,52.63333333333333,52.83988959697585,0.033333333333333805,0.03532861073215422
3442,52.93333333333334,53.14508025773165,0.29999999999999954,0.3051906607558036
3443,53.4,53.613100185606875,0.4666666666666662,0.46801992787521884
3444,53.53333333333333,53.749307894202055,0.13333333333333522,0.13620770859518505
3445,53.833333333333336,54.057847093565236,0.29999999999999954,0.30853919936317664
3446,54.13333333333333,54.373251222987896,0.29999999999999954,0.3154041294226671
3447,54.29999999999999,54.54390844445221,0.16666666666666666,0.17065722146430737
3448,55.13333333333333,55.4058176775593,0.8333333333333357,0.861909233107089
3449,55.366666666666674,55.653117952684376,0.23333333333333428,0.24730027512507707
3450,55.4,55.68844656341653,0.03333333333333144,0.03532861073215171
3451,55.63333333333333,55.928086737041454,0.23333333333333428,0.2396401736249295
3452,55.70000000000001,55.99874395850577,0.06666666666666761,0.07065722146430845
3453,55.76666666666667,56.06940117997007,0.06666666666666288,0.07065722146430342
3454,55.9,56.21071562289868,0.13333333333333522,0.1413144429286169
3455,56.6,56.90920920643975,0.7000000000000028,0.6984935835410612
3456,56.63333333333333,56.9445378171719,0.03333333333333144,0.03532861073215171
3457,56.833333333333336,57.156509481564825,0.1999999999999981,0.21197166439292034
3458,56.9,57.22716670302913,0.06666666666666761,0.07065722146430845
3459,56.9,57.23482680452928,-2.3684757858670005e-15,0.007660101500145249
3460,57.199999999999996,57.54591937105916,0.29999999999999954,0.31109256652989264
3461,57.23333333333333,57.58124798179132,0.03333333333333618,0.035328610732156734
3462,57.23333333333333,57.58124798179132,0.0,0.0
3463,57.0,57.33394770666625,-0.23333333333333428,-0.24730027512507707
3464,56.86666666666667,57.192633263737626,-0.13333333333333522,-0.1413144429286169
3465,57.133333333333326,57.4497284779277,0.2666666666666657,0.25709521419007
3466,57.03333333333333,57.34374264573123,-0.09999999999999905,-0.10598583219646017
3467,57.06666666666666,57.37141115496325,0.033333333333333805,0.02766850923200647
3468,56.73333333333333,57.0181250476417,-0.3333333333333333,-0.3532861073215372
3469,56.166666666666664,56.42440359525459,-0.5666666666666652,-0.5937214523871214
3470,55.9,56.14177470939736,-0.2666666666666657,-0.2826288858572288
3471,55.53333333333334,55.753159991343665,-0.36666666666666475,-0.3886147180536889
3472,56.06666666666666,56.26056941608669,0.5333333333333314,0.5074094247430219
3473,56.13333333333333,56.31590643455069,0.06666666666666761,0.05533701846401312
3474,56.26666666666667,56.457220877479315,0.13333333333333286,0.1413144429286144
3475,56.333333333333336,56.5269990010806,0.06666666666666761,0.06977812360127902
3476,56.26666666666667,56.456341779616295,-0.06666666666666761,-0.07065722146430845
3477,56.26666666666667,56.456341779616295,0.0,0.0
3478,56.26666666666667,56.456341779616295,0.0,0.0
3479,56.23333333333334,56.42101316888414,-0.033333333333333805,-0.03532861073215422
3480,56.23333333333333,56.414148238824644,0.0,-0.006864930059490419
3481,56.166666666666664,56.34692348239008,-0.06666666666666761,-0.06722475643456312
3482,56.166666666666664,56.343491017360336,0.0,-0.003432465029745332
3483,56.13333333333333,56.308162406628185,-0.033333333333333805,-0.03532861073215422
3484,55.9,56.06086213150311,-0.23333333333333192,-0.24730027512507455
3485,55.9,56.054876299306635,0.0,-0.0059858321964612405
3486,55.73333333333333,55.87823324564587,-0.16666666666666666,-0.1766430536607686
3487,55.833333333333336,55.96705675269361,0.09999999999999905,0.08882350704773376
3488,55.76666666666667,55.89639953122931,-0.06666666666666525,-0.07065722146430595
3489,55.76666666666667,55.89639953122931,0.0,0.0
3490,55.76666666666666,55.89727862909233,-2.3684757858670005e-15,0.0008790978630270869
3491,55.86666666666667,55.99296706619955,0.10000000000000142,0.09568843710722667
3492,55.833333333333336,55.96107092049714,-0.033333333333333805,-0.03189614570240889
3493,55.9,56.03172814196145,0.06666666666666525,0.07065722146430595
3494,55.9,56.03172814196145,0.0,0.0
3495,55.9,56.03172814196145,0.0,0.0
3496,56.13333333333333,56.27902841708653,0.23333333333333428,0.24730027512507707
3497,56.56666666666666,56.69367831121784,0.4333333333333324,0.4146498941313088
3498,56.6,56.72557445692025,0.033333333333333805,0.03189614570240889
3499,56.73333333333333,56.856591504759635,0.13333333333333286,0.13101704783937865
3500,56.833333333333336,56.96257733695609,0.09999999999999905,0.10598583219646017
3501,56.699999999999996,56.82381626119419,-0.1333333333333305,-0.13876107576189614
3502,56.666666666666664,56.78593428329532,-0.03333333333333618,-0.03788197789887247
3503,56.76666666666667,56.891920115491786,0.10000000000000142,0.10598583219646267
3504,56.63333333333333,56.757386676200284,-0.13333333333333286,-0.13453343929149625
3505,56.833333333333336,56.9462941096704,0.20000000000000048,0.18890743347010744
3506,56.833333333333336,56.9462941096704,0.0,0.0
3507,56.6,56.70154720171203,-0.23333333333333428,-0.24474690795836113
3508,56.199999999999996,56.27760387292619,-0.3999999999999986,-0.4239433287858431
3509,56.20000000000001,56.282710607259624,0.0,0.00510673433343165
3510,56.4,56.4870221701524,0.20000000000000048,0.20431156289277527
3511,56.56666666666666,56.639721895027314,0.1666666666666643,0.1526997248749215
3512,56.43333333333334,56.508620920765566,-0.13333333333333286,-0.1311009742617509
3513,56.46666666666666,56.53963796860494,0.03333333333333144,0.031017047839377216
3514,56.93333333333334,56.98794220416472,0.46666666666666856,0.44830423555977883
3515,56.93333333333334,56.98794220416472,0.0,0.0
3516,57.0,57.051734495569534,0.06666666666666761,0.06379229140481778
3517,56.96666666666667,57.00698758761118,-0.033333333333333805,-0.04474690795836055
3518,57.13333333333333,57.18363064127195,0.16666666666666666,0.1766430536607686
3519,57.199999999999996,57.25085539770651,0.06666666666666761,0.06722475643456312
3520,57.03333333333333,57.0691056097123,-0.16666666666666904,-0.1817497879942028
3521,57.166666666666664,57.20355512258143,0.13333333333333522,0.13444951286912624
3522,57.166666666666664,57.208661856914865,2.3684757858670005e-15,0.005106734333434154
3523,57.13333333333333,57.16990078115296,-0.03333333333333618,-0.03876107576190182
3524,57.166666666666664,57.20522939188512,0.033333333333333805,0.03532861073215422
3525,57.166666666666664,57.20522939188512,0.0,0.0
3526,57.13333333333333,57.16638438970085,-0.03333333333333144,-0.03884500218426957
3527,57.06666666666666,57.09572716823654,-0.06666666666666761,-0.07065722146430845
3528,56.96666666666667,56.98974133604008,-0.09999999999999905,-0.10598583219646017
3529,57.03333333333333,57.05441272530792,0.06666666666666288,0.0646713892678426
3530,57.199999999999996,57.231055778968695,0.16666666666666666,0.1766430536607686
3531,57.23333333333333,57.266384389700846,0.033333333333333805,0.03532861073215422
3532,57.199999999999996,57.233609146135414,-0.03333333333333144,-0.03277524356543598
3533,57.06666666666666,57.10514546546275,-0.13333333333333286,-0.12846368067266273
3534,57.1,57.13360914613541,0.033333333333333805,0.02846368067266356
3535,57.0,57.02929758324263,-0.1000000000000038,-0.10431156289277844
3536,57.03333333333333,57.06119372894504,0.033333333333333805,0.03189614570240889
3537,57.06666666666666,57.08965740961771,0.03333333333333618,0.02846368067266607
3538,57.03333333333334,57.057761263915296,-0.033333333333333805,-0.03189614570240889
3539,57.06666666666666,57.09308987464745,0.03333333333333144,0.03532861073215171
3540,56.9,56.919879286016425,-0.16666666666666666,-0.17321058863102326
3541,56.93333333333333,56.957761263915295,0.033333333333333805,0.03788197789887014
3542,56.9,56.922432653183144,-0.033333333333333805,-0.03532861073215422
3543,56.9,56.93273004827238,0.0,0.01029739508923575
3544,56.9,56.92586511821288,0.0,-0.006864930059490419
3545,56.93333333333334,56.96119372894504,0.033333333333333805,0.03532861073215422
3546,55.96666666666666,56.023898133492786,-0.9666666666666662,-0.9372955954522559
3547,55.96666666666667,56.038591017897176,0.0,0.014692884404382787
3548,56.06666666666666,56.1436977522306,0.09999999999999905,0.10510673433343075
3549,56.06666666666666,56.1436977522306,0.0,0.0
3550,56.20000000000001,56.26952413931417,0.13333333333333522,0.12582638708357682
3551,56.300000000000004,56.37550997151064,0.10000000000000142,0.10598583219646267
3552,56.333333333333336,56.414271047272535,0.03333333333333144,0.03876107576189705
3553,56.46666666666667,56.554706392338126,0.13333333333333522,0.14043534506558747
3554,56.53333333333334,56.622810246635716,0.06666666666666525,0.06810385429759003
3555,56.53333333333334,56.622810246635716,0.0,0.0
3556,56.53333333333334,56.622810246635716,0.0,0.0
3557,56.53333333333334,56.622810246635716,0.0,0.0
3558,56.833333333333336,56.90899646009436,0.29999999999999954,0.2861862134586461
3559,56.93333333333333,57.01322409656476,0.09999999999999905,0.10422763647040158
3560,56.93333333333334,57.01577746373148,2.3684757858670005e-15,0.002553367166718245
3561,56.73333333333333,56.827833054546765,-0.20000000000000048,-0.18794440918470598
3562,56.86666666666667,56.95885010238615,0.13333333333333286,0.13101704783937865
3563,56.833333333333336,56.92352149165399,-0.033333333333333805,-0.03532861073215422
3564,56.866666666666674,56.95541763735641,0.033333333333333805,0.03189614570240889
3565,56.833333333333336,56.922642393790966,-0.033333333333333805,-0.03277524356543831
3566,56.76666666666667,56.857091906660095,-0.06666666666666761,-0.06555048713087662
3567,57.4,57.48124402443998,0.6333333333333352,0.6241521177798905
3568,57.36666666666667,57.44591541370783,-0.033333333333333805,-0.03532861073215422
3569,57.36666666666667,57.44591541370783,0.0,0.0
3570,57.4,57.48124402443998,0.033333333333333805,0.03532861073215422
3571,57.6,57.68978322380316,0.20000000000000048,0.2085391993631775
3572,57.73333333333333,57.81736780661279,0.13333333333333286,0.1275845828096333
3573,57.93333333333334,58.015609610886735,0.1999999999999981,0.19824180427393923
3574,58.23333333333333,58.31305624372001,0.29999999999999954,0.29744663283328376
3575,58.199999999999996,58.27772763298786,-0.033333333333333805,-0.03532861073215422
3576,58.36666666666667,58.44064082652966,0.16666666666666904,0.1629131935417898
3577,58.36666666666667,58.44654273230374,-2.3684757858670005e-15,0.0059019057740864805
3578,58.4,58.48187134303589,0.033333333333333805,0.03532861073215422
3579,58.43333333333334,58.51464658660134,0.033333333333333805,0.03277524356543831
3580,58.96666666666667,59.06027259242272,0.5333333333333338,0.5456260058213903
3581,59.06666666666666,59.16370505745247,0.09999999999999669,0.10343246502974174
3582,59.43333333333334,59.52142759023845,0.3666666666666695,0.3577225327859862
3583,59.699999999999996,59.79128964026209,0.2666666666666657,0.2698620500236494
3584,59.73333333333333,59.82406488382754,0.033333333333333805,0.03277524356543831
3585,59.96666666666667,60.06027259242273,0.23333333333333428,0.2362077085951844
3586,60.133333333333326,60.23436227891678,0.1666666666666643,0.17408968649405018
3587,60.1,60.20933106327386,-0.03333333333333144,-0.02503121564291597
3588,60.166666666666664,60.26969088964893,0.06666666666666761,0.060359826375072693
3589,60.46666666666666,60.563621131030104,0.29999999999999716,0.2939302413811634
3590,60.5,60.598949741762254,0.03333333333333618,0.035328610732156734
3591,60.73333333333333,60.82908769173861,0.23333333333333428,0.23013794997635065
3592,60.699999999999996,60.79375908100644,-0.03333333333333618,-0.035328610732156734
3593,60.73333333333333,60.82908769173861,0.03333333333333618,0.035328610732156734
3594,60.833333333333336,60.93507352393506,0.09999999999999905,0.10598583219646017
3595,60.9,60.99974491320291,0.06666666666666998,0.06467138926784946
3596,61.03333333333334,61.14616609046495,0.1333333333333305,0.14642117726204373
3597,61.5,61.610126234714514,0.46666666666666856,0.4639601442495635
3598,61.73333333333333,61.840264184690874,0.23333333333333428,0.23013794997635065
3599,61.76666666666667,61.875592795423024,0.03333333333333144,0.03532861073215171
3600,61.96666666666667,62.077267064726705,0.1999999999999981,0.2016742693036846
3601,61.93333333333333,62.02820859387556,-0.03333333333333618,-0.04905847085113756
3602,62.0,62.09886581533988,0.06666666666666761,0.07065722146430845
3603,62.333333333333336,62.428124667453204,0.3333333333333333,0.3292588521133202
3604,62.56666666666666,62.66010473957798,0.23333333333333664,0.23198007212478425
3605,62.666666666666664,62.76098383744101,0.09999999999999669,0.100879097863026
3606,62.9,62.98681022452458,0.23333333333333664,0.2258263870835784
3607,63.666666666666664,63.77806223616736,0.7666666666666657,0.7912520116427784
3608,63.96666666666666,64.09346636559002,0.29999999999999954,0.3154041294226671
3609,64.10000000000001,64.22280914412572,0.13333333333333286,0.1293427785356921
3610,64.3,64.42368824198876,0.2000000000000052,0.20087909786303454
3611,64.36666666666666,64.48157862761947,0.06666666666666288,0.057890385630724024
3612,64.5,64.62033970338139,0.1333333333333376,0.1387610757619035
3613,64.83333333333333,64.95047765335772,0.3333333333333286,0.330137949976345
3614,64.89999999999999,65.01858150765531,0.06666666666666525,0.06810385429759003
3615,65.13333333333334,65.23930116040547,0.23333333333333664,0.22071965275014657
3616,65.39999999999999,65.51682331192927,0.2666666666666657,0.27752215152379694
3617,65.46666666666667,65.58404806836383,0.06666666666666761,0.06722475643456335
3618,65.96666666666665,66.0616950824593,0.4999999999999953,0.4776470140954647
3619,66.10000000000001,66.19359122816171,0.1333333333333376,0.13189614570241281
3620,66.13333333333333,66.22381310456042,0.03333333333332907,0.03022187639871756
3621,66.3,66.40045615822119,0.16666666666666666,0.1766430536607686
3622,66.43333333333334,66.53666386681637,0.13333333333333522,0.13620770859518505
3623,66.73333333333333,66.83419442607203,0.29999999999999716,0.2975305592556535
3624,66.73333333333333,66.83419442607203,0.0,0.0
3625,66.8,66.90485164753635,0.06666666666666761,0.07065722146430845
3626,67.43333333333332,67.54009633184613,0.6333333333333352,0.6352446843097831
3627,67.46666666666665,67.57797830974499,0.033333333333333805,0.03788197789887014
3628,67.56666666666666,67.6763040404413,0.10000000000000142,0.09832573069631492
3629,67.63333333333333,67.73930116040546,0.06666666666666761,0.0629971199641609
3630,68.06666666666666,68.19346636559003,0.4333333333333324,0.45416520518456555
3631,68.39999999999999,68.51770240979229,0.3333333333333286,0.3242360442022562
3632,68.73333333333333,68.86077504844697,0.3333333333333381,0.3430726386546786
3633,68.93333333333334,69.05487314267288,0.19999999999999574,0.19409809422590676
3634,69.13333333333333,69.25663133839893,0.20000000000000048,0.20175819572605935
3635,69.33333333333333,69.46349626845843,0.20000000000000284,0.2068649300594935
3636,69.66666666666667,69.81678237577995,0.3333333333333333,0.3532861073215372
3637,70.23333333333333,70.39949518805956,0.5666666666666677,0.582712812279603
3638,70.26666666666667,70.43482379879171,0.03333333333333144,0.03532861073215171
3639,70.4,70.56337140588676,0.13333333333333522,0.12854760709503749
3640,70.56666666666666,70.73490772521409,0.1666666666666643,0.17153631932733449
3641,70.63333333333333,70.80301157951168,0.06666666666666525,0.06810385429759003
3642,70.60000000000001,70.77023633594624,-0.033333333333333805,-0.03277524356543831
3643,71.0,71.17375272739837,0.4000000000000033,0.40351639145212104
3644,71.2,71.38572439179129,0.1999999999999981,0.21197166439292034
3645,71.33333333333333,71.51330897460092,0.13333333333333522,0.12758458280963555
3646,72.63333333333334,72.77873254503635,1.3000000000000018,1.2654235704354322
3647,73.10000000000001,73.22448341342941,0.4666666666666662,0.44575086839306033
3648,73.26666666666667,73.39346636559003,0.16666666666666666,0.16898295216062106
3649,73.53333333333335,73.67609525144726,0.2666666666666657,0.2826288858572288
3650,73.5,73.63821327354839,-0.033333333333333805,-0.03788197789887014
3651,73.73333333333333,73.88551354867347,0.23333333333333428,0.24730027512507707
3652,74.0,74.15792896586383,0.2666666666666681,0.2724154171903678
3653,74.16666666666667,74.33712538669131,0.1666666666666643,0.17919642082748202
3654,74.06666666666666,74.23113955449486,-0.09999999999999905,-0.10598583219646017
3655,74.46666666666665,74.64055785172107,0.3999999999999986,0.4094182972262052
3656,74.53333333333335,74.70778260815563,0.06666666666666761,0.06722475643456287
3657,75.16666666666667,75.32532157514314,0.6333333333333329,0.6175389669875146
3658,75.2,75.35809681870857,0.033333333333333805,0.03277524356543831
3659,75.10000000000001,75.25977108801226,-0.09999999999999905,-0.09832573069631259
3660,75.10000000000001,75.25977108801226,0.0,0.0
3661,75.43333333333334,75.58911386654796,0.3333333333333357,0.3293427785356949
3662,75.60000000000001,75.763203553042,0.16666666666666194,0.17408968649404785
3663,75.56666666666666,75.72787494230985,-0.03333333333333144,-0.03532861073215171
3664,75.63333333333334,75.79853216377415,0.06666666666666761,0.07065722146430845
3665,75.5,75.65211098651211,-0.13333333333333522,-0.14642117726204873
3666,75.96666666666668,76.11494025363153,0.46666666666666856,0.4628292671194171
3667,77.63333333333334,77.72795681460845,1.6666666666666619,1.6130165609769178
3668,77.73333333333333,77.83394264680491,0.1000000000000038,0.1059858321964652
3669,78.06666666666666,78.16336935176298,0.3333333333333333,0.3294267049580648
3670,78.46666666666668,78.56345327818535,0.40000000000000097,0.40008392642237317
3671,78.76666666666667,78.8557931766852,0.29999999999999716,0.2923398984998496
3672,78.9,78.98178741661351,0.13333333333333522,0.1259942399283214
3673,79.99999999999999,80.03787661624511,1.0999999999999943,1.0560891996315906
3674,80.3,80.33285380833406,0.3000000000000019,0.2949771920889424
3675,81.16666666666667,81.20606439696508,0.8666666666666742,0.873210588631031
3676,81.83333333333333,81.85901590110713,0.666666666666662,0.6529515041420361
3677,82.39999999999999,82.41929180105981,0.5666666666666629,0.5602758999526957
3678,83.3,83.30933011166007,0.9000000000000009,0.8900383106002545
3679,84.36666666666667,84.35462151430198,1.0666666666666724,1.045291402641899
3680,85.26666666666667,85.2385900662834,0.8999999999999962,0.8839685519814167
3681,86.06666666666666,86.0183309817944,0.8000000000000019,0.7797409155110194
3682,86.33333333333333,86.28563966465134,0.2666666666666657,0.26730868285693365
3683,86.36666666666667,86.31753581035375,0.03333333333333144,0.03189614570240663
3684,86.53333333333335,86.4805329303179,0.1666666666666714,0.16299711996416438
3685,87.53333333333335,87.46634360444776,1.0,0.9858106741298509
3686,87.73333333333335,87.67232943664422,0.1999999999999981,0.2059858321964595
3687,88.0,87.93453138516773,0.2666666666666657,0.2622019485235018
3688,88.0,87.9336522873047,4.736951571734001e-15,-0.0008790978630248218
3689,88.13333333333333,88.06475326156644,0.1333333333333305,0.13110097426174858
3690,88.0,87.91833208430441,-0.13333333333333522,-0.14642117726204873
3691,88.09999999999998,88.02431791650088,0.09999999999999905,0.10598583219646017
3692,88.23333333333335,88.15541889076262,0.13333333333333522,0.13110097426175324
3693,88.23333333333335,88.15541889076262,0.0,0.0
3694,88.60000000000001,88.51849993714914,0.3666666666666695,0.36308104638653516
3695,88.7,88.61762083928612,0.09999999999999432,0.09912090213696496
3696,88.7,88.61762083928612,0.0,0.0
3697,89.10000000000001,89.01937903501216,0.40000000000000097,0.40175819572605986
3698,89.3,89.2160304964048,0.20000000000000284,0.19665146139262984
3699,89.86666666666667,89.77233053915421,0.5666666666666677,0.5563000427494148
3700,89.86666666666667,89.77233053915421,0.0,0.0
3701,90.2,90.122184181446,0.3333333333333286,0.3498536422917871
3702,90.53333333333335,90.44993661710039,0.3333333333333333,0.32775243565437845
3703,90.40000000000002,90.3000829748086,-0.1333333333333305,-0.1498536422917888
3704,90.59999999999998,90.50096207267163,0.1999999999999981,0.20087909786302718
3705,90.73333333333333,90.64227651560023,0.13333333333333522,0.1413144429286169
3706,90.73333333333333,90.64227651560023,0.0,0.0
3707,90.8,90.71293373706455,0.06666666666666761,0.07065722146430845
3708,90.8,90.71293373706455,0.0,0.0
3709,92.5,92.37480108240855,1.6999999999999982,1.6618673453440047
3710,92.60000000000001,92.47048951951578,0.09999999999999905,0.09568843710722441
3711,92.66666666666667,92.53604000664666,0.06666666666666761,0.06555048713087662
3712,93.16666666666667,93.06596916762896,0.5,0.5299291609823058
3713,93.16666666666667,93.06596916762896,0.0,0.0
3714,93.13333333333333,93.03319392406351,-0.03333333333333618,-0.03277524356544064
3715,93.39999999999999,93.31837617708747,0.2666666666666657,0.2851822530239445
3716,93.39999999999999,93.31837617708747,0.0,0.0
3717,93.43333333333334,93.3528256899566,0.03333333333334091,0.034449512869131914
3718,93.56666666666668,93.49414013288522,0.1333333333333305,0.1413144429286119
3719,93.8,93.71741315280207,0.23333333333333428,0.22327301991686
3720,93.8,93.71741315280207,0.0,0.0
3721,93.90000000000002,93.82339898499853,0.1000000000000038,0.1059858321964652
3722,93.90000000000002,93.82339898499853,0.0,0.0
3723,93.76666666666667,93.69229801073678,-0.13333333333333522,-0.13110097426175324
3724,94.36666666666667,94.29045588858834,0.5999999999999943,0.598157877851563
3725,94.46666666666665,94.38878161928464,0.09999999999999905,0.09832573069631259
3726,94.53333333333335,94.45943884074894,0.06666666666666761,0.07065722146430845
3727,94.66666666666667,94.58878161928465,0.13333333333333522,0.12934277853569442
3728,95.16666666666667,95.12302234315973,0.5,0.5342407238750808
3729,95.5,95.44382592233227,0.3333333333333333,0.3208035791725153
3730,95.63333333333334,95.5714105051419,0.13333333333333522,0.12758458280963555
3731,95.53333333333335,95.47396387230862,-0.1000000000000038,-0.09744663283328778
3732,95.53333333333335,95.47396387230862,0.0,0.0
3733,95.63333333333333,95.56278737935632,0.09999999999999905,0.08882350704773376
3734,95.7,95.62657967076115,0.06666666666666761,0.06379229140481778
3735,95.76666666666667,95.68869769286226,0.06666666666666761,0.062118022101131515
3736,96.10000000000001,96.00765914988638,0.3333333333333333,0.3189614570240844
3737,96.10000000000001,96.00765914988638,0.0,0.0
3738,96.39999999999999,96.3026363419753,0.29999999999999716,0.29497719208893775
3739,96.59999999999998,96.49920387694557,0.20000000000000284,0.19656753497025728
3740,96.63333333333333,96.53796495270747,0.03333333333333144,0.03876107576189729
3741,96.96666666666668,96.86220099690972,0.3333333333333381,0.32423604420226537
3742,97.0,96.8958553383382,0.0333333333333267,0.0336543414284608
3743,97.03333333333335,96.9277514840406,0.03333333333333618,0.03189614570241116
3744,97.06666666666668,96.96308009477275,0.03333333333333618,0.035328610732156734
3745,97.06666666666668,96.96308009477275,0.0,0.0
3746,96.96666666666665,96.86052672760604,-0.1000000000000038,-0.1025533671667196
3747,96.86666666666667,96.75454089540958,-0.09999999999999905,-0.10598583219646017
3748,97.06666666666666,96.96994502483224,0.1999999999999981,0.2154041294226654
3749,97.2,97.10016690123096,0.13333333333333522,0.13022187639872387
3750,97.2,97.10016690123096,0.0,0.0
3751,97.16666666666667,97.06739165766554,-0.03333333333333618,-0.03277524356544064
3752,97.09999999999998,97.00272026839768,-0.06666666666666288,-0.0646713892678426
3753,97.16666666666667,97.073377489862,0.06666666666666761,0.07065722146430845
3754,97.26666666666665,97.17936332205845,0.09999999999999905,0.10598583219646017
3755,97.43333333333334,97.34570898063,0.16666666666666666,0.16634565857153286
3756,97.56666666666668,97.48359095852885,0.13333333333333522,0.13788197789887133
3757,97.7,97.61979866712404,0.13333333333333522,0.13620770859518505
3758,97.83333333333333,97.76111311005266,0.13333333333333522,0.1413144429286169
3759,97.83333333333333,97.76111311005266,0.0,0.0
3760,98.06666666666666,97.99468352505875,0.23333333333332953,0.23357041500609121
3761,98.10000000000001,98.02657967076115,0.03333333333333618,0.03189614570241116
3762,98.10000000000001,98.02657967076115,0.0,0.0
3763,98.10000000000001,98.02570057289813,-4.736951571734001e-15,-0.0008790978630340112
3764,98.19999999999999,98.12825394006484,0.09999999999999905,0.10255336716671508
3765,98.2,98.12402630359443,0.0,-0.004227636470402472
3766,98.23333333333333,98.15935491432658,0.03333333333333144,0.03532861073215171
3767,98.3,98.23001213579089,0.06666666666666761,0.07065722146430845
3768,98.33333333333333,98.2619082814933,0.03333333333333144,0.03189614570240663
3769,98.26666666666667,98.19987418581455,-0.06666666666666288,-0.06203409567875443
3770,98.39999999999999,98.33432369868368,0.13333333333333522,0.13444951286912624
3771,98.39999999999999,98.33432369868368,0.0,0.0
3772,98.43333333333332,98.36965230941583,0.03333333333333144,0.03532861073215171
3773,98.43333333333334,98.37220567658255,4.736951571734001e-15,0.0025533671667207552
3774,98.7,98.65483456243976,0.2666666666666657,0.2826288858572288
3775,98.86666666666667,98.82549178390408,0.16666666666666194,0.1706572214643028
3776,98.90000000000002,98.86082039463625,0.03333333333333618,0.035328610732156734
3777,98.93333333333334,98.8935117117793,0.03333333333333144,0.03269131714306354
3778,99.03333333333335,99.00460427830919,0.09999999999999905,0.111092566529892
3779,99.10000000000001,99.07015476544008,0.06666666666666761,0.06555048713087662
3780,99.5,99.47693576907719,0.40000000000000097,0.4067810036371193
3781,99.73333333333333,99.71737111414276,0.1,0.03074944037860256
3782,100.0,100.00000000000001,0.2666666666666657,0.2826288858572288
3783,99.75,99.74128971420096,0.31999999999999884,0.31026905465876115
3784,100.0,100.0,0.25,0.2587102857990585
3785,100.0,100.0,0.0,0.0
3786,100.1,100.1,0.09999999999999432,0.0999999999999943
3787,100.1,100.1,0.0,0.0
3788,100.1,100.1,0.0,0.0
3789,100.7,100.7,0.6000000000000085,0.6000000000000085
3790,100.7,100.7,0.0,0.0
3791,101.6,101.59999999999998,0.8999999999999915,0.8999999999999915
3792,102.5,102.5,0.9000000000000057,0.9000000000000056
3793,103.4,103.4,0.9000000000000057,0.9000000000000056
3794,103.4,103.4,0.0,0.0
3795,103.4,103.4,0.0,0.0
3796,103.4,103.4,0.0,0.0
3797,103.4,103.4,0.0,0.0
3798,103.4,103.4,0.0,0.0
3799,103.4,103.4,0.0,0.0
3800,103.4,103.4,0.0,0.0
3801,103.6,103.6,0.19999999999998863,0.1999999999999886
3802,103.6,103.6,0.0,0.0
3803,103.6,103.6,0.0,0.0
3804,103.7,103.69999999999999,0.10000000000000853,0.10000000000000853
3805,103.5,103.5,-0.20000000000000284,-0.20000000000000284
3806,103.5,103.5,0.0,0.0
3807,66.65,67.65091945108297,0.23333333333333428,0.1895151256985329
3808,57.26666666666667,60.34242804352355,0.09999999999999787,0.08028574821842066
3809,58.166666666666664,61.304248397178476,0.8999999999999986,0.9618203536549172
3810,58.300000000000004,61.41254275472049,0.13333333333333405,0.10829435754201894
3811,58.699999999999996,61.830294552049246,0.3999999999999974,0.417751797328753
3812,58.86666666666667,61.96566249897676,0.16666666666666666,0.13536794692752296
3813,59.13333333333333,62.209871796013594,0.26666666666667044,0.24420929703682426
3814,59.133333333333326,62.199933914279406,-2.3684757858670005e-15,-0.009937881734191868
3815,57.833333333333336,60.70570060031551,-1.2999999999999996,-1.4942333139638908
3816,56.866666666666674,59.632367937844386,-0.9666666666666638,-1.0733326624711137
3817,56.20000000000001,58.89213851545052,-0.6666666666666666,-0.7402294223938737
3818,55.13333333333333,57.6968061233714,-1.0666666666666675,-1.1953323920791186
3819,55.133333333333326,57.65705459643464,-2.3684757858670005e-15,-0.03975152693675886
3820,55.03333333333333,57.54602018307556,-0.09999999999999905,-0.11103441335908
3821,54.9,57.394684703722106,-0.13333333333333522,-0.1513354793534527
3822,54.29999999999999,56.676595751646886,-0.5999999999999991,-0.7180889520752147
3823,53.833333333333336,56.134104168893074,-0.4666666666666674,-0.54249158275382
3824,53.06666666666666,55.28064726989034,-0.766666666666668,-0.8534568990027402
3825,52.23333333333333,54.355360491898,-0.8333333333333334,-0.9252867779923422
3826,51.53333333333333,53.578119598384426,-0.6999999999999981,-0.7772408935135654
3827,51.300000000000004,53.30354966357776,-0.2333333333333331,-0.2745699348066658
3828,51.4,53.405811823937704,0.09999999999999905,0.10226216035994436
3829,51.43333333333334,53.45276117679159,0.03333333333333499,0.04694935285388441
3830,51.29999999999999,53.30471529231281,-0.13333333333333522,-0.14804588447877684
3831,51.133333333333326,53.14947158191691,-0.16666666666666785,-0.15524371039590237
3832,51.29999999999999,53.33452893751539,0.16666666666666666,0.18505735559846842
3833,51.56666666666666,53.63062070647294,0.26666666666667044,0.2960917689575537
3834,51.73333333333333,53.81677459369629,0.16666666666666666,0.18615388722336032
3835,51.9,53.96208042235801,0.1666666666666643,0.14530582866170957
3836,52.300000000000004,54.385314877811226,0.4000000000000033,0.4232344554532191
3837,52.300000000000004,54.385314877811226,0.0,0.0
3838,52.56666666666666,54.61184147462944,0.26666666666666455,0.2265265968182235
3839,52.666666666666664,54.71958629311384,0.09999999999999905,0.10774481848440416
3840,52.73333333333333,54.77373347188486,0.06666666666666643,0.05414717877100899
3841,52.86666666666667,54.919586293113845,0.13333333333333522,0.1458528212289929
3842,52.86666666666667,54.919586293113845,0.0,0.0
3843,53.13333333333333,55.20690580907226,0.2666666666666657,0.2873195159584128
3844,53.36666666666667,55.45940691716077,0.23333333333333192,0.2525011080885024
3845,54.13333333333333,56.26776782532262,0.766666666666668,0.8083609081618468
3846,53.833333333333336,55.92020238279129,-0.3000000000000019,-0.34756544253132476
3847,53.800000000000004,55.88538397492138,-0.03333333333332907,-0.03481840786990508
3848,53.833333333333336,55.912457564306884,0.033333333333333805,0.027073589385504977
3849,53.833333333333336,55.912457564306884,0.0,0.0
3850,53.833333333333336,55.912457564306884,0.0,0.0
3851,53.76666666666667,55.8284967403333,-0.06666666666666998,-0.0839608239735803
3852,53.46666666666667,55.49539350025606,-0.29999999999999716,-0.33310324007724
3853,53.26666666666667,55.27332467353791,-0.20000000000000284,-0.2220688267181653
3854,53.166666666666664,55.16119372855394,-0.09999999999999669,-0.11213094498396935
3855,53.333333333333336,55.34076842602794,0.16666666666666666,0.17957469747400864
3856,53.6,55.557357141111986,0.2666666666666657,0.21658871508403596
3857,53.4,55.333026154033874,-0.20000000000000048,-0.22433098707810814
3858,53.300000000000004,55.20211597720641,-0.09999999999999905,-0.13091017682745848
3859,53.56666666666666,55.48943549316483,0.2666666666666657,0.2873195159584128
3860,53.26666666666667,55.14639437135338,-0.3000000000000019,-0.3430411218114338
3861,53.333333333333336,55.200541550124406,0.06666666666666761,0.054147178771009954
3862,53.36666666666667,55.23755302124409,0.03333333333333144,0.03701147111969158
3863,53.4,55.26462661062959,0.033333333333333805,0.027073589385504977
3864,53.6,55.427068146942624,0.20000000000000048,0.16244153631302793
3865,53.6,55.427068146942624,0.0,0.0
3866,53.666666666666664,55.50109108918201,0.06666666666666761,0.07402294223938842
3867,53.76666666666666,55.59224973907271,0.09999999999999669,0.0911586498906996
3868,53.76666666666667,55.562436093870154,2.3684757858670005e-15,-0.029813645202565076
3869,53.833333333333336,55.62652115437534,0.06666666666666525,0.06408506050519726
3870,53.9,55.68066833314636,0.06666666666666761,0.054147178771009954
3871,54.199999999999996,55.97402004628684,0.3000000000000019,0.293351713140489
3872,54.26666666666666,56.04804298852623,0.06666666666666288,0.07402294223938316
3873,54.333333333333336,56.09225228556305,0.06666666666666998,0.044209297036823345
3874,54.4,56.14639946433405,0.06666666666666525,0.054147178771008025
3875,54.46666666666667,56.20054664310508,0.06666666666666761,0.054147178771009954
3876,54.76666666666666,56.50383623797973,0.29999999999999716,0.303289594874673
3877,54.79999999999999,56.540847709099445,0.03333333333333618,0.03701147111969685
3878,54.866666666666674,56.59499488787045,0.06666666666666761,0.054147178771009954
3879,54.9,56.62206847725595,0.033333333333333805,0.027073589385504977
3880,54.96666666666666,56.67621565602696,0.06666666666666525,0.054147178771008025
3881,55.36666666666667,57.09053966426072,0.3999999999999986,0.4143240082337549
3882,55.833333333333336,57.549072969531295,0.46666666666666856,0.45853330527057967
3883,55.96666666666666,57.687180972275875,0.13333333333333286,0.13810800274458498
3884,55.93333333333334,57.660107382890374,-0.033333333333333805,-0.027073589385504977
3885,58.13333333333333,60.03049338954729,2.200000000000003,2.370386006656917
3886,58.36666666666667,60.265311797417205,0.23333333333332953,0.23481840786990538
3887,58.53333333333333,60.45701743987517,0.1666666666666643,0.1917056424579792
3888,59.0,60.93542650861413,0.4666666666666662,0.47840906873895483
3889,59.0,60.93542650861413,0.0,0.0
3890,59.43333333333334,61.40341725367145,0.4333333333333371,0.4679907450573185
3891,59.43333333333334,61.40341725367145,0.0,0.0
3892,59.4,61.37634366428595,-0.03333333333333144,-0.02707358938550305
3893,59.833333333333336,61.833230898874014,0.43333333333333474,0.4568872345880739
3894,59.866666666666674,61.877987188478116,0.033333333333333805,0.04475628960409949
3895,60.300000000000004,62.341522709925705,0.43333333333333,0.46353552144758137
3896,60.5,62.563660633754026,0.20000000000000048,0.2221379238283242
3897,61.26666666666667,63.40176609000828,0.7666666666666657,0.8381054562542503
3898,61.333333333333336,63.473595968997884,0.06666666666666761,0.07182987898960447
3899,61.5,63.658653324596344,0.16666666666666666,0.18505735559846842
3900,61.699999999999996,63.87297733283011,0.20000000000000048,0.21432400823375738
3901,61.833333333333336,64.02102321730888,0.13333333333333522,0.14804588447877684
3902,63.0,65.29675623436027,1.1666666666666643,1.2757330170513825
3903,63.23333333333333,65.56029175580785,0.23333333333333428,0.2635355214475856
3904,63.53333333333333,65.90333287761929,0.29999999999999954,0.34304112181143187
3905,65.1,67.63519629887064,1.5666666666666629,1.7318634212513555
3906,65.33333333333333,67.8942765967085,0.23333333333333428,0.25908029783785685
3907,66.2,68.8488991244463,0.8666666666666695,0.9546225277377953
3908,65.86666666666666,68.494204953108,-0.3333333333333357,-0.35469417133829045
3909,66.13333333333333,68.79029672206555,0.2666666666666657,0.29609176895754846
3910,66.73333333333333,69.45650320222005,0.6000000000000038,0.6662064801544906
3911,66.33333333333333,69.00242766704952,-0.4000000000000033,-0.45407553517051713
3912,66.93333333333334,69.65869626546983,0.6000000000000014,0.6562685984202987
3913,67.56666666666666,70.33552836063643,0.6333333333333305,0.6768320951666089
3914,68.26666666666667,71.11386578577489,0.7000000000000028,0.7783374251384625
3915,69.0,71.92702161878326,0.7333333333333343,0.8131558330083702
3916,70.0,73.0351726891243,1.0,1.1081510703410267
3917,70.89999999999999,73.99713123699952,0.8999999999999986,0.9619585478752399
3918,71.46666666666665,74.57231980797397,0.5666666666666652,0.5751885709744394
3919,71.33333333333333,74.42427392349519,-0.1333333333333305,-0.1480458844787716
3920,71.10000000000001,74.1508696174236,-0.23333333333333192,-0.27340430607161137
3921,70.53333333333335,73.51502632152928,-0.5666666666666652,-0.6358432958943044
3922,70.53333333333335,73.51502632152928,0.0,0.0
3923,68.83333333333333,71.65156499017252,-1.7000000000000028,-1.863461331356758
3924,68.43333333333334,71.19207589398772,-0.40000000000000097,-0.45948909618481265
3925,68.03333333333333,70.74793824055139,-0.40000000000000097,-0.4441376534363253
3926,67.63333333333333,70.30380058711506,-0.40000000000000097,-0.4441376534363253
3927,67.5,70.15575470263629,-0.1333333333333305,-0.1480458844787716
3928,67.03333333333333,69.66624212342809,-0.46666666666666856,-0.48951257920819957
3929,66.43333333333334,68.98680816666473,-0.6000000000000014,-0.6794339567633529
3930,67.5,70.14478938638737,1.06666666666667,1.1579812197226331
3931,67.36666666666666,70.02984674198584,-0.13333333333333522,-0.11494264440153398
3932,67.73333333333333,70.42593851094338,0.3666666666666695,0.3960917689575531
3933,67.76666666666667,70.45410863195379,0.03333333333332907,0.02817012101039177
3934,68.23333333333333,70.9711726960046,0.4666666666666733,0.5170640640508269
3935,68.2,70.9440991066191,-0.033333333333333805,-0.027073589385504977
3936,67.86666666666666,70.60263241188967,-0.3333333333333357,-0.3414666947294259
3937,67.93333333333332,70.68213801225352,0.06666666666666288,0.07950560036384298
3938,68.2,70.95506442286802,0.2666666666666728,0.27292641061450257
3939,68.2,70.95506442286802,0.0,0.0
3940,68.23333333333333,71.03847570778399,0.03333333333333144,0.08341128491596121
3941,68.86666666666667,71.72181789558978,0.6333333333333352,0.6833421878058036
3942,69.03333333333335,71.89693736945406,0.1666666666666643,0.1751194738642766
3943,69.10000000000001,71.97198774620817,0.06666666666666998,0.07505037675412139
3944,69.43333333333334,72.32997151242114,0.3333333333333286,0.3579837662129591
3945,69.93333333333334,72.86752997610812,0.4999999999999976,0.5375584636869699
3946,70.43333333333334,73.42270204290352,0.5,0.5551720667954053
3947,70.56666666666666,73.5707479273823,0.13333333333333522,0.14804588447877684
3948,70.66666666666667,73.68178234074138,0.09999999999999905,0.11103441335908
3949,70.86666666666667,73.90604423070931,0.20000000000000284,0.22426188996794905
3950,71.06666666666668,74.1281130574275,0.20000000000000284,0.2220688267181653
3951,70.93333333333334,73.98006717294872,-0.13333333333333522,-0.14804588447877684
3952,71.10000000000001,74.13092475684505,0.1666666666666643,0.15085758389633036
3953,71.86666666666667,74.93805093916168,0.766666666666668,0.8071261823166322
3954,72.26666666666667,75.30597513359916,0.40000000000000097,0.36792419443748864
3955,73.16666666666667,76.29760913245664,0.8999999999999962,0.9916339988574818
3956,72.96666666666667,76.082188592598,-0.19999999999999574,-0.21542053985864415
3957,73.13333333333334,76.26724594819646,0.16666666666666666,0.18505735559846842
3958,73.66666666666667,76.85942948611157,0.5333333333333314,0.5921835379150969
3959,74.06666666666666,77.29260182329897,0.40000000000000097,0.43317233718740566
3960,74.03333333333335,77.25559035217928,-0.03333333333333144,-0.03701147111969158
3961,73.96666666666667,77.21138105514247,-0.06666666666666761,-0.044209297036821416
3962,73.96666666666667,77.18156740993989,0.0,-0.029813645202567005
3963,73.83333333333333,77.02358364372692,-0.13333333333333286,-0.15798376621296345
3964,73.7,76.85120677217004,-0.13333333333333286,-0.17237687155688214
3965,73.8,76.94017235881095,0.09999999999999669,0.08896558664091583
3966,73.86666666666666,76.95456801064522,0.06666666666666525,0.01439565183425108
3967,74.03333333333333,77.12530135800992,0.16666666666666904,0.1707333473647139
3968,74.06666666666666,77.15683017100517,0.03333333333333144,0.031528812995231796
3969,74.03333333333333,77.11981869988547,-0.03333333333333144,-0.03701147111969158
3970,73.93333333333332,76.9988464047922,-0.10000000000000142,-0.12097229509327187
3971,73.93333333333332,76.9988464047922,0.0,0.0
3972,73.83333333333333,76.88781199143311,-0.09999999999999905,-0.11103441335908
3973,73.7,76.73976610695433,-0.1333333333333305,-0.1480458844787716
3974,73.60000000000001,76.61879381186107,-0.1000000000000038,-0.12097229509327379
3975,73.46666666666667,76.47074792738229,-0.13333333333333522,-0.14804588447877684
3976,75.925,77.72281831603857,-0.06666666666666525,-0.08396082397357503
3977,75.775,77.54245931695534,-0.14999999999999858,-0.1803589990832065
3978,75.6,77.31589786414398,-0.1750000000000007,-0.22656145281138568
3979,75.4,77.12052898127044,-0.1999999999999993,-0.19536888287352308
3980,75.375,77.09046914808991,-0.02500000000000213,-0.030059833180537263
3981,75.225,76.91331628437558,-0.1499999999999968,-0.1771528637143377
3982,74.9,76.59109370369038,-0.3249999999999993,-0.3222225806851918
3983,74.925,76.59859864558555,0.02499999999999858,0.007504941895157774
3984,74.9,76.54598392111963,-0.02499999999999858,-0.052614724465909805
3985,74.6,76.17719461267939,-0.3000000000000007,-0.36878930844023766
3986,74.475,76.0268954467767,-0.125,-0.1502991659026735
3987,74.35,75.91042861780211,-0.125,-0.11646682897460905
3988,74.075,75.64511956810911,-0.27500000000000213,-0.26530904969299285
3989,74.025,75.57692859147421,-0.05000000000000071,-0.06819097663489063
3990,74.075,75.5242738014084,0.05000000000000071,-0.05265479006581224
3991,73.75,75.15925699671571,-0.32500000000000107,-0.36501680469270886
3992,73.725,75.12201643006699,-0.024999999999996803,-0.037240566648722155
3993,73.825,75.17779722430187,0.09999999999999964,0.05578079423487616
3994,73.675,75.05382545343208,-0.14999999999999858,-0.12397177086976523
3995,73.69999999999999,75.03877550404188,0.02499999999999858,-0.015049949390219048
3996,73.60000000000001,74.9523685082478,-0.10000000000000142,-0.08640699579407607
3997,73.675,74.95553457801677,0.07500000000000107,0.0031660697689663677
3998,73.5,74.84572217973158,-0.1750000000000007,-0.10981239828517854
3999,73.45,74.77266602819174,-0.05000000000000071,-0.07305615153984495
4000,73.35,74.6550984258865,-0.09999999999999787,-0.11756760230524713
4001,73.575,74.87696483471804,0.22500000000000142,0.22186640883154146
4002,73.5,74.78678533517643,-0.07499999999999929,-0.09017949954160324
4003,73.55000000000001,74.8469050015375,0.05000000000000071,0.06011966636107025
4004,73.5,74.78856648878768,-0.05000000000000071,-0.05833851274981081
4005,73.5,74.73538539594313,-1.7763568394002505e-15,-0.05318109284457514
4006,73.42500000000001,74.62265100511614,-0.07499999999999929,-0.11273439082698006
4007,73.3,74.44208180950791,-0.12500000000000355,-0.18056919560822332
4008,72.89999999999999,74.04143546085263,-0.40000000000000036,-0.4006463486552834
4009,72.42500000000001,73.59435053249206,-0.47499999999999787,-0.44708492836058655
4010,72.025,73.2184525196102,-0.40000000000000213,-0.37589801288184416
4011,72.05,73.24851235279073,0.02500000000000213,0.030059833180537263
4012,71.625,72.82949590747441,-0.4250000000000007,-0.41901644531632565
4013,71.8,72.91135383461729,0.17499999999999893,0.08185792714286942
4014,71.8,72.9086821042004,0.0,-0.0026717304168892204
4015,71.39999999999999,72.4443456797883,-0.3999999999999986,-0.46433642441208756
4016,71.375,72.4151764234134,-0.02499999999999858,-0.02916925637490333
4017,71.275,72.30942067170282,-0.09999999999999964,-0.1057557517105825
4018,71.275,72.28775635722306,-3.552713678800501e-15,-0.02166431447975131
4019,71.2,72.20796372651851,-0.07499999999999929,-0.07979263070454382
4020,71.4,72.26889383848543,0.1999999999999993,0.06093011196689354
4021,71.5,72.29891360606605,0.10000000000000142,0.03001976758063484
4022,71.625,72.37347678783877,0.12499999999999822,0.07456318177272153
4023,71.5,72.25700995886417,-0.125,-0.11646682897460905
4024,71.05,71.81921112600999,-0.44999999999999574,-0.4377988328541669
4025,71.0,71.75909145964893,-0.05000000000000071,-0.06011966636107025
4026,70.95,71.69986237009348,-0.05000000000000071,-0.05922908955544047
4027,70.875,71.64351520747994,-0.07500000000000284,-0.05634716261354149
4028,70.77499999999999,71.52416645156343,-0.09999999999999787,-0.11934875591650657
4029,70.8,71.53090293072813,0.024999999999995026,0.006736479164696194
4030,71.0,71.67487187436835,0.20000000000000817,0.1439689436402185
4031,71.075,71.73276613281466,0.07499999999999751,0.05789425844631785
4032,71.125,71.75252924780663,0.05000000000000071,0.019763114991966035
4033,71.15,71.70809984551651,0.02499999999999858,-0.04442940229013494
4034,71.175,71.72688223305434,0.02500000000000213,0.01878238753784805
4035,71.25,71.80899042232214,0.07500000000000107,0.08210818926778442
4036,71.2,71.74887075596108,-0.05000000000000071,-0.06011966636107025
4037,71.225,71.77982116594723,0.02499999999999858,0.03095040998616277
4038,71.125,71.65958183322509,-0.10000000000000142,-0.1202393327221405
4039,71.175,71.71881092278052,0.05000000000000071,0.05922908955544047
4040,71.125,71.65958183322509,-0.05000000000000071,-0.05922908955544047
4041,71.225,71.72510314764173,0.10000000000000142,0.06552131441665382
4042,71.25,71.75427240401665,0.02500000000000213,0.029169256374907478
4043,71.475,71.88176641650904,0.22499999999999787,0.1274940124923817
4044,71.3,71.6775816218847,-0.1750000000000007,-0.20418479462433578
4045,71.475,71.8609926788349,0.1750000000000007,0.1834110569502184
4046,71.375,71.75790865754121,-0.10000000000000142,-0.10308402129369497
4047,71.19999999999999,71.56143900133705,-0.1750000000000007,-0.19646965620416706
4048,71.325,71.67701525350603,0.125,0.11557625216897942
4049,71.3,71.64873657393676,-0.02499999999999858,-0.028278679569273678
4050,71.475,71.8147021426569,0.1750000000000007,0.16596556872014268
4051,71.45,71.785532886282,-0.02499999999999858,-0.02916925637490333
4052,71.5,71.84565255264306,0.04999999999999716,0.06011966636106598
4053,71.55,71.9048816421985,0.05000000000000071,0.0592290895554406
4054,71.65,72.02512097492064,0.09999999999999787,0.12023933272213623
4055,71.65,72.04678528940039,0.0,0.021664314479747163
4056,71.875,72.28402585604913,0.22500000000000142,0.23724056664872756
4057,71.95,72.37420535559072,0.07499999999999929,0.09017949954160324
4058,72.075,72.48990372183486,0.12500000000000178,0.11569836624415333
4059,72.17500000000001,72.59850943706067,0.1000000000000032,0.10860571522580278
4060,72.17500000000001,72.60029059067192,-3.552713678800501e-15,0.0017811536112551677
4061,72.325,72.73874594255327,0.14999999999999858,0.1384553518813217
4062,72.3,72.69699637285322,-0.02499999999999858,-0.041749569700026384
4063,72.5,72.92584142080115,0.20000000000000107,0.22884504794793906
4064,72.72500000000001,73.1883647281753,0.22499999999999787,0.2625233073741424
4065,72.65,73.07931475864602,-0.07499999999999929,-0.10904996952928736
4066,72.725,73.15964179430254,0.07500000000000107,0.08032703565652498
4067,72.875,73.29310985720372,0.14999999999999503,0.13346806290119087
4068,73.15,73.57984916359798,0.27500000000000213,0.28673930639426115
4069,73.2,73.64085940676469,0.05000000000000071,0.06101024316669991
4070,73.25,73.69290776285195,0.05000000000000249,0.05204835608725143
4071,73.3,73.75124627560176,0.04999999999999716,0.05833851274980666
4072,73.47500000000001,73.91976146066361,0.1750000000000025,0.1685151850618589
4073,73.775,74.25359379759168,0.3000000000000007,0.33383233692806574
4074,73.85,74.31505036326051,0.07499999999999751,0.06145656566883673
4075,73.95,74.4263278089032,0.09999999999999964,0.11127744564268775
4076,74.125,74.63674664116694,0.1750000000000007,0.21041883226374375
4077,74.17500000000001,74.68072368698037,0.05000000000000071,0.04397704581342834
4078,74.15,74.6524450074111,-0.02499999999999858,-0.028278679569273678
4079,74.17500000000001,74.68072368698037,0.02499999999999858,0.028278679569273678
4080,74.4,74.88104789540733,0.22499999999999787,0.20032420842696558
4081,74.625,75.11597290349283,0.22500000000000142,0.23492500808549013
4082,74.975,75.42237707205734,0.3500000000000014,0.3064041685645179
4083,75.15,75.57795577194042,0.1750000000000007,0.15557869988308473
4084,75.525,75.99502093272038,0.375,0.4170651607799544
4085,76.0,76.48780616762686,0.47499999999999787,0.49278523490647147
4086,76.35,76.81831232330953,0.3499999999999961,0.3305061556826711
4087,76.375,76.83579184316494,0.025000000000005684,0.01747951985541838
4088,76.9,77.39149058892455,0.5249999999999986,0.5556987457596031
4089,77.375,77.80298236748955,0.4750000000000014,0.4114917785650036
4090,77.45,77.89138071341989,0.07499999999999929,0.0883983459303438
4091,77.725,78.17514794222375,0.274999999999995,0.28376722880386435
4092,77.9,78.35150037978096,0.1750000000000025,0.1763524375572032
4093,78.05000000000001,78.453807836171,0.15000000000000213,0.10230745639002234
4094,78.3,78.7075152317943,0.25,0.25370739562333394
4095,78.45,78.85558898978225,0.15000000000000213,0.1480737579879269
4096,78.65,79.03149717303596,0.1999999999999993,0.17590818325371022
4097,78.94999999999999,79.27855013796986,0.29999999999999716,0.2470529649339008
4098,79.0,79.3081657168469,0.049999999999998934,0.0296155788770443
4099,79.42500000000001,79.7636862295082,0.42500000000000426,0.45552051266128346
4100,80.225,80.61751367100803,0.7999999999999954,0.8538274414998515
4101,80.69999999999999,81.01529033129194,0.4750000000000032,0.39777666028390557
4102,80.925,81.28137594588861,0.22500000000000142,0.26608561459666547
4103,81.15,81.44964897099877,0.22499999999999432,0.1682730251101565
4104,81.675,81.9379272710526,0.5250000000000039,0.4882783000538262
4105,81.675,81.94433954179033,0.0,0.006412270737734903
4106,81.825,82.11395550018283,0.15000000000000036,0.16961595839249857
4107,81.975,82.26138290951548,0.14999999999999858,0.14742740933264079
4108,82.025,82.41095367828757,0.04999999999999716,0.14957076877211598
4109,82.3,82.74766794215756,0.2750000000000039,0.33671426386996905
4110,83.025,83.35825087137182,0.7250000000000014,0.6105829292142866
4111,83.35,83.73739508522243,0.32499999999999574,0.3791442138506068
4112,83.875,84.1777136391903,0.5250000000000021,0.4403185539678571
4113,83.92499999999998,84.21629110514678,0.04999999999999716,0.03857746595649277
4114,84.30000000000001,84.57673497993484,0.37500000000000355,0.36044387478804024
4115,85.075,85.48389759178112,0.7749999999999986,0.9071626118462861
4116,85.25,85.68458607423496,0.1750000000000007,0.20068848245383675
4117,85.55,86.02073396972625,0.3000000000000025,0.33614789549130486
4118,85.9,86.33894998888546,0.34999999999999964,0.3182160191591841
4119,85.95,86.37574630123069,0.04999999999999716,0.03679631234523346
4120,85.875,86.28747006937552,-0.07499999999999929,-0.08827623185516999
4121,86.325,86.78379375025104,0.4499999999999993,0.4963236808755241
4122,86.725,87.23068468643305,0.40000000000000213,0.44689093618201453
4123,87.025,87.63170341128841,0.29999999999999716,0.40101872485536644
4124,88.05,88.75939760085711,1.0249999999999986,1.1276941895687083
4125,89.175,89.82870365759183,1.1250000000000036,1.0693060567347064
4126,89.875,90.4318019856547,0.6999999999999993,0.6030983280628642
4127,90.075,90.64450441305497,0.1999999999999993,0.21270242740029555
4128,90.525,91.08812528701476,0.4499999999999993,0.4436208739597755
4129,90.775,91.3851613115976,0.25,0.29703602458282813
4130,91.3,91.8948596979808,0.5250000000000021,0.509698386383224
4131,91.35000000000001,91.94601747726246,0.05000000000000071,0.051157779281619055
4132,91.9,92.41769873209327,0.5500000000000007,0.471681254830824
4133,92.22500000000001,92.79778964177265,0.3249999999999993,0.3800909096793937
4134,92.375,93.03584890712361,0.14999999999999858,0.23805926535095226
4135,92.4,93.06590874030414,0.02499999999999858,0.03005983318053299
4136,93.125,93.80861517620482,0.7249999999999979,0.7427064359006779
4137,93.35,93.98164143251662,0.22500000000000853,0.17302625631181853
4138,93.4,94.02650905513568,0.049999999999993605,0.04486762261905072
4139,93.29999999999998,93.94330819471048,-0.09999999999999787,-0.08320086042520412
4140,93.35000000000001,93.9792139302501,0.04999999999999716,0.03590573553960367
4141,93.125,93.68214594224057,-0.22499999999999787,-0.29706798800950956
4142,92.725,93.20029803454639,-0.40000000000000213,-0.48184790769418734
4143,92.725,93.20029803454639,0.0,0.0
4144,92.575,92.9973841441778,-0.14999999999999858,-0.20291389036858332
4145,92.17500000000001,92.39237491121968,-0.3999999999999986,-0.6050092329581251
4146,91.79999999999998,91.9865871960824,-0.375,-0.4057877151372668
4147,91.49999999999999,91.625869197916,-0.3000000000000007,-0.3607179981664172
4148,91.80000000000001,91.90598603704751,0.29999999999999716,0.2801168391315094
4149,91.675,91.73147294032336,-0.125,-0.1745130967241358
4150,91.975,92.08411962821596,0.30000000000000426,0.35264668789259995
4151,92.05,92.15495037184105,0.07499999999999574,0.070830743625091
4152,92.25,92.39988192131348,0.1999999999999993,0.2449315494724253
4153,92.425,92.67262196659959,0.17500000000000426,0.2727400452860986
4154,92.47500000000001,92.72645147629808,0.04999999999999716,0.053829509698505036
4155,92.725,93.00194530047634,0.25000000000000355,0.2754938241782582
4156,92.97500000000001,93.28207024178108,0.25,0.28012494130473037
4157,93.39999999999999,93.72662382634503,0.42499999999999716,0.4445535845639557
4158,93.54999999999998,93.91980736690371,0.15000000000000213,0.19318354055868012
4159,93.55,93.9392782368954,0.0,0.019470869991683428
4160,93.75,94.12978194486396,0.20000000000000284,0.19050370796857305
4161,93.75,94.13132904069676,-3.552713678800501e-15,0.0015470958327790678
4162,93.05,93.31298694168648,-0.6999999999999993,-0.818342099010273
4163,93.15,93.40901234358715,0.09999999999999787,0.09602540190067392
4164,93.075,93.31076153377172,-0.07499999999999574,-0.0982508098154205
4165,93.22500000000001,93.4866676488268,0.14999999999999858,0.17590611505505793
4166,93.07499999999999,93.35141843231433,-0.15000000000000213,-0.13524921651245714
4167,93.275,93.51925530529422,0.1999999999999993,0.16783687297988983
4168,93.475,93.7167056889525,0.1999999999999993,0.19745038365828343
4169,94.0,94.14165008510318,0.5250000000000021,0.42494439615066937
4170,94.15,94.29690457655929,0.15000000000000213,0.1552544914561187
4171,94.275,94.41657754090276,0.12499999999999645,0.11967296434347362
4172,94.47500000000001,94.59259766785978,0.20000000000000284,0.17602012695701824
4173,94.57500000000002,94.67248044921281,0.09999999999999787,0.07988278135303202
4174,94.92500000000001,94.94184614548041,0.3500000000000014,0.2693656962675863
4175,95.10000000000001,95.13617847621965,0.17499999999999716,0.19433233073925182
4176,95.35000000000001,95.35208910718748,0.25000000000000355,0.21591063096781818
4177,95.39999999999999,95.38158257198934,0.05000000000000071,0.02949346480187305
4178,95.30000000000001,95.24787234913646,-0.09999999999999787,-0.13371022285288905
4179,95.25,95.18775268277538,-0.05000000000000071,-0.06011966636107025
4180,95.325,95.2915251865229,0.07499999999999574,0.10377250374752574
4181,95.22500000000001,95.20345915119276,-0.09999999999999787,-0.08806603533015844
4182,95.37499999999999,95.3344997118274,0.14999999999999858,0.13104056063465222
4183,95.475,95.41924766808539,0.09999999999999787,0.08474795625798633
4184,95.8,95.83370531964482,0.32500000000000284,0.4144576515594394
4185,95.9,95.89691107549825,0.09999999999999787,0.06320575585341312
4186,96.025,96.0085127295679,0.12500000000000355,0.11160165406965904
4187,96.05000000000001,96.03370738784348,0.02499999999999858,0.02519465827558029
4188,96.17500000000001,96.13237255673437,0.125,0.09866516889088008
4189,96.19999999999999,96.16166392718445,0.02500000000000213,0.02929137045008143
4190,96.25,96.18771719883895,0.04999999999999716,0.026053271654523848
4191,96.175,96.12318678224831,-0.07499999999999574,-0.06453041659066096
4192,96.60000000000001,96.46813645334265,0.42499999999999716,0.34494967109432667
4193,96.64999999999999,96.51929423262426,0.04999999999999716,0.05115777928161594
4194,96.69999999999999,96.55519996816385,0.04999999999999716,0.03590573553960367
4195,96.94999999999999,96.76226065575551,0.25000000000000355,0.2070606875916719
4196,97.17499999999998,96.98389300680859,0.22499999999999787,0.22163235105306123
4197,97.225,97.00531516133664,0.05000000000000071,0.021422154528051532
4198,97.30000000000001,97.077927058573,0.0750000000000064,0.07261189723636034
4199,97.225,96.97967624875757,-0.07500000000000284,-0.09825080981542789
4200,97.225,96.97967624875757,0.0,0.0
4201,97.15,96.90077419485866,-0.07499999999999929,-0.07890205389891404
4202,97.12500000000001,96.87071436167813,-0.02500000000000213,-0.030059833180537263
4203,97.1,96.83258321822377,-0.02500000000000213,-0.03813114345435764
4204,97.15,96.88617867014378,0.05000000000000071,0.053595451920030464
4205,97.1,96.85182003043698,-0.04999999999999716,-0.03435863970682308
4206,96.975,96.7498367824739,-0.125,-0.10198324796305264
4207,96.92500000000001,96.67357449556519,-0.05000000000000071,-0.07626228690871216
4208,97.025,96.79256707962806,0.09999999999999787,0.11899258406285654
4209,96.97500000000001,96.73885968400472,-0.04999999999999716,-0.053707395623332675
4210,96.925,96.69001746328634,-0.05000000000000071,-0.04884222071838104
4211,97.0,96.78019696282793,0.07499999999999929,0.09017949954160324
4212,96.85,96.6546780961254,-0.14999999999999858,-0.12551886670254697
4213,96.97500000000001,96.78883464148043,0.12499999999999645,0.13415654535502844
4214,96.87499999999999,96.70242764568636,-0.09999999999999787,-0.08640699579407181
4215,96.95000000000002,96.74429122728834,0.07499999999999929,0.04186358160198239
4216,96.975,96.75820843992122,0.02500000000000213,0.013917212632895349
4217,96.975,96.75102770645303,-3.552713678800501e-15,-0.0071807334681948725
4218,97.1,96.85455805024888,0.125,0.10353034379583438
4219,97.525,97.24472944761726,0.4250000000000007,0.3901713973683867
4220,97.57499999999999,97.30627409573594,0.05000000000000071,0.06154464811867804
4221,97.675,97.42716994748523,0.09999999999999787,0.12089585174928878
4222,97.8,97.56939780311409,0.125,0.14222785562885312
4223,97.77499999999999,97.55061541557625,-0.02499999999999858,-0.01878238753784538
4224,97.67500000000001,97.52700791873335,-0.10000000000000142,-0.02360749684289993
4225,97.775,97.63917594118166,0.10000000000000142,0.11216802244832014
4226,97.925,97.80018618434835,0.14999999999999858,0.16101024316669732
4227,97.95,97.83113659433454,0.02500000000000213,0.030950409986166917
4228,98.1,97.99535297287008,0.15000000000000213,0.16421637853556884
4229,98.6,98.46122028876853,0.5,0.46586731589843466
4230,98.75,98.62543666730409,0.14999999999999503,0.16421637853556145
4231,98.875,98.74831576701644,0.12500000000000355,0.12287909971234663
4232,99.05000000000001,98.98948291491456,0.1750000000000007,0.2411671478981149
4233,99.25,99.21203780619993,0.1999999999999993,0.22255489128537537
4234,99.425,99.40631401791602,0.1750000000000007,0.19427621171610182
4235,99.55,99.54497956632235,0.125,0.13866554840633424
4236,99.82499999999999,99.83979018299044,0.2749999999999986,0.2948106166680774
4237,100.05,100.0681909766349,0.22500000000000142,0.22840079364445035
4238,100.0,100.0,-0.1200000000000017,-0.10618840156503884
4239,100.0,100.0,0.0,0.0
4240,66.65,67.65091945108297,0.3333333333333381,0.3350954426859496
4241,40.6,39.361164835427445,0.09999999999999787,0.08028574821842066
4242,40.73333333333334,39.503581917526695,0.13333333333333286,0.14241708209925324
4243,40.733333333333334,39.534493983531114,1.1842378929335002e-15,0.03091206600441705
4244,40.86666666666667,39.67917100006245,0.13333333333333167,0.14467701653133502
4245,41.03333333333333,39.858943459279736,0.16666666666666666,0.17977245921728163
4246,41.300000000000004,40.142376738203666,0.2666666666666657,0.28343327892393505
4247,41.333333333333336,40.17833123004712,0.033333333333333805,0.03595449184345684
4248,41.5,40.358103689264404,0.16666666666666666,0.17977245921728163
4249,40.766666666666666,39.71434355931713,-0.7333333333333343,-0.6437601299472698
4250,40.833333333333336,39.7834507724549,0.06666666666666761,0.0691072131377706
4251,40.9,39.852557985592675,0.06666666666666525,0.06910721313776813
4252,41.03333333333333,39.9963759529665,0.13333333333333286,0.14381796737382482
4253,41.03333333333333,39.9963759529665,0.0,0.0
4254,41.03333333333333,39.9963759529665,0.0,0.0
4255,41.199999999999996,40.17614841218378,0.16666666666666666,0.17977245921728163
4256,41.3,40.28401188771414,0.10000000000000024,0.10786347553036925
4257,41.06666666666667,40.10287710150667,-0.23333333333333192,-0.1811347862074811
4258,41.03333333333334,40.088570314862686,-0.03333333333333144,-0.014306786643979151
4259,41.03333333333334,40.088570314862686,0.0,0.0
4260,41.1,40.1604792985496,0.06666666666666643,0.07190898368691241
4261,41.1,40.1604792985496,0.0,0.0
4262,40.8,39.91389811891101,-0.3000000000000007,-0.24658117963859805
4263,40.6,39.73694670938505,-0.20000000000000048,-0.17695140952595362
4264,40.43333333333333,39.575161135660586,-0.16666666666666785,-0.16178557372446217
4265,40.53333333333333,39.67882195536725,0.10000000000000142,0.1036608197066559
4266,40.53333333333333,39.67882195536725,0.0,0.0
4267,40.666666666666664,39.81703638164278,0.13333333333333286,0.13821442627553873
4268,40.96666666666667,40.12349897189858,0.29999999999999954,0.3064625902557968
4269,41.23333333333333,40.36589677485565,0.2666666666666657,0.24239780295706767
4270,41.23333333333333,40.36589677485565,0.0,0.0
4271,41.56666666666667,40.721239037466496,0.33333333333333454,0.3553422626108499
4272,41.63333333333333,40.790346250604266,0.06666666666666525,0.06910721313776813
4273,42.0,41.12768234858011,0.366666666666666,0.3373360979758418
4274,42.0,41.12768234858011,0.0,0.0
4275,42.6,41.66865998712042,0.6000000000000014,0.5409776385403129
4276,42.6,41.66865998712042,0.0,0.0
4277,42.833333333333336,41.87510329823404,0.23333333333333428,0.20644331111361292
4278,43.13333333333333,42.18382582292191,0.3000000000000019,0.3087225246878823
4279,43.23333333333334,42.29168929845228,0.09999999999999905,0.10786347553036796
4280,43.43333333333334,42.468640707978246,0.1999999999999981,0.1769514095259515
4281,43.46666666666667,42.51978031476536,0.033333333333333805,0.05113960678713451
4282,43.56666666666666,42.60825601952835,0.09999999999999905,0.08847570476297575
4283,43.56666666666666,42.60825601952835,0.0,0.0
4284,43.56666666666666,42.60965690480292,0.0,0.0014008852745715404
4285,43.6,42.65433392133425,0.03333333333333618,0.044677016531339424
4286,43.5,42.57091992155251,-0.09999999999999905,-0.08341399978174975
4287,43.56666666666666,42.629903724727825,0.06666666666666525,0.05898380317531647
4288,43.56666666666666,42.629903724727825,0.0,0.0
4289,43.93333333333334,43.02120047918212,0.36666666666666475,0.39129675445430306
4290,44.06666666666666,43.16081579073223,0.13333333333333286,0.13961531155011025
4291,44.9,43.94647044580389,0.8333333333333357,0.7856546550716506
4292,45.06666666666666,44.11923847864832,0.16666666666666666,0.17276803284442402
4293,45.633333333333326,44.627063395894304,0.5666666666666652,0.5078249172459965
4294,45.9,44.896170609032076,0.2666666666666657,0.2691072131377689
4295,46.36666666666667,45.37992110099647,0.4666666666666662,0.4837504919643868
4296,46.699999999999996,45.70661123203499,0.3333333333333357,0.326690131038518
4297,47.23333333333333,46.247627428859666,0.5333333333333338,0.5410161968246828
4298,47.5,46.51393287144829,0.2666666666666657,0.26630544258862576
4299,48.13333333333333,47.11477264146361,0.6333333333333352,0.6008397700153276
4300,48.300000000000004,47.275157329913505,0.1666666666666643,0.1603846884498869
4301,48.833333333333336,47.79172405098957,0.5333333333333338,0.5165667210760647
4302,49.833333333333336,48.73356073868739,1.0,0.9418366876978226
4303,50.03333333333334,48.943684148649844,0.20000000000000284,0.21012340996245488
4304,50.56666666666666,49.48189857492538,0.5333333333333291,0.5382144262755353
4305,51.03333333333333,49.92009372205874,0.46666666666666856,0.4381951471333555
4306,51.23333333333333,50.131618017295764,0.20000000000000048,0.21152429523702396
4307,51.333333333333336,50.23301890257033,0.09999999999999669,0.10140088527456832
4308,51.43333333333334,50.3344197878449,0.1000000000000038,0.10140088527457507
4309,51.63333333333333,50.55100578806315,0.1999999999999981,0.21658600021824778
4310,51.63333333333333,50.55100578806315,0.0,0.0
4311,52.300000000000004,51.21957116508386,0.6666666666666666,0.6685653770207095
4312,52.43333333333334,51.36930988659642,0.13333333333333286,0.14973872151256232
4313,53.0,51.93421444391048,0.5666666666666652,0.5649045573140534
4314,53.866666666666674,52.74063847588191,0.8666666666666695,0.8064240319714294
4315,54.333333333333336,53.21760916455005,0.46666666666666384,0.47697068866813574
4316,55.199999999999996,54.066786770803354,0.8666666666666671,0.8491776062533175
4317,55.333333333333336,54.18841519686064,0.13333333333333286,0.12162842605728953
4318,55.93333333333334,54.78000988521321,0.6000000000000014,0.5915946883525719
4319,56.199999999999996,55.059240508313444,0.2666666666666681,0.279230623100223
4320,56.6,55.47248290186549,0.40000000000000097,0.4132423935520471
4321,56.73333333333333,55.61630086923932,0.13333333333333286,0.14381796737382482
4322,56.666666666666664,55.557317066063995,-0.06666666666666761,-0.058983803175318573
4323,56.666666666666664,55.557317066063995,0.0,0.0
4324,56.70000000000001,55.59187067263288,0.03333333333333144,0.03455360656888284
4325,56.76666666666667,55.649453590533625,0.06666666666666998,0.05758291790074959
4326,58.0,56.78394935967596,1.2333333333333296,1.134495769142325
4327,58.30000000000001,57.078345818577674,0.30000000000000426,0.29439645890171773
4328,58.300000000000004,57.08987011381469,-2.3684757858670005e-15,0.011524295237021105
4329,58.53333333333334,57.31009765459742,0.23333333333333192,0.22022754078271728
4330,58.9,57.690187326855145,0.36666666666666475,0.3800896722577309
4331,58.93333333333334,57.72474093342403,0.033333333333333805,0.0345536065688853
4332,59.06666666666666,57.862955359699555,0.13333333333333286,0.13821442627553873
4333,59.300000000000004,58.106231490956326,0.23333333333333428,0.24327613125676614
4334,59.36666666666667,58.175338704094095,0.06666666666666761,0.0691072131377706
4335,59.53333333333334,58.34670585166395,0.16666666666666666,0.1713671475698525
4336,59.76666666666667,58.58718021237158,0.23333333333333428,0.2404743607076232
4337,59.96666666666667,58.77285414658541,0.20000000000000048,0.1856739342138337
4338,61.9,60.56943342335046,1.9333333333333325,1.7965792767650544
4339,62.43333333333333,61.076735783621594,0.5333333333333362,0.5073023602711262
4340,63.03333333333333,61.61265171718068,0.5999999999999991,0.5359159335590845
4341,63.13333333333333,61.71491165161276,0.10000000000000142,0.10225993443208435
4342,63.333333333333336,61.90198647110117,0.1999999999999981,0.18707481948840354
4343,63.4,61.97109368423894,0.06666666666666288,0.06910721313776567
4344,63.56666666666666,62.145262602357924,0.16666666666666904,0.17416891811899804
4345,63.73333333333333,62.319431520476925,0.16666666666666904,0.17416891811899804
4346,63.79999999999999,62.38993961888927,0.06666666666666288,0.07050809841233711
4347,64.0,62.59726125830258,0.1999999999999981,0.20732163941330686
4348,64.06666666666666,62.66636847144035,0.06666666666666761,0.0691072131377706
4349,64.16666666666667,62.770029291147,0.09999999999999905,0.10366081970665343
4350,64.43333333333332,63.04785902897265,0.2666666666666681,0.27782973782565146
4351,65.10000000000001,63.66860912673024,0.6666666666666691,0.6207500977575955
4352,65.60000000000001,64.11098765054513,0.5,0.442378523814883
4353,65.4,63.90506689640638,-0.20000000000000048,-0.20592075413873775
4354,65.39999999999999,63.891282666737276,2.3684757858670005e-15,-0.013784229669104404
4355,65.33333333333333,63.822175453599506,-0.06666666666666761,-0.0691072131377706
4356,65.23333333333333,63.71851463389285,-0.09999999999999905,-0.10366081970665343
4357,65.16666666666667,63.64940742075508,-0.06666666666666761,-0.0691072131377706
4358,64.83333333333333,63.30387135506624,-0.3333333333333333,-0.34553606568884804
4359,64.33333333333333,62.78556725653297,-0.5,-0.5183040985332721
4360,64.06666666666666,62.509138403981886,-0.2666666666666657,-0.27642885255107746
4361,63.73333333333333,62.14561545280022,-0.3333333333333333,-0.3635229511816688
4362,63.53333333333333,61.939694698661484,-0.20000000000000048,-0.20592075413873775
4363,63.13333333333333,61.57200764994047,-0.40000000000000097,-0.3676870487210134
4364,63.20000000000001,61.6318505022733,0.06666666666666998,0.059842852332832173
4365,63.1,61.55996079772857,-0.1000000000000038,-0.07188970454473084
4366,63.06666666666667,61.52680807643426,-0.033333333333333805,-0.03315272129431376
4367,63.06666666666667,61.52680807643426,0.0,0.0
4368,63.03333333333334,61.4908535845908,-0.033333333333333805,-0.03595449184345684
4369,62.93333333333333,61.38439099433501,-0.09999999999999905,-0.10646259025579642
4370,62.86666666666667,61.31528378119724,-0.06666666666666525,-0.06910721313776813
4371,63.0,61.441114863078234,0.1333333333333305,0.1258310818810016
4372,62.96666666666666,61.40656125650935,-0.033333333333333805,-0.0345536065688853
4373,62.96666666666666,61.36918660024915,2.3684757858670005e-15,-0.03737465626021123
4374,62.800000000000004,61.19922033795386,-0.1666666666666643,-0.1699662622952785
4375,62.76666666666666,61.166067616659554,-0.033333333333333805,-0.03315272129431376
4376,62.4,60.82281076454496,-0.36666666666666714,-0.34325685211458007
4377,62.366666666666674,60.789658043250654,-0.03333333333333618,-0.03315272129431632
4378,62.26666666666667,60.697521518781016,-0.09999999999999905,-0.09213652446962987
4379,62.26666666666667,60.697521518781016,0.0,0.0
4380,62.26666666666667,60.697521518781016,0.0,0.0
4381,62.46666666666667,60.87447292830697,0.20000000000000284,0.17695140952595573
4382,62.43333333333334,60.84498102671931,-0.03333333333333618,-0.029491901587661382
4383,62.5,60.91408823985708,0.06666666666666525,0.06910721313776813
4384,62.166666666666664,60.6191692239805,-0.3333333333333333,-0.29491901587658864
4385,62.26666666666667,60.72703269951087,0.10000000000000142,0.10786347553037051
4386,62.63333333333333,61.11272591286688,0.36666666666666714,0.3856932133560194
4387,63.13333333333333,61.60680515872815,0.5,0.49407924586126256
4388,63.13333333333333,61.60680515872815,0.0,0.0
4389,63.133333333333326,61.60540427345357,0.0,-0.0014008852745715404
4390,63.23333333333333,61.709065093160234,0.09999999999999905,0.10366081970665343
4391,63.133333333333326,61.60540427345357,-0.09999999999999905,-0.10366081970665343
4392,63.0,61.477313257140494,-0.13333333333333522,-0.12809101631308917
4393,63.1,61.58097407684715,0.10000000000000142,0.1036608197066559
4394,62.800000000000004,61.29109748680959,-0.29999999999999954,-0.28987659003754757
4395,62.833333333333336,61.329853749202194,0.03333333333333144,0.038756262392597364
4396,62.86666666666667,61.365808241045656,0.033333333333333805,0.03595449184345684
4397,62.76666666666667,61.26635007716271,-0.09999999999999905,-0.09945816388293881
4398,62.43333333333334,60.92361578202301,-0.3333333333333333,-0.34273429513970505
4399,62.699999999999996,61.208449946221506,0.2666666666666657,0.28483416419850666
4400,63.0,61.49552476570992,0.3000000000000019,0.2870748194884071
4401,62.9,61.39186394600327,-0.10000000000000142,-0.1036608197066559
4402,62.9,61.39186394600327,0.0,0.0
4403,62.93333333333334,61.427818437846724,0.033333333333333805,0.03595449184345684
4404,62.93333333333334,61.427818437846724,0.0,0.0
4405,62.93333333333334,61.427818437846724,0.0,0.0
4406,62.93333333333334,61.427818437846724,0.0,0.0
4407,63.06666666666666,61.53200181452825,0.13333333333333286,0.10418337668152845
4408,63.23333333333333,61.704769847372674,0.16666666666666666,0.17276803284442402
4409,68.475,67.50422737319904,0.23333333333333428,0.2179676063506365
4410,68.3,67.32491911152844,-0.1750000000000007,-0.179308261670587
4411,68.4,67.42945799899233,0.10000000000000142,0.10453888746388228
4412,68.35,67.37721908790947,-0.05000000000000071,-0.05223891108286928
4413,68.225,67.26039886944098,-0.125,-0.11682021846849795
4414,68.25,67.28680085242571,0.02500000000000213,0.02640198298475503
4415,68.10000000000001,67.1315960879426,-0.14999999999999858,-0.155204764483124
4416,68.125,67.15771554348402,0.024999999999996803,0.026119455541430962
4417,68.125,67.15821953307251,0.0,0.000503989588493379
4418,68.075,67.1080271129927,-0.05000000000000071,-0.050192420079823975
4419,68.075,67.1080271129927,0.0,0.0
4420,68.125,67.15850206051584,0.05000000000000071,0.05047494752314247
4421,68.0,67.02812624495384,-0.12499999999999822,-0.13037581556199462
4422,68.025,67.05478022273284,0.02499999999999858,0.026653977778997983
4423,68.275,67.31345483020472,0.25,0.2586746074718758
4424,68.19999999999999,67.23689095978922,-0.07499999999999929,-0.07656387041550339
4425,68.175,67.21231400566232,-0.025000000000000355,-0.024576954126882645
4426,68.325,67.36830528717728,0.15000000000000036,0.1559912815149378
4427,68.17500000000001,67.2133525174884,-0.14999999999999858,-0.15495276968887733
4428,68.275,67.31682236047715,0.09999999999999787,0.10346984298874812
4429,68.22500000000001,67.26483544418852,-0.05000000000000071,-0.05198691628862257
4430,68.325,67.37009978338607,0.10000000000000142,0.10526433919755043
4431,68.8,67.75696405210994,0.47499999999999787,0.386864268723864
4432,68.825,67.7854430587468,0.025000000000000355,0.02847900663687036
4433,68.95,67.90601564764737,0.125,0.12057258890056662
4434,69.15,68.08943313185547,0.20000000000000107,0.18341748420810194
4435,69.17500000000001,68.11504859780841,0.025000000000000355,0.02561546595294126
4436,69.15,68.09318550228754,-0.02499999999999858,-0.021863095520870773
4437,69.225,68.17003190014637,0.07499999999999929,0.07684639785882195
4438,69.47500000000001,68.42072830981466,0.24999999999999822,0.25069640966831463
4439,69.525,68.47246323130905,0.05000000000000071,0.051734921494375904
4440,69.7,68.6375179956341,0.17499999999999716,0.16505476432504818
4441,69.65,68.58259575859431,-0.04999999999999716,-0.054922237039804415
4442,69.45,68.37114771780199,-0.20000000000000107,-0.21144804079231044
4443,69.325,68.24080243488908,-0.125,-0.13034528291292466
4444,69.35,68.26641790084201,0.02499999999999858,0.02561546595293944
4445,69.15,68.0594782148645,-0.1999999999999993,-0.20693968597749993
4446,69.44999999999999,68.37067426086256,0.29999999999999893,0.31119604599806183
4447,69.44999999999999,68.37067426086256,0.0,0.0
4448,69.425,68.34480680011538,-0.02499999999999858,-0.02586746074718611
4449,69.5,68.4216531979742,0.07500000000000107,0.07684639785882379
4450,69.5,68.42218772021177,0.0,0.0005345222375652371
4451,69.575,68.49953810765908,0.07499999999999929,0.07735038744731534
4452,69.55,68.47742301734397,-0.025000000000000355,-0.0221150903151193
4453,69.8,68.75637144574166,0.2500000000000018,0.2789484283977022
4454,70.0,68.96331113171917,0.1999999999999993,0.20693968597749993
4455,70.175,69.14516987398129,0.17499999999999893,0.1818587422621239
4456,70.10000000000001,69.06756749173972,-0.07499999999999929,-0.077602382241562
4457,70.22500000000001,69.15585316403552,0.12500000000000355,0.0882856722957992
4458,70.075,69.02092222047823,-0.15000000000000036,-0.13493094355730134
4459,70.075,69.02092222047823,0.0,0.0
4460,70.15,69.07825078179397,0.07499999999999751,0.05732856131573566
4461,70.25,69.18446501603779,0.09999999999999787,0.1062142342438306
4462,70.25,69.19883766281218,0.0,0.014372646774382313
4463,70.575,69.5273884495163,0.32500000000000284,0.3285507867041288
4464,70.725,69.68523529253818,0.15000000000000036,0.15784684302188015
4465,70.925,69.88034209756371,0.20000000000000107,0.19510680502554553
4466,71.125,70.08702978874699,0.1999999999999975,0.2066876911832514
4467,71.225,70.189743647353,0.10000000000000142,0.10271385860601176
4468,71.275,70.24201309108493,0.05000000000000071,0.05226944373194114
4469,71.275,70.24201309108493,0.0,0.0
4470,71.65,70.60373085778663,0.375,0.3617177667017004
4471,71.64999999999999,70.61123559865077,-3.552713678800501e-15,0.007504740864134224
4472,71.7,70.66246653055664,0.05000000000000071,0.05123093190588252
4473,71.77499999999999,70.73931292841547,0.07499999999999929,0.07684639785882195
4474,71.94999999999999,70.92589077286847,0.1750000000000007,0.18657784445299724
4475,72.02499999999999,71.0027371707273,0.07500000000000284,0.0768463978588256
4476,72.45,71.4414760242525,0.42499999999999716,0.4387388535251992
4477,72.5,71.49270695615837,0.05000000000000071,0.05123093190588252
4478,72.52499999999999,71.5188264116998,0.02500000000000213,0.02611945554143646
4479,72.55,71.54497639989032,0.024999999999995026,0.026149988190500958
4480,72.55,71.54472440509606,3.552713678800501e-15,-0.00025199479424303225
4481,72.675,71.67355771924352,0.125,0.12883331414744453
4482,72.625,71.6260791577697,-0.05000000000000071,-0.04747856147381386
4483,72.75,71.76231490006495,0.125,0.1362357422952548
4484,72.85,71.86102439344465,0.10000000000000142,0.09870949337969584
4485,72.85,71.86102439344465,0.0,0.0
4486,73.02499999999999,72.03658028468318,0.17499999999999716,0.1755558912385147
4487,73.05,72.06594812106819,0.02500000000000213,0.02936783638501175
4488,73.05,72.0654441314797,0.0,-0.000503989588493379
4489,73.15,72.169448496706,0.09999999999999787,0.10400436522631332
4490,73.22500000000001,72.24629489456483,0.07499999999999929,0.07684639785882195
4491,73.2,72.2240469588843,-0.024999999999996803,-0.022247935680515078
4492,73.275,72.30193186856918,0.07500000000000107,0.0778849096848824
4493,73.35000000000001,72.37877826642801,0.07499999999999929,0.07684639785882195
4494,73.60000000000001,72.61796557000588,0.25,0.23918730357786314
4495,73.675,72.69688899151681,0.07499999999999929,0.07892342151093919
4496,73.72500000000001,72.74915843524876,0.05000000000000249,0.052269443731942956
4497,74.075,73.111527329022,0.34999999999999787,0.36236889377323955
4498,74.35,73.39641298998251,0.2749999999999986,0.2848856609605242
4499,74.375,73.42306696776151,0.025000000000000355,0.026653977778999877
4500,74.55000000000001,73.59963083817702,0.1750000000000007,0.17656387041550453
4501,74.6,73.65605432921319,0.04999999999999716,0.05642349103617189
4502,74.67500000000001,73.73290072707202,0.07500000000000284,0.0768463978588256
4503,74.775,73.83640110270984,0.09999999999999964,0.10350037563782183
4504,74.8,73.86201656866278,0.02499999999999858,0.02561546595293944
4505,74.875,73.94065746273041,0.07500000000000462,0.07864089406762612
4506,75.1,74.17431219178505,0.22499999999999787,0.23365472905464166
4507,75.22500000000001,74.306543568854,0.12500000000000178,0.13223137706894073
4508,75.225,74.30758208068005,-1.7763568394002505e-15,0.0010385118260567983
4509,75.25,74.33319754663299,0.02500000000000213,0.02561546595294308
4510,75.275,74.36089003623805,0.02499999999999858,0.027692489605056676
4511,75.4,74.48896736600275,0.125,0.12807732976470448
4512,75.45,74.54019829790863,0.05000000000000071,0.05123093190588252
4513,75.65,74.74924554018732,0.19999999999999574,0.2090472422786853
4514,75.725,74.82684792242888,0.07499999999999929,0.077602382241562
4515,76.05,75.16498047364927,0.32500000000000284,0.3381325512203839
4516,76.4,75.52825503388317,0.34999999999999787,0.3632745602338982
4517,76.525,75.65708834803061,0.12500000000000355,0.1288333141474482
4518,76.675,75.81229311251374,0.14999999999999858,0.155204764483124
4519,76.89999999999999,76.05085787325537,0.22499999999999964,0.23856476074161792
4520,77.22500000000001,76.3859359542957,0.3249999999999993,0.33507808104034814
4521,77.39999999999999,76.56936773062145,0.1750000000000007,0.18343177632574956
4522,78.05,77.25614008191909,0.6500000000000021,0.6867723512976376
4523,78.05,77.25238771148702,-3.552713678800501e-15,-0.0037523704320723055
4524,78.35,77.53826705950688,0.3000000000000007,0.2858793480198646
4525,78.575,77.76920792995551,0.22499999999999964,0.23094087044863346
4526,79.0,78.20643481471524,0.4250000000000007,0.4372268847597227
4527,79.35000000000001,78.5660593172334,0.3500000000000014,0.35962450251816075
4528,79.475,78.69829069430233,0.125,0.13223137706893895
4529,80.0,79.1919903878736,0.5250000000000021,0.4936996935712653
4530,80.525,79.70241615737127,0.5249999999999986,0.5104257694976733
4531,80.57499999999999,79.7690582478776,0.049999999999998934,0.06664209050632164
4532,80.69999999999999,79.89839555161353,0.125,0.1293373037359379
4533,81.175,80.36562965230704,0.47499999999999964,0.46723410069349575
4534,81.85,81.07111903099829,0.6749999999999989,0.7054893786912589
4535,81.85,81.07111903099829,0.0,0.0
4536,82.25,81.48584598528325,0.3999999999999986,0.41472695428495543
4537,82.6,81.85532108382442,0.34999999999999964,0.36947509854117977
4538,82.625,81.88626195427305,0.02500000000000213,0.030940870448635603
4539,82.85000000000001,82.11783965967558,0.22499999999999964,0.23157770540252634
4540,82.9,82.18595247152919,0.04999999999999716,0.06811281185361602
4541,83.02499999999999,82.29586353666927,0.125,0.10991106514006899
4542,83.125,82.4006849515765,0.1000000000000032,0.10482141490720266
4543,83.925,83.23479689703912,0.8000000000000007,0.8341119454626424
4544,83.525,82.87852113966709,-0.3999999999999986,-0.3562757573720303
4545,84.25,83.62040606131954,0.7249999999999979,0.7418849216524477
4546,84.47500000000001,83.83529893821382,0.22499999999999787,0.21489287689429726
4547,84.825,84.17681526023806,0.3500000000000014,0.3415163220242288
4548,84.875,84.22933669876424,0.05000000000000071,0.05252143852618777
4549,84.925,84.28421768838587,0.05000000000000071,0.05488098962162361
4550,84.85000000000001,84.23378756562944,-0.07499999999999751,-0.05043012275641933
4551,84.925,84.3500713134466,0.07499999999999751,0.11628374781715478
4552,85.075,84.5106320150745,0.14999999999999858,0.16056070162788835
4553,85.05000000000001,84.49138046544331,-0.02500000000000213,-0.019251549631191484
4554,85.0,84.4743225442982,-0.04999999999999716,-0.017057921145093472
4555,85.125,84.58028732834265,0.125,0.10596478404445668
4556,85.15,84.60568133215044,0.02499999999999858,0.02539400380776455
4557,85.4,84.87954563607757,0.25,0.27386430392714195
4558,86.175,85.73623958755527,0.7750000000000021,0.8566939514777034
4559,86.8,86.43029581375298,0.625,0.6940562261976935
4560,87.10000000000001,86.71828271807404,0.29999999999999716,0.2879869043210505
4561,87.275,86.91687365820597,0.1750000000000007,0.19859094013194384
4562,87.225,86.86564272630008,-0.05000000000000071,-0.05123093190588252
4563,87.50000000000001,87.15254434561459,0.27500000000000213,0.2869016193145013
4564,87.65,87.28851380099793,0.15000000000000213,0.13596945538336186
4565,88.4,88.0616939006096,0.75,0.773180099611658
4566,88.44999999999999,88.10166772121929,0.04999999999999716,0.03997382060967235
4567,88.45,88.11470861395517,0.0,0.013040892735892588
4568,88.6,88.25339192794453,0.14999999999999858,0.13868331398936873
4569,88.875,88.56095833028793,0.2749999999999986,0.3075664023433753
4570,89.25,88.94299728727702,0.3750000000000071,0.38203895698912316
4571,89.25,88.94507431092916,-3.552713678800501e-15,0.002077023652113441
4572,89.2,88.89762628210441,-0.04999999999999716,-0.047448028824738274
4573,89.25,88.95572511992053,0.04999999999999716,0.05809883781612385
4574,89.27499999999999,88.99117434518398,0.02500000000000213,0.035449225263444316
4575,89.35,89.06051600217867,0.07499999999999574,0.06934165699468099
4576,89.47500000000001,89.1848409615113,0.12500000000000355,0.12432495933263893
4577,89.525,89.23657588300567,0.05000000000000071,0.051734921494375904
4578,89.8,89.52111795122474,0.27500000000000213,0.2845420682190656
4579,89.7,89.41764810823598,-0.10000000000000142,-0.10346984298875181
4580,89.55,89.26395531251833,-0.15000000000000213,-0.15369279571764757
4581,89.825,89.5501009474501,0.2749999999999986,0.2861456349317576
4582,89.9,89.6300628807871,0.07499999999999929,0.07996193333699773
4583,90.025,89.74416924064957,0.125,0.11410635986248797
4584,90.0,89.73485376304524,-0.02499999999999858,-0.009315477604359022
4585,89.875,89.62929065587292,-0.12500000000000355,-0.10556310717229453
4586,89.775,89.51781208243156,-0.09999999999999787,-0.11147857344137936
4587,90.07499999999999,89.79996959266842,0.3000000000000007,0.28215751023686775
4588,90.15,89.87993152600542,0.07500000000000284,0.07996193333700152
4589,90.225,89.96146649340604,0.07499999999999929,0.08153496740062159
4590,90.475,90.2319388563551,0.25,0.2704723629490546
4591,90.7,90.46562411805881,0.22499999999999787,0.23368526170371348
4592,90.675,90.44132969137526,-0.02500000000000213,-0.024294426683565934
4593,90.575,90.34920557646248,-0.09999999999999432,-0.09212411491276255
4594,90.625,90.40758694172193,0.049999999999993605,0.05838136525943814
4595,90.35000000000001,90.18367540678423,-0.274999999999995,-0.22391153493768767
4596,90.525,90.35108972220473,0.17499999999999716,0.1674143154204839
4597,90.60000000000001,90.4289746318896,0.07500000000000284,0.07788490968488429
4598,90.60000000000001,90.4289746318896,0.0,0.0
4599,90.1,89.9756952605669,-0.5,-0.4532793713227028
4600,90.19999999999999,90.10626558297353,0.09999999999999787,0.13057032240663316
4601,90.32499999999999,90.23953547186854,0.125,0.1332698888949975
4602,91.125,91.08024649173466,0.8000000000000043,0.8407110198661248
4603,91.05000000000001,91.02902985194642,-0.07500000000000284,-0.05121663978823623
4604,91.125,91.1074187512198,0.07499999999999574,0.0783888992733702
4605,91.49999999999999,91.4939492263112,0.375,0.38653047509140553
4606,91.64999999999999,91.64908221072706,0.15000000000000213,0.15513298441587137
4607,92.05000000000001,92.06027825672511,0.40000000000000213,0.4111960459980653
4608,92.1,92.12380481175327,0.04999999999999716,0.06352655502814394
4609,92.35,92.39592198883322,0.25000000000000355,0.2721171770799379
4610,92.45,92.49617398362746,0.09999999999999787,0.10025199479424465
4611,93.05000000000001,93.04172715194086,0.600000000000005,0.545553168313395
4612,93.1,93.0854533429826,0.04999999999999716,0.043726191041741545
4613,93.025,93.01664620822547,-0.07499999999999929,-0.06880713475711947
4614,93.30000000000001,93.27775767262234,0.2749999999999986,0.2611114643968778
4615,93.45,93.43768153929634,0.14999999999999858,0.15992386667399547
4616,93.575,93.57287876976555,0.125,0.1351972304691956
4617,93.54999999999998,93.53978909559753,-0.02499999999999858,-0.0330896741680048
4618,94.125,94.13542787826577,0.5749999999999993,0.5956387826682381
4619,94.125,94.14926600280259,0.0,0.013838124536817162
4620,94.15,94.17670649761341,0.02499999999999858,0.02744049481080997
4621,94.30000000000001,94.3358438472556,0.15000000000000213,0.15913734964218726
4622,94.325,94.36407085909822,0.02499999999999858,0.028227011842621837
4623,94.4,94.44131893382921,0.07499999999999929,0.07724807473098708
4624,94.4,94.44761107008371,3.552713678800501e-15,0.006292136254499083
4625,94.8,94.86803457308744,0.3999999999999986,0.42042350300374187
4626,94.825,94.89468855086643,0.02499999999999858,0.026653977778997983
4627,95.025,95.0839659618078,0.1999999999999993,0.1892774109413578
4628,95.27499999999999,95.34735967147056,0.25000000000000355,0.26339370966275105
4629,95.42500000000001,95.50545850928668,0.14999999999999503,0.15809883781612127
4630,95.525,95.61800612720317,0.10000000000000142,0.11254761791651352
4631,95.65,95.73611685229199,0.12500000000000355,0.11811072508880698
4632,95.9,95.95953868975883,0.25,0.22342183746684738
4633,95.82499999999999,95.8939494031962,-0.07500000000000284,-0.06558928656261853
4634,96.0,96.04673907704806,0.1750000000000007,0.15278967385185802
4635,96.0,96.04673907704806,0.0,0.0
4636,95.92500000000001,95.97843593187946,-0.07500000000000284,-0.06830314516862919
4637,95.92500000000001,95.97912013619492,3.552713678800501e-15,0.0006842043154874105
4638,96.19999999999999,96.23865856652819,0.2749999999999986,0.25953843033325397
4639,96.1,96.13597524057126,-0.10000000000000142,-0.10268332595693994
4640,96.14999999999999,96.18928319612925,0.05000000000000071,0.053307955557999755
4641,96.17500000000001,96.21193280868194,0.02499999999999858,0.022649612552682077
4642,96.175,96.21350584274556,3.552713678800501e-15,0.0015730340636275321
4643,96.2,96.23886931390426,0.02499999999999858,0.025363471158692738
4644,96.275,96.31571571176308,0.07499999999999929,0.07684639785882195
4645,96.17499999999998,96.20859581105857,-0.09999999999999787,-0.1071199007044891
4646,96.275,96.31688706895453,0.09999999999999432,0.10829125789594404
4647,96.25,96.29051561861884,-0.02499999999999858,-0.026371450335679485
4648,96.45,96.49566080838756,0.20000000000000284,0.20514518976870497
4649,96.5,96.54896876394554,0.05000000000000071,0.053307955557999755
4650,96.60000000000001,96.65246913958337,0.09999999999999787,0.10350037563781994
4651,96.725,96.78416599441474,0.125,0.13169685483137364
4652,97.0,97.06949457966563,0.27500000000000213,0.28532858525087756
4653,97.05,97.11400728773916,0.05000000000000071,0.04451270807355653
4654,97.12499999999999,97.1942517485195,0.07499999999999929,0.08024446078031636
4655,97.10000000000001,97.16967479439262,-0.02500000000000213,-0.024576954126884543
4656,97.125,97.19128589511924,0.02499999999999858,0.021611100726624102
4657,96.95,97.01528707959037,-0.17499999999999716,-0.17599881552886434
4658,96.975,97.04194105736937,0.02499999999999858,0.026653977778997983
4659,96.975,97.0507363048538,0.0,0.008795247484443226
4660,97.02499999999999,97.10196723675969,0.05000000000000071,0.05123093190588252
4661,97.07499999999999,97.15527519231769,0.05000000000000071,0.053307955557999755
4662,97.4,97.49130018723689,0.3249999999999993,0.3360249949191912
4663,97.57499999999999,97.65767599083131,0.1750000000000007,0.16637580359442836
4664,97.775,97.87618584819742,0.20000000000000284,0.21850985736610054
4665,98.0,98.07777512279246,0.22499999999999787,0.2015892745950454
4666,98.3,98.35346640399126,0.3000000000000007,0.2756912811987891
4667,98.32499999999999,98.38866363446044,0.02500000000000213,0.03519723046919765
4668,98.45,98.52153184648326,0.12499999999999645,0.13286821202282859
4669,98.85,98.89050490384973,0.40000000000000213,0.3689730573664643
4670,99.525,99.53102948722841,0.6750000000000007,0.6405245833786647
4671,99.75,99.75135008133473,0.019999999999998862,0.017898771314324824
4672,100.0,100.0,0.25,0.2486499186652711
4673,66.65,67.65091945108297,0.27500000000000213,0.17659946333444723
4674,51.0,57.516599584158286,0.09999999999999787,0.08028574821842066
4675,51.7,58.36316112073476,0.6999999999999993,0.8465615365764876
4676,51.825,58.492936466281385,0.125,0.12977534554662157
4677,52.25,58.65522225171196,0.42499999999999893,0.16228578543057315
4678,52.75,59.26902476160985,0.5,0.613802509897896
4679,52.925,59.40473825691503,0.17500000000000338,0.13571349530517884
4680,52.95,59.38762683405328,0.02499999999999769,-0.017111422861751054
4681,51.875,57.58408540489205,-1.0749999999999993,-1.8035414291612253
4682,51.25,56.4533595444603,-0.6249999999999982,-1.1307258604317643
4683,50.825,55.67638478897867,-0.4249999999999998,-0.7769747554816226
4684,50.075,54.11635018667051,-0.7500000000000009,-1.560034602308155
4685,50.05,53.98915499546047,-0.025000000000001243,-0.12719519121005612
4686,50.1,53.926070826922604,0.05000000000000071,-0.06308416853785413
4687,50.099999999999994,53.820134081275505,-1.7763568394002505e-15,-0.10593674564710562
4688,49.55,52.84103080285368,-0.5499999999999989,-0.9791032784218153
4689,49.125,52.29262765265025,-0.4250000000000007,-0.5484031502034222
4690,48.55,51.30177447427583,-0.5750000000000011,-0.9908531783744292
4691,48.2,50.67617090578663,-0.34999999999999964,-0.6256035684892077
4692,47.724999999999994,49.84683502758541,-0.47499999999999964,-0.8293358782012068
4693,47.5,49.59492413215076,-0.22499999999999964,-0.2519108954346606
4694,47.775,49.749303754631356,0.2749999999999986,0.15437962248059378
4695,47.974999999999994,49.94837616373669,0.20000000000000107,0.19907240910532978
4696,47.825,49.78610675469142,-0.15000000000000036,-0.16226940904526674
4697,47.77499999999999,49.728559591085315,-0.05000000000000249,-0.057547163606096935
4698,47.974999999999994,49.966865404778034,0.20000000000000107,0.2383058136927041
4699,48.075,50.24475558710336,0.10000000000000142,0.2778901823253373
4700,48.224999999999994,50.48795912825785,0.15000000000000036,0.2432035411545008
4701,48.275,50.563995532905295,0.049999999999998934,0.07603640464743654
4702,48.72500000000001,50.80899300934005,0.45000000000000284,0.24499747643475506
4703,48.825,50.85599260915049,0.09999999999999964,0.04699959981045093
4704,48.900000000000006,50.9201036318227,0.07499999999999929,0.06411102267219662
4705,49.125,51.05091939966607,0.22499999999999964,0.13081576784337595
4706,49.275000000000006,51.1924446451653,0.14999999999999858,0.14152524549923284
4707,49.425000000000004,51.34526956333223,0.15000000000000213,0.1528249181669241
4708,49.5,51.380519263190074,0.07499999999999929,0.03524969985783799
4709,49.775,51.53715380817535,0.27500000000000036,0.15663454498528234
4710,50.199999999999996,52.005299022146666,0.42499999999999893,0.4681452139713171
4711,50.824999999999996,52.30878622535604,0.625,0.3034872032093776
4712,50.575,52.28986729905164,-0.25,-0.018918926304406176
4713,50.575,52.31780103097133,3.552713678800501e-15,0.027933731919692225
4714,50.6,52.32955093092395,0.025000000000000355,0.011749899952612941
4715,50.6,52.32955093092395,0.0,0.0
4716,50.6,52.32955093092395,0.0,0.0
4717,50.574999999999996,52.254892344456096,-0.025000000000005684,-0.07465858646784841
4718,50.400000000000006,51.936566421386416,-0.17499999999999716,-0.31832592306967533
4719,50.3,51.76374944854551,-0.10000000000000142,-0.17281697284091024
4720,50.325,51.73154369847158,0.02500000000000213,-0.03220575007393193
4721,50.525000000000006,51.851537157257006,0.20000000000000107,0.11999345878543605
4722,50.525000000000006,51.851537157257006,0.0,0.0
4723,50.375,51.77779118940998,-0.15000000000000213,-0.07374596784703041
4724,50.400000000000006,51.7399356030022,0.025000000000000355,-0.037855586407778745
4725,50.625,51.87307034808226,0.22499999999999964,0.1331347450800565
4726,50.400000000000006,51.47870802036514,-0.22499999999999964,-0.3943623277171176
4727,50.64999999999999,51.76193399338623,0.25,0.283225973021096
4728,50.724999999999994,51.87339557991414,0.07499999999999751,0.1114615865278998
4729,50.95,52.121196371054765,0.22500000000000142,0.24780079114063103
4730,51.0,52.192046734815705,0.05000000000000071,0.07085036376093158
4731,51.10000000000001,52.239046334626146,0.09999999999999964,0.04699959981045093
4732,51.275000000000006,52.49739468956243,0.1750000000000007,0.25834835493627367
4733,51.474999999999994,52.7149563397091,0.1999999999999975,0.21756165014666937
4734,51.45,52.6166224713134,-0.02499999999999858,-0.09833386839569212
4735,51.675,52.86960930334054,0.22499999999999964,0.25298683202713806
4736,51.85,53.07023501264809,0.1750000000000007,0.2006257093075523
4737,52.175,53.48566673574313,0.32500000000000107,0.41543172309503257
4738,52.25,53.57863908122968,0.07499999999999751,0.09297234548655443
4739,52.25,53.54977775841533,1.7763568394002505e-15,-0.028861322814357805
4740,52.449999999999996,53.762153367675495,0.1999999999999993,0.2123756092601644
4741,52.575,53.84457814936641,0.125,0.08242478169091672
4742,52.99999999999999,54.33587079508625,0.42499999999999893,0.4912926457198392
4743,53.25,54.576932245138146,0.2500000000000018,0.24106145005190105
4744,54.125,55.67476191938731,0.875,1.0978296742491696
4745,54.224999999999994,55.72176151919777,0.09999999999999964,0.04699959981045093
4746,54.400000000000006,55.827686100793905,0.1750000000000007,0.10592458159614261
4747,54.775,56.28736178734019,0.3749999999999982,0.4596756865462837
4748,55.675000000000004,57.36740384285048,0.9000000000000021,1.080042055510291
4749,55.900000000000006,57.55973691086708,0.22499999999999964,0.19233306801659483
4750,56.099999999999994,57.70108667434369,0.20000000000000107,0.1413497634766084
4751,58.025000000000006,58.82584172564187,1.9250000000000007,1.1247550512981863
4752,58.25,59.0096578936748,0.22499999999999787,0.1838161680329227
4753,58.949999999999996,59.734409112195124,0.6999999999999975,0.7247512185203268
4754,59.8,60.8486740134289,0.8499999999999996,1.1142649012337815
4755,59.87499999999999,60.88392371328674,0.07499999999999929,0.03524969985783799
4756,60.5,61.42517561763514,0.6250000000000036,0.541251904348391
4757,60.625,61.5312756812539,0.125,0.10610006361876788
4758,60.75,61.59002518101696,0.125,0.05874949976306387
4759,61.225,62.135534131245734,0.4750000000000014,0.5455089502287732
4760,61.525000000000006,62.39583693121102,0.3000000000000007,0.2603027999652884
4761,61.949999999999996,62.81416425839216,0.42499999999999893,0.41832732718112925
4762,62.349999999999994,63.06699058067052,0.40000000000000036,0.2528263222783707
4763,62.925,63.66027837590661,0.5749999999999993,0.5932877952360882
4764,63.0,63.696455666659126,0.07500000000000107,0.03617729075251105
4765,63.55,64.4543893086062,0.5499999999999989,0.7579336419470695
4766,63.725,64.73774027708033,0.1750000000000007,0.2833509684741403
4767,63.9,64.95911014993392,0.1750000000000007,0.2213698728535837
4768,64.875,65.73698119434883,0.9749999999999979,0.7778710444149178
4769,65.2,66.07333396712397,0.3249999999999993,0.336352772775136
4770,65.525,66.5857217404351,0.32500000000000107,0.512387773311128
4771,66.775,68.40194206455506,1.2499999999999964,1.8162203241199577
4772,67.375,69.24109815203607,0.6000000000000014,0.8391560874810177
4773,68.05,70.08628187043297,0.6750000000000007,0.8451837183968921
4774,68.15,70.22859473909996,0.09999999999999964,0.14231286866699988
4775,68.35,70.55348452123575,0.1999999999999993,0.3248897821357833
4776,68.875,71.39076207668266,0.5250000000000039,0.837277555446917
4777,68.625,70.92174116249771,-0.25000000000000355,-0.4690209141849635
4778,69.125,71.6947322132498,0.5,0.7729910507520851
4779,69.725,72.18864712190488,0.5999999999999996,0.4939149086550905
4780,70.525,73.41220676420775,0.8000000000000007,1.2235596423028723
4781,71.175,74.39528158330815,0.6500000000000021,0.983074819100396
4782,72.0,75.63942347529682,0.8249999999999993,1.2441418919886844
4783,72.7,76.00887688296774,0.6999999999999993,0.3694534076709187
4784,73.075,76.21483000500017,0.3749999999999982,0.20595312203241298
4785,73.0,76.0641350138849,-0.07499999999999751,-0.15069499111527582
4786,72.85,75.67283020411408,-0.14999999999999858,-0.39130480977080284
4787,72.1,74.57824331191621,-0.7499999999999982,-1.0945868921978767
4788,72.125,74.61366849379668,0.02499999999999858,0.03542518188046327
4789,70.775,73.03729090718633,-1.3500000000000014,-1.5763775866103442
4790,70.4,71.99876474134722,-0.3750000000000018,-1.0385261658391152
4791,69.975,71.3343041587412,-0.4250000000000007,-0.6644605826060042
4792,69.525,70.63441839425474,-0.45000000000000107,-0.6998857644864701
4793,69.45,70.50739868506732,-0.07499999999999751,-0.12701970918742297
4794,68.8,69.82231753025688,-0.6500000000000004,-0.6850811548104419
4795,68.375,69.01268679741639,-0.4250000000000007,-0.8096307328404833
4796,69.3,69.91617119240287,0.9250000000000007,0.9034843949864816
4797,69.025,69.72487714257159,-0.27500000000000213,-0.1912940498312951
4798,69.30000000000001,70.1143417428269,0.2750000000000039,0.38946460025532265
4799,69.25,70.07188890643299,-0.05000000000000249,-0.042452836393908226
4800,69.575,70.57662331592313,0.3250000000000046,0.5047344094901385
4801,69.475,70.45859787032911,-0.10000000000000142,-0.1180254455940103
4802,69.19999999999999,70.20726219763243,-0.27500000000000213,-0.25133567269669294
4803,69.225,70.37137181619318,0.02499999999999858,0.16410961856074627
4804,69.4,70.58894703450225,0.17500000000000426,0.2175752183090879
4805,69.325,70.48267148886087,-0.07499999999999929,-0.10627554564139484
4806,69.5,70.70024670716995,0.17499999999999893,0.21757521830908294
4807,69.82499999999999,71.24893676668663,0.3249999999999993,0.5486900595166799
4808,69.925,71.38770637582667,0.09999999999999964,0.1387696091400384
4809,69.9,71.64144250850295,-0.02499999999999858,0.2537361326762867
4810,69.9,71.63132182174746,-1.7763568394002505e-15,-0.010120686755482198
4811,70.275,72.0365214307964,0.3749999999999982,0.4051996090489191
4812,70.65,72.66936505422883,0.3749999999999982,0.6328436234324462
4813,70.725,72.79638476341627,0.07500000000000284,0.12701970918743127
4814,70.775,72.85911796790887,0.049999999999998934,0.06273320449259938
4815,70.825,73.01787963172289,0.05000000000000249,0.1587616638140263
4816,70.9,73.15527142268334,0.07500000000000107,0.13739179096044443
4817,70.85,73.06367689537637,-0.05000000000000071,-0.09159452730696295
4818,70.8,72.88960850392036,-0.05000000000000249,-0.17406839145601344
4819,71.125,73.33508053574195,0.32500000000000107,0.4454720318215999
4820,71.325,73.72441873643278,0.20000000000000107,0.3893382006908269
4821,72.1,74.66913865938234,0.7749999999999968,0.9447199229495528
4822,71.95,74.34546478156594,-0.1499999999999968,-0.32367387781640106
4823,72.05,74.51309571352034,0.10000000000000142,0.167630931954402
4824,72.47500000000001,75.19830045967237,0.42499999999999716,0.68520474615203
4825,72.80000000000001,75.43708504108628,0.32500000000000107,0.23878458141390185
4826,72.9,75.54992444579378,0.10000000000000142,0.11283940470750284
4827,72.9,75.53143520475243,0.0,-0.01848924104134537
4828,72.80000000000001,75.3505010726432,-0.09999999999999964,-0.18093413210923665
4829,72.60000000000001,75.04116941316693,-0.1999999999999993,-0.3093316594762601
4830,72.375,74.87537869072803,-0.22500000000000142,-0.16579072243891754
4831,72.35,74.788344495,-0.02500000000000213,-0.08703419572800596
4832,72.375,74.75567494947875,0.025000000000000355,-0.032669545521271305
4833,72.35,74.67475438553191,-0.025000000000000355,-0.08092056394682702
4834,72.425,74.596877771369,0.07499999999999929,-0.07787661416292425
4835,72.425,74.63904229433818,1.7763568394002505e-15,0.04216452296920073
4836,72.35,74.51202258515076,-0.07500000000000284,-0.12701970918743127
4837,72.4,74.55919766698383,0.05000000000000071,0.047175081833078725
4838,72.35000000000001,74.42543861670768,-0.05000000000000071,-0.13375905027615875
4839,72.25,74.2629937256398,-0.09999999999999787,-0.16244489106788876
4840,72.225,74.15947381635759,-0.025000000000000355,-0.10351990928220287
4841,72.125,73.9970289252897,-0.10000000000000142,-0.16244489106789453
4842,72.05,73.87519525698877,-0.07499999999999929,-0.12183366830091802
4843,71.89999999999999,73.58417735653123,-0.1499999999999968,-0.29101790045753917
4844,71.575,73.07697562410662,-0.32500000000000284,-0.507201732424623
4845,71.44999999999999,72.87910555115826,-0.12499999999999645,-0.19787007294835202
4846,71.3,72.68504370091681,-0.1500000000000039,-0.1940618502414526
4847,71.14999999999999,72.41770108238713,-0.1499999999999968,-0.2673426185296864
4848,70.95,72.12639486850486,-0.20000000000000107,-0.2913062138822558
4849,71.025,72.22748437325976,0.07500000000000107,0.1010895047548899
4850,70.92500000000001,72.07022552307836,-0.09999999999999964,-0.1572588501813838
4851,70.6,71.58963019096343,-0.3249999999999993,-0.4805953321149429
4852,70.325,71.19769826777363,-0.27500000000000036,-0.39193192318980463
4853,70.325,71.1873261860006,-1.7763568394002505e-15,-0.010372081773018212
4854,70.2,71.01266759953276,-0.12500000000000355,-0.17465858646784446
4855,69.95,70.6902082219243,-0.24999999999999822,-0.3224593776084695
4856,69.825,70.44791870350205,-0.125,-0.24228951842223959
4857,69.55,70.0248705349932,-0.27500000000000036,-0.4230481685088534
4858,69.475,69.88926987109011,-0.07499999999999929,-0.13560066390309122
4859,69.47500000000001,69.83154722546139,0.0,-0.057722645628721383
4860,69.45,69.76726072076657,-0.024999999999996803,-0.06428650469482107
4861,69.55000000000001,69.89340332562891,0.09999999999999964,0.12614260486233744
4862,69.5,69.81736692098146,-0.05000000000000249,-0.07603640464744231
4863,69.35000000000001,69.60256090719398,-0.15000000000000036,-0.2148060137874782
4864,69.475,69.7616613710023,0.12500000000000178,0.15910046380832205
4865,69.4,69.58729109795918,-0.07500000000000284,-0.1743702730431353
4866,69.275,69.49828888903974,-0.12499999999999645,-0.08900220891942914
4867,69.625,69.9065815303307,0.34999999999999964,0.408292641290954
4868,69.67500000000001,69.96187377143211,0.05000000000000071,0.05529224110140841
4869,69.67500000000001,70.01959641706082,0.0,0.057722645628721383
4870,69.525,69.92449414452263,-0.15000000000000036,-0.0951022725382019
4871,69.5,69.83946347628176,-0.025000000000000355,-0.08503066824085583
4872,69.42500000000001,69.70725772620783,-0.07500000000000107,-0.13220575007393623
4873,69.42500000000001,69.73200894472816,-1.7763568394002505e-15,0.02475121852032734
4874,69.225,69.59552977238853,-0.1999999999999993,-0.13647917233962895
4875,69.0,69.23521480837228,-0.22499999999999964,-0.36031496401624913
4876,68.85,69.09995154035204,-0.15000000000000036,-0.13526326802025246
4877,68.875,69.14056276311901,0.02500000000000213,0.04061122276697652
4878,68.75,68.94988225854429,-0.12500000000000178,-0.1906805045747029
4879,68.75,68.99019159972416,0.0,0.04030934117985544
4880,68.8,68.97584938138401,0.049999999999998934,-0.014342218340146706
4881,68.475,68.6079165678425,-0.3249999999999993,-0.3679328135415168
4882,68.35,68.47767742684853,-0.12499999999999822,-0.13023914099395764
4883,68.30000000000001,68.39126894042808,-0.049999999999998934,-0.08640848642045224
4884,68.25,68.33844402226114,-0.05000000000000426,-0.05282491816692644
4885,68.25,68.29967441312112,3.552713678800501e-15,-0.03876960914003651
4886,68.125,68.10945770399375,-0.12500000000000355,-0.1902167091273676
4887,68.05,67.95876271287847,-0.07499999999999929,-0.15069499111527665
4888,68.0,67.87754026734453,-0.05000000000000071,-0.08122244553394727
4889,67.975,67.83174300369105,-0.025000000000000355,-0.045797263653481475
4890,67.7,67.42851140783355,-0.2749999999999968,-0.4032315958574908
4891,67.75,67.41796384403791,0.049999999999998934,-0.010547563795645162
4892,67.775,67.40038862572882,0.02499999999999858,-0.017575218309082673
4893,67.75,67.36496344384835,-0.02499999999999858,-0.03542518188046327
4894,67.7,67.27809116198057,-0.049999999999998934,-0.08687228186778999
4895,67.725,67.28419122559934,0.024999999999995026,0.006100063618764399
4896,67.675,67.26494987568594,-0.04999999999999538,-0.019241349913385643
4897,67.875,67.47213944405961,0.1999999999999993,0.2071895683736545
4898,67.85000000000001,67.39748085759177,-0.02499999999999858,-0.0746585864678393
4899,67.8,67.36647603956337,-0.049999999999998934,-0.031004818028411367
4900,67.875,67.42540102134905,0.07500000000000107,0.05892498178569167
4901,68.0,67.6128990125244,0.125,0.18749799117534208
4902,67.975,67.54342646694306,-0.02500000000000213,-0.06947254558133516
4903,68.1,67.73046066267106,0.12499999999999822,0.18703419572800511
4904,68.075,67.62694075338885,-0.025000000000000355,-0.10351990928220287
4905,68.275,67.82129091705502,0.20000000000000107,0.194350163666156
4906,68.225,67.69744015310454,-0.05000000000000071,-0.12385076395047918
4907,68.225,67.76235236710693,0.0,0.06491221400237884
4908,68.17500000000001,67.66829051686547,-0.04999999999999716,-0.09406185024144492
4909,68.32499999999999,67.7842852986475,0.14999999999999858,0.11599478178203722
4910,68.3,67.81663939441924,-0.02500000000000213,0.03235409577173747
4911,68.42500000000001,67.85403258949114,0.125,0.03739319507189156
4912,68.42500000000001,67.87631648507698,1.7763568394002505e-15,0.022283895585845377
4913,68.275,67.71784173057621,-0.15000000000000213,-0.1584747545007701
4914,68.4,67.80591634860099,0.125,0.0880746180247627
4915,68.575,67.96344994404465,0.1750000000000025,0.15753359544368276
4916,68.65,68.0280247621642,0.07500000000000107,0.06457481811953765
4917,68.775,68.15733631226348,0.125,0.12931155009928466
4918,68.95,68.3446588214162,0.17499999999999893,0.1873225091527119
4919,69.125,68.50358380320188,0.17499999999999893,0.15892498178569175
4920,69.3,68.77230423991116,0.17499999999999893,0.26872043670928614
4921,69.4,68.84862895798331,0.10000000000000142,0.07632471807215059
4922,69.67500000000001,69.1368790580307,0.27500000000000036,0.28825010004738594
4923,69.875,69.38848807187824,0.20000000000000107,0.25160901384754125
4924,69.825,69.32754599444299,-0.05000000000000249,-0.060942077435252866
4925,69.92500000000001,69.37121473515629,0.1000000000000032,0.04366874071329126
4926,70.0,69.48693477167602,0.07499999999999574,0.11572003651973421
4927,70.25,69.78053282647014,0.2500000000000018,0.2935980547941125
4928,70.275,69.80033583095909,0.02499999999999858,0.019803004488947278
4929,70.8,70.2302240079078,0.5250000000000021,0.4298881769487051
4930,71.225,70.55252287576748,0.42499999999999716,0.3222988678597033
4931,71.25,70.67986641267535,0.02500000000000213,0.12734353690785974
4932,71.325,70.7397189853557,0.07499999999999929,0.05985257268036138
4933,71.675,71.07087214908192,0.34999999999999787,0.3311531637262182
4934,72.0,71.35422452166752,0.32500000000000284,0.2833523725855901
4935,72.325,71.8061709313979,0.32500000000000284,0.45194640973038525
4936,72.85,72.20015656285639,0.5250000000000021,0.3939856314584946
4937,72.975,72.33085949929769,0.12499999999999645,0.13070293644129122
4938,73.25,72.5466923672195,0.2749999999999986,0.21583286792181985
4939,73.675,72.9209999896421,0.4250000000000007,0.374307622422586
4940,73.625,73.10060538602987,-0.05000000000000071,0.17960539638777223
4941,73.825,73.32381687251038,0.19999999999999574,0.2232114864805145
4942,74.14999999999999,73.77329595930628,0.32500000000000284,0.4494790867959016
4943,74.175,73.76137057733104,0.02499999999999858,-0.011925381975242422
4944,74.32499999999999,74.02553068246138,0.15000000000000213,0.26416010513033233
4945,74.75,74.33939694130322,0.4250000000000007,0.3138662588418481
4946,74.875,74.38012099547227,0.125,0.04072405416905296
4947,75.225,74.73201832274452,0.3500000000000014,0.3518973272722514
4948,75.47500000000001,75.00712713649729,0.25,0.27510881375276464
4949,75.525,75.03581297728903,0.05000000000000071,0.02868584079173746
4950,75.925,75.61749781415885,0.3999999999999986,0.5816848368698294
4951,76.5,76.06422407281846,0.5749999999999993,0.4467262586596032
4952,76.6,76.13196783617494,0.09999999999999432,0.06774376335647571
4953,76.9,76.49974711382714,0.3000000000000078,0.3677792776522138
4954,77.625,77.30619814149117,0.7249999999999979,0.8064510276640172
4955,77.75,77.51125778281317,0.125,0.2050596413220169
4956,77.89999999999999,77.68257194202144,0.14999999999999858,0.1713141592082637
4957,78.25,77.99230474632449,0.34999999999999787,0.3097328043030514
4958,78.6,78.30496866900938,0.3500000000000014,0.312663922684877
4959,78.80000000000001,78.49320520089437,0.20000000000000284,0.18823653188497882
4960,79.3,79.05765361944938,0.5,0.5644484185550404
4961,79.325,79.10345088310287,0.02499999999999858,0.045797263653478956
4962,79.45,79.20955094672165,0.12500000000000355,0.10610006361877124
4963,79.65,79.40390111038779,0.19999999999999574,0.19435016366615177
4964,79.8,79.54449876499235,0.14999999999999858,0.1405976546045606
4965,80.30000000000001,80.29628185675108,0.5000000000000071,0.7517830917587268
4966,81.05,81.16594345251745,0.7499999999999964,0.869661595766367
4967,81.025,81.10637919326179,-0.02500000000000213,-0.05956425925565555
4968,81.35,81.47159328885128,0.3249999999999993,0.365214095589497
4969,81.375,81.48287939335657,0.02499999999999858,0.01128610450527596
4970,81.675,81.73552882950086,0.30000000000000426,0.25264943614429825
4971,81.9,81.95965433871365,0.22500000000000142,0.22412550921277816
4972,82.025,82.03016730659174,0.125,0.07051296787808786
4973,82.2,82.36333616185605,0.1750000000000007,0.3331688552643297
4974,82.65,83.00503548526648,0.44999999999999574,0.6416993234104084
4975,83.1,83.46776868975908,0.45000000000000284,0.4627332044926042
4976,83.3,83.74305298553446,0.1999999999999993,0.27528429577539326
4977,83.9,84.35249747641282,0.5999999999999943,0.6094444908783377
4978,84.025,84.49736714917162,0.1250000000000071,0.14486967275881527
4979,84.225,84.8134245815742,0.19999999999999574,0.3160574324025774
4980,84.675,85.42539904600757,0.45000000000000284,0.6119744644333771
4981,85.6,86.62143966937994,0.9249999999999972,1.1960406233723817
4982,85.75,86.81257040123958,0.15000000000000213,0.1911307318596279
4983,86.10000000000001,87.19425664222086,0.3500000000000014,0.38168624098128223
4984,86.4,87.43653399659215,0.3000000000000007,0.24227735437128156
4985,86.4,87.45974548307267,0.0,0.023211486480518382
4986,86.45,87.52874066504424,0.05000000000000071,0.0689951819715872
4987,87.15,88.00628269154723,0.6999999999999957,0.47754202650297484
4988,87.55000000000001,88.55484775561085,0.40000000000000213,0.5485650640636373
4989,88.07499999999999,89.12617548298154,0.5249999999999986,0.5713277273706738
4990,89.05,90.31824596978682,0.9749999999999979,1.1920704868052605
4991,89.39999999999999,90.81398611568352,0.350000000000005,0.4957401458967184
4992,89.4,90.9172041433786,0.0,0.10321802769508262
4993,89.575,90.86444297415564,0.17499999999999716,-0.05276116922297703
4994,89.875,91.05650270102137,0.3000000000000007,0.19205972686574813
4995,90.20000000000002,91.43162508293655,0.32500000000000284,0.3751223819151776
4996,90.575,91.692981873361,0.37499999999999645,0.2613567904244513
4997,90.60000000000001,91.70519556876094,0.02499999999999858,0.012213695399948186
4998,91.07499999999999,92.14809863243978,0.4750000000000014,0.44290306367883386
4999,91.8,92.68899957274292,0.7250000000000014,0.5409009403031313
5000,92.175,93.21025661419442,0.375,0.5212570414515003
5001,92.15,93.2036927551283,-0.02500000000000213,-0.0065638590661063
5002,92.95,93.54880446707658,0.8000000000000007,0.3451117119482847
5003,92.80000000000001,93.33060353945996,-0.14999999999999503,-0.21820092761663157
5004,92.85,93.40617614866007,0.049999999999993605,0.0755726092000962
5005,92.975,93.45973960753662,0.12500000000000355,0.05356345887656143
5006,92.97500000000001,93.47822884857797,-3.552713678800501e-15,0.018489241041337912
5007,92.675,92.99561642081345,-0.29999999999999716,-0.4826124277645007
5008,92.25,92.23466358343869,-0.4250000000000007,-0.7609528373747638
5009,92.25,92.23466358343869,0.0,0.0
5010,92.07499999999999,91.92152370125551,-0.1750000000000007,-0.3131398821831712
5011,91.44999999999999,90.82484520452462,-0.6250000000000036,-1.0966784967309038
5012,91.19999999999999,90.34252109018485,-0.2499999999999929,-0.48232411433978817
5013,90.75,89.64263532569835,-0.45000000000000284,-0.6998857644864724
5014,90.65,89.49800347979466,-0.10000000000000142,-0.1446318459036837
5015,90.5,89.22028877949197,-0.15000000000000213,-0.2777147003027079
5016,91.0,89.98583886685287,0.5000000000000036,0.7655500873608966
5017,90.925,89.88474936209796,-0.07500000000000284,-0.10108950475489241
5018,91.2,90.41055176285457,0.2749999999999986,0.5258024007565933
5019,91.725,90.98048810388323,0.5250000000000021,0.5699363410286713
5020,91.775,91.04229371748116,0.05000000000000426,0.061805613597933025
5021,92.0,91.32167454938819,0.22499999999999787,0.2793808319070142
5022,92.22500000000001,91.59161089041685,0.22499999999999787,0.2699363410286633
5023,92.675,92.13774554995317,0.45000000000000284,0.5461346595363277
5024,93.0,92.41631162236759,0.3249999999999993,0.2785660724144242
5025,92.99999999999999,92.47829271798815,0.0,0.06198109562055334
5026,93.25,92.80075209559664,0.25,0.3224593776084703
5027,93.30000000000001,92.81906585461535,0.05000000000000426,0.018313759018723435
5028,92.55,92.15065427335261,-0.7500000000000036,-0.6684115812627208
5029,92.775,92.45099166923548,0.22499999999999787,0.3003373958828408
5030,93.02499999999999,92.42937009557632,0.25,-0.021621573659165453
5031,93.22500000000001,92.55454959524823,0.1999999999999993,0.12517949967194103
5032,93.30000000000001,92.62677777718876,0.07499999999999929,0.07222818194052799
5033,93.15,92.48006649080303,-0.14999999999999858,-0.14671128638574032
5034,93.275,92.49285681305241,0.125,0.012790322249366479
5035,93.42500000000001,92.63956809943812,0.14999999999999858,0.14671128638574032
5036,93.525,92.74475414032463,0.10000000000000142,0.10518604088650929
5037,93.725,92.96750183135781,0.20000000000000284,0.22274769103318176
5038,93.875,93.07204859477437,0.15000000000000213,0.10454676341654787
5039,93.85,93.05511265393525,-0.025000000000005684,-0.016935940839127025
5040,93.775,92.97251239022171,-0.07499999999999574,-0.08260026371353865
5041,93.97500000000001,92.98410178042555,0.1999999999999993,0.011589390203846753
5042,93.97500000000001,93.00731326690607,0.0,0.023211486480515083
5043,93.97500000000001,93.00212722601955,0.0,-0.0051860408865074745
5044,93.92499999999998,92.89065207132926,-0.05000000000000071,-0.11147515469031422
5045,93.875,92.7620790619396,-0.04999999999999716,-0.1285730093896479
5046,94.075,93.03782715316233,0.19999999999999574,0.2757480912227243
5047,94.05,92.96835460758099,-0.02500000000000213,-0.06947254558133516
5048,94.14999999999999,93.05798252580797,0.10000000000000142,0.08962791822698607
5049,94.22500000000001,93.16425807144938,0.07500000000000284,0.10627554564139989
5050,94.7,93.4706749889291,0.4749999999999943,0.3064169174797426
5051,94.7,93.51663416644281,3.552713678800501e-15,0.045959177513699066
5052,94.775,93.60442047104287,0.07500000000000284,0.08778630460005693
5053,94.775,93.60442047104287,0.0,0.0
5054,94.75000000000001,93.56380924827587,-0.02500000000000213,-0.04061122276697652
5055,95.025,93.88718264861662,0.27500000000000213,0.32337340034073303
5056,95.1,93.87894049389526,0.07499999999999929,-0.008242154721372316
5057,94.975,93.6862564618334,-0.125,-0.19268403206184956
5058,95.0,93.72168164371386,0.02499999999999858,0.03542518188046327
5059,95.075,93.78107042094689,0.07500000000000284,0.059388777233030265
5060,95.07499999999999,93.77588438006039,-3.552713678800501e-15,-0.0051860408865132485
5061,95.25,94.04753593515149,0.17499999999999716,0.2716515550911075
5062,95.475,94.14569572563602,0.22500000000000497,0.09815979048452232
5063,95.425,94.04079799817421,-0.05000000000000071,-0.10489772746179843
5064,95.45,94.16187955760309,0.02500000000000213,0.12108155942887282
5065,95.42500000000001,94.05835964832087,-0.025000000000005684,-0.10351990928220704
5066,95.42500000000001,94.05835964832087,0.0,0.0
5067,95.525,94.18968829406974,0.10000000000000497,0.13132864574885322
5068,95.62500000000001,94.30252769877723,0.09999999999999787,0.11283940470749536
5069,95.57500000000002,94.22130525324329,-0.05000000000000071,-0.08122244553394727
5070,95.57499999999999,94.19762997131544,0.0,-0.023675281927851163
5071,95.65,94.30390551695682,0.07499999999999929,0.10627554564139484
5072,95.65,94.29871947607032,3.552713678800501e-15,-0.005186040886502441
5073,95.6,94.18344966683551,-0.05000000000000071,-0.11526980923481747
5074,95.8,94.32193236666228,0.1999999999999993,0.1384826998267806
5075,95.85000000000001,94.42976121250591,0.05000000000000071,0.10782884584362155
5076,95.89999999999999,94.4717502534525,0.05000000000000071,0.04198904094656958
5077,96.025,94.66443428551433,0.125,0.19268403206184956
5078,96.025,94.71178484937003,0.0,0.04735056385570569
5079,96.17500000000001,94.93989406331235,0.14999999999999858,0.22810921394231284
5080,96.275,95.0764087499477,0.10000000000000142,0.13651468663535568
5081,96.30000000000001,95.13032317286951,0.024999999999995026,0.05391442292180455
5082,96.35000000000001,95.17231221381608,0.05000000000000426,0.04198904094657461
5083,96.375,95.15992303639351,0.02499999999999858,-0.0123891774225752
5084,96.4,95.19534821827396,0.02499999999999858,0.03542518188046327
5085,96.525,95.4272656549232,0.125,0.23191743664922393
5086,96.625,95.54621869141188,0.09999999999999787,0.11895303648867918
5087,96.8,95.78135555986762,0.1750000000000007,0.23513686845575862
5088,97.1,96.17985134212354,0.3000000000000007,0.3984957822559101
5089,97.3,96.43957751523942,0.1999999999999993,0.2597261731158701
5090,97.475,96.66094738809299,0.1750000000000007,0.22136987285358295
5091,97.65,96.92448178391577,0.1750000000000007,0.2635343958227819
5092,97.875,97.14567617474671,0.22499999999999787,0.22119439083095263
5093,97.875,97.20293502492811,3.552713678800501e-15,0.057258850181386975
5094,98.0,97.40080509787647,0.12500000000000355,0.1978700729483628
5095,98.375,97.92632058931981,0.375,0.5255154914433356
5096,98.475,98.0887654803877,0.09999999999999787,0.16244489106788876
5097,98.55,98.18173782587427,0.07499999999999929,0.09297234548655937
5098,98.82499999999999,98.674884249272,0.2749999999999986,0.49314642339773546
5099,98.97500000000001,98.86175653113978,0.14999999999999858,0.1868722818677869
5100,99.275,99.31278891813791,0.3000000000000007,0.4510323869981232
5101,99.425,99.43249406349864,0.15000000000000213,0.1197051453607278
5102,99.725,99.66193201316241,0.29999999999999716,0.22943794966377634
5103,99.825,99.76758184949624,0.10000000000000142,0.10564983633384538
5104,99.9,99.88197455440599,0.18000000000000113,0.2404998419032269
5105,100.0,100.00000000000001,0.09999999999999787,0.11802544559400695
5106,99.9,99.92673707335682,0.3800000000000011,0.45164033889275823
5107,100.0,100.0,0.10000000000000142,0.07326292664317083
5108,100.4,100.4,0.4000000000000057,0.4000000000000057
5109,101.8,101.8,1.3999999999999915,1.3999999999999915
5110,102.7,102.7,0.9000000000000057,0.9000000000000056
5111,102.7,102.7,0.0,0.0
5112,104.4,104.4,1.7000000000000028,1.7000000000000028
5113,104.4,104.4,0.0,0.0
5114,104.4,104.4,0.0,0.0
5115,104.4,104.4,0.0,0.0
5116,104.4,104.4,0.0,0.0
5117,104.4,104.4,0.0,0.0
5118,104.5,104.5,0.09999999999999432,0.09999999999999432
5119,104.6,104.6,0.09999999999999432,0.09999999999999432
5120,104.6,104.6,0.0,0.0
5121,104.6,104.6,0.0,0.0
5122,104.7,104.7,0.10000000000000853,0.10000000000000853
5123,104.7,104.7,0.0,0.0
5124,105.0,105.0,0.29999999999999716,0.29999999999999716
5125,105.0,105.0,0.0,0.0
5126,105.0,105.0,0.0,0.0
5127,105.0,105.0,0.0,0.0
5128,105.0,105.0,0.0,0.0
5129,105.1,105.1,0.09999999999999432,0.09999999999999432
5130,66.65,67.65091945108297,0.09999999999999787,0.08028574821842066
5131,66.65,67.65091945108297,0.09999999999999787,0.08028574821842066
5132,66.65,67.65091945108297,0.09999999999999787,0.08028574821842066
5133,66.65,67.65091945108297,0.09999999999999787,0.08028574821842066
5134,66.65,67.65091945108297,0.09999999999999787,0.08028574821842066
5135,66.65,67.65091945108297,0.09999999999999787,0.08028574821842066
5136,66.65,67.65091945108297,0.09999999999999787,0.08028574821842066
5137,66.65,67.65091945108297,0.09999999999999787,0.08028574821842066
5138,66.65,67.65091945108297,0.09999999999999787,0.08028574821842066
5139,66.65,67.65091945108297,0.09999999999999787,0.08028574821842066
5140,66.65,67.65091945108297,0.09999999999999787,0.08028574821842066
5141,66.65,67.65091945108297,0.09999999999999787,0.08028574821842066
5142,66.65,67.65091945108297,0.09999999999999787,0.08028574821842066
5143,66.65,67.65091945108297,0.09999999999999787,0.08028574821842066
5144,66.65,67.65091945108297,0.09999999999999787,0.08028574821842066
5145,66.65,67.65091945108297,0.09999999999999787,0.08028574821842066
5146,66.65,67.65091945108297,0.09999999999999787,0.08028574821842066
5147,66.65,67.65091945108297,0.09999999999999787,0.08028574821842066
5148,66.65,67.65091945108297,0.09999999999999787,0.08028574821842066
5149,66.65,67.65091945108297,0.09999999999999787,0.08028574821842066
5150,66.65,67.65091945108297,0.09999999999999787,0.08028574821842066
5151,66.65,67.65091945108297,0.09999999999999787,0.08028574821842066
5152,66.65,67.65091945108297,0.09999999999999787,0.08028574821842066
5153,66.65,67.65091945108297,0.09999999999999787,0.08028574821842066
5154,66.65,67.65091945108297,0.09999999999999787,0.08028574821842066
5155,66.65,67.65091945108297,0.09999999999999787,0.08028574821842066
5156,66.65,67.65091945108297,0.09999999999999787,0.08028574821842066
5157,66.65,67.65091945108297,0.09999999999999787,0.08028574821842066
5158,66.65,67.65091945108297,0.09999999999999787,0.08028574821842066
5159,66.65,67.65091945108297,0.09999999999999787,0.08028574821842066
5160,66.65,67.65091945108297,0.09999999999999787,0.08028574821842066
5161,66.65,67.65091945108297,0.09999999999999787,0.08028574821842066
5162,66.65,67.65091945108297,0.09999999999999787,0.08028574821842066
5163,66.65,67.65091945108297,0.09999999999999787,0.08028574821842066
5164,66.65,67.65091945108297,0.09999999999999787,0.08028574821842066
5165,66.65,67.65091945108297,0.09999999999999787,0.08028574821842066
5166,66.65,67.65091945108297,0.09999999999999787,0.08028574821842066
5167,66.65,67.65091945108297,0.09999999999999787,0.08028574821842066
5168,66.65,67.65091945108297,0.09999999999999787,0.08028574821842066
5169,66.65,67.65091945108297,0.09999999999999787,0.08028574821842066
5170,66.65,67.65091945108297,0.1750000000000007,0.1589776195504876
5171,51.675,44.083561936945394,0.09999999999999787,0.08028574821842066
5172,52.35,44.538388481008944,0.6749999999999998,0.45482654406355916
5173,52.5,44.733763901116696,0.14999999999999947,0.19537542010774725
5174,53.15,45.609556828059866,0.6499999999999995,0.8757929269431706
5175,53.3,45.78424413699505,0.14999999999999858,0.17468730893518045
5176,53.5,45.998953990382255,0.20000000000000373,0.21470985338720533
5177,53.75,46.363425673650354,0.24999999999999734,0.36447168326810725
5178,52.675000000000004,45.92340782473489,-1.0749999999999993,-0.44001784891546747
5179,52.050000000000004,45.708330248952855,-0.6249999999999982,-0.2150775757820317
5180,51.62500000000001,45.566196256369494,-0.4249999999999998,-0.14213399258336507
5181,50.87500000000001,45.43101076941066,-0.7500000000000009,-0.13518548695883012
5182,50.875,45.50019423854575,-8.881784197001252e-16,0.06918346913509262
5183,50.75,45.343582744801196,-0.125,-0.15661149374455371
5184,50.625,45.312973996000686,-0.125,-0.03060874880051993
5185,50.050000000000004,45.08344534892278,-0.5749999999999993,-0.22952864707790166
5186,49.64999999999999,44.85114478799264,-0.40000000000000036,-0.23230056093014137
5187,49.075,44.63196019650102,-0.5750000000000011,-0.21918459149162065
5188,48.45,44.35804320717018,-0.625,-0.273916989330842
5189,47.925,44.10726482495971,-0.5250000000000004,-0.25077838221047444
5190,47.7,43.94301663141509,-0.22499999999999964,-0.1642481935446131
5191,47.75,44.06080818077281,0.049999999999998934,0.11779154935771859
5192,47.900000000000006,44.18538767176102,0.15000000000000036,0.12457949098821178
5193,47.724999999999994,44.06456135458678,-0.1750000000000007,-0.12082631717424297
5194,47.650000000000006,44.01698146247987,-0.07500000000000107,-0.04757989210690415
5195,47.825,44.112753870680635,0.1750000000000025,0.09577240820076095
5196,47.9,44.061730586878035,0.07500000000000107,-0.051023283802594674
5197,48.050000000000004,44.12577099835826,0.15000000000000036,0.06404041148022821
5198,48.25,44.38880179775853,0.1999999999999975,0.263030799400264
5199,48.675,44.817075608704215,0.42500000000000426,0.42827381094568395
5200,48.775000000000006,44.91974174054596,0.09999999999999964,0.1026661318417441
5201,48.65,44.69394677766631,-0.12500000000000178,-0.22579496287964695
5202,48.85,44.904378039227325,0.1999999999999993,0.2104312615610136
5203,48.925000000000004,44.98137763810863,0.07499999999999929,0.07699959888130761
5204,49.075,45.11970051660148,0.15000000000000213,0.1383228784928469
5205,49.150000000000006,45.196700115482784,0.07499999999999929,0.07699959888130761
5206,49.4,45.46696277276055,0.25,0.2702626572777624
5207,49.574999999999996,45.64211664585145,0.17499999999999893,0.17515387309090108
5208,50.125,46.21144118936487,0.5500000000000007,0.5693245435134253
5209,49.825,45.85022776363679,-0.3000000000000007,-0.3612134257280917
5210,49.825,45.83211857833124,3.552713678800501e-15,-0.01810918530555028
5211,49.95,46.00182746547855,0.125,0.1697088871473117
5212,49.95,46.00182746547855,0.0,0.0
5213,49.97500000000001,46.037838054025265,0.025000000000000355,0.036010588546719444
5214,49.925,46.030634548266,-0.05000000000000426,-0.007203505759267634
5215,49.724999999999994,45.95769096506733,-0.1999999999999975,-0.07294358319866573
5216,49.599999999999994,45.927961476174644,-0.12500000000000355,-0.02972948889268613
5217,49.55,45.93716748976176,-0.04999999999999716,0.009206013587114353
5218,49.72500000000001,46.12533155028069,0.1750000000000007,0.18816406051892934
5219,49.75000000000001,46.16134213882741,0.025000000000000355,0.036010588546719444
5220,49.6,45.99544527935056,-0.15000000000000213,-0.16589685947684502
5221,49.525,45.99199494740527,-0.07499999999999929,-0.0034503319452954444
5222,49.7,46.17491395021545,0.17499999999999893,0.18291900281016996
5223,49.50000000000001,46.12702427599026,-0.1999999999999993,-0.047889674225180895
5224,49.574999999999996,46.20402387487157,0.07499999999999929,0.07699959888130761
5225,49.775,46.46705467427182,0.1999999999999993,0.26303079940026663
5226,49.800000000000004,46.47203309605971,0.025000000000000355,0.004978421787870549
5227,49.900000000000006,46.616075450246576,0.09999999999999964,0.1440423541868752
5228,50.025,46.754752170635044,0.125,0.13867672038846354
5229,50.099999999999994,46.81267611832823,0.07500000000000107,0.05792394769318712
5230,50.2,46.900632396782775,0.09999999999999787,0.08795627845454068
5231,50.175,46.91909542398394,-0.02499999999999858,0.01846302720117223
5232,50.3,47.0430622909852,0.125,0.12396686700126089
5233,50.425000000000004,47.20242712254623,0.125,0.15936483156102876
5234,50.650000000000006,47.370220707840424,0.22500000000000142,0.16779358529419622
5235,50.87499999999999,47.63386413122765,0.22499999999999787,0.26364342338721675
5236,50.87499999999999,47.64857398461485,1.7763568394002505e-15,0.014709853387203422
5237,50.949999999999996,47.72557358349616,0.07499999999999929,0.07699959888130761
5238,51.075,47.864250303884624,0.125,0.13867672038846354
5239,51.400000000000006,48.12000016763336,0.3249999999999975,0.25574986374873543
5240,51.574999999999996,48.29530010055549,0.1750000000000025,0.17529993292213464
5241,51.75,48.485309886864826,0.1750000000000007,0.1900097863093365
5242,51.949999999999996,48.73201837289344,0.1999999999999993,0.2467084860286193
5243,52.1,48.88601757065606,0.15000000000000036,0.15399919776261706
5244,52.474999999999994,49.14897094016406,0.3749999999999982,0.26295336950800224
5245,52.974999999999994,49.56531088344774,0.5000000000000036,0.41633994328367074
5246,53.22500000000001,49.788190708476776,0.24999999999999822,0.22287982502903467
5247,53.4,49.97820049478611,0.1750000000000007,0.1900097863093365
5248,55.12500000000001,51.86136922236176,1.7250000000000014,1.883168727575654
5249,55.35,52.105144940627746,0.22499999999999787,0.24377571826598765
5250,55.724999999999994,52.4511123727502,0.3749999999999982,0.34596743212245845
5251,56.199999999999996,52.822710131885316,0.47499999999999964,0.3715977591351097
5252,56.275,52.89970973076663,0.07499999999999929,0.07699959888130761
5253,56.675000000000004,53.3160603962565,0.40000000000000213,0.41635066548987826
5254,56.775000000000006,53.429070583684535,0.10000000000000142,0.11301018742802887
5255,56.900000000000006,53.557403248486715,0.125,0.12833266480218058
5256,57.2,53.74854322296567,0.3000000000000007,0.19113997447895145
5257,57.425000000000004,54.00362946270051,0.22500000000000142,0.2550862397348428
5258,57.775,54.30130931892483,0.34999999999999787,0.29767985622431714
5259,58.05,54.628357881896605,0.27500000000000036,0.3270485629717794
5260,58.725,55.22131809842438,0.6749999999999989,0.5929602165277812
5261,58.800000000000004,55.301717029224044,0.07500000000000107,0.08039893079965979
5262,58.975,55.407833493011076,0.17499999999999893,0.10611646378703952
5263,59.15,55.481130918105364,0.1750000000000007,0.07329742509428573
5264,59.325,55.612301290865894,0.1750000000000025,0.13117037276052773
5265,60.25,56.47546531081494,0.9249999999999972,0.863164019949042
5266,60.475,56.67083287709314,0.22499999999999964,0.19536756627819357
5267,60.7,56.74438908427875,0.22499999999999964,0.07355620718561737
5268,61.875,57.37421965964537,1.1749999999999972,0.6298305753666231
5269,62.1,57.502249482578875,0.22500000000000142,0.12802982293350904
5270,62.800000000000004,57.95332285282847,0.7000000000000011,0.4510733702495913
5271,62.675000000000004,57.875331271779224,-0.125,-0.07799158104924578
5272,62.87500000000001,57.9629847083651,0.1999999999999993,0.08765343658586913
5273,63.32500000000001,58.16020494068331,0.45000000000000284,0.1972202323182075
5274,63.050000000000004,58.06910117215214,-0.2750000000000039,-0.09110376853116796
5275,63.60000000000001,58.425073612044415,0.5500000000000007,0.35597243989228455
5276,64.075,58.89410316751872,0.47499999999999964,0.4690295554743063
5277,64.625,59.123106396584404,0.5500000000000025,0.22900322906568582
5278,65.17500000000001,59.37021881095565,0.5500000000000007,0.24711241437123493
5279,65.95,59.75740476980585,0.7750000000000004,0.38718595885020257
5280,66.7,60.575870665383675,0.7499999999999982,0.8184658955778241
5281,67.05,60.95729778429906,0.34999999999999787,0.3814271189153804
5282,66.97500000000001,60.93913759896655,-0.07499999999999751,-0.018160185332497306
5283,66.8,60.94278877272664,-0.17499999999999893,0.0036511737600786187
5284,66.375,60.722006515329724,-0.42499999999999893,-0.2207822573969018
5285,66.375,60.722006515329724,0.0,0.0
5286,65.125,59.827872964434945,-1.2500000000000018,-0.8941335508947896
5287,64.875,59.9774591463263,-0.2500000000000018,0.14958618189135148
5288,64.575,59.84597899144749,-0.3000000000000007,-0.1314801548788045
5289,64.27499999999999,59.714498836568694,-0.3000000000000007,-0.1314801548788045
5290,64.175,59.67067211827575,-0.09999999999999787,-0.04382671829293379
5291,63.77499999999999,59.2949056211979,-0.3999999999999986,-0.37576649707784926
5292,63.325,59.16162380030603,-0.45000000000000107,-0.1332818208918718
5293,64.175,59.793391089394405,0.8499999999999996,0.6317672890883658
5294,64.02499999999999,59.60487318697985,-0.15000000000000213,-0.1885179024145475
5295,64.3,59.756516035019,0.2750000000000039,0.15164284803915384
5296,64.3,59.740106515672615,-3.552713678800501e-15,-0.016409519346380547
5297,64.65,59.90990954904427,0.350000000000005,0.1698030333716527
5298,64.625,59.88424301608384,-0.025000000000000355,-0.025666532960436483
5299,64.475,59.71664649064781,-0.15000000000000213,-0.16759652543602033
5300,64.55,59.68217878602284,0.07499999999999751,-0.03446770462498536
5301,64.675,59.77148088854093,0.12500000000000533,0.08930210251810274
5302,64.675,59.77148088854093,0.0,0.0
5303,64.8,59.86078299105904,0.12499999999999822,0.08930210251809728
5304,65.225,60.047046543804,0.4250000000000007,0.1862635527449729
5305,65.375,60.15255038360409,0.14999999999999858,0.1055038398000897
5306,65.42500000000001,60.035422458260264,0.05000000000000249,-0.11712792534382184
5307,65.65,60.16685161311212,0.22499999999999787,0.13142915485185785
5308,66.0,60.435111762562045,0.34999999999999787,0.2682601494499119
5309,66.35,60.57379542320012,0.34999999999999964,0.13868366063806875
5310,66.45,60.61762214149305,0.10000000000000142,0.04382671829293535
5311,66.575,60.71216930171991,0.125,0.09454716022685665
5312,66.72500000000001,60.745090340466554,0.15000000000000213,0.0329210387466497
5313,66.875,60.810830417905954,0.15000000000000213,0.06574007743940302
5314,66.85,60.87503546525318,-0.02500000000000213,0.06420504734722043
5315,66.9,60.96258690178516,0.04999999999999716,0.08755143653197509
5316,67.375,61.23640189106211,0.4750000000000014,0.27381498927695186
5317,67.75,61.62711652532982,0.3750000000000018,0.39071463426771186
5318,68.525,62.14047964107352,0.7749999999999968,0.5133631157436935
5319,68.4,62.13492480124647,-0.12499999999999645,-0.0055548398270322055
5320,68.525,62.18970819911264,0.125,0.054783397866168405
5321,68.925,62.365015072284386,0.3999999999999986,0.17530687317173826
5322,69.22500000000001,62.660590420626974,0.3000000000000007,0.29557534834258037
5323,69.22500000000001,62.67530027401417,1.7763568394002505e-15,0.014709853387203422
5324,69.275,62.711923486547846,0.049999999999998934,0.03662321253366954
5325,69.22500000000001,62.704719980788575,-0.049999999999998934,-0.007203505759264248
5326,69.22500000000001,62.829989525655996,0.0,0.12526954486742625
5327,69.0,62.61991210599059,-0.22500000000000142,-0.21007741966539697
5328,69.025,62.66368782425658,0.02499999999999858,0.04377571826598637
5329,68.975,62.67119417188452,-0.05000000000000071,0.007506347627937614
5330,69.025,62.7293259016421,0.05000000000000071,0.05813172975757367
5331,69.10000000000001,62.87366324386809,0.07499999999999929,0.14433734222599398
5332,69.0,62.775362909827265,-0.09999999999999964,-0.09830033404082547
5333,68.9,62.731536191534325,-0.10000000000000142,-0.04382671829293535
5334,68.925,62.757202724494775,0.025000000000000355,0.025666532960436483
5335,68.925,62.81167634024266,0.0,0.05447361574788984
5336,68.825,62.76784962194972,-0.09999999999999787,-0.04382671829293379
5337,68.775,62.77535596957766,-0.05000000000000071,0.007506347627937614
5338,68.625,62.65950807419129,-0.15000000000000213,-0.11584789538637424
5339,68.55,62.62663803547158,-0.07499999999999929,-0.03287003871970073
5340,68.45,62.61223102395306,-0.09999999999999787,-0.014407011518528495
5341,68.3,62.62165267343411,-0.15000000000000036,0.009421649481054568
5342,68.275,62.685857720781335,-0.02499999999999858,0.06420504734722199
5343,68.225,62.649234508247666,-0.05000000000000249,-0.0366232125336711
5344,68.125,62.645171552315425,-0.09999999999999787,-0.004062955932245533
5345,67.95,62.55206527595641,-0.1750000000000007,-0.09310627635901274
5346,67.925,62.54110859638318,-0.02499999999999858,-0.010956679573233059
5347,67.85000000000001,62.508238557663475,-0.07499999999999929,-0.03287003871970073
5348,67.5,62.350479245837285,-0.34999999999999964,-0.15775931182619107
5349,67.35000000000001,62.270029315010675,-0.15000000000000036,-0.0804499308266049
5350,67.3,62.24811595586421,-0.05000000000000071,-0.021913359146467675
5351,67.175,62.176923038651665,-0.12500000000000355,-0.07119291721254896
5352,67.05,62.092719934011086,-0.12499999999999822,-0.08420310464057186
5353,66.95,62.13876479602581,-0.10000000000000142,0.04604486201472129
5354,66.65,61.99257478775981,-0.3000000000000007,-0.1461900082660061
5355,66.65,62.00558497518784,1.7763568394002505e-15,0.013010187428028357
5356,66.72500000000001,62.14303644760239,0.07499999999999929,0.13745147241456107
5357,66.72500000000001,62.157746300989594,1.7763568394002505e-15,0.014709853387203422
5358,66.65,62.1248762622699,-0.07499999999999929,-0.03287003871970073
5359,66.7,62.221951348336816,0.049999999999998934,0.09707508606692372
5360,66.55000000000001,62.14150141751022,-0.15000000000000036,-0.0804499308266049
5361,66.60000000000001,62.17982429600306,0.05000000000000071,0.03832287849284433
5362,66.55000000000001,62.187330643630986,-0.05000000000000249,0.007506347627935785
5363,66.42500000000001,62.0686088343385,-0.12499999999999645,-0.11872180929250076
5364,66.55,62.18903030959017,0.125,0.1204214752516797
5365,66.525,62.22818144796391,-0.025000000000000355,0.03915113837373561
5366,66.525,62.19876174118951,0.0,-0.029419706774405287
5367,66.4,62.067029744468975,-0.125,-0.13173199672053093
5368,66.425,62.21796582229683,0.02499999999999858,0.15093607782786092
5369,66.3,62.163182424430666,-0.125,-0.054783397866168405
5370,66.15,62.06122397638016,-0.15000000000000213,-0.101958448050509
5371,65.89999999999999,61.83679054522318,-0.25,-0.22443343115698042
5372,65.7,61.749137108637306,-0.1999999999999993,-0.08765343658586913
5373,65.525,61.606802274239165,-0.1750000000000007,-0.14233483439814504
5374,65.57499999999999,61.65376954235912,0.05000000000000249,0.04696726811995405
5375,65.425,61.62002809756113,-0.15000000000000036,-0.03374144479798403
5376,65.35,61.55093968823032,-0.07500000000000107,-0.06908840933080856
5377,65.39999999999999,61.672189423362894,0.049999999999998934,0.12124973513257098
5378,65.10000000000001,61.517413879326284,-0.29999999999999893,-0.15477554403661384
5379,65.05000000000001,61.46438114744624,-0.04999999999999716,-0.05303273188004437
5380,64.97500000000001,61.43151110872653,-0.07499999999999929,-0.03287003871970073
5381,64.925,61.39318823023369,-0.05000000000000426,-0.038322878492848225
5382,64.875,61.387684390433606,-0.04999999999999716,-0.005503839800087124
5383,64.7,61.31963202304807,-0.1750000000000025,-0.06805236738553025
5384,64.625,61.30147183771558,-0.07499999999999929,-0.01816018533249913
5385,64.575,61.27955847856911,-0.05000000000000071,-0.021913359146467675
5386,64.525,61.25764511942264,-0.05000000000000071,-0.021913359146467675
5387,64.325,61.151882497531226,-0.1999999999999975,-0.10576262189141904
5388,64.35000000000001,61.20696873726606,0.025000000000000355,0.05508623973484176
5389,64.4,61.281656046201235,0.04999999999999716,0.07468730893517783
5390,64.525,61.46170898893483,0.125,0.18005294273359465
5391,64.45,61.42713928425596,-0.07499999999999751,-0.034569704678873964
5392,64.44999999999999,61.44014947168398,-5.329070518200751e-15,0.013010187428022908
5393,64.425,61.396373753418,-0.024999999999995026,-0.043775718265984816
5394,64.475,61.46241667272607,0.049999999999998934,0.06604291930807482
5395,64.45,61.49122375551352,-0.02499999999999858,0.028807082787455196
5396,64.375,61.42043568022354,-0.07499999999999929,-0.07078807528998181
5397,64.425,61.47176874614442,0.05000000000000071,0.051333065920872965
5398,64.47500000000001,61.49368210529089,0.05000000000000071,0.021913359146467675
5399,64.45,61.497435279104856,-0.02500000000000213,0.0037531738139669813
5400,64.5,61.51764897229214,0.049999999999998934,0.020213693187290546
5401,64.57499999999999,61.705208262653684,0.07499999999999929,0.1875592903615323
5402,64.7,61.820530740027834,0.125,0.11532247737415428
5403,64.725,61.85920746041629,0.025000000000000355,0.03867672038846278
5404,64.675,61.83987302713684,-0.049999999999998934,-0.019334433279453972
5405,64.7,61.86723922605645,0.02500000000000213,0.027366198919613605
5406,64.80000000000001,61.963106694061494,0.09999999999999787,0.09586746800504156
5407,64.82499999999999,62.01825178765283,0.02499999999999858,0.055145093591339636
5408,64.975,62.18074931521132,0.15000000000000036,0.16249752755849284
5409,64.95,62.14998378437337,-0.02499999999999858,-0.030765530837960076
5410,64.85,62.10703632598827,-0.10000000000000142,-0.04294745838509644
5411,64.975,62.22235880336242,0.125,0.11532247737415194
5412,65.10000000000001,62.33258228285905,0.12500000000000178,0.1102234794966307
5413,65.35,62.64864581413936,0.25,0.3160635312803118
5414,65.4,62.698279214101056,0.05000000000000071,0.0496333999616979
5415,65.525,62.79719217212883,0.12499999999999822,0.09891295802777555
5416,65.7,62.98453582659643,0.1750000000000007,0.18734365446759083
5417,65.8,63.02836254488936,0.09999999999999787,0.04382671829293379
5418,65.9,63.11801848930308,0.10000000000000142,0.0896559444137173
5419,66.10000000000001,63.28432019070248,0.20000000000000107,0.16630170139940878
5420,66.22500000000001,63.36852329534307,0.125,0.08420310464057369
5421,66.275,63.38873698853035,0.049999999999998934,0.020213693187290546
5422,66.375,63.52325569318228,0.1000000000000032,0.134518704651933
5423,66.425,63.5417697204104,0.04999999999999538,0.018514027228113926
5424,66.55,63.640682678438175,0.12500000000000178,0.09891295802777711
5425,66.72500000000001,63.82380659493609,0.17499999999999893,0.18312391649790175
5426,67.15,64.22280675893859,0.4250000000000007,0.3990001640025085
5427,67.45,64.5461021480964,0.29999999999999716,0.3232953891578067
5428,67.375,64.46924860904632,-0.07499999999999751,-0.07685353905007367
5429,67.425,64.52398100688555,0.05000000000000071,0.05473239783922332
5430,67.6,64.70704606952695,0.17499999999999716,0.1830650626414
5431,67.85,64.94109035619361,0.25000000000000355,0.23404428666666025
5432,67.95,64.99792726191457,0.10000000000000142,0.05683690572096397
5433,68.35000000000001,65.39388193589434,0.40000000000000213,0.39595467397977635
5434,68.4,65.44861433373356,0.04999999999999716,0.05473239783921943
5435,68.675,65.68681663613675,0.2749999999999986,0.23820230240318893
5436,69.10000000000001,66.03998757401848,0.4250000000000007,0.3531709378817266
5437,69.075,66.02545715057742,-0.02500000000000213,-0.014530423441049562
5438,69.25,66.19809095165782,0.17499999999999716,0.1726338010803856
5439,69.475,66.32612077459132,0.22500000000000142,0.12802982293350904
5440,69.625,66.52149619469907,0.15000000000000036,0.19537542010774817
5441,69.6,66.47772047643309,-0.02499999999999858,-0.04377571826598637
5442,69.975,66.92220387849031,0.3749999999999982,0.44448340205722275
5443,70.325,67.34093354161237,0.3500000000000014,0.4187296631220608
5444,70.6,67.56782532254671,0.27500000000000213,0.22689178093433923
5445,70.775,67.70336149310815,0.1750000000000007,0.13553617056144665
5446,70.85,67.76565123860226,0.07499999999999929,0.06228974549410393
5447,71.19999999999999,67.94846445940193,0.34999999999999787,0.18281322079967585
5448,71.625,68.39048165785225,0.4250000000000007,0.4420171984503127
5449,71.975,68.75303803926724,0.3499999999999961,0.3625563814149902
5450,72.125,68.85610901303156,0.15000000000000568,0.10307097376431307
5451,72.575,69.2270352943232,0.4499999999999993,0.37092628129166016
5452,72.825,69.56903199448486,0.25,0.34199670016163525
5453,72.9,69.6347210718973,0.07499999999999929,0.06568907741245639
5454,73.25,69.92390259832574,0.34999999999999787,0.2891815264284414
5455,73.925,70.79178146734175,0.6750000000000007,0.867878869016013
5456,74.02499999999999,70.89274793322433,0.10000000000000142,0.10096646588257085
5457,74.3,71.11963971415867,0.2749999999999986,0.22689178093433768
5458,74.375,71.17756366185185,0.07500000000000107,0.05792394769318712
5459,74.45,71.25456326073316,0.07500000000000284,0.07699959888131126
5460,74.575,71.3698857381073,0.12499999999999645,0.1153224773741504
5461,74.9,71.80359189053745,0.3249999999999993,0.4337061524301466
5462,75.25,71.96999559199077,0.350000000000005,0.16640370145330233
5463,75.825,72.40250393498529,0.5749999999999957,0.43250834299452534
5464,75.82499999999999,72.39046021343982,-1.7763568394002505e-15,-0.01204372154545985
5465,76.05,72.57111792633083,0.22500000000000142,0.18065771289099172
5466,76.075,72.59508479333209,0.02499999999999858,0.023966867001259357
5467,76.6,73.19849197907999,0.5250000000000021,0.6034071857479075
5468,76.7,73.30115811092173,0.10000000000000142,0.10266613184174593
5469,76.875,73.45650313274791,0.1750000000000007,0.15534502182617368
5470,76.875,73.40727457470878,0.0,-0.04922855803913231
5471,77.175,73.5664747704028,0.29999999999999716,0.15920019569403082
5472,77.57499999999999,73.88096898789607,0.40000000000000213,0.3144942174932633
5473,78.3,74.83977027324417,0.7249999999999979,0.9588012853481087
5474,78.85,75.31424194628542,0.5499999999999972,0.474471673041239
5475,78.97500000000001,75.39674538496682,0.1250000000000071,0.08250343868140382
5476,79.25,75.74799909874251,0.274999999999995,0.35125371377569176
5477,79.525,76.02661115760826,0.27500000000000213,0.27861205886575335
5478,80.35000000000001,76.54547811315206,0.8249999999999993,0.5188669555437864
5479,81.25,77.69590164479395,0.9000000000000004,1.15042353164189
5480,81.525,77.91148290425943,0.27500000000000213,0.215581259465488
5481,81.75,78.13287084539368,0.22500000000000142,0.22138794113424823
5482,82.19999999999999,78.78970582886171,0.4499999999999993,0.6568349834680481
5483,82.19999999999999,78.78290716502504,0.0,-0.006798663836700492
5484,82.75,79.37136621358306,0.5499999999999972,0.5884590485580437
5485,84.775,82.01005196129196,2.025000000000002,2.6386857477088848
5486,85.55,82.87320333678187,0.7749999999999986,0.8631513754899215
5487,88.425,86.34405929324878,2.8749999999999964,3.470855956466897
5488,90.5,89.0884645166517,2.0750000000000064,2.7444052234029197
5489,91.125,89.97319897088111,0.6249999999999964,0.8847344542294281
5490,91.80000000000001,90.79275689388407,0.6750000000000007,0.8195579230029528
5491,92.1,91.13504072825526,0.29999999999999716,0.34228383437119614
5492,92.52499999999999,91.55197566561385,0.42500000000000426,0.41693493735860304
5493,92.875,91.89548474795896,0.34999999999999787,0.34350908234509936
5494,93.125,92.24694624379904,0.24999999999999645,0.351461495840077
5495,94.475,94.06812255836309,1.350000000000005,1.8211763145640394
5496,96.1,96.18692772912449,1.625,2.1188051707614086
5497,96.85000000000001,97.07457924345746,0.75,0.887651514332955
5498,96.95,97.20391174425714,0.09999999999999787,0.12933250079967254
5499,97.85000000000001,98.26469481177728,0.8999999999999986,1.0607830675201546
5500,97.075,97.17172080984331,-0.774999999999995,-1.0929740019339726
5501,97.15,97.2529990005508,0.07499999999999574,0.081278190707493
5502,96.45,96.21803615228474,-0.6999999999999993,-1.0349628482660593
5503,95.85,95.38917999172325,-0.6000000000000014,-0.8288561605614868
5504,95.19999999999999,94.72679802225774,-0.6499999999999986,-0.662381969465529
5505,94.725,94.43918079161963,-0.4750000000000014,-0.2876172306380849
5506,94.57499999999999,94.22311726033934,-0.14999999999999858,-0.21606353128031155
5507,94.575,94.41320447654093,0.0,0.19008721620159905
5508,93.475,93.47416195601055,-1.1000000000000014,-0.9390425205303807
5509,93.125,93.21457454830599,-0.34999999999999787,-0.2595874077045753
5510,92.72500000000001,92.9390520392403,-0.3999999999999986,-0.2755225090656772
5511,92.57499999999999,92.61242881647975,-0.15000000000000568,-0.3266232227605429
5512,92.525,92.73049485558792,-0.05000000000000071,0.11806603910816019
5513,92.80000000000001,92.85101833089348,0.27500000000000213,0.12052347530557142
5514,92.85,92.89798559901344,0.05000000000000071,0.04696726811995506
5515,93.19999999999999,93.09896685897517,0.34999999999999787,0.20098125996172686
5516,93.67500000000001,93.52489217402695,0.475000000000005,0.42592531505177456
5517,93.75,93.544018825242,0.07499999999999929,0.019126651215066667
5518,94.05000000000001,93.79648993316205,0.29999999999999716,0.25247110792003785
5519,94.32499999999999,94.06645760240067,0.27500000000000213,0.2699676692386485
5520,94.77499999999999,94.54105770536114,0.4499999999999993,0.4746001029604495
5521,95.27499999999999,95.01784952217805,0.5,0.4767918168169205
5522,95.5,95.2840718714323,0.22500000000000142,0.2662223492542317
5523,95.64999999999999,95.40428556461958,0.15000000000000213,0.12021369318729569
5524,95.675,95.44466195096723,0.02500000000000213,0.0403763863476399
5525,94.975,94.82609405533552,-0.7000000000000028,-0.6185678956317194
5526,95.02499999999999,94.86271726786919,0.04999999999999716,0.036623212533667716
5527,95.3,95.20388854398279,0.27500000000000213,0.341171276113608
5528,95.7,95.69109399244869,0.3999999999999986,0.4872054484659128
5529,95.675,95.69484716626268,-0.02500000000000213,0.0037531738139669813
5530,95.575,95.60689088780812,-0.09999999999999787,-0.08795627845454068
5531,95.775,95.82766620495542,0.1999999999999993,0.22077531714729584
5532,95.875,95.91562248340995,0.09999999999999787,0.08795627845454068
5533,95.975,95.99056857443648,0.10000000000000142,0.07494609102651593
5534,96.1,96.08948153246425,0.12500000000000355,0.09891295802777894
5535,96.275,96.23972755641292,0.1750000000000007,0.15024602394864825
5536,96.225,96.20310434387922,-0.05000000000000426,-0.03662321253367292
5537,96.20000000000002,96.1774378109188,-0.02499999999999858,-0.025666532960434654
5538,96.4,96.44219662839647,0.1999999999999993,0.2647588174776713
5539,96.44999999999999,96.52286219511701,0.05000000000000426,0.08066556672055117
5540,96.375,96.43988433845036,-0.07499999999999929,-0.08297785666667196
5541,96.60000000000001,96.82369830882745,0.22499999999999787,0.38381397037711473
5542,96.60000000000001,96.85311801560186,0.0,0.029419706774405287
5543,96.875,97.16542837306821,0.2749999999999986,0.312310357466344
5544,96.85,97.16918154688217,-0.02500000000000213,0.0037531738139669813
5545,96.85,97.17524701064228,3.552713678800501e-15,0.00606546376009808
5546,97.05,97.46333171901603,0.1999999999999993,0.2880847083737504
5547,97.475,97.91044791534388,0.42499999999999716,0.4471161963278368
5548,97.425,97.85401585154547,-0.04999999999999716,-0.05643206379839474
5549,97.475,97.89063906407914,0.05000000000000071,0.03662321253366927
5550,97.475,97.89063906407914,0.0,0.0
5551,97.45,97.8796823845059,-0.02500000000000213,-0.010956679573234615
5552,97.55,97.96593899700127,0.10000000000000497,0.08625661249537081
5553,97.55,98.02817774246843,-3.552713678800501e-15,0.06223874546715728
5554,97.525,98.06732888084215,-0.02499999999999858,0.03915113837373816
5555,97.525,98.06732888084215,0.0,0.0
5556,97.57499999999999,98.12036161272222,0.05000000000000071,0.05303273188004801
5557,97.67500000000001,98.28945787588259,0.09999999999999787,0.16909626316036006
5558,97.725,98.3718231085623,0.04999999999999716,0.08236523267971747
5559,97.89999999999999,98.59110654181481,0.17500000000000426,0.21928343325251123
5560,97.99999999999999,98.77491265836235,0.09999999999999787,0.18380611654756165
5561,97.95,98.65536258918898,-0.04999999999999716,-0.11955006917339225
5562,97.97500000000001,98.77090070245707,0.024999999999995026,0.11553811326808974
5563,97.97500000000001,98.77090070245707,0.0,0.0
5564,98.07499999999999,98.96505087459091,0.10000000000000497,0.19415017213385055
5565,98.1,99.01577131652483,0.02499999999999858,0.05072044193392058
5566,98.05000000000001,98.99385795737835,-0.05000000000000071,-0.021913359146467675
5567,98.42499999999998,99.52367272999287,0.375,0.5298147726145017
5568,98.42499999999998,99.52367272999287,0.0,0.0
5569,98.37500000000001,99.47670546187291,-0.05000000000000071,-0.04696726811995506
5570,98.32499999999999,99.49455586508714,-0.04999999999999716,0.017850403214224958
5571,98.44999999999999,99.6460967130724,0.125,0.15154084798525796
5572,98.375,99.60886087655177,-0.07500000000000284,-0.037235836520623754
5573,98.35,99.58756014139226,-0.024999999999995026,-0.02130073515951164
5574,98.45,99.65644076865868,0.09999999999999787,0.06888062726641761
5575,98.375,99.5690971141911,-0.07499999999999929,-0.08734365446758983
5576,98.44999999999999,99.6019671529108,0.07499999999999929,0.03287003871970073
5577,98.42500000000001,99.59101047333755,-0.02499999999999858,-0.010956679573233059
5578,98.35000000000001,99.51837667225718,-0.0750000000000064,-0.07263380108039491
5579,98.35000000000001,99.53308652564438,3.552713678800501e-15,0.014709853387205244
5580,98.4,99.58271992560606,0.04999999999999716,0.04963339996169401
5581,98.35,99.51069874851262,-0.05000000000000071,-0.07202117709343889
5582,98.5,99.58678288153831,0.15000000000000213,0.07608413302568881
5583,98.625,99.75989110060398,0.12499999999999645,0.17310821906565768
5584,98.57499999999999,99.62911771593646,-0.05000000000000071,-0.13077338466751726
5585,98.85,99.90433044288385,0.27500000000000213,0.27521272694740295
5586,98.875,99.92999697584429,0.02499999999999858,0.025666532960434654
5587,98.825,99.73707205168435,-0.05000000000000071,-0.19292492415994367
5588,98.79999999999998,99.62589973621718,-0.024999999999995026,-0.11117231546717038
5589,98.925,99.6540167651254,0.12499999999999645,0.0281170289082366
5590,98.9,99.58688680384512,-0.024999999999995026,-0.06712996128029358
5591,98.92500000000001,99.52268175649789,0.02499999999999858,-0.06420504734722554
5592,99.10000000000001,99.5536364933645,0.1750000000000007,0.030954736866586303
5593,99.1,99.45342085747053,0.0,-0.10021563589393889
5594,99.1,99.39296898393728,-3.552713678800501e-15,-0.060451873533258565
5595,99.32499999999999,99.45876006140364,0.22500000000000142,0.0657910774663481
5596,99.42500000000001,99.48529800044234,0.10000000000000142,0.02653793903872333
5597,99.5,99.46806022121508,0.07499999999999929,-0.01723777922727048
5598,99.57500000000002,99.5415144283468,0.07499999999999929,0.07345420713172464
5599,99.875,99.81218192754713,0.29999999999999716,0.270667499200324
5600,100.0,99.92483827307954,0.12500000000000355,0.112656345532413
5601,99.89999999999999,99.86630170139941,0.04000000000000057,-0.026889116376797074
5602,100.0,100.00000000000001,0.09999999999999787,0.13369829860059043
5603,66.65,67.65091945108297,1.1000000000000039,1.283329340147453
5604,51.23333333333333,55.16844628484743,0.09999999999999787,0.08028574821842066
5605,51.866666666666674,55.93169146814884,0.6333333333333341,0.7632451833014235
5606,52.20000000000001,56.13958752606045,0.3333333333333333,0.2078960579116101
5607,52.1,55.99909062654928,-0.10000000000000142,-0.1404968995111729
5608,52.36666666666667,56.201605797062754,0.26666666666666455,0.20251517051347662
5609,52.63333333333333,56.42365298811066,0.26666666666666927,0.22204719104790324
5610,52.633333333333326,56.40412096757623,-2.3684757858670005e-15,-0.019532020534425105
5611,51.23333333333333,54.65201660029849,-1.3999999999999986,-1.7521043672777499
5612,50.26666666666667,53.48268943685658,-0.9666666666666638,-1.169327163441903
5613,49.6,52.67625691034492,-0.6666666666666666,-0.8064325265116595
5614,48.56666666666666,51.211434268373196,-1.033333333333336,-1.4648226419717159
5615,48.43333333333334,51.050147763070875,-0.13333333333333522,-0.16128650530233418
5616,48.53333333333333,51.05392051884109,0.10000000000000142,0.0037727557702185747
5617,48.333333333333336,50.792458740353176,-0.20000000000000048,-0.2614617784879207
5618,47.56666666666666,49.82599729379592,-0.7666666666666657,-0.9664614465572516
5619,47.199999999999996,49.36292738368008,-0.3666666666666695,-0.46306991011583704
5620,46.36666666666667,48.35488672554051,-0.8333333333333334,-1.0080406581395742
5621,45.5,47.30795729951768,-0.8666666666666659,-1.0469294260228295
5622,44.800000000000004,46.46120314668044,-0.6999999999999981,-0.8467541528372401
5623,44.666666666666664,46.28038462084369,-0.13333333333333286,-0.1808185258367536
5624,44.5,46.07877648921578,-0.16666666666666666,-0.20160813162791488
5625,44.73333333333333,46.263367770822754,0.23333333333333428,0.18459128160697216
5626,44.666666666666664,46.14366047710273,-0.06666666666666761,-0.11970729372001157
5627,44.9,46.39491697330878,0.23333333333333192,0.25125649620604124
5628,45.099999999999994,46.61731471072784,0.1999999999999981,0.22239773741907468
5629,45.56666666666666,47.06462535607948,0.46666666666667095,0.44731064535163473
5630,45.86666666666667,47.35082476931436,0.2999999999999983,0.28619941323488407
5631,46.53333333333333,48.02143801286925,0.6666666666666655,0.6706132435548755
5632,46.63333333333333,48.10333885077715,0.1000000000000038,0.08190083790790902
5633,46.63333333333333,48.10333885077715,0.0,0.0
5634,46.666666666666664,48.14366047710274,0.03333333333333144,0.04032162632558068
5635,46.96666666666666,48.33076692922319,0.29999999999999954,0.1871064521204488
5636,47.0,48.351556535014346,0.033333333333333805,0.020789605791161306
5637,47.333333333333336,48.59851663399479,0.3333333333333333,0.24696009898045454
5638,47.56666666666666,48.76214303662502,0.23333333333333428,0.1636264026302229
5639,47.6,48.782932642416185,0.033333333333333805,0.020789605791161306
5640,47.73333333333333,48.92182141029944,0.1333333333333305,0.13888876788325236
5641,48.0,49.088138256628724,0.2666666666666657,0.16631684632928748
5642,48.29999999999999,49.422903722370584,0.3000000000000019,0.33476546574186505
5643,48.666666666666664,49.70731973079198,0.25000000000000355,0.19132790133443126
5644,48.3,49.07478024823583,0.10000000000000142,0.06236881737348391
5645,48.2,48.99483871304065,-0.09999999999999964,-0.07994153519518099
5646,48.35,49.22127800822899,0.14999999999999858,0.22643929518834488
5647,48.275,49.12960533186938,-0.07500000000000284,-0.09167267635962033
5648,47.975,48.83475411507018,-0.29999999999999893,-0.29485121679918547
5649,48.15,48.974669903861,0.17499999999999893,0.1399157887908055
5650,48.25,49.06924047800766,0.10000000000000142,0.09457057414665845
5651,48.325,49.12496655259566,0.07499999999999929,0.05572607458800581
5652,48.575,49.35866100505066,0.25,0.23369445245499412
5653,48.599999999999994,49.39133661927459,0.025000000000000355,0.03267561422393597
5654,48.925,49.75532258380211,0.32500000000000107,0.36398596452751625
5655,49.025000000000006,49.85218442623081,0.09999999999999964,0.09686184242870138
5656,48.974999999999994,49.82353132716874,-0.049999999999998934,-0.028653099062061795
5657,49.125,50.00882152248072,0.14999999999999858,0.1852901953119801
5658,49.125,50.02362377427685,-1.7763568394002505e-15,0.014802251796121636
5659,49.22500000000001,50.141510468740336,0.10000000000000142,0.11788669446348274
5660,49.325,50.221452003935504,0.10000000000000142,0.07994153519518271
5661,49.425,50.292933385513926,0.09999999999999787,0.07148138157841967
5662,49.625,50.49934126673006,0.20000000000000107,0.2064078812161317
5663,49.775,50.677257193595956,0.14999999999999858,0.17791592686588856
5664,49.95,50.86338094616152,0.1750000000000025,0.18612375256556798
5665,50.025,50.92544911892889,0.07499999999999929,0.06206817276736942
5666,50.175000000000004,51.08856279399866,0.15000000000000036,0.1631136750697669
5667,50.6,51.53283671941065,0.4250000000000025,0.4442739254119964
5668,50.775,51.75707884408916,0.17499999999999538,0.2242421246785084
5669,50.8,51.75803189928346,0.025000000000000355,0.0009530551942928205
5670,50.900000000000006,51.84848586049603,0.10000000000000142,0.09045396121257253
5671,51.05,52.02005968918255,0.15000000000000036,0.17157382868652712
5672,51.625,52.66647833410328,0.5749999999999975,0.6464186449207262
5673,51.849999999999994,52.913836702182635,0.2250000000000032,0.24735836807935496
5674,52.099999999999994,53.165352066064344,0.25,0.25151536388170814
5675,52.099999999999994,53.165352066064344,0.0,0.0
5676,52.2,53.22837329402601,0.09999999999999964,0.0630212279616612
5677,52.525,53.591793011916785,0.3249999999999975,0.3634197178907892
5678,53.4,54.6045559365867,0.8750000000000018,1.012762924669902
5679,53.650000000000006,54.847664861755575,0.25,0.24310892516888824
5680,54.0,55.135920388555476,0.34999999999999964,0.2882555267998957
5681,54.2,55.31477603857999,0.20000000000000107,0.1788556500245137
5682,54.400000000000006,55.510486212801254,0.1999999999999975,0.1957101742212635
5683,54.55,55.66634511736564,0.15000000000000036,0.15585890456438314
5684,54.949999999999996,56.11080558765795,0.40000000000000036,0.4444604702923119
5685,54.99999999999999,56.142316201638785,0.049999999999998934,0.031510613980830035
5686,55.349999999999994,56.493831565520495,0.3500000000000032,0.35151536388171134
5687,55.474999999999994,56.613757200348935,0.125,0.11992563482844211
5688,55.5,56.62951250733935,0.025000000000000355,0.01575530699041558
5689,55.975,57.102212604064825,0.47499999999999964,0.47270009672546676
5690,56.275,57.43690010782111,0.29999999999999893,0.33468750375629236
5691,56.550000000000004,57.697936110321756,0.27500000000000036,0.2610360025006422
5692,56.64999999999999,57.71238025505701,0.09999999999999964,0.014444144735264541
5693,57.025000000000006,58.14217130352959,0.3749999999999982,0.4297910484725625
5694,57.175,58.3190013452248,0.15000000000000036,0.17683004169522204
5695,57.325,58.487544446147915,0.15000000000000036,0.16854310092311034
5696,57.775,58.947693176491036,0.4499999999999993,0.4601487303431169
5697,58.1,59.30773574092911,0.32500000000000284,0.3600425644380814
5698,58.400000000000006,59.646939998212716,0.29999999999999893,0.33920425728361514
5699,58.574999999999996,59.815350269159445,0.17499999999999716,0.1684102709467302
5700,58.975,60.265066952460465,0.40000000000000213,0.4497166833010085
5701,60.15,61.61983297309715,1.1750000000000007,1.3547660206366814
5702,60.7,62.27581098884097,0.5500000000000007,0.6559780157438275
5703,61.275000000000006,62.960574933623235,0.5750000000000011,0.6847639447822675
5704,61.349999999999994,63.003497313911815,0.07499999999999751,0.042922380288568734
5705,61.87499999999999,63.50764224158133,0.5249999999999986,0.5041449276695293
5706,62.35,64.10086633998037,0.4750000000000032,0.5932240983990305
5707,62.074999999999996,63.77627778961256,-0.27500000000000213,-0.3245885503678144
5708,62.625,64.4293982904376,0.5500000000000007,0.6531205008250603
5709,63.15,64.98297925875562,0.5249999999999986,0.5535809683180054
5710,63.97500000000001,65.9382848619577,0.8250000000000011,0.955305603202066
5711,64.7,66.76090151890016,0.7250000000000032,0.8226166569424646
5712,65.625,67.8406091275897,0.9249999999999972,1.0797076086895554
5713,66.02499999999999,68.23414753146963,0.3999999999999986,0.3935384038799272
5714,66.175,68.38354483991395,0.15000000000000036,0.14939730844431182
5715,66.1,68.29078627838366,-0.07499999999999751,-0.09275856153028253
5716,65.85,67.99675528680238,-0.2500000000000018,-0.29403099158127394
5717,65.175,67.19844818823931,-0.6750000000000007,-0.7983070985630734
5718,64.89999999999999,66.94284161159202,-0.2749999999999986,-0.2556065766472967
5719,64.1,65.98197375256024,-0.8000000000000007,-0.9608678590317872
5720,63.25,64.96542020180871,-0.8499999999999996,-1.0165535507515193
5721,63.0,64.63024011035108,-0.2500000000000018,-0.3351800914576383
5722,62.825,64.36655473250754,-0.17499999999999716,-0.2636853778435438
5723,62.925000000000004,64.42523241978652,0.10000000000000142,0.05867768727898864
5724,62.8,64.24609777777358,-0.12500000000000178,-0.1791346420129375
5725,62.025000000000006,63.341275368186494,-0.7750000000000004,-0.9048224095870857
5726,62.35,63.81036312105078,0.32500000000000107,0.46908775286428833
5727,62.175,63.61994954270648,-0.1750000000000025,-0.19041357834430245
5728,62.325,63.828729071179936,0.15000000000000036,0.20877952847345557
5729,62.324999999999996,63.843531322976055,0.0,0.014802251796122757
5730,62.575,64.16608093297891,0.25000000000000355,0.32254961000285504
5731,62.5,64.09138227875675,-0.07500000000000107,-0.07469865422215695
5732,62.6,64.18183623996933,0.10000000000000142,0.09045396121257253
5733,62.849999999999994,64.45992537967986,0.24999999999999467,0.2780891397105335
5734,62.775,64.42117332722931,-0.07499999999999751,-0.038752052450542425
5735,62.65,64.22740964626492,-0.125,-0.1937636809644106
5736,62.724999999999994,64.31908232262452,0.07499999999999929,0.091672676359616
5737,63.225,64.94069220946875,0.5000000000000018,0.6216098868442292
5738,63.400000000000006,65.14608125245383,0.17499999999999893,0.20538904298507038
5739,63.725,65.5411577463375,0.32500000000000107,0.3950764938836704
5740,63.9,65.72877959279978,0.17499999999999716,0.18762184646229504
5741,64.175,65.99198736564178,0.27500000000000213,0.2632077728419817
5742,64.425,66.3029923793605,0.25,0.31100501371873296
5743,64.475,66.38525184690907,0.05000000000000071,0.08225946754856621
5744,64.575,66.47691119123301,0.09999999999999964,0.09165934432394685
5745,64.675,66.622457546696,0.09999999999999964,0.14554635546298011
5746,64.80000000000001,66.79004759242483,0.12500000000000178,0.16759004572882077
5747,64.725,66.69728903089452,-0.07500000000000284,-0.09275856153028895
5748,64.525,66.52792570475351,-0.1999999999999993,-0.16936332614102415
5749,64.875,66.95681741293572,0.34999999999999964,0.4288917081822136
5750,65.45,67.54650359993147,0.5750000000000011,0.5896861869957554
5751,66.025,68.1996644836248,0.5749999999999993,0.6531608836933298
5752,65.77499999999999,67.90792476032557,-0.2500000000000018,-0.29173972329922837
5753,65.675,67.8366165915918,-0.09999999999999787,-0.07130816873377077
5754,66.075,68.32553753217643,0.3999999999999986,0.4889209405846215
5755,65.95,68.18035093443842,-0.125,-0.14518659773801393
5756,65.92500000000001,68.13607700902642,-0.02499999999999858,-0.04427392541199232
5757,65.95,68.14766198817881,0.025000000000000355,0.01158497915238929
5758,65.825,67.99499369218681,-0.125,-0.152668295991987
5759,65.7,67.82848953162868,-0.12499999999999822,-0.1665041605581478
5760,65.65,67.7673744140556,-0.05000000000000071,-0.061115117573078775
5761,65.475,67.57370318019929,-0.17499999999999893,-0.19367123385630414
5762,65.25,67.31783094359923,-0.2250000000000032,-0.25587223660005587
5763,65.375,67.42404021180224,0.125,0.10620926820298698
5764,65.4,67.40071075944972,0.02499999999999858,-0.023329452352495686
5765,65.4,67.42705760752997,1.7763568394002505e-15,0.026346848080243686
5766,65.25,67.23537159913468,-0.1500000000000039,-0.19168600839529046
5767,65.475,67.42382573894773,0.22500000000000142,0.1884541398130408
5768,65.425,67.36162473620398,-0.049999999999998934,-0.062201002743745314
5769,65.4,67.34472982913896,-0.024999999999996803,-0.016894907065021735
5770,65.375,67.30040218882301,-0.02500000000000213,-0.04432764031593703
5771,65.275,67.17817195367685,-0.10000000000000142,-0.12223023514615755
5772,65.225,67.11071473792443,-0.049999999999998934,-0.06745721575244021
5773,64.85,66.73070615578963,-0.3749999999999982,-0.3800085821347894
5774,64.60000000000001,66.42942039370298,-0.2500000000000018,-0.3012857620866577
5775,64.575,66.38188881277898,-0.024999999999996803,-0.047531580923996265
5776,64.375,66.19463879217447,-0.20000000000000462,-0.1872500206045105
5777,64.25,66.06819784632202,-0.12499999999999822,-0.12644094585245205
5778,64.225,66.01849449505667,-0.02500000000000213,-0.0497033512653401
5779,64.2,65.98062845086082,-0.024999999999996803,-0.037866044195859656
5780,64.10000000000001,65.85948410088534,-0.09999999999999964,-0.12114434997548668
5781,63.75000000000001,65.43276416304445,-0.34999999999999964,-0.42671993784087625
5782,63.62500000000001,65.34330198923033,-0.125,-0.08946217381411474
5783,63.625,65.341130218889,-1.7763568394002505e-15,-0.002171770341339495
5784,63.525000000000006,65.21889998374284,-0.10000000000000142,-0.12223023514615755
5785,63.45,65.12722730738322,-0.07499999999999929,-0.091672676359616
5786,63.2,64.8258757622598,-0.24999999999999822,-0.30135154512342077
5787,62.875,64.47515230886056,-0.32500000000000284,-0.3507234533992419
5788,62.925,64.50032082466203,0.05000000000000071,0.025168515801468005
5789,62.849999999999994,64.4319105537153,-0.07500000000000107,-0.06841027094673416
5790,62.825,64.41827330216228,-0.024999999999996803,-0.013637251553015699
5791,62.7,64.28662985820507,-0.125,-0.13164344395720737
5792,62.724999999999994,64.30129928002482,0.02499999999999858,0.014669421819744705
5793,62.625,64.14209027284032,-0.10000000000000142,-0.1592090071844956
5794,62.925,64.44197077489962,0.3000000000000025,0.29988050205929545
5795,62.949999999999996,64.4670989078328,0.02499999999999858,0.025128132933193794
5796,63.0,64.4995759090436,0.05000000000000249,0.032477001210793874
5797,62.825,64.33871311938762,-0.1750000000000025,-0.16086278965599618
5798,62.974999999999994,64.49856913894537,0.15000000000000036,0.15985601955776185
5799,62.675000000000004,64.22592402102669,-0.29999999999999893,-0.272645117918682
5800,62.45,64.00272866255341,-0.22499999999999964,-0.22319535847327346
5801,62.4,63.93309967645964,-0.05000000000000071,-0.06962898609377971
5802,62.35,63.86872690337456,-0.049999999999998934,-0.06437277308508271
5803,62.425,63.92126110548732,0.07499999999999929,0.052534202112766076
5804,62.400000000000006,63.88853177635945,-0.025000000000000355,-0.03272932912787672
5805,62.325,63.81040225378063,-0.07499999999999751,-0.07812952257880827
5806,62.324999999999996,63.80188838525993,-3.552713678800501e-15,-0.00851386852070527
5807,62.349999999999994,63.81872957742101,0.02500000000000213,0.016841192161087423
5808,62.175,63.61854303254069,-0.1750000000000007,-0.20018654488031942
5809,62.225,63.66268412797631,0.05000000000000071,0.04414109543561861
5810,62.15,63.5710114516167,-0.07500000000000284,-0.09167267635962033
5811,62.175,63.5381480286096,0.02500000000000213,-0.032863423007093634
5812,62.3,63.64756123742065,0.125,0.10941320881105167
5813,62.25000000000001,63.585360234676905,-0.049999999999998934,-0.062201002743745314
5814,62.125,63.446276739236836,-0.12500000000000178,-0.1390834954400688
5815,62.25,63.53345971290173,0.125,0.08718297366489659
5816,62.0,63.23114178054835,-0.25,-0.3023179323533835
5817,62.025,63.2372973338474,0.02500000000000213,0.006155553299048109
5818,62.125,63.339295891344086,0.09999999999999964,0.10199855749668814
5819,62.0,63.217198486174304,-0.12500000000000178,-0.12209740516978061
5820,62.099999999999994,63.27492185435616,0.09999999999999964,0.05772336818185147
5821,62.025,63.17061869654175,-0.07500000000000107,-0.10430315781440455
5822,62.025000000000006,63.15581644474563,1.7763568394002505e-15,-0.014802251796121636
5823,62.125,63.246270405958214,0.09999999999999964,0.0904539612125714
5824,62.025000000000006,63.14730257622494,-0.09999999999999787,-0.09896782973327026
5825,62.175,63.26087278083834,0.1499999999999968,0.11357020461340546
5826,62.55,63.5869943518341,0.3750000000000018,0.3261215709957609
5827,62.949999999999996,63.973104772364,0.3999999999999986,0.3861104205298949
5828,63.0,63.98764136420736,0.049999999999998934,0.014536591843368895
5829,63.10000000000001,64.06970095483994,0.1000000000000032,0.08205959063258146
5830,63.45,64.44435922619382,0.34999999999999787,0.3746582713538825
5831,63.575,64.56645663136361,0.12500000000000178,0.12209740516978061
5832,63.474999999999994,64.4738308998097,-0.10000000000000142,-0.09262573155390993
5833,63.8,64.78004016801268,0.3249999999999993,0.30620926820298605
5834,63.699999999999996,64.65780993286653,-0.10000000000000142,-0.12223023514615755
5835,64.05,64.99676059833021,0.3500000000000014,0.33895066546369007
5836,64.075,64.99771365352451,0.02500000000000213,0.0009530551942939421
5837,64.19999999999999,65.08912066993138,0.125,0.09140701640686325
5838,64.525,65.316116181049,0.3249999999999993,0.22699551111761387
5839,64.75,65.43048121071182,0.22499999999999964,0.11436502966282872
5840,65.025,65.59212549338156,0.27500000000000036,0.16164428266974326
5841,65.275,65.775059024136,0.24999999999999822,0.18293353075443244
5842,65.825,66.22204595311882,0.5500000000000025,0.4469869289828255
5843,65.925,66.2132276924412,0.09999999999999787,-0.0088182606776226
5844,66.3,66.53409305042827,0.375,0.32086535798706584
5845,66.525,66.74555853163994,0.22499999999999964,0.21146548121168018
5846,66.65,66.86657005163906,0.12500000000000355,0.12101151999911408
5847,66.725,66.9138359726103,0.07499999999999929,0.047265920971245615
5848,67.0,67.16635810659025,0.2749999999999986,0.25252213397993867
5849,67.075,67.25585901260852,0.07500000000000284,0.08950090601828294
5850,67.25,67.42535516872593,0.17499999999999716,0.16949615611739885
5851,67.5,67.68116035838636,0.25000000000000355,0.2558051896604454
5852,67.625,67.83177638197773,0.125,0.15061602359135737
5853,67.85000000000001,68.0159286278792,0.22499999999999787,0.184152245901477
5854,68.025,68.1896608948714,0.17499999999999716,0.1737322669921929
5855,68.175,68.28310685164321,0.15000000000000036,0.0934459567718247
5856,68.725,68.77341465084375,0.5499999999999989,0.49030779920052286
5857,68.775,68.79338066854045,0.05000000000000071,0.01996601769671443
5858,68.875,68.85857366684345,0.10000000000000142,0.06519299830299972
5859,69.675,69.54866952099516,0.7999999999999989,0.6900958541517114
5860,69.85,69.68113319017029,0.17499999999999893,0.1324636691751215
5861,69.925,69.74211547776699,0.07499999999999929,0.06098228759669975
5862,69.925,69.74531941837506,3.552713678800501e-15,0.0032039406080685007
5863,70.22500000000001,70.01142508900408,0.3000000000000007,0.2661056706290201
5864,70.15,69.9251818384978,-0.07499999999999929,-0.08624325050627257
5865,70.60000000000001,70.32176595284093,0.4499999999999993,0.3965841143431209
5866,70.725,70.45238929466421,0.12500000000000178,0.13062334182330762
5867,70.9,70.64497464334987,0.17499999999999893,0.19258534868563648
5868,71.325,71.1124572592708,0.4250000000000007,0.46748261592093737
5869,71.525,71.31359685934542,0.19999999999999574,0.20113960007460482
5870,71.54999999999998,71.36850270871551,0.02499999999999858,0.0549058493700903
5871,72.02499999999999,71.86230550864535,0.47499999999999787,0.4938027999298373
5872,72.475,72.37616803728285,0.4500000000000064,0.5138625286375073
5873,72.725,72.61601930693973,0.24999999999999645,0.23985126965687997
5874,72.77499999999999,72.67604853934213,0.04999999999999716,0.06002923240240581
5875,72.875,72.79284934863493,0.10000000000000142,0.11680080929281413
5876,73.1,72.9494493633448,0.22500000000000142,0.15660001470986185
5877,73.4,73.23887115429066,0.30000000000000426,0.2894217909458484
5878,73.85,73.70403710176105,0.4499999999999993,0.46516594747039547
5879,74.125,73.96828911300258,0.27500000000000213,0.2642520112415363
5880,74.55,74.44118908664404,0.4249999999999936,0.47289997364144676
5881,74.775,74.62522183460482,0.22500000000000497,0.18403274796077643
5882,74.975,74.7830405644617,0.19999999999999574,0.1578187298569031
5883,75.5,75.26803969965246,0.5250000000000057,0.4849991351907393
5884,75.8,75.55341066070096,0.2999999999999936,0.28537096104851706
5885,76.55,76.31519945471865,0.75,0.7617887940176837
5886,76.75,76.53834236219083,0.20000000000000284,0.22314290747217802
5887,77.025,76.79937836469148,0.2749999999999986,0.26103600250064013
5888,77.225,77.0362376387891,0.20000000000000284,0.23685927409763427
5889,77.4,77.17395752097292,0.1750000000000007,0.13771988218381814
5890,77.6,77.41407445058255,0.19999999999999574,0.2401169296096318
5891,78.075,77.93505891974907,0.4750000000000014,0.5209844691665099
5892,78.30000000000001,78.13172214916462,0.22500000000000142,0.1966632294155595
5893,78.27499999999999,78.08961999409397,-0.025000000000005684,-0.04210215507066248
5894,78.4,78.2095456289224,0.12500000000000355,0.11992563482844533
5895,78.775,78.66573724037916,0.375,0.4561916114567471
5896,79.32499999999999,79.27227921547451,0.5500000000000007,0.6065419750953505
5897,79.425,79.36273317668707,0.09999999999999787,0.0904539612125703
5898,79.8,79.67839603656938,0.37500000000000355,0.3156628598823125
5899,80.625,80.48276244961487,0.8250000000000028,0.8043664130454874
5900,81.15,81.00070159507946,0.5249999999999986,0.5179391454645775
5901,81.47500000000001,81.28781878570757,0.3249999999999993,0.28711719062812785
5902,81.625,81.52168606424596,0.14999999999999858,0.23386727853837774
5903,81.72500000000001,81.64283041422145,0.10000000000000142,0.12114434997548877
5904,82.025,81.97991661606768,0.3000000000000007,0.3370862018462207
5905,82.32499999999999,82.32746152902733,0.29999999999999716,0.3475449129596666
5906,82.39999999999999,82.41913420538694,0.07499999999999929,0.091672676359616
5907,82.8,82.85821896472986,0.3999999999999986,0.4390847593429077
5908,83.175,83.22445746533525,0.375,0.36623850060539653
5909,83.375,83.45714641159486,0.1999999999999993,0.2326889462596033
5910,83.775,83.8212535247272,0.40000000000000213,0.36410711313233246
5911,84.55,84.69126893261728,0.7749999999999986,0.8700154078900818
5912,84.72500000000001,84.88928370715625,0.17500000000000426,0.19801477453898422
5913,84.85,85.0283551344635,0.12499999999999645,0.13907142730723643
5914,85.3,85.49775719280869,0.45000000000000284,0.469402058345193
5915,85.275,85.46828551919282,-0.02499999999999858,-0.029471673615868593
5916,85.225,85.43677490521199,-0.05000000000000071,-0.03151061398083116
5917,85.275,85.49571825244372,0.05000000000000071,0.05894334723174137
5918,85.9,86.21593621129625,0.625,0.7202179588525334
5919,86.32499999999999,86.67199372887379,0.42499999999999716,0.45605751757752355
5920,87.825,88.25073115862486,1.5000000000000036,1.5787374297510717
5921,88.1,88.57097616831,0.2749999999999986,0.32024500968513536
5922,88.225,88.71525009372199,0.125,0.14427392541199419
5923,88.55000000000001,89.06677878963936,0.3249999999999993,0.3515286959173758
5924,88.65,89.1551804784513,0.09999999999999787,0.08840168881194006
5925,88.82499999999999,89.3679975047864,0.1750000000000007,0.21281702633510477
5926,89.475,89.98400261188823,0.6499999999999986,0.6160051071018129
5927,89.55,90.07241763273584,0.07499999999999929,0.08841502084760997
5928,90.15,90.58789394773784,0.6000000000000085,0.5154763150020008
5929,90.85,91.26330666127286,0.6999999999999957,0.6754127135350277
5930,91.45,91.92040968115279,0.5999999999999979,0.6571030198799218
5931,91.575,92.06885393440281,0.125,0.14844425325001995
5932,91.75,92.18229130903983,0.1750000000000007,0.11343737463703248
5933,92.125,92.4925247430688,0.375,0.3102334340289675
5934,92.17500000000001,92.54204154945381,0.05000000000000071,0.04951680638502017
5935,92.15,92.51148399066727,-0.02499999999999858,-0.030557558786537216
5936,92.25,92.5955958537005,0.09999999999999432,0.08411186303320085
5937,92.05,92.32890514826202,-0.19999999999999574,-0.266690705438462
5938,91.25,91.3673515446528,-0.8000000000000007,-0.9615536036092172
5939,91.325,91.4230776192408,0.07499999999999929,0.05572607458800522
5940,91.175,91.23756049618024,-0.14999999999999858,-0.1855171230605694
5941,90.525,90.43672186955088,-0.6499999999999986,-0.8008386266293751
5942,90.04999999999998,89.86481533397196,-0.4750000000000014,-0.5719065355788923
5943,89.89999999999999,89.67495467022873,-0.14999999999999858,-0.1898606637432442
5944,90.0,89.79718490537488,0.09999999999999787,0.12223023514615321
5945,89.77499999999999,89.5232527614667,-0.22500000000000142,-0.2739321439081835
5946,89.975,89.770970887271,0.20000000000000284,0.24771812580432112
5947,90.05,89.86047179328929,0.07499999999999929,0.08950090601827858
5948,90.65,90.44794874164239,0.5999999999999979,0.5874769483530928
5949,90.825,90.66185165314818,0.1750000000000007,0.21390291150577356
5950,91.25,91.15561533411258,0.4250000000000007,0.49376368096441164
5951,91.6,91.46500314275512,0.3500000000000014,0.3093878086425587
5952,91.72500000000001,91.5702997386321,0.125,0.10529659587696637
5953,92.075,91.89231802872945,0.34999999999999787,0.32201829009733984
5954,92.275,92.08820141579537,0.20000000000000284,0.19588338706591882
5955,92.52499999999999,92.30387760771333,0.25,0.21567619191797804
5956,92.69999999999999,92.48074803227682,0.1749999999999936,0.17687042456348753
5957,92.80000000000001,92.52371079543369,0.10000000000000497,0.04296276315684846
5958,92.55000000000001,92.21922109273895,-0.25,-0.3044897026947209
5959,92.6,92.29296669176682,0.04999999999999716,0.07374559902785995
5960,92.52499999999999,92.20020813023653,-0.07499999999999574,-0.09275856153028043
5961,92.575,92.2465209960135,0.04999999999999716,0.04631286577695167
5962,92.94999999999999,92.40914412080728,0.375,0.16262312479379387
5963,93.0,92.45123294384227,0.05000000000000071,0.042088823034988385
5964,93.0,92.45123294384227,0.0,0.0
5965,93.05000000000001,92.53869490949558,0.04999999999999716,0.08746196565331602
5966,93.10000000000001,92.58609366044321,0.05000000000000071,0.04739875094762464
5967,93.525,92.89725474949796,0.4250000000000007,0.31116108905476325
5968,93.375,92.83232741114773,-0.14999999999999858,-0.0649273383502436
5969,93.42500000000001,92.84903577333243,0.04999999999999716,0.01670836218470406
5970,93.475,92.88900654093003,0.05000000000000071,0.03997076759759196
5971,93.525,92.87611039952249,0.05000000000000071,-0.012896141407539223
5972,93.75,93.07712923775355,0.22500000000000142,0.20101883823105987
5973,93.75,93.06232698595743,3.552713678800501e-15,-0.014802251796120519
5974,93.75,93.05906933044541,0.0,-0.003257655512006032
5975,93.725,93.01370951986274,-0.02500000000000213,-0.04535981058266431
5976,93.875,93.15264811719362,0.14999999999999858,0.1389385973308616
5977,94.4,93.67041404981354,0.5249999999999986,0.5177659326199293
5978,94.575,93.8070480468267,0.1750000000000007,0.13663399701314952
5979,94.575,93.8070480468267,0.0,0.0
5980,94.7,93.90383077418296,0.12500000000000355,0.09678272735626803
5981,94.8,93.96364806153655,0.09999999999999787,0.05981728735359381
5982,95.05000000000001,94.21945325119701,0.25,0.2558051896604432
5983,95.20000000000002,94.34782570760653,0.15000000000000213,0.12837245640953426
5984,95.14999999999999,94.30676905483827,-0.05000000000000426,-0.04105665276826297
5985,95.225,94.36883722760562,0.07500000000000284,0.06206817276737272
5986,95.475,94.57806389153637,0.25,0.20922666393073328
5987,95.64999999999999,94.77059552531807,0.1750000000000007,0.19253163378169685
5988,95.625,94.76330037194441,-0.02500000000000213,-0.0072951533736571
5989,95.925,95.09183105849883,0.29999999999999716,0.3285306865544017
5990,95.94999999999999,95.10650048031857,0.02500000000000213,0.014669421819747923
5991,96.0,95.15172746092486,0.04999999999999716,0.04522698060628305
5992,96.07500000000002,95.2633511722814,0.0750000000000064,0.11162371135656032
5993,96.075,95.25271924832332,-3.552713678800501e-15,-0.010631923958100442
5994,96.275,95.49815817397842,0.1999999999999993,0.24543892565509792
5995,96.125,95.33595717123465,-0.15000000000000213,-0.1622010027437495
5996,96.1,95.32866201786102,-0.02499999999999858,-0.007295153373653659
5997,96.05000000000001,95.26754690028794,-0.04999999999999716,-0.06111511757307443
5998,96.10000000000001,95.38026982885083,0.05000000000000071,0.11272292856289107
5999,96.1,95.36963790489273,-3.552713678800501e-15,-0.010631923958100442
6000,96.025,95.29493925067058,-0.07499999999999929,-0.07469865422215582
6001,96.30000000000001,95.62438387345384,0.27500000000000213,0.32944462278327
6002,96.27499999999999,95.60228646828405,-0.02500000000000213,-0.022097405169779854
6003,96.1,95.41907394554117,-0.17500000000000426,-0.18321252274286148
6004,96.05,95.37276107976425,-0.04999999999999716,-0.04631286577695167
6005,95.925,95.24220352097771,-0.12499999999999645,-0.13055755878653588
6006,95.95,95.28430567604835,0.02499999999999858,0.042102155070656046
6007,96.05000000000001,95.40545002602386,0.10000000000000142,0.12114434997548877
6008,96.125,95.47809640784537,0.07499999999999929,0.07264638182152561
6009,96.125,95.50353058359958,0.0,0.025434175754220963
6010,96.05,95.42774604420677,-0.07499999999999929,-0.07578453939282447
6011,95.975,95.3656778714394,-0.07500000000000284,-0.06206817276737272
6012,96.025,95.46468443337683,0.05000000000000426,0.0990065619374413
6013,96.125,95.54782990918008,0.09999999999999432,0.08314547580324134
6014,96.125,95.5700064294223,7.105427357601002e-15,0.022176520242221363
6015,96.30000000000001,95.7828234557574,0.17499999999999716,0.21281702633510058
6016,96.32499999999999,95.80703891636458,0.02499999999999858,0.02421546060717406
6017,96.375,95.87661418755441,0.04999999999999716,0.06957527118983614
6018,96.45,95.9746289620934,0.07500000000000284,0.0980147745389835
6019,96.60000000000001,96.15145900378862,0.15000000000000213,0.17683004169522412
6020,96.775,96.32095515990602,0.17499999999999716,0.16949615611739885
6021,96.79999999999998,96.3484282760252,0.02499999999999858,0.027473116119180227
6022,96.80000000000001,96.40122940199356,3.552713678800501e-15,0.052801125968366
6023,97.125,96.76230413669838,0.3249999999999993,0.36107473470480617
6024,97.25,96.9140060454604,0.12500000000000355,0.15170190876203032
6025,97.55,97.2763532102162,0.29999999999999716,0.3623471647557893
6026,97.65,97.42601617861325,0.09999999999999787,0.14966296839706342
6027,97.85000000000001,97.66396133788157,0.20000000000000284,0.23794515926830292
6028,98.4,98.29159394804846,0.5500000000000007,0.6276326101668976
6029,98.85000000000001,98.79899488056589,0.4499999999999993,0.5074009325174285
6030,99.075,99.05390072993598,0.22499999999999787,0.254905849370089
6031,99.075,99.05390072993598,0.0,0.0
6032,99.375,99.39710210221295,0.29999999999999716,0.34320137227699177
6033,99.72500000000001,99.7581635048821,0.3500000000000014,0.3610614026691385
6034,99.725,99.71696069010181,0.04000000000000341,-0.02158298634082567
6035,100.0,100.00000000000001,0.2749999999999986,0.2830393098982069
6036,99.75,99.68168909523023,0.1200000000000017,0.15403586831165975
6037,100.0,99.99999999999997,0.25,0.3183109047697682
6038,100.0,99.99999999999999,0.0,0.0
6039,101.2,101.2,1.2000000000000028,1.2000000000000028
6040,102.3,102.3,1.0999999999999943,1.0999999999999943
6041,103.7,103.7,1.4000000000000057,1.4000000000000057
6042,103.7,103.7,0.0,0.0
6043,103.7,103.7,0.0,0.0
6044,103.7,103.7,0.0,0.0
6045,103.7,103.7,0.0,0.0
6046,104.6,104.6,0.8999999999999915,0.8999999999999915
6047,104.6,104.6,0.0,0.0
6048,104.6,104.6,0.0,0.0
6049,104.6,104.6,0.0,0.0
6050,104.9,104.9,0.30000000000001137,0.30000000000001137
6051,104.8,104.8,-0.10000000000000853,-0.10000000000000853
6052,104.8,104.8,0.0,0.0
6053,104.7,104.7,-0.09999999999999432,-0.09999999999999432
6054,104.7,104.7,0.0,0.0
6055,104.4,104.4,-0.29999999999999716,-0.29999999999999716
6056,104.4,104.4,0.0,0.0
6057,104.4,104.4,0.0,0.0
6058,104.2,104.2,-0.20000000000000284,-0.20000000000000284
6059,103.9,103.9,-0.29999999999999716,-0.29999999999999716
6060,66.65,67.65091945108297,1.4000000000000057,0.9541992547745519
6061,37.93333333333334,39.55830975200842,0.09999999999999787,0.08028574821842066
6062,38.333333333333336,40.00395125367165,0.3999999999999986,0.4456415016632282
6063,38.4,40.08723479783811,0.06666666666666643,0.08328354416645205
6064,39.0,40.824159302827795,0.6000000000000002,0.7369245049896898
6065,39.2,41.02584295516225,0.1999999999999993,0.20168365233445015
6066,39.43333333333333,41.26748472724547,0.23333333333333428,0.24164177208322746
6067,39.5,41.35076827141192,0.06666666666666643,0.08328354416645205
6068,39.56666666666667,41.433209989411154,0.06666666666666761,0.08244171799922807
6069,39.7,41.59977707774406,0.13333333333333286,0.1665670883329041
6070,39.800000000000004,41.72470239399373,0.10000000000000024,0.1249253162496788
6071,40.2,42.21598539732019,0.39999999999999974,0.4912830033264593
6072,40.300000000000004,42.34091071356987,0.10000000000000024,0.1249253162496788
6073,40.46666666666667,42.549119573986005,0.16666666666666666,0.20820886041613088
6074,40.56666666666667,42.671519411734,0.09999999999999905,0.12239983774800102
6075,40.666666666666664,42.794761075649234,0.10000000000000142,0.1232416639152294
6076,40.5,42.59076134606923,-0.16666666666666666,-0.20399972958000365
6077,40.56666666666666,42.67236123790123,0.06666666666666525,0.08159989183199971
6078,40.53333333333333,42.65480295590046,-0.033333333333332625,-0.017558282000772713
6079,40.6,42.738086500066906,0.06666666666666525,0.08328354416645056
6080,40.46666666666666,42.5748867164029,-0.13333333333333286,-0.16319978366400234
6081,40.76666666666667,42.94292805581414,0.29999999999999954,0.3680413394112314
6082,40.9,43.10949514414705,0.13333333333333286,0.1665670883329041
6083,40.800000000000004,42.98456982789737,-0.09999999999999905,-0.12492531624967733
6084,41.03333333333333,43.08339431182032,0.23333333333333192,0.09882448392295745
6085,41.13333333333333,43.20831962807,0.10000000000000142,0.1249253162496803
6086,40.99999999999999,43.0417525397371,-0.13333333333333522,-0.16656708833290707
6087,40.96666666666667,43.02503608390355,-0.03333333333333025,-0.016716455833544367
6088,41.400000000000006,43.2532937499136,0.43333333333333357,0.22825766601005026
6089,41.96666666666667,43.95278561365619,0.5666666666666677,0.6994918637425918
6090,42.1,44.1193527019891,0.13333333333333286,0.1665670883329041
6091,42.16666666666667,44.20263624615555,0.06666666666666761,0.08328354416645353
6092,42.43333333333333,44.533244944319684,0.2666666666666657,0.3306086981641319
6093,42.53333333333333,44.65817026056936,0.09999999999999905,0.12492531624967733
6094,42.63333333333333,44.781411924484594,0.10000000000000142,0.1232416639152294
6095,42.76666666666667,44.92389552273504,0.13333333333333286,0.14248359825045068
6096,43.1,45.333578634229504,0.3333333333333333,0.4096831114944582
6097,43.36666666666667,45.613494873727056,0.2666666666666657,0.27991623949755035
6098,44.199999999999996,46.636860826295965,0.8333333333333334,1.0233659525689198
6099,43.93333333333334,46.171011275476594,-0.2666666666666681,-0.4658495508193738
6100,43.96666666666667,46.16616971972937,0.03333333333333618,-0.004841555747226273
6101,44.0,46.2078114918126,0.033333333333333805,0.041641772083226766
6102,44.0,46.2078114918126,0.0,0.0
6103,44.300000000000004,46.365836029819555,0.29999999999999954,0.15802453800695754
6104,44.333333333333336,46.40747780190278,0.03333333333333144,0.04164177208322381
6105,44.43333333333334,46.484236137987544,0.09999999999999905,0.0767583360847722
6106,44.43333333333334,46.484236137987544,0.0,0.0
6107,44.699999999999996,46.67202754799142,0.2666666666666681,0.18779141000386687
6108,44.93333333333334,46.95931082173787,0.23333333333333428,0.2872832737464572
6109,44.93333333333334,46.95931082173787,0.0,0.0
6110,44.73333333333333,46.71535297240909,-0.20000000000000284,-0.24395784932878245
6111,45.36666666666667,47.09712731058869,0.6333333333333352,0.38177433817959655
6112,45.63333333333333,47.423526877916686,0.2666666666666657,0.3263995673280047
6113,46.03333333333333,47.658309752008414,0.40000000000000097,0.234782874091731
6114,46.333333333333336,47.88858476026274,0.29999999999999716,0.23027500825431485
6115,46.333333333333336,47.88858476026274,0.0,0.0
6116,46.56666666666666,48.083743204515514,0.23333333333333664,0.19515844425277365
6117,46.56666666666666,48.083743204515514,0.0,0.0
6118,46.699999999999996,48.25031029284841,0.13333333333333286,0.1665670883329041
6119,46.699999999999996,48.25031029284841,0.0,0.0
6120,46.96666666666667,48.46302701910196,0.2666666666666657,0.21271672625354276
6121,47.36666666666667,48.72189338327614,0.40000000000000097,0.2588663641741844
6122,47.46666666666667,48.84681869952582,0.09999999999999905,0.12492531624967733
6123,47.699999999999996,49.017893653696134,0.23333333333333428,0.17107495417031898
6124,47.96666666666667,49.23061037994968,0.2666666666666657,0.21271672625354276
6125,48.26666666666667,49.41271840803908,0.29999999999999954,0.18210802808941098
6126,48.300000000000004,49.454360180122315,0.033333333333333805,0.041641772083226766
6127,48.46666666666667,49.61440206037354,0.16666666666666666,0.160041880251224
6128,48.76666666666667,49.86876055871031,0.29999999999999954,0.25435849833676955
6129,49.4,50.34686885721972,0.6333333333333329,0.4781082985094073
6130,49.76666666666667,50.66042740964049,0.36666666666666714,0.31355855242076963
6131,50.13333333333333,50.99806945214372,0.36666666666666714,0.33764204250322305
6132,50.26666666666667,51.164636540476614,0.13333333333333286,0.1665670883329041
6133,50.46666666666667,51.414487172975974,0.20000000000000048,0.2498506324993576
6134,50.63333333333333,51.6226960333921,0.16666666666666666,0.20820886041613088
6135,51.800000000000004,52.47807080424369,1.1666666666666667,0.855374770851589
6136,52.099999999999994,52.780596282745364,0.29999999999999954,0.3025254785016764
6137,52.29999999999999,53.030446915244724,0.20000000000000048,0.2498506324993576
6138,54.666666666666664,55.883285225952,2.3666666666666694,2.8528383107072757
6139,55.0,56.200001681785544,0.333333333333331,0.3167164558335451
6140,55.4,56.69717746828258,0.3999999999999986,0.497175786497036
6141,55.666666666666664,56.9821446647835,0.2666666666666681,0.2849671965009043
6142,55.76666666666667,57.10706998103316,0.09999999999999905,0.12492531624967733
6143,56.46666666666666,57.82694434027949,0.6999999999999981,0.7198743592463248
6144,56.666666666666664,58.004544502531495,0.20000000000000284,0.17760016225200032
6145,56.833333333333336,58.21275336294762,0.16666666666666666,0.20820886041613088
6146,57.13333333333333,58.53599502686286,0.29999999999999954,0.323241663915228
6147,57.699999999999996,59.001386599118725,0.5666666666666677,0.4653915722558644
6148,58.03333333333333,59.38782804669793,0.333333333333331,0.3864414475792274
6149,58.4,59.88647808427331,0.3666666666666695,0.4986500375753675
6150,58.833333333333336,60.393635717266086,0.4333333333333324,0.507157632992782
6151,59.13333333333333,60.62222707318596,0.3000000000000019,0.22859135591986815
6152,59.20000000000001,60.70551061735241,0.06666666666666525,0.08328354416645056
6153,59.23333333333333,60.72475255168764,0.033333333333333805,0.019241934335224253
6154,59.53333333333334,60.93094406985951,0.3000000000000019,0.20619151817186565
6155,60.466666666666676,62.074184381674755,0.9333333333333323,1.1432403118152448
6156,60.699999999999996,62.33738416533875,0.23333333333333192,0.2631997836640025
6157,60.800000000000004,62.390059011341066,0.10000000000000142,0.05267484600232001
6158,61.06666666666667,62.69321691475385,0.26666666666666333,0.3031579034127738
6159,61.63333333333333,63.039874688931896,0.5666666666666677,0.3466577741780499
6160,62.03333333333334,63.461432700512674,0.3999999999999986,0.42155801158077566
6161,62.133333333333326,63.49423318726865,0.10000000000000142,0.03280048675599554
6162,62.26666666666667,63.56446631527175,0.13333333333333286,0.0702331280030921
6163,62.333333333333336,63.5995828792733,0.06666666666666761,0.035116564001546675
6164,62.5,63.735541269442066,0.1666666666666643,0.13595839016876932
6165,62.666666666666664,63.84741616952839,0.16666666666666904,0.11187490008632012
6166,63.63333333333333,64.72931479636168,0.9666666666666662,0.8818986268332875
6167,63.93333333333334,64.91226465061833,0.29999999999999954,0.18294985425663637
6168,64.13333333333334,65.06493949662064,0.20000000000000048,0.15267484600231854
6169,64.43333333333334,65.2935308525405,0.29999999999999954,0.2285913559198669
6170,65.60000000000001,66.53727930061315,1.166666666666669,1.2437484480726573
6171,66.2,67.17955349760749,0.5999999999999966,0.6422741969943242
6172,66.26666666666667,67.23875355169149,0.06666666666666761,0.059200054084000114
6173,66.53333333333333,67.49626995344103,0.2666666666666681,0.25751640174955076
6174,66.1,67.22237078576775,-0.4333333333333324,-0.2738991676732785
6175,65.9,67.11702109376313,-0.1999999999999981,-0.10534969200463752
6176,65.13333333333333,66.22594749169278,-0.766666666666668,-0.8910736020703371
6177,65.43333333333332,66.75752230467782,0.29999999999999477,0.5315748129850452
6178,65.43333333333332,66.75752230467782,0.0,0.0
6179,65.53333333333333,66.81019715068015,0.10000000000000142,0.05267484600232001
6180,65.66666666666667,66.88043027868324,0.13333333333333286,0.0702331280030921
6181,65.2,66.37643054910323,-0.46666666666666384,-0.5039997295800008
6182,65.13333333333333,66.43512246692983,-0.06666666666666761,0.058691917826589
6183,65.89999999999999,67.33208885217073,0.7666666666666634,0.8969663852409111
6184,65.36666666666667,66.86101389800042,-0.5333333333333314,-0.47107495417031614
6185,65.36666666666666,66.90833905199811,2.3684757858670005e-15,0.0473251539976843
6186,65.33333333333333,66.8675391060821,-0.03333333333333618,-0.04079994591600421
6187,65.3,66.87322248799656,-0.03333333333332907,0.005683381914458777
6188,65.2,66.79646415191178,-0.10000000000000142,-0.07675833608477345
6189,65.06666666666666,66.58846469275178,-0.13333333333333522,-0.20799945916001022
6190,64.93333333333332,66.426106735255,-0.13333333333333286,-0.16235795749677687
6191,64.93333333333334,66.47174823691823,2.3684757858670005e-15,0.045641501663233386
6192,64.63333333333334,66.31372369891128,-0.29999999999999954,-0.15802453800695754
6193,64.7,66.39448176457604,0.06666666666666525,0.08075806566477425
6194,64.83333333333333,66.46471489257914,0.13333333333333286,0.0702331280030921
6195,64.93333333333334,66.54147322866392,0.10000000000000142,0.07675833608477345
6196,64.66666666666667,66.16859033350545,-0.2666666666666681,-0.37288289515846185
6197,64.56666666666666,66.16239881533359,-0.09999999999999905,-0.006191518171862829
6198,64.76666666666667,66.43044015474482,0.1999999999999981,0.2680413394112284
6199,64.56666666666668,66.30100697265772,-0.20000000000000048,-0.1294331820870922
6200,64.56666666666668,66.30100697265772,0.0,0.0
6201,64.5,66.28997389873864,-0.06666666666666761,-0.011033073919093245
6202,64.36666666666667,66.1732574429051,-0.1333333333333281,-0.11671645583354226
6203,64.36666666666667,66.1732574429051,0.0,0.0
6204,64.39999999999999,66.19081572490586,0.03333333333333144,0.01755828200077209
6205,64.5,66.3364572265691,0.09999999999999905,0.14564150166322734
6206,64.60000000000001,66.48209872823233,0.10000000000000142,0.1456415016632319
6207,64.53333333333335,66.3772571724851,-0.06666666666666525,-0.10484155574722767
6208,64.86666666666666,66.81186560022921,0.3333333333333286,0.4346084277441312
6209,64.86666666666666,66.8815905919749,2.3684757858670005e-15,0.06972499174568682
6210,64.66666666666667,66.77624089997028,-0.1999999999999981,-0.10534969200463752
6211,64.66666666666667,66.77624089997028,0.0,0.0
6212,64.76666666666667,67.06133238512487,0.09999999999999905,0.2850914851545952
6213,64.76666666666667,67.08541587520732,0.0,0.02408349008245343
6214,64.73333333333333,67.09194108328902,-0.03333333333333144,0.006525208081681337
6215,64.63333333333333,67.06334972736914,-0.10000000000000142,-0.02859135591986659
6216,64.60000000000001,67.04579144536837,-0.03333333333333144,-0.01755828200077209
6217,64.36666666666667,66.7585081716219,-0.23333333333333428,-0.2872832737464572
6218,64.26666666666667,66.75231665345004,-0.1000000000000038,-0.006191518171868618
6219,64.19999999999999,66.76536706961339,-0.06666666666666761,0.013050416163360177
6220,64.33333333333333,66.8803998731125,0.13333333333333522,0.11503280349909836
6221,64.53333333333335,67.15012486485818,0.20000000000000048,0.2697249917456838
6222,64.56666666666666,67.11951616669404,0.033333333333333805,-0.030608698164133523
6223,64.43333333333334,67.04928303869096,-0.13333333333333522,-0.07023312800309335
6224,64.33333333333333,67.02069168277109,-0.09999999999999905,-0.028591355919865342
6225,64.43333333333334,67.12153350893831,0.09999999999999905,0.10084182616722391
6226,64.53333333333335,67.17420835494063,0.09999999999999905,0.05267484600231876
6227,64.63333333333334,67.27505018110786,0.10000000000000142,0.10084182616722688
6228,64.63333333333334,67.27505018110786,0.0,0.0
6229,64.63333333333334,67.27505018110786,0.0,0.0
6230,64.56666666666666,67.28810059727122,-0.06666666666666525,0.013050416163361426
6231,64.5,67.25298403326967,-0.06666666666666761,-0.035116564001546675
6232,64.56666666666666,67.28810059727122,0.06666666666666761,0.035116564001546675
6233,64.39999999999999,67.1762256971849,-0.16666666666666666,-0.11187490008631888
6234,64.53333333333335,67.27054231527045,0.13333333333333286,0.09431661808554553
6235,64.63333333333333,67.29997549735754,0.10000000000000142,0.029433182087093696
6236,64.53333333333335,67.24730065135522,-0.09999999999999905,-0.05267484600231876
6237,64.5,67.22974236935444,-0.033333333333333805,-0.017558282000773338
6238,64.39999999999999,67.12890054318721,-0.10000000000000142,-0.10084182616722688
6239,64.50000000000001,67.15749189910709,0.10000000000000142,0.02859135591986659
6240,64.56666666666668,67.19260846310863,0.06666666666666525,0.035116564001545426
6241,64.53333333333333,67.15180851719263,-0.03333333333333618,-0.04079994591600421
6242,64.46666666666665,67.06852497302619,-0.06666666666666525,-0.08328354416645056
6243,64.5,67.11016674510941,0.03333333333333144,0.04164177208322381
6244,64.46666666666665,67.06852497302619,-0.03333333333333144,-0.04164177208322381
6245,64.5,67.11100857127663,0.033333333333333805,0.042483598250452156
6246,64.56666666666666,67.19429211544308,0.06666666666666761,0.08328354416645353
6247,64.60000000000001,67.2359338875263,0.033333333333333805,0.041641772083226766
6248,64.60000000000001,67.2359338875263,0.0,0.0
6249,64.63333333333333,67.25349216952708,0.033333333333333805,0.017558282000773338
6250,64.56666666666666,67.19429211544308,-0.06666666666666761,-0.059200054084000114
6251,64.83333333333333,67.3580000353645,0.2666666666666657,0.16370791992141054
6252,65.06666666666666,67.5290749895348,0.23333333333333192,0.171074954170316
6253,65.03333333333335,67.41770822570591,-0.03333333333333144,-0.11136676382890606
6254,64.96666666666665,67.47555831736527,-0.06666666666666525,0.057850091659366436
6255,65.23333333333333,67.61602457337146,0.2666666666666681,0.14046625600618545
6256,65.2,67.55029931120578,-0.033333333333333805,-0.06572526216568018
6257,65.0,67.32621582112333,-0.20000000000000048,-0.2240834900824533
6258,65.10000000000001,67.40297415720808,0.09999999999999669,0.07675833608476923
6259,65.2,67.45564900321041,0.10000000000000142,0.05267484600232001
6260,65.16666666666667,67.39329104571362,-0.033333333333333805,-0.062357957496778346
6261,65.0,67.14280798830316,-0.16666666666666904,-0.25048305741046084
6262,65.23333333333333,67.26571596230858,0.23333333333333428,0.1229079740054121
6263,65.16666666666667,67.13763274264613,-0.06666666666666525,-0.128083219662454
6264,65.13333333333334,67.12007446064536,-0.03333333333333144,-0.01755828200077209
6265,65.13333333333334,67.09767462289736,-2.3684757858670005e-15,-0.02239983774800375
6266,65.13333333333333,67.05287494740135,-2.3684757858670005e-15,-0.04479967549600799
6267,65.23333333333333,67.17527478514936,0.1000000000000038,0.12239983774800683
6268,65.03333333333335,66.93047510965334,-0.20000000000000284,-0.24479967549600787
6269,65.0,66.86559167365489,-0.03333333333332907,-0.06488343599844887
6270,65.03333333333335,66.88314995565567,0.033333333333333805,0.017558282000773338
6271,65.03333333333332,66.85990829174044,-4.736951571734001e-15,-0.023241663915232115
6272,65.13333333333333,66.93582480165799,0.1000000000000038,0.07591650991755089
6273,65.0,66.84235000973968,-0.13333333333333522,-0.09347479191832297
6274,65.13333333333333,66.9366666278252,0.1333333333333305,0.09431661808554258
6275,65.3,67.02445803782908,0.16666666666666666,0.08779141000386544
6276,65.26666666666667,67.0068997558283,-0.033333333333333805,-0.017558282000773338
6277,65.26666666666667,66.9844999180803,4.736951571734001e-15,-0.022399837747996722
6278,65.3,67.07430867032843,0.033333333333333805,0.08980875224813362
6279,65.36666666666666,67.15843404066212,0.06666666666666288,0.08412537033367312
6280,65.43333333333334,67.19355060466366,0.06666666666666761,0.035116564001546675
6281,65.43333333333332,67.19439243083089,2.3684757858670005e-15,0.0008418261672283549
6282,65.46666666666665,67.23687602908133,0.03333333333332907,0.04248359825044636
6283,65.5,67.20795098325166,0.03333333333333618,-0.02892504582967806
6284,65.9,67.49090083750829,0.4000000000000033,0.2829498542566391
6285,66.0,67.56765917359307,0.09999999999999905,0.0767583360847722
6286,65.93333333333334,67.48858476026273,-0.06666666666666761,-0.0790744133303263
6287,66.33333333333333,67.74745112443692,0.40000000000000097,0.2588663641741844
6288,66.36666666666667,67.76500940643768,0.033333333333333805,0.017558282000773338
6289,66.39999999999999,67.80665117852091,0.03333333333333144,0.04164177208322381
6290,66.53333333333333,67.87772613269125,0.1333333333333305,0.07107495417031467
6291,66.6,67.9610096768577,0.06666666666666761,0.08328354416645353
6292,66.8,68.16185150302492,0.20000000000000284,0.20084182616722823
6293,66.86666666666667,68.2459768733586,0.06666666666666525,0.08412537033367609
6294,66.83333333333333,68.1578517734449,-0.03333333333333618,-0.08812509991368395
6295,66.89999999999999,68.21621000136169,0.06666666666666998,0.058358227916777555
6296,66.96666666666667,68.35102783036194,0.06666666666666525,0.13481782900025754
6297,66.89999999999999,68.24955357928361,-0.06666666666666998,-0.10147425107833008
6298,67.1,68.49519508094684,0.20000000000000048,0.2456415016632304
6299,67.16666666666667,68.50875363336762,0.06666666666666998,0.013558552420772526
6300,67.0,68.35123723161807,-0.16666666666666666,-0.1575164017495477
6301,67.2,68.55207905778529,0.1999999999999981,0.20084182616722243
6302,67.46666666666667,68.79056292645575,0.26666666666667044,0.2384838686704529
6303,67.6,68.90812120845652,0.13333333333333286,0.11755828200077185
6304,67.66666666666667,68.99224657879019,0.06666666666666761,0.08412537033367892
6305,67.86666666666667,69.16984674104219,0.20000000000000048,0.17760016225199907
6306,68.06666666666666,69.37068856720943,0.1999999999999981,0.20084182616722243
6307,68.06666666666666,69.37068856720943,0.0,0.0
6308,68.26666666666667,69.5474469032942,0.1999999999999981,0.1767583360847707
6309,68.50000000000001,69.7882468492102,0.23333333333333664,0.24079994591600404
6310,68.5,69.8364138293751,0.0,0.04816698016490686
6311,68.5,69.83725565554232,-2.3684757858670005e-15,0.0008418261672225596
6312,68.66666666666667,70.01801372120711,0.16666666666666904,0.18075806566477856
6313,68.8,70.08993050154464,0.1333333333333305,0.07191678033754006
6314,68.8,70.162180971792,2.3684757858670005e-15,0.07225047024736153
6315,68.76666666666667,70.1729153107098,-0.03333333333333618,0.010734338917804337
6316,69.43333333333334,70.85788250721072,0.6666666666666691,0.6849671965009057
6317,69.86666666666666,71.36756561870517,0.43333333333333,0.5096831114944538
6318,69.76666666666667,71.22360776937639,-0.09999999999999905,-0.14395784932877642
6319,69.80000000000001,71.28764937920762,0.03333333333333618,0.06404160983123051
6320,70.2,71.66524954145962,0.3999999999999962,0.3776001622519931
6321,70.3,71.90722500345267,0.1000000000000038,0.24197546199304684
6322,70.50000000000001,72.03750001170698,0.20000000000000284,0.13027500825432056
6323,70.96666666666667,72.6445683109546,0.4666666666666662,0.6070682992476193
6324,71.23333333333333,72.83151789479123,0.26666666666666333,0.1869495838366356
6325,71.73333333333333,73.28756004546246,0.5,0.45604215067122034
6326,72.06666666666666,73.72553577787549,0.3333333333333333,0.4379757324130405
6327,71.7,73.29492707971136,-0.36666666666666475,-0.430608698164132
6328,71.93333333333332,73.4892436977969,0.23333333333332482,0.1943166180855369
6329,72.26666666666667,73.71299349796955,0.3333333333333381,0.22374980017264023
6330,72.53333333333333,73.90162673414062,0.2666666666666657,0.18863323617109107
6331,72.5,73.83758512430941,-0.03333333333333144,-0.06404160983122473
6332,73.06666666666666,74.42339414697753,0.5666666666666629,0.585809022668124
6333,73.26666666666667,74.67240295330967,0.20000000000000284,0.24900880633213507
6334,73.60000000000001,75.01488655156012,0.3333333333333381,0.3424835982504547
6335,74.06666666666668,75.35703645990075,0.46666666666666856,0.34214990834063796
6336,74.13333333333334,75.44032000406722,0.06666666666666288,0.08328354416644762
6337,74.26666666666667,75.5587201122352,0.1333333333333305,0.1184001081679977
6338,74.86666666666666,76.25000311556167,0.5999999999999991,0.6912830033264579
6339,74.93333333333332,76.38145363989301,0.06666666666666288,0.13145052433135446
6340,75.30000000000001,76.65021251681779,0.36666666666667425,0.26875887692477163
6341,75.56666666666666,77.0497043805604,0.2666666666666657,0.3994918637425921
6342,76.2,77.36091190082706,0.6333333333333305,0.31120752026668297
6343,76.46666666666668,77.54786148466371,0.26666666666667044,0.18694958383664265
6344,76.8,77.93851206307906,0.3333333333333286,0.3906505784153533
6345,77.3,78.39287056141583,0.5,0.4543584983367694
6346,77.5,78.5953960399175,0.20000000000000284,0.20252547850167915
6347,77.86666666666666,78.95543792016873,0.36666666666666475,0.36004188025122436
6348,78.33333333333333,79.20125386817955,0.46666666666666856,0.2458159480108242
6349,78.56666666666668,79.39641231243233,0.23333333333333903,0.19515844425277662
6350,78.60000000000001,79.5094627285957,0.0333333333333267,0.11305041616335448
6351,78.8,79.68874654318213,0.20000000000000284,0.1792838145864495
6352,78.9,79.76634670543415,0.09999999999999905,0.07760016225199931
6353,79.46666666666667,80.32049580251478,0.5666666666666677,0.5541490970806457
6354,79.56666666666668,80.39809596476678,0.09999999999999905,0.07760016225199588
6355,79.7,80.58453741234601,0.1333333333333305,0.18644144757922906
6356,79.76666666666667,80.64457929259723,0.06666666666666761,0.06004188025122391
6357,80.13333333333334,81.02786283676369,0.3666666666666695,0.38328354416645644
6358,80.46666666666665,81.29977961710124,0.3333333333333333,0.27191678033754463
6359,80.9,81.64592925502188,0.4333333333333324,0.3461496379206388
6360,80.83333333333334,81.54108769927464,-0.06666666666666288,-0.10484155574722644
6361,80.89999999999999,81.62521306960832,0.06666666666666288,0.08412537033367312
6362,81.33333333333333,82.06685484169154,0.4333333333333324,0.441641772083227
6363,81.36666666666667,82.10849661377478,0.03333333333333144,0.04164177208322381
6364,81.93333333333332,82.69262198410844,0.5666666666666629,0.5841253703336731
6365,82.16666666666667,82.86453876444598,0.23333333333333903,0.17191678033755028
6366,82.3,82.9132138808683,0.1333333333333305,0.04867511642231204
6367,82.43333333333332,83.02993033670187,0.13333333333333522,0.1167164558335493
6368,82.86666666666666,83.49397194653308,0.4333333333333324,0.46404160983122794
6369,82.96666666666665,83.5948137727003,0.1000000000000038,0.10084182616722812
6370,83.13333333333334,83.82373881852999,0.16666666666666666,0.22892504582968418
6371,83.73333333333333,84.32993033670185,0.5999999999999991,0.5061915181718627
6372,83.66666666666667,84.27157210878508,-0.06666666666666761,-0.05835822791677629
6373,83.66666666666667,84.27493941345396,0.0,0.0033673046689017007
6374,84.46666666666667,85.21438939694535,0.7999999999999972,0.9394499834913616
6375,85.0,85.56588872687063,0.5333333333333362,0.351499329925282
6376,85.3,85.93308824011464,0.3000000000000019,0.3671995132440089
6377,85.7,86.44929655969077,0.3999999999999962,0.5162083195761321
6378,85.8,86.54929655969077,0.1000000000000038,0.10000000000000603
6379,85.73333333333333,86.42121334002832,-0.06666666666666761,-0.12808321966245856
6380,86.46666666666665,87.1172136104483,0.7333333333333295,0.6960002704199936
6381,86.8,87.52689672194276,0.3333333333333333,0.4096831114944582
6382,87.0,87.74929655969078,0.2000000000000076,0.2223998377480095
6383,87.23333333333333,88.15447180534781,0.23333333333332953,0.40517524565704033
6384,87.36666666666667,88.24794659726614,0.1333333333333305,0.09347479191831717
6385,87.83333333333333,88.73207196759982,0.46666666666666856,0.48412537033367875
6386,89.06666666666668,89.87737977935323,1.2333333333333343,1.1453078117534163
6387,89.33333333333333,90.06432936318986,0.2666666666666657,0.18694958383664012
6388,89.43333333333334,90.09292071910973,0.09999999999999905,0.028591355919863632
6389,90.56666666666666,91.46950460884692,1.1333333333333304,1.3765838897371767
6390,90.7,91.54057956301722,0.13333333333333997,0.07107495417032467
6391,90.66666666666667,91.52386310718369,-0.03333333333333618,-0.016716455833552482
6392,90.83333333333333,91.73207196759981,0.16666666666666666,0.20820886041613088
6393,90.86666666666667,91.72554675951814,0.03333333333333144,-0.006525208081679627
6394,90.89999999999999,91.74394686768615,0.03333333333333618,0.01840010816799998
6395,90.5,91.60465612775698,-0.40000000000000097,-0.13929073992914442
6396,90.5,91.60465612775698,0.0,0.0
6397,90.60000000000001,91.68141446384175,0.09999999999999905,0.07675833608477049
6398,90.7,91.80633978009143,0.09999999999999905,0.12492531624967733
6399,90.53333333333335,91.79079884033492,-0.16666666666666666,-0.01554093975650345
6400,90.73333333333335,91.89614853233957,0.20000000000000284,0.10534969200464002
6401,90.76666666666667,91.9377903044228,0.03333333333333144,0.04164177208322381
6402,90.76666666666665,91.96187379450525,-4.736951571734001e-15,0.024083490082449224
6403,90.66666666666667,91.90919894850292,-0.09999999999999905,-0.05267484600231876
6404,90.73333333333333,91.94431551250447,0.06666666666666761,0.035116564001546675
6405,90.63333333333333,91.82359932709092,-0.09999999999999905,-0.12071618541355011
6406,90.93333333333332,92.1933243188366,0.3000000000000019,0.3697249917456852
6407,91.36666666666667,92.44734912726358,0.4333333333333371,0.2540248084269582
6408,91.46666666666665,92.57143261734602,0.09999999999999432,0.12408349008244603
6409,91.46666666666665,92.6411576090917,4.736951571734001e-15,0.06972499174568807
6410,91.7,92.88279938117493,0.23333333333332953,0.2416417720832243
6411,91.93333333333334,93.22245876592241,0.23333333333333428,0.33965938474748786
6412,91.89999999999999,93.15841715609119,-0.03333333333333144,-0.06404160983122473
6413,92.0,93.2592589822584,0.09999999999999905,0.10084182616722562
6414,92.03333333333335,93.3249842444241,0.03333333333333618,0.06572526216568145
6415,91.36666666666667,92.53222699001931,-0.6666666666666666,-0.7927572544047883
6416,91.46666666666665,92.60898532610406,0.09999999999999432,0.076758336084768
6417,92.0,93.25117018935323,0.5333333333333362,0.6421848632491671
6418,92.23333333333333,93.5384534630997,0.23333333333333428,0.2872832737464572
6419,91.93333333333332,93.40451241517519,-0.3000000000000019,-0.1339410479245071
6420,91.83333333333333,93.27958709892552,-0.09999999999999905,-0.12492531624967733
6421,92.06666666666666,93.56855402500642,0.23333333333333428,0.28896692608090807
6422,92.26666666666667,93.74615418725841,0.1999999999999981,0.1776001622519961
6423,92.3,93.81103762325688,0.03333333333333618,0.06488343599845592
6424,92.43333333333334,93.95352122150733,0.13333333333333522,0.14248359825045534
6425,92.60000000000001,94.16173008192347,0.16666666666666666,0.20820886041613088
6426,92.56666666666666,94.12008830984023,-0.03333333333333618,-0.04164177208322972
6427,92.53333333333335,94.078446537757,-0.03333333333333144,-0.04164177208322381
6428,92.90000000000002,94.52892959516747,0.36666666666666475,0.4504830574104566
6429,92.86666666666667,94.48812964925146,-0.03333333333333144,-0.04079994591599841
6430,92.86666666666667,94.48812964925146,0.0,0.0
6431,93.0,94.58497174583869,0.1333333333333305,0.09684209658721889
6432,93.06666666666666,94.66825529000513,0.06666666666666761,0.08328354416645353
6433,93.10000000000001,94.70905523592114,0.03333333333333144,0.04079994591599841
6434,93.43333333333332,94.90872154601132,0.3333333333333333,0.1996663100901826
6435,93.60000000000001,95.04383811001287,0.16666666666666666,0.1351165640015469
6436,93.60000000000001,95.04383811001287,0.0,0.0
6437,94.10000000000001,95.67992078883532,0.5,0.6360826788224627
6438,94.06666666666668,95.61672100517133,-0.03333333333333144,-0.0631997836639992
6439,94.2,95.71103762325687,0.1333333333333305,0.09431661808554258
6440,94.2,95.71103762325687,0.0,0.0
6441,94.23333333333333,95.72859590525763,0.03333333333333618,0.017558282000774587
6442,94.33333333333333,95.85436304767457,0.1000000000000038,0.12576714241690864
6443,94.63333333333333,96.10703789367687,0.29999999999999716,0.25267484600231566
6444,94.90000000000002,96.24750414968305,0.2666666666666657,0.1404662560061842
6445,94.90000000000002,96.24750414968305,0.0,0.0
6446,95.10000000000001,96.40017899568538,0.1999999999999981,0.152674846002319
6447,95.13333333333333,96.41773727768616,0.03333333333333618,0.017558282000774587
6448,95.13333333333333,96.39365378760368,-4.736951571734001e-15,-0.024083490082457634
6449,95.59999999999998,96.85117018935324,0.46666666666666856,0.4575164017495507
6450,95.7,96.927928525438,0.09999999999999905,0.07675833608477049
6451,95.7,96.8573617075251,4.736951571734001e-15,-0.07056681791290187
6452,95.76666666666665,96.94064525169156,0.06666666666666288,0.08328354416644762
6453,95.76666666666665,96.94064525169156,0.0,0.0
6454,95.76666666666665,96.94064525169156,0.0,0.0
6455,96.03333333333335,97.1051949977802,0.26666666666667044,0.16454974608864184
6456,96.10000000000001,97.14031156178176,0.06666666666666761,0.035116564001546675
6457,96.06666666666666,97.14683676986341,-0.03333333333333618,0.006525208081677129
6458,96.46666666666668,97.3575361538727,0.40000000000000097,0.21069938400927757
6459,96.46666666666668,97.3575361538727,0.0,0.0
6460,96.46666666666665,97.38161964395516,0.0,0.02408349008245514
6461,96.66666666666667,97.62726114561838,0.1999999999999981,0.24564150166322746
6462,96.56666666666666,97.52641931945115,-0.09999999999999905,-0.10084182616722562
6463,96.7,97.62073593753671,0.13333333333333522,0.09431661808554848
6464,96.73333333333335,97.63829421953749,0.03333333333333618,0.017558282000774587
6465,96.66666666666667,97.55501067537102,-0.06666666666666761,-0.08328354416645353
6466,96.60000000000001,97.51989411136948,-0.06666666666666761,-0.035116564001546675
6467,96.56666666666666,97.50233582936872,-0.03333333333333618,-0.017558282000774587
6468,96.53333333333335,97.46069405728548,-0.03333333333333618,-0.04164177208322972
6469,96.76666666666667,97.60768552137334,0.23333333333333903,0.14699146408786976
6470,96.8,97.67425260970623,0.0333333333333267,0.06656708833289855
6471,96.83333333333333,97.69181089170701,0.03333333333333618,0.017558282000774587
6472,96.83333333333333,97.66772740162457,0.0,-0.024083490082451718
6473,96.86666666666667,97.70768552137332,0.03333333333333144,0.039958119748772884
6474,96.89999999999999,97.74848546728934,0.03333333333333144,0.04079994591599841
6475,96.96666666666665,97.8317690114558,0.06666666666666761,0.08328354416645353
6476,97.2,97.97876047554365,0.23333333333333428,0.14699146408786382
6477,97.26666666666667,98.0620440197101,0.06666666666666761,0.08328354416645353
6478,97.16666666666667,98.00936917370778,-0.1000000000000038,-0.05267484600232126
6479,97.39999999999999,98.25269459812546,0.23333333333333428,0.24332542441767754
6480,97.60000000000001,98.31071913613242,0.20000000000000284,0.058024538006961994
6481,97.63333333333333,98.3282774181332,0.03333333333333618,0.017558282000774587
6482,97.83333333333333,98.48179409030276,0.1999999999999981,0.1535166721695444
6483,97.90000000000002,98.5169106543043,0.06666666666666761,0.035116564001546675
6484,98.13333333333333,98.66390211839216,0.23333333333333428,0.14699146408786382
6485,98.33333333333333,98.72276848256634,0.1999999999999981,0.058866364174181604
6486,98.8,99.01506775840761,0.46666666666666856,0.2922992758412802
6487,98.83333333333333,99.03262604040839,0.03333333333333144,0.01755828200077209
6488,98.96666666666665,99.1958258240724,0.13333333333333522,0.16319978366400523
6489,99.53333333333335,99.70770072415871,0.5666666666666629,0.5118749000863145
6490,99.76666666666667,99.87709202599457,0.23333333333333428,0.16939130183586804
6491,99.7,99.81789197191058,0.0,-0.08177868819042959
6492,100.0,100.0,0.29999999999999716,0.18210802808940801
6493,66.65,67.65091945108297,0.5333333333333362,0.4996965501542304
6494,37.6,37.77682238337512,0.09999999999999787,0.08028574821842066
6495,37.9,38.065076535329254,0.2999999999999983,0.28825415195414084
6496,38.03333333333333,38.17779196161853,0.13333333333333405,0.11271542628927717
6497,38.4,38.53955973558268,0.366666666666666,0.36176777396414345
6498,38.6,38.75680246986863,0.1999999999999993,0.21724273428594926
6499,38.699999999999996,38.842857867326735,0.10000000000000142,0.08605539745810663
6500,38.86666666666667,38.98628352975691,0.16666666666666666,0.14342566243017565
6501,38.96666666666667,39.094904896899884,0.10000000000000024,0.10862136714297527
6502,38.233333333333334,38.31611189132754,-0.7333333333333343,-0.7787930055723493
6503,38.233333333333334,38.31611189132754,0.0,0.0
6504,38.333333333333336,38.42473325847051,0.10000000000000024,0.10862136714297527
6505,38.333333333333336,38.42473325847051,0.0,0.0
6506,38.333333333333336,38.42473325847051,0.0,0.0
6507,38.36666666666667,38.460940380851504,0.033333333333333805,0.03620712238099219
6508,38.36666666666667,38.460940380851504,0.0,0.0
6509,38.36666666666667,38.460940380851504,0.0,0.0
6510,38.0,38.06833257174186,-0.36666666666666714,-0.3926078091096433
6511,37.86666666666667,37.92790159120997,-0.13333333333333286,-0.14043098053189226
6512,37.86666666666667,37.92790159120997,0.0,0.0
6513,37.86666666666667,37.92790159120997,0.0,0.0
6514,37.86666666666667,37.92790159120997,0.0,0.0
6515,37.333333333333336,37.38544550702321,-0.5333333333333338,-0.5424560841867575
6516,37.166666666666664,37.21100615860637,-0.16666666666666785,-0.17443934841684872
6517,37.03333333333333,37.06947580082645,-0.13333333333333167,-0.14153035777990944
6518,37.03333333333333,37.06947580082645,0.0,0.0
6519,37.13333333333333,37.178097167969426,0.09999999999999905,0.10862136714297399
6520,37.166666666666664,37.20678230045546,0.033333333333333805,0.02868513248603554
6521,37.13333333333333,37.190942393263306,-0.033333333333333805,-0.015839907192159247
6522,37.56666666666666,37.623851383900245,0.43333333333333474,0.43290899063693744
6523,37.666666666666664,37.70990678135835,0.09999999999999905,0.08605539745810459
6524,37.76666666666666,37.79596217881645,0.09999999999999905,0.08605539745810459
6525,37.86666666666667,37.897061556064465,0.10000000000000024,0.10109937724801862
6526,38.199999999999996,38.241716394747264,0.3333333333333333,0.3446548386827938
6527,38.13333333333333,38.184346129775186,-0.06666666666666761,-0.05737026497207108
6528,38.63333333333333,38.71738491941672,0.5000000000000023,0.5330387896415381
6529,38.63333333333333,38.71738491941672,0.0,0.0
6530,39.1,39.209067002119525,0.466666666666665,0.491682082702796
6531,39.43333333333334,39.50234093962681,0.3333333333333357,0.2932739375072915
6532,39.5,39.559711204598884,0.06666666666666525,0.05737026497206904
6533,39.733333333333334,39.7915208179878,0.2333333333333331,0.23180961338891728
6534,39.5,39.541369093064915,-0.2333333333333331,-0.250151724922886
6535,39.6,39.646692328463836,0.09999999999999905,0.10532323539891857
6536,39.63333333333333,39.66033348115996,0.033333333333332625,0.013641152696121497
6537,39.56666666666666,39.58791923639797,-0.06666666666666643,-0.07241424476198309
6538,39.53333333333333,39.55391086851302,-0.03333333333333144,-0.03400836788495269
6539,39.43333333333333,39.449687010362126,-0.10000000000000024,-0.10422385815090135
6540,39.53333333333334,39.5485876331141,0.09999999999999905,0.09890062275198042
6541,39.53333333333334,39.5485876331141,0.0,0.0
6542,39.53333333333334,39.5485876331141,0.0,0.0
6543,39.53333333333334,39.5485876331141,0.0,0.0
6544,40.13333333333333,40.1752038101087,0.6000000000000014,0.6266161769945991
6545,40.166666666666664,40.21141093248969,0.033333333333332625,0.0362071223809909
6546,40.800000000000004,40.85919025207537,0.6333333333333329,0.6477793195856761
6547,41.03333333333333,41.080353394666446,0.23333333333333192,0.2211631425910772
6548,41.1,41.13772365963851,0.06666666666666761,0.05737026497207108
6549,41.4,41.4366242823905,0.3000000000000007,0.2989006227519824
6550,41.6,41.634425527894464,0.20000000000000048,0.19780124550396336
6551,41.86666666666667,41.88427380297157,0.2666666666666657,0.2498482750771127
6552,42.333333333333336,42.356514396892386,0.46666666666666856,0.47224059392081263
6553,42.46666666666667,42.4980447546723,0.13333333333333167,0.14153035777990944
6554,43.06666666666667,43.058236050701474,0.6000000000000002,0.5601912960291806
6555,43.96666666666667,43.97733023780112,0.9000000000000021,0.9190941870996435
6556,44.13333333333333,44.120755900231295,0.16666666666666666,0.14342566243017565
6557,44.36666666666667,44.35476426811625,0.23333333333333073,0.23400836788495172
6558,44.76666666666667,44.764311361666074,0.40000000000000097,0.40954709354982194
6559,44.833333333333336,44.82168162663814,0.06666666666666761,0.05737026497207108
6560,45.300000000000004,45.22969609408957,0.46666666666666384,0.4080144674514271
6561,45.53333333333334,45.43691463413876,0.23333333333333664,0.20721854004918736
6562,45.699999999999996,45.581439673816945,0.1666666666666631,0.1445250396781904
6563,45.833333333333336,45.70370219365604,0.13333333333333522,0.1222625198390988
6564,46.666666666666664,46.47550953872648,0.8333333333333321,0.7718073450704372
6565,46.699999999999996,46.49134944591864,0.033333333333333805,0.015839907192159247
6566,47.03333333333333,46.810313834013684,0.3333333333333333,0.31896438809504163
6567,47.93333333333334,47.714364041323414,0.8999999999999998,0.9040502073097283
6568,48.23333333333333,47.991798071638534,0.29999999999999954,0.27743403031512975
6569,48.86666666666667,48.60104171534258,0.6333333333333329,0.6092436437040476
6570,49.36666666666667,49.06563052036385,0.5,0.46458880502125427
6571,49.666666666666664,49.38489835830466,0.3000000000000019,0.31926783794081615
6572,49.76666666666667,49.470953755762764,0.10000000000000142,0.08605539745810663
6573,49.900000000000006,49.5856942857069,0.13333333333333286,0.11474052994414013
6574,49.900000000000006,49.5856942857069,0.0,0.0
6575,49.833333333333336,49.515478795440956,-0.06666666666666761,-0.07021549026594738
6576,49.9,49.58037105030799,0.06666666666666761,0.06489225486702772
6577,49.9,49.58037105030799,0.0,0.0
6578,50.06666666666666,49.73664193803204,0.16666666666666666,0.15627088772405198
6579,51.03333333333333,50.754766546888256,0.9666666666666638,1.0181246088562195
6580,51.23333333333334,50.95366716964025,0.2000000000000052,0.19890062275198683
6581,51.599999999999994,51.25635840169276,0.36666666666666475,0.3026912320525086
6582,52.099999999999994,51.71984782946598,0.49999999999999645,0.46348942777323193
6583,52.300000000000004,51.88443663448724,0.20000000000000165,0.16458880502125586
6584,52.06666666666666,51.68364070708499,-0.23333333333333428,-0.20079592740224675
6585,52.26666666666666,51.8557515020012,0.20000000000000048,0.1721107949162112
6586,52.33333333333332,51.91312176697327,0.06666666666666525,0.05737026497206904
6587,52.46666666666666,52.035384286812366,0.13333333333333405,0.12226251983909753
6588,52.56666666666666,52.113917694375516,0.10000000000000024,0.07853340756314924
6589,52.599999999999994,52.1501248167565,0.033333333333332625,0.0362071223809909
6590,52.9,52.43398145971858,0.3000000000000019,0.2838566429620704
6591,54.63333333333333,54.196457457411825,1.7333333333333318,1.7624759976932423
6592,55.1,54.65585282603877,0.46666666666666856,0.4593953686269364
6593,56.0,55.539535818159656,0.9000000000000009,0.8836829921208964
6594,56.23333333333334,55.74785373545686,0.2333333333333331,0.2083179172972021
6595,56.4,55.92449183836974,0.1666666666666643,0.17663810291288196
6596,56.49999999999999,56.0180692257228,0.09999999999999905,0.09357738735306123
6597,56.56666666666666,56.07543949069487,0.06666666666666761,0.05737026497207108
6598,56.800000000000004,56.29127939788704,0.2333333333333331,0.21583990719215876
6599,56.96666666666667,56.43470506031721,0.16666666666666666,0.14342566243017565
6600,57.0,56.45586820290828,0.033333333333333805,0.021163142591078894
6601,57.033333333333324,56.484553335394324,0.03333333333333144,0.0286851324860335
6602,57.333333333333336,56.74271952776864,0.3000000000000019,0.2581661923743178
6603,57.5,56.901189169988726,0.1666666666666655,0.15846964222008766
6604,58.03333333333333,57.46401246936433,0.5333333333333338,0.5628232993755901
6605,58.6,58.047998911330986,0.5666666666666677,0.5839864419666689
6606,58.633333333333326,58.07668404381702,0.03333333333333144,0.0286851324860335
6607,58.76666666666667,58.210692411701984,0.1333333333333376,0.1340083678849591
6608,58.76666666666667,58.210692411701984,0.0,0.0
6609,58.800000000000004,58.23937754418802,0.033333333333333805,0.02868513248603554
6610,58.833333333333336,58.27558466656901,0.033333333333333805,0.03620712238099219
6611,58.86666666666667,58.30426979905505,0.033333333333333805,0.02868513248603554
6612,58.93333333333333,58.36164006402711,0.06666666666666525,0.05737026497206904
6613,58.96666666666667,58.390325196513146,0.033333333333333805,0.02868513248603554
6614,58.833333333333336,58.302374494404766,-0.13333333333333405,-0.08795070210837082
6615,58.900000000000006,58.3672667492718,0.06666666666666761,0.06489225486702772
6616,58.800000000000004,58.26101778746603,-0.1000000000000038,-0.10624896180576886
6617,58.666666666666664,58.137655890378916,-0.1333333333333293,-0.1233618970871115
6618,58.699999999999996,58.12780534698332,0.03333333333333144,-0.00985054339559539
6619,58.699999999999996,58.11276136719341,-2.3684757858670005e-15,-0.015043979789915332
6620,58.73333333333333,58.1489684895744,0.033333333333333805,0.03620712238099219
6621,58.93333333333333,58.33612326428052,0.1999999999999993,0.1871547747061232
6622,58.93333333333333,58.33612326428052,0.0,0.0
6623,58.96666666666667,58.37233038666152,0.033333333333333805,0.03620712238099219
6624,58.9,58.34927193942017,-0.06666666666666643,-0.02305844724134307
6625,58.9,58.34927193942017,0.0,0.0
6626,59.13333333333333,58.58108155280909,0.23333333333333428,0.231809613388919
6627,59.166666666666664,58.61728867519008,0.033333333333333805,0.03620712238099219
6628,59.23333333333333,58.67465894016215,0.06666666666666761,0.05737026497207108
6629,59.199999999999996,58.6461474585173,-0.033333333333333805,-0.02851148164486279
6630,59.333333333333336,58.790975948041265,0.13333333333333286,0.14482848952396618
6631,59.23333333333333,58.692075325289274,-0.10000000000000142,-0.09890062275198291
6632,59.23333333333333,58.699597315184235,0.0,0.007521989894956646
6633,59.26666666666666,58.73580443756523,0.033333333333332625,0.0362071223809909
6634,59.5,58.982658030744055,0.23333333333333664,0.24685359317883432
6635,59.46666666666667,58.94755028561109,-0.03333333333333618,-0.03510774513297618
6636,59.56666666666666,59.05617165275405,0.10000000000000024,0.10862136714297527
6637,59.166666666666664,58.64772393645226,-0.3999999999999986,-0.40844771630180093
6638,59.199999999999996,58.68393105883325,0.033333333333332625,0.0362071223809909
6639,59.333333333333336,58.83628153825217,0.13333333333333286,0.15235047941892282
6640,59.63333333333333,59.14692800905001,0.3000000000000019,0.3106464707978411
6641,59.73333333333334,59.24050539640307,0.09999999999999787,0.09357738735305994
6642,59.76666666666667,59.26919052888911,0.033333333333333805,0.02868513248603554
6643,59.70000000000001,59.20429827402208,-0.06666666666666643,-0.06489225486702645
6644,59.70000000000001,59.20429827402208,0.0,0.0
6645,59.73333333333334,59.22766017110919,0.033333333333332625,0.023361897087114607
6646,59.76666666666667,59.263867293490186,0.033333333333333805,0.03620712238099219
6647,59.599999999999994,59.10337254761524,-0.16666666666666785,-0.16049474587495396
6648,59.699999999999996,59.2119939147582,0.10000000000000024,0.10862136714297527
6649,59.800000000000004,59.30557130211127,0.10000000000000142,0.09357738735306327
6650,59.93333333333334,59.45039979163524,0.13333333333333286,0.14482848952396618
6651,59.86666666666667,59.39302952666317,-0.06666666666666761,-0.05737026497207108
6652,59.96666666666667,59.486606914016235,0.10000000000000142,0.09357738735306327
6653,60.13333333333333,59.6621456396811,0.16666666666666666,0.17553872566486595
6654,60.099999999999994,59.63346050719506,-0.033333333333333805,-0.02868513248603554
6655,60.099999999999994,59.63346050719506,0.0,0.0
6656,60.23333333333333,59.755723027034165,0.13333333333333405,0.12226251983909753
6657,60.166666666666664,59.69835276206209,-0.06666666666666761,-0.05737026497207108
6658,60.166666666666664,59.69835276206209,0.0,0.0
6659,60.099999999999994,59.64098249709002,-0.06666666666666761,-0.05737026497207108
6660,60.4,59.94410697799291,0.3000000000000019,0.3031244809028844
6661,60.4,59.94410697799291,0.0,0.0
6662,60.63333333333333,60.18453795852479,0.23333333333333428,0.24043098053189368
6663,60.300000000000004,59.935296583139234,-0.3333333333333333,-0.24924137538556862
6664,60.4,60.04391795028221,0.10000000000000024,0.10862136714297527
6665,60.29999999999999,59.96538454271905,-0.09999999999999905,-0.07853340756314794
6666,60.20000000000001,59.86006130732014,-0.09999999999999905,-0.10532323539891857
6667,60.06666666666666,59.745320777375994,-0.13333333333333522,-0.11474052994414216
6668,60.166666666666664,59.8313761748341,0.10000000000000142,0.08605539745810663
6669,60.166666666666664,59.8313761748341,0.0,0.0
6670,60.133333333333326,59.802691042348066,-0.033333333333333805,-0.02868513248603554
6671,60.166666666666664,59.8313761748341,0.033333333333333805,0.02868513248603554
6672,59.9,59.60189511494582,-0.2666666666666681,-0.22948105988828227
6673,60.06666666666666,59.745320777375994,0.16666666666666666,0.14342566243017565
6674,60.1,59.78152789975698,0.03333333333333144,0.03620712238098961
6675,60.0,59.69547250229888,-0.09999999999999905,-0.08605539745810459
6676,60.03333333333333,59.73167962467987,0.033333333333333805,0.03620712238099219
6677,60.03333333333333,59.73167962467987,0.0,0.0
6678,60.06666666666666,59.767886747060864,0.033333333333333805,0.03620712238099219
6679,60.06666666666666,59.767886747060864,0.0,0.0
6680,60.199999999999996,59.89014926689996,0.13333333333333286,0.12226251983909676
6681,60.23333333333333,59.926356389280954,0.033333333333333805,0.03620712238099219
6682,60.300000000000004,59.99877063404293,0.06666666666666525,0.0724142447619818
6683,60.300000000000004,59.99877063404293,0.0,0.0
6684,61.06666666666667,60.82551661004212,0.7666666666666657,0.8267459759991964
6685,61.06666666666667,60.82551661004212,0.0,0.0
6686,61.300000000000004,61.0466797526332,0.23333333333333428,0.22116314259107972
6687,61.6,61.343381620889154,0.29999999999999954,0.29670186825594375
6688,61.63333333333333,61.37958874327015,0.033333333333333805,0.03620712238099219
6689,61.56666666666666,61.323317855546094,-0.06666666666666525,-0.056270887724050096
6690,61.93333333333334,61.69903023205214,0.36666666666666475,0.3757123765060369
6691,62.0,61.76924572231808,0.06666666666666761,0.07021549026594738
6692,62.03333333333333,61.805452844699076,0.033333333333333805,0.03620712238099219
6693,62.13333333333333,61.91719869274493,0.09999999999999905,0.11174584804585626
6694,62.199999999999996,61.98099157036394,0.06666666666666761,0.06379287761900969
6695,62.23333333333333,62.01609931549691,0.03333333333333144,0.03510774513297119
6696,62.36666666666667,62.16092780502088,0.13333333333333286,0.14482848952396618
6697,62.36666666666667,62.16092780502088,0.0,0.0
6698,62.43333333333334,62.233342049782856,0.06666666666666761,0.07241424476198438
6699,62.43333333333334,62.24838602957278,0.0,0.015043979789912756
6700,62.53333333333333,62.334441427030875,0.09999999999999905,0.08605539745810459
6701,62.56666666666666,62.37064854941187,0.033333333333333805,0.03620712238099219
6702,62.599999999999994,62.40685567179286,0.033333333333333805,0.03620712238099219
6703,62.599999999999994,62.40685567179286,0.0,0.0
6704,62.633333333333326,62.443062794173855,0.033333333333333805,0.03620712238099219
6705,62.666666666666664,62.48036929380286,0.033333333333333805,0.03730649962901061
6706,62.56666666666666,62.37724481289998,-0.09999999999999905,-0.10312448090288158
6707,62.699999999999996,62.49198534284412,0.13333333333333286,0.11474052994414013
6708,62.699999999999996,62.49198534284412,0.0,0.0
6709,62.699999999999996,62.49198534284412,0.0,0.0
6710,63.13333333333333,62.95168416131683,0.4333333333333324,0.4596988184727059
6711,63.099999999999994,62.90592994538602,-0.03333333333333144,-0.04575421593081049
6712,63.099999999999994,62.90592994538602,0.0,0.0
6713,63.166666666666664,62.99541327359279,0.06666666666666761,0.08948332820676136
6714,63.26666666666666,63.09761202808881,0.09999999999999432,0.1021987544960313
6715,63.166666666666664,62.992288792689884,-0.09999999999999905,-0.10532323539891857
6716,63.23333333333334,63.062504282955835,0.06666666666666761,0.07021549026594738
6717,63.4,63.22849591507088,0.16666666666666904,0.16599163211504764
6718,63.56666666666666,63.39761202808882,0.16666666666666904,0.16911611301793028
6719,63.633333333333326,63.45498229306089,0.06666666666666525,0.05737026497206904
6720,63.73333333333334,63.556081670308906,0.09999999999999905,0.10109937724801735
6721,63.833333333333336,63.65718104755692,0.10000000000000142,0.10109937724801991
6722,63.833333333333336,63.65718104755692,0.0,0.0
6723,64.36666666666667,64.16220083311006,0.5333333333333314,0.5050197855531451
6724,64.26666666666667,64.0633002103581,-0.10000000000000142,-0.09890062275198291
6725,64.33333333333333,64.12819246522511,0.06666666666666525,0.06489225486702516
6726,64.39999999999999,64.18556273019718,0.06666666666666761,0.05737026497207108
6727,64.5,64.27914011755024,0.09999999999999905,0.09357738735306123
6728,64.53333333333333,64.30782525003629,0.033333333333333805,0.02868513248603554
6729,64.53333333333333,64.30782525003629,0.0,0.0
6730,64.76666666666667,64.52366515722844,0.23333333333333428,0.21583990719216004
6731,64.73333333333333,64.4949800247424,-0.033333333333333805,-0.02868513248603554
6732,64.73333333333333,64.4949800247424,0.0,0.0
6733,64.73333333333333,64.4949800247424,0.0,0.0
6734,64.8,64.56739426950438,0.06666666666666525,0.0724142447619818
6735,64.83333333333333,64.58965678934348,0.03333333333333618,0.02226251983909989
6736,64.86666666666667,64.61191930918257,0.03333333333333144,0.0222625198390949
6737,65.33333333333333,65.07258770589871,0.46666666666666856,0.4606683967161281
6738,65.33333333333333,65.07258770589871,0.0,0.0
6739,65.39999999999999,65.13638058351772,0.06666666666666761,0.06379287761900877
6740,65.36666666666667,65.10127283838476,-0.03333333333333144,-0.03510774513297119
6741,65.36666666666667,65.10127283838476,0.0,0.0
6742,65.43333333333334,65.15864310335681,0.06666666666666288,0.057370264972067
6743,65.46666666666667,65.18732823584286,0.03333333333333618,0.02868513248603758
6744,65.60000000000001,65.302068765787,0.1333333333333305,0.11474052994413808
6745,65.6,65.30959075568195,2.3684757858670005e-15,0.007521989894958686
6746,65.86666666666666,65.53907181557022,0.2666666666666657,0.22948105988828027
6747,66.16666666666667,65.85943903075906,0.29999999999999954,0.32036721518883216
6748,66.10000000000001,65.802068765787,-0.06666666666666761,-0.05737026497207108
6749,66.2,65.8881241632451,0.1000000000000038,0.08605539745810867
6750,66.13333333333333,65.82433128562609,-0.06666666666667236,-0.06379287761901377
6751,66.33333333333333,66.01900805022716,0.1999999999999981,0.19467676460107858
6752,66.5,66.20756565202707,0.16666666666666904,0.188557601799917
6753,66.7,66.41618701917005,0.20000000000000048,0.20862136714297586
6754,66.80000000000001,66.50224241662816,0.1000000000000038,0.08605539745810867
6755,67.13333333333334,66.80413772127844,0.3333333333333333,0.30189530465026465
6756,67.13333333333334,66.84926966064816,-2.3684757858670005e-15,0.04513193936973728
6757,67.2,66.90663992562024,0.06666666666666761,0.05737026497207108
6758,67.4,67.07875072053645,0.20000000000000284,0.17211079491621326
6759,67.7,67.3670048724906,0.29999999999999954,0.28825415195414184
6760,68.0,67.63269305475987,0.29999999999999954,0.2656881822692725
6761,68.16666666666667,67.77611871719003,0.16666666666666666,0.14342566243017565
6762,68.23333333333333,67.83348898216211,0.06666666666666761,0.05737026497207108
6763,68.36666666666667,67.97831747168607,0.13333333333333286,0.14482848952396618
6764,68.46666666666665,68.0794168489341,0.09999999999999905,0.10109937724801787
6765,68.6,68.22424533845806,0.13333333333333286,0.14482848952396618
6766,68.7,68.32534471570608,0.09999999999999669,0.1010993772480153
6767,68.8,68.43396608284905,0.10000000000000142,0.10862136714297656
6768,69.03333333333333,68.63476201025131,0.23333333333333428,0.20079592740224675
6769,69.36666666666666,68.94417930479652,0.3333333333333333,0.3094172945452207
6770,69.3,68.88680903982446,-0.06666666666666761,-0.05737026497207108
6771,69.9,69.44075137404786,0.5999999999999991,0.5539423342234143
6772,70.03333333333333,69.57053588378191,0.13333333333333522,0.12978450973405545
6773,70.2,69.75157149568687,0.16666666666666666,0.18103561190495837
6774,70.33333333333333,69.89639998521083,0.13333333333333286,0.14482848952396618
6775,70.53333333333335,70.09107674981192,0.1999999999999981,0.19467676460107858
6776,70.66666666666667,70.21976188229796,0.13333333333333286,0.12868513248603447
6777,70.96666666666667,70.53150773034383,0.30000000000000665,0.3117458480458641
6778,71.2,70.77633621986777,0.23333333333332953,0.24482848952396305
6779,71.3,70.86991360722085,0.10000000000000142,0.09357738735306327
6780,71.36666666666667,70.93480586208786,0.06666666666666288,0.06489225486702312
6781,71.56666666666666,71.10691665700408,0.20000000000000284,0.17211079491621326
6782,72.2,71.74185075129589,0.6333333333333352,0.6349340942918024
6783,72.86666666666667,72.45719818093157,0.6666666666666666,0.7153474296356855
6784,72.89999999999999,72.46661547547679,0.03333333333333144,0.009417294545219522
6785,73.3,72.81835905520418,0.4000000000000033,0.3517435797273811
6786,73.96666666666665,73.47572932017624,0.6666666666666643,0.6573702649720679
6787,74.0,73.5108370653092,0.03333333333333144,0.03510774513297119
6788,73.96666666666665,73.48215193282317,-0.03333333333333618,-0.02868513248603758
6789,73.96666666666665,73.48215193282317,0.0,0.0
6790,74.10000000000001,73.61945843245219,0.13333333333333522,0.13730649962901156
6791,74.23333333333333,73.75786430932921,0.13333333333333286,0.1384058768770285
6792,74.33333333333333,73.84391970678732,0.09999999999999905,0.08605539745810459
6793,74.43333333333332,73.91712987895154,0.09999999999999905,0.07321017216422829
6794,75.49999999999999,74.99504100995362,1.0666666666666675,1.0779111310020768
6795,75.66666666666666,75.1384666723838,0.16666666666666666,0.14342566243017565
6796,75.7,75.16715180486983,0.03333333333333618,0.02868513248603758
6797,75.63333333333334,75.07251889210532,-0.06666666666666525,-0.09463291276450587
6798,75.56666666666668,75.04193845496903,-0.06666666666666998,-0.0305804371363025
6799,75.89999999999999,75.4060347824338,0.3333333333333357,0.364096327464783
6800,76.53333333333332,76.04224190481479,0.6333333333333305,0.636207122380989
6801,77.0,76.45135574951425,0.46666666666666856,0.4091138446994496
6802,77.3,76.70952194188857,0.29999999999999716,0.25816619237431376
6803,77.13333333333334,76.53508259347171,-0.1666666666666643,-0.17443934841684494
6804,76.93333333333332,76.38038818368263,-0.20000000000000284,-0.15469440978909077
6805,77.4,76.85077732478975,0.46666666666666856,0.47038914110712116
6806,77.46666666666667,76.90172497711488,0.06666666666666761,0.05094765232513248
6807,78.0,77.50487793298481,0.5333333333333338,0.6031529558699283
6808,78.66666666666667,78.22132473986852,0.6666666666666666,0.716446806883704
6809,79.13333333333334,78.72070246330745,0.4666666666666662,0.4993777234389268
6810,80.06666666666666,79.68514609245457,0.9333333333333348,0.9644436291471277
6811,80.43333333333334,80.04598814001187,0.36666666666666475,0.36084204755729693
6812,80.76666666666667,80.3770456778351,0.3333333333333333,0.3310575378232449
6813,82.06666666666666,81.79004917710063,1.3000000000000018,1.4130034992655227
6814,82.23333333333333,81.92925098137991,0.16666666666666666,0.13920180427927498
6815,82.16666666666667,81.87188071640784,-0.06666666666666288,-0.057370264972067
6816,82.5,82.21138597053289,0.3333333333333286,0.33950525412504223
6817,82.66666666666667,82.38692469619775,0.16666666666666666,0.17553872566486595
6818,82.86666666666666,82.5654581037609,0.1999999999999981,0.17853340756314687
6819,84.56666666666668,84.40872321344742,1.7000000000000028,1.8432651096865227
6820,85.03333333333335,84.89525571159247,0.46666666666666856,0.4865324981450529
6821,87.10000000000001,87.0980898407471,2.066666666666663,2.2028341291546227
6822,87.46666666666665,87.47710034899718,0.36666666666666475,0.37901050825009236
6823,87.90000000000002,87.89184087894132,0.4333333333333371,0.41474052994414445
6824,88.60000000000001,88.65219044894215,0.6999999999999981,0.760349570000823
6825,88.56666666666666,88.61708270380917,-0.03333333333333144,-0.03510774513297119
6826,88.53333333333335,88.58197495867621,-0.03333333333333618,-0.03510774513297618
6827,88.46666666666665,88.51175946841026,-0.06666666666666288,-0.07021549026594238
6828,88.53333333333335,88.58197495867621,0.06666666666666288,0.07021549026594238
6829,88.56666666666666,88.61708270380917,0.03333333333333618,0.03510774513297618
6830,88.56666666666666,88.61708270380917,0.0,0.0
6831,89.06666666666666,89.10753561025936,0.5,0.49045290645017914
6832,89.06666666666666,89.10753561025936,0.0,0.0
6833,89.06666666666666,89.10753561025936,0.0,0.0
6834,89.06666666666666,89.10753561025936,0.0,0.0
6835,89.06666666666666,89.10753561025936,0.0,0.0
6836,89.2,89.24796659079125,0.1333333333333305,0.14043098053188977
6837,89.3,89.36098546692631,0.1000000000000038,0.11301887613505296
6838,89.10000000000001,89.15033899612845,-0.20000000000000284,-0.21064647079784213
6839,89.16666666666667,89.2205544863944,0.06666666666666761,0.07021549026594738
6840,89.56666666666666,89.61725635465035,0.3999999999999962,0.396701868255941
6841,89.56666666666666,89.61725635465035,0.0,0.0
6842,89.56666666666666,89.61725635465035,0.0,0.0
6843,90.66666666666667,90.68421756500882,1.1000000000000039,1.0669612103584678
6844,91.16666666666667,91.11449455229935,0.5,0.43027698729052694
6845,91.43333333333334,91.40415153134728,0.2666666666666657,0.28965697904793236
6846,92.33333333333333,92.39146458002504,0.9000000000000009,0.9873130486777694
6847,92.2,92.2477354677491,-0.1333333333333305,-0.14372911227594518
6848,91.16666666666667,91.26215717097794,-1.033333333333336,-0.9855782967711623
6849,91.3,91.40258815150982,0.1333333333333305,0.14043098053188977
6850,91.33333333333333,91.43127328399586,0.03333333333333618,0.02868513248603758
6851,91.23333333333333,91.33769589664281,-0.1000000000000038,-0.09357738735306585
6852,90.83333333333333,90.89823449435431,-0.3999999999999962,-0.4394614022884697
6853,90.66666666666667,90.72269576868945,-0.16666666666666666,-0.17553872566486595
6854,90.66666666666667,90.72269576868945,0.0,0.0
6855,91.10000000000001,91.19668649138642,0.4333333333333324,0.4739907226969461
6856,91.0,91.09466138773153,-0.1000000000000038,-0.10202510365486815
6857,91.03333333333332,91.13086851011253,0.03333333333333618,0.03620712238099476
6858,91.63333333333333,91.76003074328551,0.5999999999999991,0.6291622331729797
6859,91.83333333333333,91.93856415084866,0.20000000000000284,0.17853340756315186
6860,91.93333333333334,92.03104216095372,0.09999999999999905,0.09247801010504228
6861,92.16666666666667,92.28779014936471,0.23333333333333428,0.25674798841099816
6862,92.13333333333333,92.25268240423173,-0.03333333333333144,-0.03510774513297119
6863,92.16666666666667,92.28779014936471,0.03333333333333144,0.03510774513297119
6864,92.96666666666665,93.12082893900626,0.8000000000000019,0.8330387896415378
6865,93.03333333333335,93.1910444292722,0.06666666666666288,0.07021549026594238
6866,92.96666666666665,93.12082893900626,-0.06666666666666288,-0.07021549026594238
6867,93.93333333333334,94.16423922456688,0.9666666666666638,1.0434102855606446
6868,93.93333333333334,94.16423922456688,0.0,0.0
6869,94.03333333333335,94.24387200937805,0.1000000000000038,0.07963278481117096
6870,94.23333333333333,94.45891598916796,0.1999999999999981,0.21504397978991113
6871,94.33333333333333,94.56753735631095,0.09999999999999905,0.10862136714297399
6872,94.23333333333333,94.46221412091204,-0.09999999999999905,-0.10532323539891857
6873,94.43333333333332,94.64184690572318,0.1999999999999981,0.1796327848111653
6874,94.43333333333332,94.64184690572318,0.0,0.0
6875,94.43333333333332,94.64184690572318,0.0,0.0
6876,94.7,94.88527256815337,0.26666666666667044,0.2434256624301801
6877,94.66666666666667,94.84906544577238,-0.03333333333333618,-0.03620712238099476
6878,94.66666666666667,94.84906544577238,0.0,0.0
6879,95.2,95.40581343418337,0.5333333333333362,0.5567479884110005
6880,95.59999999999998,95.8348020165152,0.3999999999999962,0.42898858233180354
6881,95.66666666666667,95.90721626127717,0.06666666666666761,0.07241424476198438
6882,95.7,95.94342338365817,0.03333333333333618,0.03620712238099476
6883,95.83333333333333,96.06036266809835,0.1333333333333305,0.11693928444017403
6884,95.93333333333332,96.16568590349725,0.09999999999999905,0.10532323539891857
6885,96.23333333333335,96.48165560969402,0.3000000000000019,0.31596970619676074
6886,96.23333333333333,96.46238777175321,-4.736951571734001e-15,-0.01926783794081897
6887,96.83333333333333,97.0763323742951,0.6000000000000038,0.6139446025418982
6888,96.96666666666665,97.20611688402914,0.1333333333333305,0.12978450973405137
6889,96.83333333333333,97.07853112879113,-0.1333333333333305,-0.12758575523801435
6890,96.86666666666667,97.11363887392412,0.03333333333333618,0.03510774513297618
6891,97.26666666666667,97.51144011942806,0.3999999999999962,0.39780124550395957
6892,97.26666666666667,97.51144011942806,0.0,0.0
6893,97.10000000000001,97.33040450752311,-0.16666666666666666,-0.18103561190495837
6894,97.33333333333333,97.56771100715213,0.23333333333333428,0.2373064996290109
6895,97.43333333333332,97.65376640461022,0.09999999999999905,0.08605539745810459
6896,97.56666666666666,97.77602892444932,0.13333333333333522,0.12226251983909935
6897,97.53333333333335,97.73229981217338,-0.03333333333333144,-0.043729112275946794
6898,97.63333333333334,97.80331122984157,0.09999999999999905,0.07101141766819129
6899,97.63333333333333,97.8044106070896,0.0,0.0010993772480185735
6900,97.66666666666667,97.82557374968066,0.03333333333333144,0.021163142591076326
6901,97.86666666666667,97.99768454459688,0.1999999999999981,0.17211079491620918
6902,97.96666666666665,98.08373994205498,0.09999999999999905,0.08605539745810459
6903,97.76666666666667,97.8890631774539,-0.1999999999999981,-0.19467676460107858
6904,97.7,97.82417092258687,-0.06666666666666288,-0.06489225486702312
6905,97.2,97.29610806666193,-0.5000000000000048,-0.5280628559249669
6906,97.33333333333333,97.43873780168984,0.13333333333333522,0.14262973502793175
6907,97.33333333333333,97.43873780168984,0.0,0.0
6908,97.43333333333334,97.52479319914795,0.09999999999999905,0.08605539745810459
6909,97.43333333333332,97.51617183200497,-4.736951571734001e-15,-0.008621367142979676
6910,97.53333333333335,97.61084859660606,0.1000000000000038,0.09467676460108426
6911,97.5,97.57464147422507,-0.03333333333333144,-0.03620712238098961
6912,97.43333333333332,97.49690399406416,-0.06666666666666761,-0.07773748016090455
6913,97.59999999999998,97.67793960596912,0.16666666666666666,0.18103561190495837
6914,97.8,97.86509438067523,0.1999999999999981,0.18715477470612246
6915,97.89999999999999,97.95114977813333,0.09999999999999905,0.08605539745810459
6916,98.30000000000001,98.32106181855353,0.4000000000000057,0.36991204042017906
6917,98.13333333333333,98.15084632828757,-0.16666666666666666,-0.17021549026594576
6918,98.26666666666667,98.2868797998274,0.1333333333333305,0.1360334715398158
6919,98.59999999999998,98.63905662840514,0.3333333333333333,0.35217682857775046
6920,98.56666666666668,98.61257025041515,-0.03333333333333144,-0.026486377989996663
6921,98.5,98.51116742332135,-0.06666666666667236,-0.10140282709379647
6922,98.96666666666665,98.9898306298891,0.46666666666666856,0.47866320656775035
6923,99.43333333333334,99.4802396845027,0.46666666666666856,0.4904090546136083
6924,99.86666666666666,99.84984827507711,0.08000000000000114,0.03363580632501419
6925,100.0,100.00000000000001,0.13333333333333522,0.15015172492288786
6926,66.65,67.65091945108297,0.45000000000000284,0.4162538315736795
6927,23.200000000000003,22.741052109402005,0.09999999999999787,0.08028574821842066
6928,23.549999999999997,23.09780134308727,0.34999999999999787,0.3567492336852626
6929,23.950000000000003,23.497801343087268,0.40000000000000213,0.4000000000000022
6930,24.35,23.938296745198855,0.3999999999999986,0.4404954021115867
6931,24.9,24.495045978884118,0.5499999999999989,0.5567492336852634
6932,25.15,24.711299810457795,0.25,0.21625383157367664
6933,25.2,24.75455057677253,0.05000000000000071,0.04325076631473594
6934,25.6,25.141052109402004,0.40000000000000036,0.3865015326294711
6935,25.6,25.141052109402004,0.0,0.0
6936,25.6,25.141052109402004,0.0,0.0
6937,25.75,25.311299810457797,0.15000000000000036,0.17024770105579443
6938,25.95,25.48430287571674,0.1999999999999993,0.1730030652589407
6939,25.95,25.48430287571674,0.0,0.0
6940,26.0,25.541052109402003,0.05000000000000071,0.056749233685265486
6941,26.25,25.75730594097568,0.25,0.21625383157367664
6942,26.4,25.887058239919885,0.15000000000000036,0.1297522989442063
6943,26.4,25.887058239919885,0.0,0.0
6944,26.4,25.887058239919885,0.0,0.0
6945,26.4,25.887058239919885,0.0,0.0
6946,26.5,25.973559772549358,0.09999999999999964,0.08650153262947036
6947,26.5,25.973559772549358,0.0,0.0
6948,26.450000000000003,25.930309006234623,-0.049999999999998934,-0.04325076631473441
6949,26.5,25.987058239919886,0.049999999999998934,0.05674923368526347
6950,26.3,25.800556707290415,-0.1999999999999993,-0.18650153262946978
6951,26.3,25.800556707290415,0.0,0.0
6952,26.45,25.970804408346208,0.14999999999999858,0.1702477010557924
6953,26.45,25.970804408346208,0.0,0.0
6954,26.65,26.14380747360515,0.1999999999999993,0.1730030652589407
6955,26.8,26.300556707290415,0.15000000000000213,0.15674923368526691
6956,26.8,26.300556707290415,0.0,0.0
6957,27.15,26.603312071493562,0.34999999999999964,0.302755364203147
6958,27.25,26.71681053886409,0.09999999999999964,0.11349846737052895
6959,27.35,26.80331207149356,0.09999999999999964,0.08650153262947036
6960,27.35,26.80331207149356,0.0,0.0
6961,27.35,26.80331207149356,0.0,0.0
6962,27.35,26.80331207149356,0.0,0.0
6963,27.65,27.14380747360515,0.29999999999999893,0.34049540211158685
6964,27.75,27.230309006234624,0.10000000000000142,0.08650153262947188
6965,27.9,27.360061305178828,0.14999999999999858,0.12975229894420476
6966,27.85,27.303312071493565,-0.049999999999998934,-0.05674923368526347
6967,27.7,27.11956590306724,-0.15000000000000036,-0.183746168426324
6968,27.7,27.11956590306724,0.0,0.0
6969,27.6,27.006067435696707,-0.09999999999999964,-0.11349846737052895
6970,27.55,26.935819734640916,-0.049999999999998934,-0.07024770105579302
6971,27.6,26.992568968326182,0.05000000000000071,0.056749233685265486
6972,27.65,27.049318202011445,0.049999999999998934,0.05674923368526347
6973,27.65,27.049318202011445,0.0,0.0
6974,27.65,27.049318202011445,0.0,0.0
6975,28.049999999999997,27.39532433252933,0.3999999999999986,0.3460061305178814
6976,28.1,27.438575098844062,0.05000000000000071,0.04325076631473594
6977,28.25,27.581825865158798,0.15000000000000213,0.14325076631473735
6978,28.3,27.638575098844065,0.049999999999998934,0.05674923368526347
6979,28.349999999999998,27.681825865158796,0.04999999999999716,0.043250766314732875
6980,28.5,27.825076631473532,0.15000000000000213,0.14325076631473735
6981,28.5,27.825076631473532,0.0,0.0
6982,28.65,27.981825865158797,0.15000000000000036,0.1567492336852649
6983,28.950000000000003,28.24133046304721,0.3000000000000007,0.2595045978884126
6984,29.0,28.298079696732476,0.05000000000000071,0.056749233685265486
6985,29.0,28.298079696732476,0.0,0.0
6986,29.15,28.44133046304721,0.1499999999999968,0.14325076631473227
6987,29.25,28.514333528306153,0.1000000000000032,0.07300306525894437
6988,29.45,28.72783199567668,0.1999999999999975,0.2134984673705273
6989,29.55,28.81433352830615,0.10000000000000142,0.08650153262947188
6990,29.799999999999997,29.044085827250356,0.24999999999999822,0.22975229894420418
6991,29.85,29.100835060935623,0.05000000000000071,0.056749233685265486
6992,30.0,29.230587359879827,0.15000000000000213,0.12975229894420784
6993,30.1,29.3170888925093,0.09999999999999787,0.08650153262946882
6994,30.200000000000003,29.40359042513877,0.10000000000000142,0.08650153262947188
6995,30.4,29.590091957768237,0.1999999999999975,0.18650153262946823
6996,30.45,29.646841191453507,0.05000000000000071,0.056749233685265486
6997,30.700000000000003,29.90359042513877,0.2500000000000018,0.2567492336852663
6998,30.75,29.946841191453505,0.05000000000000071,0.04325076631473594
6999,30.85,30.033342724082974,0.09999999999999787,0.08650153262946882
7000,31.05,30.219844256712445,0.20000000000000107,0.1865015326294713
7001,31.349999999999998,30.479348854600858,0.29999999999999716,0.2595045978884095
7002,31.4,30.522599620915592,0.05000000000000071,0.04325076631473594
7003,31.45,30.592847321971387,0.05000000000000071,0.07024770105579503
7004,31.599999999999998,30.763095023027184,0.14999999999999858,0.1702477010557924
7005,31.7,30.849596555656657,0.10000000000000142,0.08650153262947188
7006,31.65,30.80634578934192,-0.05000000000000071,-0.04325076631473594
7007,31.849999999999998,30.97934885460086,0.1999999999999993,0.1730030652589407
7008,31.849999999999998,30.97934885460086,0.0,0.0
7009,31.9,31.036098088286124,0.05000000000000071,0.056749233685265486
7010,31.9,31.036098088286124,0.0,0.0
7011,31.85,30.99284732197139,-0.04999999999999716,-0.043250766314732875
7012,31.95,31.079348854600855,0.09999999999999787,0.08650153262946882
7013,31.95,31.09284732197139,0.0,0.013498467370529541
7014,32.0,31.136098088286122,0.05000000000000071,0.04325076631473594
7015,32.0,31.149596555656654,-1.7763568394002505e-15,0.013498467370527522
7016,31.95,31.09284732197139,-0.049999999999998934,-0.05674923368526347
7017,31.95,31.09284732197139,0.0,0.0
7018,31.95,31.09284732197139,0.0,0.0
7019,32.0,31.136098088286122,0.05000000000000071,0.04325076631473594
7020,32.05,31.192847321971385,0.049999999999998934,0.05674923368526347
7021,31.95,31.09284732197139,-0.09999999999999964,-0.0999999999999994
7022,31.950000000000003,31.10634578934192,1.7763568394002505e-15,0.013498467370530592
7023,31.9,31.06309502302718,-0.05000000000000071,-0.04325076631473594
7024,31.950000000000003,31.119844256712447,0.05000000000000071,0.056749233685265486
7025,31.950000000000003,31.119844256712447,0.0,0.0
7026,31.950000000000003,31.119844256712447,0.0,0.0
7027,31.95,31.133342724082976,-1.7763568394002505e-15,0.013498467370527522
7028,32.0,31.190091957768246,0.05000000000000071,0.056749233685265486
7029,32.05,31.246841191453505,0.05000000000000071,0.056749233685265486
7030,32.1,31.290091957768244,0.05000000000000071,0.04325076631473594
7031,32.25,31.446841191453505,0.15000000000000036,0.1567492336852649
7032,32.3,31.490091957768243,0.04999999999999716,0.043250766314732875
7033,32.25,31.433342724082973,-0.05000000000000071,-0.056749233685265486
7034,32.25,31.433342724082973,0.0,0.0
7035,32.25,31.433342724082973,0.0,0.0
7036,32.4,31.590091957768237,0.15000000000000036,0.1567492336852649
7037,32.65,31.819844256712447,0.25,0.2297522989442062
7038,32.65,31.819844256712447,0.0,0.0
7039,32.7,31.863095023027185,0.05000000000000071,0.04325076631473594
7040,32.75,31.906345789341913,0.05000000000000071,0.04325076631473594
7041,32.75,31.906345789341913,0.0,0.0
7042,32.75,31.906345789341913,0.0,0.0
7043,32.8,31.963095023027183,0.05000000000000071,0.056749233685265486
7044,32.8,31.963095023027183,0.0,0.0
7045,32.8,31.963095023027183,0.0,0.0
7046,32.8,31.963095023027183,0.0,0.0
7047,32.75,31.933342724082973,-0.05000000000000249,-0.02975229894420842
7048,32.85,32.03334272408298,0.10000000000000142,0.10000000000000142
7049,33.15,32.36033965882403,0.3000000000000007,0.32699693474105934
7050,32.900000000000006,32.11708889250931,-0.24999999999999822,-0.2432507663147337
7051,32.95,32.160339658824036,0.04999999999999716,0.043250766314732875
7052,32.9,32.09009195776824,-0.05000000000000071,-0.07024770105579503
7053,32.95,32.146841191453504,0.05000000000000071,0.056749233685265486
7054,33.0,32.217088892509295,0.049999999999998934,0.07024770105579302
7055,32.9,32.13058735987983,-0.09999999999999787,-0.08650153262946882
7056,32.95,32.1873365935651,0.05000000000000071,0.056749233685265486
7057,33.15,32.38733659356509,0.1999999999999975,0.19999999999999776
7058,33.15,32.38733659356509,0.0,0.0
7059,32.849999999999994,32.11433352830615,-0.3000000000000007,-0.2730030652589421
7060,33.0,32.257584294620884,0.15000000000000213,0.14325076631473735
7061,33.05,32.300835060935626,0.05000000000000071,0.04325076631473594
7062,33.400000000000006,32.68458122936195,0.3500000000000014,0.3837461684263248
7063,33.65,32.95482893041773,0.24999999999999645,0.27024770105579077
7064,33.7,32.99807969673248,0.05000000000000071,0.04325076631473594
7065,33.75,33.05482893041774,0.05000000000000071,0.056749233685265486
7066,33.8,33.11157816410301,0.049999999999998934,0.05674923368526347
7067,33.85,33.16832739778827,0.05000000000000071,0.056749233685265486
7068,33.85,33.16832739778827,0.0,0.0
7069,34.0,33.33857509884407,0.15000000000000036,0.17024770105579443
7070,34.0,33.33857509884407,0.0,0.0
7071,34.2,33.52507663147354,0.20000000000000107,0.1865015326294713
7072,34.65,33.9818258651588,0.4499999999999993,0.4567492336852641
7073,35.1,34.38458122936195,0.4499999999999993,0.4027553642031469
7074,35.15,34.44133046304721,0.049999999999998934,0.05674923368526347
7075,35.099999999999994,34.398079696732474,-0.05000000000000071,-0.04325076631473594
7076,35.05,34.341330463047214,-0.049999999999998934,-0.05674923368526347
7077,35.05,34.341330463047214,0.0,0.0
7078,35.099999999999994,34.398079696732474,0.049999999999998934,0.05674923368526347
7079,35.15,34.45482893041774,0.05000000000000071,0.056749233685265486
7080,35.1,34.43857509884406,-0.049999999999998934,-0.0162538315736758
7081,35.4,34.73857509884406,0.29999999999999893,0.29999999999999916
7082,35.5,34.83857509884407,0.10000000000000142,0.10000000000000142
7083,35.85,35.195324332529324,0.3500000000000014,0.35674923368526573
7084,35.95,35.2818258651588,0.09999999999999787,0.08650153262946882
7085,36.3,35.598079696732476,0.3500000000000014,0.3162538315736781
7086,36.35,35.64133046304721,0.05000000000000071,0.04325076631473594
7087,36.35,35.64133046304721,0.0,0.0
7088,36.35,35.64133046304721,0.0,0.0
7089,36.45,35.74133046304721,0.09999999999999964,0.0999999999999994
7090,36.45,35.74133046304721,0.0,0.0
7091,36.45,35.74133046304721,0.0,0.0
7092,36.45,35.74133046304721,0.0,0.0
7093,36.5,35.78458122936195,0.04999999999999716,0.043250766314732875
7094,36.5,35.78458122936195,0.0,0.0
7095,52.23333333333334,51.86736649146008,0.10000000000000142,0.10000000000000142
7096,52.400000000000006,52.05586926612889,0.16666666666666666,0.18850277466880408
7097,52.56666666666666,52.22643700705092,0.16666666666666785,0.17056774092203728
7098,52.46666666666666,52.129871933961226,-0.10000000000000142,-0.09656507308968981
7099,52.46666666666666,52.129871933961226,0.0,0.0
7100,52.46666666666667,52.12503856501574,2.3684757858670005e-15,-0.004833368945483127
7101,52.26666666666667,51.92364012298057,-0.1999999999999981,-0.20139844203517196
7102,52.333333333333336,51.9907729369923,0.06666666666666288,0.06713281401172082
7103,52.4,52.057905751004014,0.06666666666666761,0.06713281401172558
7104,52.43333333333334,52.08663878906439,0.03333333333333144,0.02873303806037524
7105,52.43333333333334,52.08663878906439,0.0,0.0
7106,52.333333333333336,51.98593956804681,-0.09999999999999905,-0.10069922101758598
7107,52.166666666666664,51.82707504989088,-0.16666666666666666,-0.15886451815592814
7108,52.199999999999996,51.85580808795125,0.03333333333333144,0.02873303806037524
7109,52.56666666666666,52.22917271294364,0.36666666666666714,0.3733646249923845
7110,52.5,52.15720652998643,-0.06666666666666525,-0.0719661829572087
7111,52.56666666666666,52.22364012298057,0.06666666666666761,0.06643359299413863
7112,52.76666666666667,52.42020519607026,0.20000000000000048,0.19656507308968885
7113,52.63333333333333,52.29007371597471,-0.13333333333333286,-0.13013148009555023
7114,52.79999999999999,52.46203989893192,0.1666666666666643,0.17196618295720775
7115,52.76666666666667,52.43674178778185,-0.033333333333333805,-0.025298111150065958
7116,53.03333333333333,52.70043967488326,0.2666666666666681,0.2636978871014144
7117,52.73333333333333,52.3983420118305,-0.3000000000000019,-0.30209766305276275
7118,52.800000000000004,52.45097471900577,0.06666666666666761,0.05263270717526938
7119,52.833333333333336,52.488675273939535,0.033333333333333805,0.03770055493376136
7120,52.96666666666667,52.622940901962984,0.13333333333333522,0.13426562802345116
7121,53.0,52.660641456896755,0.033333333333333805,0.03770055493376136
7122,53.03333333333334,52.69834201183051,0.033333333333333805,0.03770055493376136
7123,53.300000000000004,52.999946451300595,0.2666666666666657,0.3016044394700855
7124,53.46666666666667,53.162945117384425,0.1666666666666643,0.16299866608382366
7125,53.56666666666666,53.26777848632991,0.10000000000000142,0.10483336894548692
7126,53.666666666666664,53.368477707347495,0.09999999999999905,0.10069922101758598
7127,53.46666666666667,53.15741252742134,-0.20000000000000048,-0.21106517992614504
7128,53.1,52.78818205035685,-0.36666666666666475,-0.3692304770644836
7129,52.93333333333334,52.63688660703914,-0.16666666666666904,-0.15129544331772002
7130,52.93333333333334,52.63688660703914,0.0,0.0
7131,52.73333333333333,52.44375646085976,-0.1999999999999981,-0.19313014617937485
7132,53.199999999999996,52.917121085852145,0.46666666666666384,0.4733646249923809
7133,53.199999999999996,52.917121085852145,0.0,0.0
7134,53.199999999999996,52.92125523378005,2.3684757858670005e-15,0.004134147927900948
7135,53.23333333333333,52.958955788713816,0.033333333333333805,0.03770055493376136
7136,53.199999999999996,52.92055601276246,-0.033333333333333805,-0.0383997759513483
7137,53.300000000000004,53.025389381707946,0.10000000000000142,0.10483336894548692
7138,53.333333333333336,53.0672240845696,0.03333333333332907,0.041834702861654846
7139,53.93333333333334,53.67968770653092,0.6000000000000038,0.6124636219613225
7140,54.199999999999996,53.948218962577826,0.2666666666666657,0.2685312560468976
7141,54.43333333333333,54.17835044267337,0.23333333333333192,0.23013148009554923
7142,54.333333333333336,54.077651221655785,-0.09999999999999905,-0.10069922101758598
7143,54.13333333333333,53.88865522340431,-0.1999999999999981,-0.1889959982514766
7144,54.199999999999996,53.96405633327183,0.06666666666666761,0.07540110986752271
7145,54.199999999999996,53.96405633327183,0.0,0.0
7146,54.099999999999994,53.86335711225424,-0.1000000000000038,-0.10069922101759075
7147,54.199999999999996,53.97645877705552,0.09999999999999905,0.11310166480128138
7148,54.300000000000004,54.062657891236654,0.09999999999999905,0.0861991141811298
7149,54.6,54.35992218534394,0.30000000000000426,0.2972642941072796
7150,54.833333333333336,54.58795600238672,0.23333333333333428,0.22803381704279116
7151,55.0,54.731621192688614,0.16666666666666666,0.14366519030188435
7152,55.23333333333333,54.96658604172964,0.23333333333332953,0.2349648490410324
7153,55.333333333333336,55.075553558603026,0.10000000000000142,0.1089675168733852
7154,55.43333333333333,55.17968770653093,0.10000000000000142,0.10413414792789999
7155,55.43333333333333,55.17968770653093,0.0,0.0
7156,55.46666666666666,55.21738826146469,0.033333333333333805,0.03770055493376136
7157,55.46666666666666,55.21738826146469,0.0,0.0
7158,55.5,55.25508881639845,0.03333333333333144,0.03770055493375868
7159,55.5,55.25508881639845,0.0,0.0
7160,55.76666666666667,55.49392063775485,0.2666666666666681,0.23883182135640027
7161,55.76666666666667,55.49392063775485,0.0,0.0
7162,56.199999999999996,55.930283928831045,0.4333333333333324,0.43636329107620914
7163,56.26666666666666,56.00568503869857,0.06666666666666761,0.07540110986752271
7164,56.333333333333336,56.0728178527103,0.06666666666666761,0.06713281401172558
7165,56.300000000000004,56.034418076758946,-0.03333333333333618,-0.03839977595135034
7166,56.26666666666666,56.00085166975309,-0.03333333333333144,-0.03356640700586041
7167,56.43333333333334,56.1769520006382,0.1666666666666643,0.17610033088510602
7168,56.43333333333334,56.1769520006382,0.0,0.0
7169,56.6,56.325450559885574,0.16666666666666666,0.14849855924736952
7170,56.833333333333336,56.58935444442189,0.23333333333333428,0.2639038845363268
7171,56.833333333333336,56.58935444442189,0.0,0.0
7172,56.833333333333336,56.58935444442189,0.0,0.0
7173,56.833333333333336,56.58935444442189,0.0,0.0
7174,56.76666666666667,56.52222163041016,-0.06666666666666761,-0.06713281401172558
7175,56.86666666666667,56.61808748248228,0.09999999999999905,0.09586585207210081
7176,56.86666666666667,56.61808748248228,0.0,0.0
7177,57.0,56.737853003669265,0.1333333333333376,0.11976552118699701
7178,57.06666666666667,56.80428659666341,0.06666666666666761,0.06643359299413863
7179,57.06666666666667,56.80428659666341,0.0,0.0
7180,57.333333333333336,57.08452107547642,0.26666666666666333,0.28023447881300395
7181,57.4,57.141987151597164,0.06666666666666761,0.05746607612075456
7182,57.43333333333334,57.170720189657544,0.033333333333333805,0.02873303806037728
7183,57.43333333333334,57.170720189657544,0.0,0.0
7184,57.633333333333326,57.37002096863996,0.1999999999999981,0.19930077898241116
7185,57.86666666666667,57.6249573363029,0.23333333333333428,0.2549363676629427
7186,58.133333333333326,57.910025184061375,0.26666666666666333,0.28506784775848915
7187,58.29999999999999,58.05369037436326,0.16666666666666666,0.14366519030188435
7188,58.36666666666667,58.12909148423079,0.06666666666666761,0.07540110986752271
7189,58.599999999999994,58.384027851893734,0.23333333333333428,0.2549363676629427
7190,58.599999999999994,58.384027851893734,0.0,0.0
7191,58.73333333333334,58.51346011097171,0.1333333333333376,0.12943225907796801
7192,58.96666666666667,58.75046144488788,0.23333333333333192,0.23700133391617254
7193,59.13333333333333,58.90309415206315,0.16666666666666666,0.15263270717526844
7194,59.166666666666664,58.93182719012353,0.033333333333333805,0.02873303806037728
7195,59.166666666666664,58.93182719012353,0.0,0.0
7196,59.366666666666674,59.14009548597932,0.20000000000000048,0.2082682958557973
7197,59.43333333333334,59.21549659584685,0.06666666666666761,0.07540110986752271
7198,59.56666666666667,59.366298815581885,0.13333333333333286,0.15080221973504274
7199,59.866666666666674,59.66216466765397,0.29999999999999477,0.2958658520720962
7200,60.06666666666666,59.87596555347285,0.20000000000000048,0.21380088581887002
7201,60.43333333333333,60.230695923700885,0.3666666666666695,0.3547303702280321
7202,60.73333333333334,60.5258625547554,0.29999999999999716,0.2951666310545113
7203,60.83333333333334,60.62656177577299,0.1000000000000038,0.10069922101759075
7204,61.199999999999996,61.01646299247696,0.36666666666666475,0.38990121670397604
7205,61.599999999999994,61.3936945897847,0.3999999999999986,0.3772315973077456
7206,61.833333333333336,61.63966344057426,0.23333333333333428,0.24596885078955863
7207,62.199999999999996,62.010930402513885,0.36666666666666714,0.3712669619396237
7208,62.96666666666666,62.69869282852271,0.7666666666666657,0.6877624260088189
7209,63.0,62.736393383456466,0.033333333333333805,0.03770055493376136
7210,63.199999999999996,62.946060121347436,0.1999999999999981,0.2096667378909691
7211,63.49999999999999,63.24949504825774,0.29999999999999954,0.3034349269103112
7212,63.76666666666667,63.52216045223254,0.2666666666666681,0.2726654039747985
7213,63.93333333333334,63.694126635189754,0.16666666666666666,0.17196618295720986
7214,64.06666666666666,63.80905878743126,0.13333333333333522,0.11493215224150911
7215,64.33333333333333,64.03892309191428,0.2666666666666657,0.22986430448301418
7216,65.06666666666666,64.82699382117804,0.7333333333333343,0.788070729263754
7217,65.2,64.94192597341953,0.13333333333333286,0.11493215224150709
7218,65.39999999999999,65.14745856338263,0.20000000000000048,0.20553258996307291
7219,65.89999999999999,65.67092618709245,0.5,0.5234676237098403
7220,66.56666666666666,66.26492042408194,0.6666666666666691,0.5939942369894815
7221,66.56666666666666,66.26492042408194,0.0,0.0
7222,66.89999999999999,66.58608438730411,0.3333333333333286,0.3211639632221622
7223,67.5,67.15918183668396,0.6000000000000014,0.5730974493798495
7224,67.63333333333334,67.30031731852802,0.13333333333333286,0.1411354818440717
7225,67.66666666666667,67.3290503565884,0.033333333333333805,0.02873303806037728
7226,67.86666666666666,67.48211510916872,0.1999999999999981,0.15306475258031757
7227,68.2,67.87355958716516,0.3333333333333333,0.39144447799644155
7228,68.2,67.8590594803287,2.3684757858670005e-15,-0.01450010683645414
7229,69.06666666666668,68.68345237302627,0.8666666666666695,0.8243928926975685
7230,69.33333333333333,68.97608929562297,0.26666666666666333,0.2926369225966994
7231,70.0,69.61771800104972,0.6666666666666643,0.6416287054267442
7232,70.3,69.93012044483342,0.29999999999999954,0.31240244378369525
7233,70.83333333333333,70.47678851664055,0.5333333333333362,0.5466680718071474
7234,70.93333333333334,70.57678851664055,0.09999999999999905,0.09999999999999909
7235,71.0,70.62458785487034,0.06666666666666761,0.047799338229783536
7236,71.13333333333334,70.74365415503975,0.13333333333333522,0.11906630016940803
7237,71.8,71.43699029865404,0.6666666666666643,0.6933361436142873
7238,72.23333333333333,71.90019496217278,0.4333333333333324,0.46320466351873796
7239,72.26666666666667,71.91926126234218,0.03333333333333144,0.019066300169404214
7240,73.26666666666667,73.01440784286147,1.0000000000000024,1.0951465805192908
7241,73.83333333333333,73.61944720924187,0.5666666666666677,0.6050393663803987
7242,74.13333333333334,73.97045542641183,0.29999999999999954,0.35100821716995584
7243,75.26666666666667,75.18676597015327,1.1333333333333329,1.216310543741455
7244,76.83333333333333,76.64482896147159,1.5666666666666675,1.4580629913183214
7245,78.2,77.92152620755427,1.3666666666666647,1.276697246082673
7246,79.43333333333334,79.28954418948327,1.2333333333333343,1.3680179819289997
7247,79.83333333333333,79.66677578679102,0.40000000000000097,0.37723159730774763
7248,79.83333333333333,79.66677578679102,0.0,0.0
7249,80.43333333333332,80.28541004155537,0.5999999999999991,0.6186342547643535
7250,80.46666666666667,80.31414307961575,0.03333333333333618,0.028733038060379322
7251,81.06666666666668,80.89417156099384,0.5999999999999991,0.5800284813780935
7252,82.66666666666667,82.70379819781436,1.6000000000000039,1.8096266368205236
7253,83.0,83.05453923937179,0.3333333333333286,0.35074104155741553
7254,84.76666666666667,85.05266865086111,1.7666666666666657,1.9981294114893222
7255,85.59999999999998,85.86963728797775,0.8333333333333286,0.8169686371166407
7256,86.06666666666668,86.31330247827964,0.46666666666667805,0.4436651903018958
7257,86.83333333333333,87.16248020800937,0.766666666666661,0.8491777297297255
7258,86.73333333333333,87.0569476180463,-0.09999999999999905,-0.10553258996307184
7259,86.83333333333333,87.14314673222742,0.09999999999999905,0.0861991141811298
7260,86.93333333333334,87.23417921535405,0.09999999999999905,0.09103248312661497
7261,86.93333333333334,87.23417921535405,0.0,0.0
7262,86.93333333333334,87.23417921535405,0.0,0.0
7263,87.0,87.30131202936576,0.06666666666666761,0.06713281401172558
7264,87.63333333333334,87.97214694590033,0.6333333333333352,0.6708349165345738
7265,87.5,87.83788131787689,-0.13333333333333522,-0.13426562802345116
7266,87.5,87.83788131787689,0.0,0.0
7267,87.76666666666667,88.09191246708733,0.2666666666666657,0.25403114921044134
7268,87.86666666666667,88.17811158126845,0.09999999999999905,0.0861991141811298
7269,87.89999999999999,88.20684461932883,0.03333333333333618,0.028733038060379322
7270,88.2,88.5330479489314,0.29999999999999716,0.32620332960256243
7271,88.2,88.5330479489314,0.0,0.0
7272,88.0,88.33164950689624,-0.1999999999999981,-0.20139844203517196
7273,88.06666666666666,88.39808309989037,0.06666666666666288,0.06643359299413391
7274,88.16666666666667,88.4842822140715,0.1000000000000038,0.08619911418113389
7275,88.26666666666665,88.56081459036166,0.09999999999999905,0.07653237629015879
7276,89.13333333333333,89.42718700517817,0.8666666666666695,0.8663724148165178
7277,89.13333333333333,89.40785352939623,0.0,-0.019333475781941355
7278,89.36666666666667,89.66622482396947,0.23333333333332953,0.25837129457324925
7279,90.53333333333335,90.95540676912066,1.1666666666666714,1.2891819451511697
7280,90.46666666666665,90.85653803554328,-0.06666666666667236,-0.0988687335773671
7281,90.46666666666665,90.8468712976523,4.736951571734001e-15,-0.009666737890966254
7282,90.56666666666666,90.93307041183344,0.09999999999999905,0.0861991141811298
7283,90.60000000000001,90.96180344989382,0.03333333333333618,0.028733038060379322
7284,90.56666666666668,90.92410289496007,-0.03333333333333618,-0.037700554933764036
7285,90.46666666666665,90.82753782187038,-0.09999999999999905,-0.09656507308968712
7286,90.76666666666667,91.08613516441378,0.29999999999999716,0.2585973425433894
7287,90.93333333333334,91.22980035471565,0.16666666666666666,0.14366519030188435
7288,92.13333333333334,92.47533716010015,1.2000000000000028,1.2455368053845088
7289,92.33333333333333,92.67463793908257,0.1999999999999981,0.19930077898241116
7290,92.46666666666665,92.80820434608843,0.1333333333333305,0.1335664070058601
7291,93.16666666666667,93.57027774318455,0.7000000000000028,0.7620733970961032
7292,93.33333333333333,93.71394293348642,0.16666666666666666,0.14366519030188435
7293,93.8,94.17420589367752,0.46666666666666856,0.46026296019110324
7294,94.16666666666667,94.57994448107551,0.36666666666666475,0.4057385873979834
7295,94.53333333333335,94.89117453079416,0.3666666666666695,0.3112300497186629
7296,94.63333333333333,94.98704038286625,0.09999999999999905,0.09586585207210081
7297,94.8,95.15760812378831,0.16666666666666666,0.17056774092203592
7298,94.8,95.15760812378831,0.0,0.0
7299,94.76666666666667,95.11920834783696,-0.03333333333333618,-0.03839977595135034
7300,95.46666666666668,95.9046881904653,0.7000000000000028,0.78547984262832
7301,95.66666666666667,96.07708641882755,0.1999999999999981,0.1723982283622596
7302,95.8,96.19685194001454,0.1333333333333305,0.1197655211869902
7303,95.83333333333333,96.2421215697865,0.03333333333334091,0.04526962977197835
7304,96.16666666666667,96.56118786995592,0.3333333333333286,0.31906630016940135
7305,96.3,96.68578676008839,0.13333333333333522,0.12459889013248014
7306,96.36666666666667,96.74738698413704,0.06666666666666288,0.06160022404864806
7307,96.56666666666668,96.92461858144479,0.20000000000000284,0.1772315973077495
7308,96.59999999999998,96.94368488161417,0.03333333333333144,0.019066300169404214
7309,96.76666666666667,97.09631758878946,0.16666666666666666,0.15263270717526908
7310,96.73333333333335,97.01995008229181,-0.03333333333333144,-0.07636750649764337
7311,97.3,97.55191204982758,0.5666666666666629,0.5319619675357722
7312,97.76666666666665,98.07075230202686,0.46666666666666856,0.5188402521992701
7313,98.09999999999998,98.4208553007443,0.3333333333333286,0.3501029987174512
7314,98.5,98.80292026699755,0.4000000000000057,0.38206496625323755
7315,98.7,98.98911938117867,0.1999999999999981,0.18619911418112947
7316,98.89999999999999,99.18911938117867,0.1999999999999981,0.19999999999999749
7317,98.96666666666665,99.25141882624493,0.06666666666667236,0.062299445066244505
7318,99.0,99.2801518643053,0.03333333333333144,0.02873303806037524
7319,99.0,99.2801518643053,0.0,0.0
7320,99.2,99.51048934183576,0.1999999999999981,0.2303374775304616
7321,99.26666666666667,99.58589045170328,0.06666666666666761,0.07540110986752271
7322,99.3,99.61462348976364,0.03333333333333144,0.02873303806037524
7323,99.36666666666667,99.65758945904794,0.06666666666666761,0.042965969284298376
7324,99.36666666666667,99.66102438595827,4.736951571734001e-15,0.00343492691031605
7325,99.23333333333333,99.52192538898932,-0.13333333333333522,-0.13909899696893632
7326,99.13333333333333,99.39088869044126,-0.09999999999999905,-0.13103669854804953
7327,99.26666666666665,99.53685754123084,0.13333333333332575,0.1459688507895501
7328,99.26666666666665,99.52719080333985,4.736951571734001e-15,-0.009666737890966254
7329,99.26666666666667,99.53132495126776,0.0,0.004134147927898859
7330,99.2,99.45592384140025,-0.06666666666666761,-0.07540110986752271
7331,98.93333333333334,99.19845776527949,-0.2666666666666657,-0.25746607612075334
7332,99.03333333333335,99.293624396334,0.09999999999999905,0.0951666310545145
7333,98.89999999999999,99.15522462038265,-0.13333333333333522,-0.13839977595135003
7334,99.03333333333335,99.29432361735158,0.13333333333333522,0.13909899696893632
7335,99.10000000000001,99.35178969347234,0.06666666666666761,0.05746607612075456
7336,99.03333333333335,99.26742106673144,-0.06666666666666761,-0.08436862674090613
7337,99.16666666666667,99.38305243999054,0.13333333333333522,0.1156313732590967
7338,99.09999999999998,99.25734233397064,-0.06666666666666761,-0.1257101060198924
7339,99.16666666666667,99.32791007489267,0.06666666666666761,0.07056774092203755
7340,99.2,99.34214300611659,0.03333333333333144,0.014232931223918366
7341,99.23333333333333,99.37087604417697,0.03333333333333144,0.02873303806037524
7342,99.13333333333333,99.26190852730359,-0.09999999999999905,-0.10896751687338312
7343,98.93333333333334,99.05911164323324,-0.1999999999999981,-0.20279688407034588
7344,98.93333333333334,99.05014412635987,0.0,-0.008967516873383437
7345,98.96666666666665,99.07474301649233,0.03333333333333144,0.024598890132475702
7346,99.13333333333333,99.26324579116114,0.16666666666666666,0.18850277466880408
7347,99.26666666666667,99.39611297714941,0.13333333333333522,0.13286718598827726
7348,99.66666666666667,99.79890986121977,0.40000000000000097,0.4027968840703487
7349,99.73333333333333,99.85637593734052,0.06666666666666288,0.05746607612075048
7350,99.8,99.90970786553338,0.06666666666667236,0.053331928192861054
7351,99.60000000000001,99.68210609389563,-0.20000000000000284,-0.227601771637742
7352,99.7,99.77727272495014,0.1000000000000038,0.09516663105451859
7353,99.83333333333333,99.91013991093843,0.1333333333333305,0.1328671859882719
7354,99.7,99.75037017433,-0.13333333333333522,-0.15976973660842883
7355,99.83333333333333,99.8653023265715,0.13333333333333522,0.11493215224150911
7356,99.96666666666665,99.97126696193965,0.13333333333333522,0.10596463536812568
7357,99.89999999999999,99.88689833519872,-0.21999999999999886,-0.11470286440180225
7358,100.0,100.0,0.09999999999999905,0.11310166480128138
7359,66.65,67.65091945108297,0.1666666666666714,0.16694250249841625
7360,37.03333333333334,34.08387961039661,0.09999999999999787,0.08028574821842066
7361,37.333333333333336,34.40409141760127,0.29999999999999954,0.320211807204658
7362,37.300000000000004,34.44218899906361,-0.033333333333332625,0.03809758146233575
7363,37.63333333333333,34.83670942567441,0.33333333333333215,0.39452042661079845
7364,37.96666666666667,35.214894905022426,0.33333333333333215,0.3781854793480242
7365,37.96666666666667,35.214894905022426,0.0,0.0
7366,37.96666666666667,35.214894905022426,0.0,0.0
7367,38.13333333333333,35.40398764469644,0.16666666666666785,0.1890927396740139
7368,37.43333333333333,34.83577814527434,-0.7000000000000016,-0.5682094994221023
7369,37.43333333333333,34.83577814527434,0.0,0.0
7370,37.6,35.024870884948356,0.16666666666666666,0.18909273967401288
7371,37.6,35.024870884948356,0.0,0.0
7372,37.73333333333333,35.14159343518716,0.13333333333333286,0.11672255023881378
7373,37.86666666666667,35.272712502717816,0.13333333333333522,0.13111906753064775
7374,37.86666666666667,35.272712502717816,0.0,0.0
7375,37.93333333333333,35.33107377783722,0.06666666666666525,0.05836127511940586
7376,37.56666666666666,35.03334792433179,-0.36666666666666475,-0.2977258535054295
7377,37.43333333333334,34.924379093976746,-0.13333333333333286,-0.10896883035504448
7378,37.43333333333334,34.924379093976746,0.0,0.0
7379,37.53333333333333,35.01192100665586,0.09999999999999905,0.08754191267910982
7380,37.63333333333333,35.09946291933497,0.10000000000000142,0.08754191267911189
7381,37.199999999999996,34.745314220681074,-0.43333333333333474,-0.35414869865389703
7382,37.06666666666667,34.65461876755974,-0.13333333333333405,-0.09069545312132944
7383,36.93333333333334,34.52931498994192,-0.13333333333333167,-0.12530377761781716
7384,37.06666666666666,34.64603754018074,0.13333333333333286,0.11672255023881378
7385,37.26666666666667,34.86431091741446,0.1999999999999981,0.21827337723371426
7386,37.26666666666667,34.86431091741446,0.0,0.0
7387,37.333333333333336,34.918795332591976,0.06666666666666761,0.05448441517752321
7388,37.86666666666667,35.4009095583343,0.5333333333333338,0.48211422574232476
7389,37.96666666666667,35.48845147101341,0.09999999999999905,0.08754191267910982
7390,38.03333333333333,35.54681274613282,0.06666666666666761,0.05836127511940793
7391,38.233333333333334,35.75068960607471,0.1999999999999993,0.20387685994188393
7392,38.56666666666667,36.025050111933254,0.3333333333333333,0.27436050585855454
7393,38.6,36.05423074949296,0.033333333333333805,0.029180637559703966
7394,39.13333333333333,36.49010607091314,0.5333333333333338,0.43587532142017993
7395,39.13333333333333,36.49010607091314,0.0,0.0
7396,39.6,36.971445090703384,0.466666666666665,0.48133901979024163
7397,39.73333333333334,37.08622921097126,0.13333333333333522,0.11478412026787349
7398,39.73333333333334,37.08622921097126,0.0,0.0
7399,39.93333333333333,37.23528593921199,0.1999999999999993,0.14905672824073546
7400,39.73333333333333,37.008431334599265,-0.20000000000000165,-0.22685460461272283
7401,39.9,37.14851923248496,0.16666666666666666,0.14008789788569082
7402,39.833333333333336,37.06136492278189,-0.06666666666666643,-0.08715430970307014
7403,39.93333333333333,37.120113800877334,0.10000000000000024,0.058748878095447606
7404,39.93333333333334,37.13838717811106,2.3684757858670005e-15,0.018273377233718534
7405,39.833333333333336,37.07299550260755,-0.10000000000000024,-0.06539167550351019
7406,39.9,37.12747991778507,0.06666666666666525,0.054484415177521284
7407,39.96666666666666,37.185841192904476,0.06666666666666525,0.05836127511940586
7408,40.06666666666667,37.27338310558359,0.10000000000000142,0.08754191267911189
7409,40.13333333333333,37.33174438070299,0.06666666666666525,0.05836127511940586
7410,40.766666666666666,37.86955813209411,0.6333333333333352,0.5378137513911238
7411,40.833333333333336,37.94231592450535,0.06666666666666643,0.07275779241123825
7412,41.400000000000006,38.40737188348523,0.5666666666666677,0.4650559589798839
7413,41.6,38.5929753661934,0.1999999999999981,0.18560348270816696
7414,41.63333333333333,38.62215600375311,0.033333333333333805,0.029180637559703966
7415,41.93333333333333,38.905821056490325,0.3000000000000007,0.28366505273722636
7416,42.1,39.04397052440508,0.16666666666666666,0.13814946791474844
7417,42.266666666666666,39.200393369553545,0.16666666666666666,0.15642284514846505
7418,42.73333333333334,39.587599565709034,0.46666666666666856,0.38720619615548557
7419,42.86666666666667,39.71290334332685,0.13333333333333167,0.12530377761781716
7420,43.166666666666664,39.94562512430481,0.3000000000000007,0.23272178097796262
7421,44.0,40.681500445725,0.8333333333333345,0.7358753214201805
7422,44.06666666666667,40.7398617208444,0.06666666666666761,0.05836127511940793
7423,44.29999999999999,40.950768981170384,0.23333333333332837,0.2109072603259827
7424,44.70000000000001,41.29788727944018,0.4000000000000033,0.34711829826979634
7425,44.76666666666667,41.356248554559585,0.06666666666666525,0.05836127511940586
7426,44.93333333333334,41.50021331238716,0.16666666666666666,0.14396475782757553
7427,45.13333333333333,41.67335870777444,0.20000000000000284,0.17314539538728133
7428,45.199999999999996,41.74805493015662,0.0666666666666617,0.07469622238217662
7429,45.36666666666667,41.908354635246965,0.16666666666666666,0.16029970509034966
7430,45.76666666666667,42.2920196879842,0.40000000000000213,0.38366505273722795
7431,45.699999999999996,42.23753527280668,-0.06666666666666761,-0.05448441517752321
7432,46.1,42.5780107736684,0.3999999999999986,0.3404755008617297
7433,46.9,43.255912422945215,0.8000000000000007,0.677901649276813
7434,47.03333333333333,43.3668196832712,0.13333333333333286,0.11090726032598686
7435,47.5,43.755964309397626,0.4666666666666662,0.389144626126426
7436,47.73333333333333,43.983206516986385,0.23333333333333428,0.2272422075887625
7437,48.1,44.335752502192975,0.3666666666666695,0.352545985206582
7438,48.13333333333333,44.36493313975267,0.03333333333333144,0.029180637559701895
7439,48.23333333333334,44.45247505243178,0.10000000000000142,0.08754191267911189
7440,48.400000000000006,44.5983782402303,0.16666666666666666,0.14590318779851777
7441,48.53333333333333,44.718977650411,0.13333333333333286,0.1205994101806985
7442,48.6,44.791735442822244,0.06666666666666525,0.07275779241123774
7443,48.666666666666664,44.850096717941646,0.06666666666666761,0.05836127511940793
7444,48.86666666666667,45.021303683357985,0.20000000000000048,0.171206965416337
7445,49.96666666666666,45.928050253670875,1.0999999999999968,0.9067465703128869
7446,50.300000000000004,46.22843785664691,0.3333333333333381,0.30038760297604433
7447,50.36666666666667,46.290675991708206,0.06666666666666525,0.06223813506129058
7448,50.73333333333333,46.618305802273014,0.3666666666666636,0.32762981056479856
7449,50.76666666666666,46.63308992254088,0.03333333333333499,0.01478412026787363
7450,50.76666666666666,46.63308992254088,0.0,0.0
7451,50.833333333333336,46.69145119766028,0.06666666666666525,0.05836127511940586
7452,50.93333333333333,46.7789931103394,0.10000000000000142,0.08754191267911189
7453,51.0,46.851750902750645,0.06666666666666643,0.07275779241123825
7454,51.13333333333333,46.954076935697614,0.13333333333333405,0.10232603294698345
7455,51.23333333333333,47.056015365668564,0.09999999999999787,0.10193842997094016
7456,51.46666666666666,47.25252610870272,0.23333333333333664,0.1965107430341583
7457,53.03333333333334,48.558936962491984,1.5666666666666653,1.306410853789262
7458,53.46666666666667,48.920839381029644,0.43333333333333474,0.3619024185376663
7459,54.06666666666667,49.41313754759829,0.6000000000000014,0.4922981665686455
7460,54.36666666666667,49.69015980292746,0.2999999999999983,0.27702225532916186
7461,54.53333333333333,49.842705788134026,0.1666666666666643,0.15254598520657842
7462,54.56666666666666,49.88628294298557,0.033333333333333805,0.04357715485153585
7463,54.599999999999994,49.915463580545264,0.033333333333333805,0.029180637559703966
7464,54.666666666666664,50.002617890248345,0.06666666666666643,0.08715430970307014
7465,54.76666666666667,50.09015980292745,0.09999999999999905,0.08754191267910982
7466,54.86666666666665,50.163305198314724,0.09999999999999905,0.07314539538727793
7467,54.9,50.192485835874436,0.033333333333333805,0.029180637559703966
7468,54.9,50.192485835874436,0.0,0.0
7469,54.96666666666667,50.2796401455775,0.06666666666666643,0.08715430970307014
7470,55.56666666666666,50.79021168937986,0.6000000000000014,0.510571543802362
7471,56.06666666666666,51.19884480321128,0.5,0.40863311383141826
7472,56.06666666666666,51.19884480321128,0.0,0.0
7473,56.20000000000001,51.309752063537275,0.1333333333333376,0.11090726032599071
7474,56.26666666666667,51.36811333865669,0.06666666666666525,0.05836127511940586
7475,56.4,51.484835888895496,0.13333333333333286,0.11672255023881378
7476,56.5,51.58677431886643,0.10000000000000142,0.10193842997094378
7477,56.53333333333333,51.615954956426144,0.033333333333333805,0.029180637559703966
7478,56.63333333333333,51.70349686910525,0.09999999999999905,0.08754191267910982
7479,56.63333333333333,51.70349686910525,0.0,0.0
7480,56.699999999999996,51.770439371603665,0.06666666666666643,0.06694250249841133
7481,57.20000000000001,52.22254545229105,0.5,0.4521060806873851
7482,57.03333333333334,52.166070720690165,-0.16666666666666904,-0.056474731600880373
7483,56.73333333333334,51.87271351809824,-0.299999999999996,-0.29335720259193415
7484,56.63333333333333,51.79680218524478,-0.1000000000000038,-0.07591133285345981
7485,56.6,51.7388285131014,-0.033333333333333805,-0.05797367214336773
7486,56.63333333333333,51.78240566795294,0.033333333333333805,0.04357715485153585
7487,56.699999999999996,51.86955997765601,0.06666666666666643,0.08715430970307014
7488,56.73333333333333,51.898740615215715,0.033333333333333805,0.029180637559703966
7489,56.73333333333334,51.91313713250754,0.0,0.014396517291831886
7490,56.93333333333334,52.111198702536605,0.1999999999999993,0.198061570029057
7491,56.9,52.08201806497691,-0.033333333333333805,-0.029180637559703966
7492,57.06666666666667,52.20189415565794,0.16666666666666904,0.11987609068103378
7493,57.166666666666664,52.30383258562888,0.09999999999999905,0.10193842997094171
7494,57.13333333333333,52.27465194806918,-0.03333333333333144,-0.029180637559701895
7495,57.166666666666664,52.403780699176465,0.03333333333333144,0.12912875110728855
7496,57.56666666666666,52.81153441906023,0.40000000000000097,0.40775371988376996
7497,57.5,52.7570500038827,-0.06666666666666761,-0.05448441517752321
7498,57.5,52.77144652117454,0.0,0.014396517291831886
7499,57.43333333333333,52.72748176334696,-0.0666666666666688,-0.04396475782757759
7500,57.53333333333334,52.81778961349226,0.1000000000000038,0.09030785014529169
7501,57.46666666666667,52.76136676834379,-0.06666666666666998,-0.05642284514846751
7502,57.53333333333333,52.86291759533869,0.0666666666666688,0.10155082699490409
7503,57.166666666666664,52.56131488189138,-0.36666666666666714,-0.30160271344731615
7504,57.166666666666664,52.57571139918321,-1.1842378929335002e-15,0.014396517291830334
7505,57.333333333333336,52.79359717344088,0.16666666666666666,0.21788577425767613
7506,57.63333333333333,53.05705041897345,0.3000000000000019,0.2634532455325691
7507,57.76666666666667,53.1881694865041,0.13333333333333167,0.13111906753064412
7508,57.800000000000004,53.2173501240638,0.033333333333333805,0.029180637559703966
7509,57.800000000000004,53.20295360677197,1.1842378929335002e-15,-0.014396517291830334
7510,57.800000000000004,53.20295360677197,0.0,0.0
7511,57.73333333333334,53.16286570888627,-0.0666666666666688,-0.040087897885692884
7512,57.73333333333333,53.1772622261781,0.0,0.014396517291831886
7513,57.633333333333326,53.12820549793737,-0.10000000000000024,-0.04905672824073595
7514,57.73333333333333,53.25893696249198,0.10000000000000024,0.130731464554606
7515,57.76666666666666,53.30251411734352,0.033333333333333805,0.04357715485153585
7516,57.9,53.47682273674966,0.13333333333333286,0.17430861940614029
7517,57.76666666666667,53.36010018651084,-0.13333333333333286,-0.11672255023881378
7518,57.76666666666666,53.37449670380268,0.0,0.014396517291831886
7519,57.9,53.48152710418678,0.13333333333333286,0.10703040038410214
7520,58.0,53.56906901686588,0.10000000000000142,0.08754191267911189
7521,58.0,53.56906901686588,0.0,0.0
7522,58.03333333333333,53.612646171717415,0.033333333333332625,0.0435771548515343
7523,58.0,53.58346553415771,-0.033333333333333805,-0.029180637559703966
7524,58.0,53.58346553415771,0.0,0.0
7525,58.03333333333333,53.612646171717415,0.033333333333333805,0.029180637559703966
7526,58.26666666666666,53.803341624838744,0.23333333333333428,0.19069545312132932
7527,58.26666666666666,53.803341624838744,0.0,0.0
7528,64.725,55.64507921650574,0.20000000000000048,0.17978819279534197
7529,64.9,55.90577215683212,0.17499999999999893,0.2606929403263673
7530,65.0,56.056680397075596,0.10000000000000053,0.15090824024348215
7531,64.925,56.07528190981792,-0.07500000000000107,0.01860151274232813
7532,64.85000000000001,55.998156910148495,-0.07499999999999929,-0.0771249996694215
7533,64.825,55.99252640329394,-0.02499999999999858,-0.005630506854566319
7534,64.67500000000001,55.95874336216653,-0.14999999999999858,-0.03378304112739951
7535,64.775,56.025079615399065,0.09999999999999787,0.0663362532325298
7536,64.825,56.03634062910819,0.05000000000000071,0.011261013709133438
7537,64.825,56.03634062910819,0.0,0.0
7538,64.825,56.03634062910819,0.0,0.0
7539,64.75,56.01944910854449,-0.07499999999999929,-0.016891520563699754
7540,64.6,55.97734487490886,-0.15000000000000213,-0.04210423363563829
7541,64.675,56.05995773419395,0.07500000000000107,0.08261285928509575
7542,64.77499999999999,55.964623004568324,0.09999999999999964,-0.09533472962562677
7543,64.625,55.86511862471953,-0.14999999999999858,-0.09950437984879355
7544,64.575,55.823629305595034,-0.05000000000000071,-0.04148931912450075
7545,64.7,55.85178183986787,0.125,0.028152534272833193
7546,64.60000000000001,55.864752845755625,-0.09999999999999964,0.012971005887761813
7547,64.7,55.90086079357279,0.09999999999999787,0.03610794781716249
7548,64.75,56.048829212615374,0.05000000000000071,0.1479684190425831
7549,64.925,56.08824276059734,0.1750000000000007,0.039413547981966626
7550,65.3,56.650909623184496,0.37499999999999645,0.5626668625871606
7551,65.275,56.64527911632994,-0.02499999999999858,-0.005630506854566319
7552,65.35,56.73781932293681,0.07500000000000107,0.09254020660687724
7553,65.65,56.96966658921731,0.3000000000000007,0.23184726628050709
7554,65.675,57.01079012937791,0.025000000000000355,0.04112354016059501
7555,65.625,56.971130096791974,-0.049999999999998934,-0.039660032585941446
7556,65.775,57.245043178553324,0.15000000000000036,0.273913081761359
7557,65.925,57.31898187241787,0.14999999999999858,0.0739386938645483
7558,66.0,57.37136642628761,0.07500000000000107,0.05238455386972844
7559,66.2,57.518628899505565,0.19999999999999574,0.14726247321795718
7560,66.025,57.49929317789217,-0.17499999999999716,-0.019335721613390013
7561,65.875,57.57321641476188,-0.14999999999999858,0.07392323686970093
7562,65.775,57.71457363347485,-0.1000000000000032,0.14135721871297366
7563,65.775,57.71457363347485,0.0,0.0
7564,65.625,57.75177665895951,-0.14999999999999858,0.037203025484657065
7565,65.94999999999999,57.89595931468093,0.3249999999999975,0.14418265572141978
7566,65.94999999999999,57.89595931468093,0.0,0.0
7567,65.95,57.93145234798695,1.7763568394002505e-15,0.03549303330602869
7568,65.97500000000001,57.972575888147546,0.025000000000000355,0.04112354016059501
7569,65.95,57.988852494200124,-0.025000000000000355,0.01627660605256515
7570,66.025,58.041237048069846,0.07500000000000107,0.05238455386972844
7571,66.025,58.09214528831333,-1.7763568394002505e-15,0.05090824024348068
7572,66.275,58.05332595290678,0.25000000000000355,-0.03881933540654082
7573,66.475,58.09837000774332,0.1999999999999993,0.04504405483653295
7574,66.65,58.159690668632415,0.17499999999999893,0.06132066088909809
7575,66.575,58.14279914806872,-0.07499999999999929,-0.016891520563699754
7576,66.75,58.5551913983759,0.1750000000000007,0.41239225030718407
7577,66.775,58.619047291628185,0.025000000000000355,0.06385589325227867
7578,66.85000000000001,58.70166015091328,0.07500000000000107,0.08261285928509575
7579,66.9,58.813310296465275,0.04999999999999716,0.11165014555200319
7580,66.975,58.938510203485606,0.07499999999999574,0.12519990702033576
7581,66.89999999999999,58.861385203816184,-0.07499999999999929,-0.0771249996694215
7582,67.14999999999999,58.957845925099,0.25000000000000355,0.09646072128281598
7583,67.225,59.08121654558079,0.07500000000000107,0.12337062048178501
7584,67.35000000000001,59.211587498235055,0.12500000000000178,0.13037095265426304
7585,67.525,59.25100104621701,0.17499999999999716,0.03941354798196583
7586,67.625,59.366416253154476,0.10000000000000142,0.1154152069374528
7587,67.67500000000001,59.448663333475665,0.05000000000000071,0.08224708032119002
7588,67.87500000000001,59.66896429156925,0.1999999999999993,0.22030095809358477
7589,68.05,59.864337831068674,0.17499999999999893,0.19537353949943803
7590,68.0,59.812921164622395,-0.05000000000000071,-0.05141666644628222
7591,68.025,59.854044704782986,0.02499999999999858,0.04112354016059208
7592,68.05,59.88158232454469,0.025000000000000355,0.027537619761698585
7593,68.075,59.922705864705286,0.025000000000000355,0.04112354016059501
7594,68.075,59.922705864705286,0.0,0.0
7595,68.425,60.02344007357636,0.34999999999999964,0.10073420887106473
7596,68.47500000000001,60.105687153897556,0.05000000000000071,0.08224708032119002
7597,68.525,60.11694816760668,0.05000000000000071,0.011261013709133438
7598,68.525,60.16076239342094,0.0,0.04381422581426374
7599,68.5,60.15513188656637,-0.02499999999999858,-0.005630506854566319
7600,68.725,60.364420966498066,0.22499999999999787,0.20928907993167922
7601,68.8,60.44886311232172,0.07500000000000107,0.0844421458236531
7602,68.8,60.42878528595313,-3.552713678800501e-15,-0.02007782636857662
7603,69.0,60.74235840030044,0.20000000000000284,0.313573114347305
7604,69.0,60.74235840030044,0.0,0.0
7605,69.225,60.988367691617164,0.22499999999999787,0.24600929131672405
7606,69.2,60.96265935839402,-0.02499999999999858,-0.025708333223139285
7607,69.125,60.923860724923195,-0.07499999999999929,-0.038798633470830075
7608,69.225,60.990196978155716,0.09999999999999964,0.06633625323252866
7609,69.15,60.90758411887062,-0.07499999999999929,-0.0826128592850938
7610,69.17500000000001,60.913214625725196,0.02500000000000213,0.005630506854567118
7611,69.2,60.95433816588579,0.025000000000000355,0.04112354016059501
7612,69.30000000000001,61.064488644932574,0.09999999999999964,0.11015047904679238
7613,69.7,61.48456647130115,0.3999999999999986,0.420077826368573
7614,69.75,61.539641710824554,0.05000000000000071,0.05507523952339717
7615,69.85,61.64979218987134,0.09999999999999964,0.11015047904679238
7616,69.9,61.70669671593329,0.04999999999999716,0.056904526061950865
7617,70.025,61.885142575938474,0.125,0.17844586000517926
7618,70.175,62.13188381690204,0.15000000000000036,0.2467412409635671
7619,70.60000000000001,62.56490929627941,0.42499999999999893,0.4330254793773709
7620,70.7,62.675059775326204,0.10000000000000142,0.11015047904679434
7621,70.95,62.97760781374098,0.25,0.3025480384147748
7622,71.30000000000001,63.44465001279813,0.34999999999999964,0.4670421990571519
7623,71.30000000000001,63.44465001279813,0.0,0.0
7624,71.575,63.68184249145541,0.27500000000000213,0.23719247865728532
7625,71.92500000000001,64.12171284971478,0.34999999999999964,0.43987035825935905
7626,71.97500000000001,64.19037400963708,0.05000000000000249,0.06866115992229554
7627,72.15,64.38313734796897,0.1750000000000007,0.19276333833188813
7628,72.17500000000001,64.41067496773066,0.02499999999999858,0.027537619761696632
7629,72.275,64.57516912837303,0.09999999999999964,0.1644941606423771
7630,72.325,64.65741620869423,0.05000000000000071,0.08224708032119002
7631,72.7,65.12482418671529,0.3749999999999982,0.4674079780210557
7632,73.075,65.47743187231002,0.3749999999999982,0.3526076855947385
7633,73.25,65.64523163311719,0.17499999999999893,0.16779976080718137
7634,73.67500000000001,65.93811426580902,0.42500000000000426,0.2928826326918191
7635,73.8,66.07274589999993,0.12499999999999645,0.13463163419091473
7636,73.97500000000001,66.19978789961043,0.17500000000000426,0.1270419996104949
7637,74.27499999999999,66.4667262613025,0.29999999999999716,0.26693836169206825
7638,74.47500000000001,66.64847772147249,0.1999999999999993,0.18175146016998356
7639,74.72500000000001,66.99178352108395,0.25,0.34330579961146307
7640,75.05,67.31648780795308,0.32500000000000107,0.32470428686913494
7641,75.125,67.43985842843486,0.07499999999999929,0.12337062048178209
7642,75.175,67.5066903018186,0.049999999999998934,0.06683187338373428
7643,75.575,67.87585988794369,0.40000000000000213,0.36916958612509704
7644,75.72500000000001,68.1071859219698,0.14999999999999858,0.23132603402611138
7645,75.97500000000001,68.24279824963577,0.2500000000000018,0.13561232766595882
7646,76.2,68.41659429626141,0.22499999999999787,0.1737960466256494
7647,76.2,68.41659429626141,0.0,0.0
7648,76.62500000000001,68.85912382067048,0.4250000000000007,0.44252952440906573
7649,77.475,69.72472851597519,0.8500000000000014,0.8656046953047201
7650,77.4,69.64760351630578,-0.07499999999999929,-0.0771249996694215
7651,77.65,69.82703006978599,0.2500000000000018,0.17942655348022254
7652,78.225,70.35567822421004,0.5749999999999975,0.5286481544240369
7653,78.35,70.40390858485144,0.125,0.04823036064140616
7654,78.35,70.40390858485144,0.0,0.0
7655,78.925,70.88392404902058,0.5749999999999957,0.4800154641691354
7656,79.15,71.04107771062976,0.22500000000000142,0.1571536616091824
7657,79.27499999999999,71.27875300338665,0.12500000000000178,0.23767529275689872
7658,79.425,71.44397872195684,0.14999999999999858,0.1652257185701876
7659,79.27499999999999,71.37004002809229,-0.15000000000000213,-0.0739386938645491
7660,79.675,72.25152728743923,0.40000000000000213,0.881487259346938
7661,79.9,72.56508720401591,0.22500000000000142,0.31355991657667937
7662,80.30000000000001,72.65517531368899,0.40000000000000213,0.0900881096730667
7663,80.12500000000001,72.58312342968917,-0.17499999999999893,-0.07205188399980908
7664,80.625,72.87908853082078,0.49999999999999467,0.29596510113160596
7665,80.975,73.33698429718515,0.34999999999999964,0.45789576636436463
7666,81.425,73.80725161192098,0.4499999999999993,0.47026731473583827
7667,81.47500000000001,73.85400565893613,0.05000000000000071,0.0467540470151592
7668,81.425,73.842744645227,-0.05000000000000071,-0.011261013709133438
7669,81.3,73.75152529895588,-0.12499999999999467,-0.09121934627111378
7670,81.475,73.96516874268096,0.17499999999999716,0.2136434437250755
7671,81.69999999999999,74.35069581106377,0.22500000000000142,0.3855270683828049
7672,81.62499999999999,74.3137264641315,-0.07500000000000284,-0.03696934693227638
7673,82.6,75.75556185751749,0.9749999999999996,1.4418353933859906
7674,83.12500000000001,76.4976638319289,0.5250000000000021,0.7421019744114128
7675,83.32500000000002,77.0041173197438,0.20000000000000107,0.506453487814896
7676,84.0,77.96964743796318,0.6749999999999989,0.9655301182193737
7677,84.125,78.28317158732833,0.125,0.3135241493651482
7678,84.25,78.581280529756,0.125,0.29810894242769326
7679,85.39999999999999,80.29895661312526,1.1499999999999986,1.717676083369243
7680,85.44999999999999,80.32097021434072,0.05000000000000071,0.022013601215468262
7681,85.5,80.37604545386412,0.05000000000000071,0.05507523952339717
7682,86.275,81.14955620601198,0.7750000000000021,0.7735107521478636
7683,86.4,81.27809787212769,0.125,0.12854166611570372
7684,86.80000000000001,81.4320780339836,0.399999999999995,0.1539801618558987
7685,88.17500000000001,83.59328344040834,1.3750000000000036,2.1612054064247523
7686,88.175,84.01453722064956,0.0,0.4212537802412142
7687,89.82499999999999,86.5447567599089,1.6499999999999986,2.5302195392593494
7688,90.1,87.00260356129111,0.2749999999999986,0.45784680138220857
7689,90.375,87.27506594152942,0.2750000000000057,0.27246238023830716
7690,90.9,88.13866028490189,0.5249999999999986,0.8635943433724805
7691,91.07499999999999,88.42088136140086,0.17499999999999716,0.28222107649896905
7692,91.05,88.39517302817771,-0.02500000000000213,-0.025708333223142938
7693,91.025,88.34938686858601,-0.02499999999999858,-0.04578615959171225
7694,91.4,88.75879259193437,0.375,0.4094057233483582
7695,91.42500000000001,88.78450092515752,0.02500000000000213,0.025708333223142938
7696,91.6,88.93345003767514,0.1750000000000007,0.14894911251762444
7697,92.67500000000001,89.9852768086409,1.0749999999999993,1.051826770965742
7698,92.60000000000001,89.99029240098433,-0.07499999999999929,0.005015592343433668
7699,92.60000000000001,89.99029240098433,0.0,0.0
7700,92.825,90.12859541430393,0.22499999999999787,0.13830301331962364
7701,92.825,90.12859541430393,0.0,0.0
7702,92.925,90.23142874719649,0.09999999999999787,0.1028333328925608
7703,93.225,90.64239166037625,0.3000000000000007,0.4109629131797524
7704,93.07499999999999,90.48814166103739,-0.15000000000000213,-0.15424999933884667
7705,93.25,90.80868910373496,0.17500000000000426,0.3205474426975652
7706,93.65,91.25007193455113,0.3999999999999986,0.4413828308161628
7707,93.65,91.25007193455113,0.0,0.0
7708,93.6,91.23881092084201,-0.05000000000000071,-0.011261013709133438
7709,93.875,91.86863502913867,0.27500000000000213,0.6298241082966811
7710,93.77499999999999,91.84611300172043,-0.09999999999999787,-0.022522027418266075
7711,93.95,92.21328504196487,0.17499999999999716,0.36717204024445077
7712,94.875,93.5776918194703,0.9250000000000007,1.3644067775054383
7713,94.72500000000001,93.43925896496339,-0.14999999999999858,-0.1384328545069214
7714,94.3,93.04237295290714,-0.42499999999999716,-0.3968860120562438
7715,94.39999999999999,93.1452062857997,0.09999999999999787,0.1028333328925608
7716,94.375,93.117668666038,-0.02500000000000213,-0.027537619761700546
7717,94.42500000000001,93.15915798516248,0.04999999999999716,0.04148931912449587
7718,94.02499999999999,92.84903902561966,-0.399999999999995,-0.3101189595428217
7719,93.8,92.61034688045717,-0.22500000000000142,-0.23869214516249807
7720,93.925,92.74803497926565,0.125,0.13768809880849098
7721,94.75000000000001,93.57293943669988,0.8249999999999993,0.8249044574342077
7722,94.525,93.37683433927262,-0.22500000000000142,-0.1961050974272522
7723,94.6,93.42921889314235,0.07499999999999929,0.05238455386973057
7724,95.1,94.0742245298241,0.5,0.6450056366817495
7725,95.2,94.18254572233234,0.10000000000000142,0.10832119250823673
7726,95.52499999999999,94.27582013781027,0.3249999999999993,0.0932744154779391
7727,95.77499999999999,94.69254339903189,0.25,0.4167232612216165
7728,95.75,94.6887421787159,-0.024999999999995026,-0.0038012203160050556
7729,95.85,94.75324914540985,0.09999999999999787,0.06450696669396935
7730,96.55000000000001,95.53030381570152,0.7000000000000028,0.7770546702916493
7731,96.65,95.63679572167118,0.09999999999999432,0.10649190596967183
7732,96.575,95.60165566127748,-0.07499999999999574,-0.03514006039371146
7733,97.35000000000001,96.86635788836902,0.7749999999999986,1.2647022270915687
7734,97.47500000000001,97.00404598717752,0.125,0.13768809880849098
7735,97.5,97.01150578057064,0.02499999999999858,0.007459793393123665
7736,97.575,97.23243220000275,0.07499999999999929,0.22092641943208916
7737,97.7,97.38897094710079,0.125,0.15653874709804894
7738,97.675,97.32310696114051,-0.02499999999999858,-0.06586398596028807
7739,97.82499999999999,97.52382571301672,0.14999999999999503,0.20071875187621255
7740,97.92500000000001,97.61206907915637,0.10000000000000142,0.08824336613966093
7741,97.875,97.60080806544723,-0.05000000000000071,-0.011261013709133438
7742,97.95,97.69517755859268,0.0750000000000064,0.09436949314544141
7743,97.775,97.66408520311894,-0.1750000000000007,-0.031092355473733707
7744,98.0,97.71475976481004,0.22499999999999787,0.050674561691099275
7745,98.32499999999999,98.24936578689778,0.32500000000000284,0.5346060220877321
7746,98.625,98.66577223413763,0.29999999999999716,0.41640644723986003
7747,98.775,98.77054134187709,0.15000000000000213,0.10476910773945688
7748,98.82499999999999,98.81729538889225,0.05000000000000071,0.04675404701516425
7749,98.875,98.85938681647632,0.04999999999999716,0.04209142758403538
7750,98.975,98.94214232300028,0.10000000000000142,0.08275550652398864
7751,99.20000000000002,99.17351732200856,0.22500000000000142,0.2313749990082682
7752,99.125,99.09639232233914,-0.07500000000000284,-0.07712499966942517
7753,99.47500000000001,99.5861225489324,0.34999999999999787,0.48973022659327753
7754,99.5,99.64083200949192,0.02500000000000213,0.05470946055949338
7755,99.44999999999999,99.58941534304562,-0.05000000000000071,-0.05141666644628222
7756,99.4,99.59823215570508,-0.04999999999999716,0.008816812659443184
7757,99.5,99.7903000950397,0.09999999999999787,0.19206793933463273
7758,99.375,99.76214756076686,-0.125,-0.028152534272833193
7759,99.25,99.55652985996389,-0.125,-0.2056177008029721
7760,99.35,99.74110184697483,0.09999999999999787,0.18457198701094998
7761,99.375,99.81245369255079,0.02500000000000213,0.07135184557596115
7762,99.39999999999999,99.87548434561855,0.02500000000000213,0.06303065306773135
7763,99.35,99.79323726529735,-0.05000000000000071,-0.08224708032119002
7764,99.25,99.69972917126701,-0.10000000000000142,-0.09350809403032345
7765,99.25,99.71514437820447,0.0,0.015415206937454991
7766,99.2,99.71220455700357,-0.05000000000000071,-0.002939821200900514
7767,99.325,99.74035709127641,0.125,0.028152534272833193
7768,99.325,99.74035709127641,0.0,0.0
7769,99.2,99.56191123127121,-0.125,-0.17844586000517926
7770,99.25,99.55958632458146,0.05000000000000071,-0.0023249066897620117
7771,99.17500000000001,99.08128537103939,-0.07500000000000284,-0.4783009535420657
7772,99.075,99.01655527262041,-0.09999999999999787,-0.06473009841898222
7773,99.05,99.05473899158011,-0.02500000000000213,0.03818371895969662
7774,99.05,99.05473899158011,0.0,0.0
7775,98.94999999999999,98.93749449810409,-0.10000000000000142,-0.1172444934760142
7776,98.72500000000001,98.93772817665648,-0.22499999999999787,0.00023367855238433906
7777,98.7,98.89660463649588,-0.02499999999999858,-0.04112354016059208
7778,98.6,98.75461969722018,-0.10000000000000142,-0.1419849392757071
7779,98.725,98.96023739802315,0.125,0.2056177008029721
7780,98.77499999999999,99.04248447834435,0.05000000000000071,0.08224708032119002
7781,99.075,99.11005056059913,0.3000000000000007,0.06756608225479982
7782,99.175,99.21288389349169,0.10000000000000142,0.10283333289256444
7783,99.10000000000001,99.10026586051627,-0.07499999999999574,-0.11261803297544647
7784,99.10000000000001,99.11891633824074,-3.552713678800501e-15,0.01865047772447831
7785,99.35,99.3914148774096,0.25,0.27249853916886246
7786,99.4,99.4773205308079,0.04999999999999716,0.08590565339829886
7787,99.25,99.24599449678179,-0.15000000000000213,-0.23132603402611504
7788,99.525,99.52695687569779,0.27500000000000213,0.28096237891599307
7789,99.9,99.898995953646,0.375,0.3720390779482157
7790,99.89999999999999,99.85275033283364,-0.15999999999999942,-0.20045730465566303
7791,100.0,100.00000000000001,0.10000000000000142,0.14724966716636767
